source,target,interaction_type,weight
bin678,bin685,DNA-DNA,1
bin144,bin151,DNA-DNA,1
bin34,bin41,DNA-DNA,1
bin322,bin333,DNA-DNA,1
bin537,bin544,DNA-DNA,1
bin606,bin613,DNA-DNA,1
bin550,bin557,DNA-DNA,1
bin464,bin474,DNA-DNA,1
bin455,bin464,DNA-DNA,1
bin686,bin695,DNA-DNA,1
bin567,bin574,DNA-DNA,1
bin370,bin383,DNA-DNA,1
bin417,bin424,DNA-DNA,1
bin424,bin431,DNA-DNA,1
bin496,bin503,DNA-DNA,1
bin269,bin307,DNA-DNA,1
bin582,bin590,DNA-DNA,1
bin163,bin171,DNA-DNA,1
bin474,bin489,DNA-DNA,1
bin471,bin478,DNA-DNA,1
bin445,bin488,DNA-DNA,1
bin303,bin311,DNA-DNA,1
bin659,bin671,DNA-DNA,1
bin233,bin240,DNA-DNA,1
bin209,bin231,DNA-DNA,1
bin717,bin733,DNA-DNA,1
bin318,bin338,DNA-DNA,1
bin401,bin408,DNA-DNA,1
bin70,bin80,DNA-DNA,1
bin391,bin442,DNA-DNA,1
bin61,bin80,DNA-DNA,1
bin590,bin597,DNA-DNA,1
bin785,bin792,DNA-DNA,1
bin556,bin563,DNA-DNA,1
bin379,bin391,DNA-DNA,1
bin393,bin400,DNA-DNA,1
bin206,bin213,DNA-DNA,1
bin832,bin839,DNA-DNA,1
bin196,bin209,DNA-DNA,1
bin129,bin136,DNA-DNA,1
bin639,bin646,DNA-DNA,1
bin428,bin474,DNA-DNA,1
bin848,bin855,DNA-DNA,1
bin646,bin653,DNA-DNA,1
bin739,bin746,DNA-DNA,1
bin189,bin196,DNA-DNA,1
bin269,bin276,DNA-DNA,1
bin245,bin259,DNA-DNA,1
bin139,bin146,DNA-DNA,1
bin598,bin605,DNA-DNA,1
bin95,bin102,DNA-DNA,1
bin133,bin140,DNA-DNA,1
bin428,bin465,DNA-DNA,1
bin520,bin574,DNA-DNA,1
bin409,bin465,DNA-DNA,1
bin229,bin236,DNA-DNA,1
bin71,bin97,DNA-DNA,1
bin745,bin768,DNA-DNA,1
bin371,bin428,DNA-DNA,1
bin375,bin409,DNA-DNA,1
bin371,bin492,DNA-DNA,1
bin615,bin645,DNA-DNA,1
bin616,bin632,DNA-DNA,1
bin180,bin209,DNA-DNA,1
bin136,bin166,DNA-DNA,1
bin631,bin671,DNA-DNA,1
bin829,bin836,DNA-DNA,1
bin743,bin750,DNA-DNA,1
bin371,bin436,DNA-DNA,1
bin209,bin241,DNA-DNA,1
bin503,bin540,DNA-DNA,1
Protein1,Protein2,Protein-Protein,1
dnaA,dnaB,Protein-Protein,1
dnaA,aac,Protein-Protein,1
dnaA,Rv0301,Protein-Protein,1
dnaA,bpoC,Protein-Protein,1
dnaA,Rv1046c,Protein-Protein,1
dnaA,Rv1505c,Protein-Protein,1
dnaA,bfrA,Protein-Protein,1
dnaA,Rv2119,Protein-Protein,1
dnaA,Rv2522c,Protein-Protein,1
dnaA,glpQ1,Protein-Protein,1
dnaA,Rv3878,Protein-Protein,1
dnaN,Rv0484c,Protein-Protein,1
dnaN,Rv2621c,Protein-Protein,1
dnaN,Rv3142c,Protein-Protein,1
recF,Rv1003,Protein-Protein,1
recF,hemE,Protein-Protein,1
recF,tmk,Protein-Protein,1
recF,Rv3817,Protein-Protein,1
recF,glpQ1,Protein-Protein,1
Rv0004,Rv0165c,Protein-Protein,1
Rv0004,Rv0277c,Protein-Protein,1
Rv0004,Rv0566c,Protein-Protein,1
gyrB,Rv1455,Protein-Protein,1
gyrB,Rv1580c,Protein-Protein,1
gyrB,Rv1975,Protein-Protein,1
gyrB,Rv2323c,Protein-Protein,1
gyrB,Rv2645,Protein-Protein,1
gyrB,Rv2654c,Protein-Protein,1
Rv0007,Rv0825c,Protein-Protein,1
Rv0007,Rv2630,Protein-Protein,1
Rv0007,echA19,Protein-Protein,1
Rv0010c,hsp,Protein-Protein,1
Rv0010c,Rv1574,Protein-Protein,1
Rv0011c,ffh,Protein-Protein,1
trpG,Rv1321,Protein-Protein,1
trpG,dapB,Protein-Protein,1
trpG,whiB7,Protein-Protein,1
trpG,echA19,Protein-Protein,1
trpG,Rv3889c,Protein-Protein,1
trpG,parB,Protein-Protein,1
pknB,Rv0031,Protein-Protein,1
pknB,gmhB,Protein-Protein,1
pknB,Rv0601c,Protein-Protein,1
pknB,Rv0724A,Protein-Protein,1
pknB,Rv2086,Protein-Protein,1
pknB,Rv2601A,Protein-Protein,1
pknA,fabH,Protein-Protein,1
pknA,kasA,Protein-Protein,1
pknA,suhB,Protein-Protein,1
pknA,aroA,Protein-Protein,1
pknA,Rv3748,Protein-Protein,1
pknA,Rv3836,Protein-Protein,1
ppp,mapA,Protein-Protein,1
ppp,Rv1856c,Protein-Protein,1
ppp,Rv2557,Protein-Protein,1
ppp,pdxH,Protein-Protein,1
ppp,ligA,Protein-Protein,1
ppp,whiB3,Protein-Protein,1
TB39.8,Rv0358,Protein-Protein,1
TB39.8,uvrD1,Protein-Protein,1
TB39.8,Rv1144,Protein-Protein,1
TB39.8,fdxC,Protein-Protein,1
TB39.8,Rv2286c,Protein-Protein,1
TB39.8,Rv2665,Protein-Protein,1
TB39.8,Rv3123,Protein-Protein,1
TB39.8,Rv3352c,Protein-Protein,1
whiB5,Rv0657c,Protein-Protein,1
whiB5,Rv1264,Protein-Protein,1
whiB5,Rv2646,Protein-Protein,1
whiB5,pks1,Protein-Protein,1
whiB5,Rv3235,Protein-Protein,1
whiB5,Rv3845,Protein-Protein,1
Rv0024,Rv0209,Protein-Protein,1
Rv0024,Rv0494,Protein-Protein,1
Rv0024,rpsS,Protein-Protein,1
Rv0024,fadA3,Protein-Protein,1
Rv0024,Rv1714,Protein-Protein,1
Rv0024,fadE18,Protein-Protein,1
Rv0024,Rv2035,Protein-Protein,1
Rv0024,Rv2464c,Protein-Protein,1
Rv0024,ffh,Protein-Protein,1
Rv0024,rhlE,Protein-Protein,1
Rv0024,whiB3,Protein-Protein,1
Rv0024,Rv3881c,Protein-Protein,1
Rv0025,rplW,Protein-Protein,1
Rv0025,hisB,Protein-Protein,1
Rv0025,Rv2286c,Protein-Protein,1
Rv0025,Rv2419c,Protein-Protein,1
Rv0025,Rv2437,Protein-Protein,1
Rv0025,infA,Protein-Protein,1
Rv0025,hpt,Protein-Protein,1
Rv0026,cspB,Protein-Protein,1
Rv0026,celA2a,Protein-Protein,1
Rv0026,Rv2509,Protein-Protein,1
Rv0027,Rv0039c,Protein-Protein,1
Rv0027,Rv0147,Protein-Protein,1
Rv0027,Rv0439c,Protein-Protein,1
Rv0027,ufaA1,Protein-Protein,1
Rv0027,Rv0471c,Protein-Protein,1
Rv0027,Rv0608,Protein-Protein,1
Rv0027,Rv0626,Protein-Protein,1
Rv0027,rpsS,Protein-Protein,1
Rv0027,Rv0799c,Protein-Protein,1
Rv0027,Rv0850,Protein-Protein,1
Rv0027,pstA1,Protein-Protein,1
Rv0027,Rv1004c,Protein-Protein,1
Rv0027,Rv1054,Protein-Protein,1
Rv0027,xseA,Protein-Protein,1
Rv0027,Rv1259,Protein-Protein,1
Rv0027,Rv1287,Protein-Protein,1
Rv0027,Rv1301,Protein-Protein,1
Rv0027,moeY,Protein-Protein,1
Rv0027,pyrC,Protein-Protein,1
Rv0027,fadD24,Protein-Protein,1
Rv0027,Rv1627c,Protein-Protein,1
Rv0027,gnd1,Protein-Protein,1
Rv0027,Rv1952,Protein-Protein,1
Rv0027,Rv2026c,Protein-Protein,1
Rv0027,Rv2086,Protein-Protein,1
Rv0027,dgt,Protein-Protein,1
Rv0027,recO,Protein-Protein,1
Rv0027,aroF,Protein-Protein,1
Rv0027,dapB,Protein-Protein,1
Rv0027,Rv2915c,Protein-Protein,1
Rv0027,Rv2943,Protein-Protein,1
Rv0027,Rv3263,Protein-Protein,1
Rv0027,rmlC,Protein-Protein,1
Rv0027,Rv3579c,Protein-Protein,1
Rv0027,glf,Protein-Protein,1
Rv0027,papA1,Protein-Protein,1
Rv0028,Rv0333,Protein-Protein,1
Rv0028,pknJ,Protein-Protein,1
Rv0028,Rv3351c,Protein-Protein,1
Rv0028,Rv3880c,Protein-Protein,1
Rv0029,Rv1117,Protein-Protein,1
Rv0029,Rv2787,Protein-Protein,1
Rv0031,Rv0303,Protein-Protein,1
Rv0031,Rv1544,Protein-Protein,1
Rv0031,Rv1752,Protein-Protein,1
Rv0031,Rv2067c,Protein-Protein,1
Rv0031,dapB,Protein-Protein,1
Rv0031,ispD,Protein-Protein,1
Rv0031,topA,Protein-Protein,1
bioF2,Rv2696c,Protein-Protein,1
acpA,Rv0997,Protein-Protein,1
acpA,fadD21,Protein-Protein,1
acpA,Rv2175c,Protein-Protein,1
acpA,pdhB,Protein-Protein,1
acpA,Rv3241c,Protein-Protein,1
acpA,Rv3471c,Protein-Protein,1
acpA,Rv3474,Protein-Protein,1
acpA,lppH,Protein-Protein,1
acpA,Rv3698,Protein-Protein,1
fadD34,Rv2520c,Protein-Protein,1
fadD34,Rv3066,Protein-Protein,1
Rv0036c,pyrR,Protein-Protein,1
Rv0036c,cobG,Protein-Protein,1
Rv0036c,Rv2250c,Protein-Protein,1
Rv0036c,Rv2530c,Protein-Protein,1
Rv0036c,dfrA,Protein-Protein,1
Rv0036c,PPE45,Protein-Protein,1
Rv0038,Rv1495,Protein-Protein,1
Rv0039c,bfrA,Protein-Protein,1
Rv0039c,wbbL1,Protein-Protein,1
Rv0039c,Rv3517,Protein-Protein,1
Rv0039c,Rv3788,Protein-Protein,1
leuS,Rv2825c,Protein-Protein,1
leuS,whiB3,Protein-Protein,1
leuS,PE35,Protein-Protein,1
Rv0042c,fadE18,Protein-Protein,1
Rv0042c,Rv2067c,Protein-Protein,1
Rv0044c,Rv0894,Protein-Protein,1
Rv0044c,Rv1104,Protein-Protein,1
Rv0044c,Rv2323c,Protein-Protein,1
Rv0044c,dapB,Protein-Protein,1
Rv0044c,whiB7,Protein-Protein,1
Rv0044c,purE,Protein-Protein,1
Rv0044c,Rv3529c,Protein-Protein,1
Rv0045c,Rv2666,Protein-Protein,1
Rv0045c,whiB3,Protein-Protein,1
Rv0045c,Rv3438,Protein-Protein,1
Rv0047c,mmaA2,Protein-Protein,1
Rv0047c,Rv0791c,Protein-Protein,1
Rv0047c,esxI,Protein-Protein,1
Rv0047c,ogt,Protein-Protein,1
Rv0047c,Rv2267c,Protein-Protein,1
Rv0047c,Rv2474c,Protein-Protein,1
Rv0047c,Rv2595,Protein-Protein,1
Rv0047c,Rv3222c,Protein-Protein,1
Rv0047c,Rv3234c,Protein-Protein,1
Rv0047c,Rv3387,Protein-Protein,1
Rv0047c,Rv3467,Protein-Protein,1
Rv0047c,Rv3530c,Protein-Protein,1
Rv0047c,Rv3753c,Protein-Protein,1
Rv0047c,Rv3837c,Protein-Protein,1
Rv0048c,echA6,Protein-Protein,1
Rv0048c,Rv1727,Protein-Protein,1
Rv0048c,ribD,Protein-Protein,1
Rv0048c,Rv3047c,Protein-Protein,1
Rv0049,Rv0881,Protein-Protein,1
Rv0049,uvrD1,Protein-Protein,1
Rv0049,Rv1341,Protein-Protein,1
Rv0049,mutA,Protein-Protein,1
Rv0049,kasA,Protein-Protein,1
Rv0049,Rv2714,Protein-Protein,1
Rv0049,Rv3031,Protein-Protein,1
Rv0049,Rv3475,Protein-Protein,1
Rv0049,Rv3520c,Protein-Protein,1
Rv0049,arsB2,Protein-Protein,1
rpsF,Rv1708,Protein-Protein,1
ssb,ssb,Protein-Protein,1
ssb,hsdS.1,Protein-Protein,1
ssb,ung,Protein-Protein,1
ssb,Rv3474,Protein-Protein,1
rpsR,Rv1044,Protein-Protein,1
rpsR,fumC,Protein-Protein,1
rpsR,nadD,Protein-Protein,1
rpsR,Rv2759c,Protein-Protein,1
rpsR,Rv3092c,Protein-Protein,1
rpsR,Rv3231c,Protein-Protein,1
rpsR,PPE64,Protein-Protein,1
rpsR,PE_PGRS62,Protein-Protein,1
rplI,PPE12,Protein-Protein,1
rplI,cfp29,Protein-Protein,1
rplI,Rv0837c,Protein-Protein,1
rplI,Rv0919,Protein-Protein,1
rplI,priA,Protein-Protein,1
rplI,mgtC,Protein-Protein,1
rplI,rpsT,Protein-Protein,1
rplI,Rv2705c,Protein-Protein,1
rplI,rpsB,Protein-Protein,1
rplI,TB11.2,Protein-Protein,1
Rv0057,Rv0942,Protein-Protein,1
Rv0057,Rv1188,Protein-Protein,1
Rv0057,Rv1772,Protein-Protein,1
Rv0057,dapB,Protein-Protein,1
Rv0057,Rv2872,Protein-Protein,1
Rv0057,embC,Protein-Protein,1
dnaB,Rv0207c,Protein-Protein,1
dnaB,Rv2546,Protein-Protein,1
dnaB,dapB,Protein-Protein,1
dnaB,ppa,Protein-Protein,1
dnaB,Rv3906c,Protein-Protein,1
Rv0060,Rv3866,Protein-Protein,1
Rv0061,cobU,Protein-Protein,1
Rv0061,Rv0301,Protein-Protein,1
Rv0061,Rv0518,Protein-Protein,1
Rv0061,nuoE,Protein-Protein,1
Rv0065,Rv0367c,Protein-Protein,1
Rv0065,sigB,Protein-Protein,1
Rv0065,Rv3817,Protein-Protein,1
Rv0067c,fadE2,Protein-Protein,1
Rv0067c,Rv0499,Protein-Protein,1
Rv0067c,Rv1053c,Protein-Protein,1
Rv0067c,pks12,Protein-Protein,1
Rv0067c,gpm2,Protein-Protein,1
Rv0067c,mesJ,Protein-Protein,1
Rv0067c,Rv3827c,Protein-Protein,1
Rv0068,Rv0547c,Protein-Protein,1
Rv0068,Rv1585c,Protein-Protein,1
Rv0068,Rv1882c,Protein-Protein,1
Rv0068,ctpF,Protein-Protein,1
Rv0068,Rv2409c,Protein-Protein,1
Rv0068,gabT,Protein-Protein,1
Rv0071,nrp,Protein-Protein,1
Rv0071,rplN,Protein-Protein,1
Rv0071,Rv1287,Protein-Protein,1
Rv0071,Rv1347c,Protein-Protein,1
Rv0071,Rv1744c,Protein-Protein,1
Rv0071,nusB,Protein-Protein,1
Rv0071,Rv3363c,Protein-Protein,1
Rv0073,Rv2699c,Protein-Protein,1
Rv0074,Rv0221,Protein-Protein,1
Rv0074,Rv2033c,Protein-Protein,1
Rv0074,Rv2601A,Protein-Protein,1
Rv0074,PPE58,Protein-Protein,1
Rv0075,pip,Protein-Protein,1
Rv0075,dapE,Protein-Protein,1
Rv0075,Rv1290A,Protein-Protein,1
Rv0075,Rv1762c,Protein-Protein,1
Rv0075,Rv2361c,Protein-Protein,1
Rv0075,recO,Protein-Protein,1
Rv0075,Rv2696c,Protein-Protein,1
Rv0075,Rv2728c,Protein-Protein,1
Rv0075,Rv2805,Protein-Protein,1
Rv0075,Rv2915c,Protein-Protein,1
Rv0075,Rv3137,Protein-Protein,1
Rv0075,Rv3234c,Protein-Protein,1
Rv0075,Rv3431c,Protein-Protein,1
Rv0075,Rv3637,Protein-Protein,1
Rv0076c,Rv3216,Protein-Protein,1
Rv0077c,Rv0580c,Protein-Protein,1
Rv0077c,Rv1478,Protein-Protein,1
Rv0077c,Rv1507A,Protein-Protein,1
Rv0077c,Rv2307B,Protein-Protein,1
Rv0077c,Rv2545,Protein-Protein,1
Rv0077c,Rv3216,Protein-Protein,1
Rv0077c,whiB3,Protein-Protein,1
Rv0078A,Rv2033c,Protein-Protein,1
Rv0078A,Rv2669,Protein-Protein,1
Rv0079,mmpL1,Protein-Protein,1
Rv0079,Rv1560,Protein-Protein,1
Rv0079,Rv2794c,Protein-Protein,1
Rv0081,umaA,Protein-Protein,1
Rv0081,Rv0477,Protein-Protein,1
Rv0081,Rv0825c,Protein-Protein,1
Rv0081,Rv1839c,Protein-Protein,1
Rv0081,Rv2546,Protein-Protein,1
Rv0081,dapB,Protein-Protein,1
Rv0081,Rv2857c,Protein-Protein,1
Rv0081,Rv3337,Protein-Protein,1
Rv0082,PPE5,Protein-Protein,1
Rv0082,Rv0493c,Protein-Protein,1
Rv0082,lprA,Protein-Protein,1
Rv0082,Rv2772c,Protein-Protein,1
Rv0082,mpt53,Protein-Protein,1
Rv0082,Rv3177,Protein-Protein,1
hycP,nrp,Protein-Protein,1
hycP,Rv0380c,Protein-Protein,1
hycP,hspX,Protein-Protein,1
hycP,PPE39,Protein-Protein,1
hycP,Rv2390c,Protein-Protein,1
hycP,mpt83,Protein-Protein,1
hycE,PE4,Protein-Protein,1
hycE,Rv0161,Protein-Protein,1
hycE,Rv0197,Protein-Protein,1
hycE,Rv0315,Protein-Protein,1
hycE,Rv0787A,Protein-Protein,1
hycE,galU,Protein-Protein,1
hycE,PE_PGRS32,Protein-Protein,1
hycE,prcA,Protein-Protein,1
hycE,Rv2160c,Protein-Protein,1
hycE,Rv2186c,Protein-Protein,1
hycE,Rv2665,Protein-Protein,1
hycE,Rv2867c,Protein-Protein,1
hycE,hupB,Protein-Protein,1
hycE,esxR,Protein-Protein,1
hycE,Rv3198A,Protein-Protein,1
hycE,Rv3281,Protein-Protein,1
Rv0088,Rv1882c,Protein-Protein,1
Rv0088,Rv3717,Protein-Protein,1
Rv0089,Rv0121c,Protein-Protein,1
Rv0090,lpqD,Protein-Protein,1
Rv0090,yrbE4B,Protein-Protein,1
Rv0090,Rv3807c,Protein-Protein,1
Rv0093c,Rv0175,Protein-Protein,1
Rv0095c,nirD,Protein-Protein,1
Rv0095c,Rv0692,Protein-Protein,1
Rv0095c,Rv1906c,Protein-Protein,1
Rv0095c,Rv2366c,Protein-Protein,1
Rv0095c,Rv2669,Protein-Protein,1
PPE1,wbbL2,Protein-Protein,1
PPE1,nuoI,Protein-Protein,1
PPE1,echA18,Protein-Protein,1
Rv0097,uvrD1,Protein-Protein,1
Rv0097,iunH,Protein-Protein,1
Rv0097,PE_PGRS60,Protein-Protein,1
Rv0098,Rv0098,Protein-Protein,1
Rv0098,Rv0744c,Protein-Protein,1
Rv0098,Rv2263,Protein-Protein,1
Rv0100,rpoZ,Protein-Protein,1
Rv0100,lppQ,Protein-Protein,1
Rv0100,Rv3530c,Protein-Protein,1
nrp,Rv0108c,Protein-Protein,1
nrp,iniC,Protein-Protein,1
nrp,xthA,Protein-Protein,1
nrp,PPE12,Protein-Protein,1
nrp,xseA,Protein-Protein,1
nrp,mbtE,Protein-Protein,1
nrp,Rv3351c,Protein-Protein,1
nrp,Rv3600c,Protein-Protein,1
nrp,Rv3871,Protein-Protein,1
Rv0102,menC,Protein-Protein,1
ctpB,PE34,Protein-Protein,1
ctpB,Rv3844,Protein-Protein,1
rpmB1,Rv0901,Protein-Protein,1
rpmB1,Rv2477c,Protein-Protein,1
rpmB1,Rv2989,Protein-Protein,1
rpmB1,Rv3750c,Protein-Protein,1
Rv0106,PPE60,Protein-Protein,1
Rv0108c,Rv0695,Protein-Protein,1
Rv0108c,Rv2805,Protein-Protein,1
Rv0108c,Rv3840,Protein-Protein,1
PE_PGRS1,sigB,Protein-Protein,1
PE_PGRS1,Rv3466,Protein-Protein,1
Rv0110,Rv2604c,Protein-Protein,1
Rv0110,Rv3474,Protein-Protein,1
Rv0110,Rv3636,Protein-Protein,1
gca,nuoE,Protein-Protein,1
gca,Rv3472,Protein-Protein,1
gmhA,hsp,Protein-Protein,1
gmhA,Rv2261c,Protein-Protein,1
gmhA,Rv2464c,Protein-Protein,1
gmhA,ribD,Protein-Protein,1
gmhB,lpqR,Protein-Protein,1
hddA,whiB3,Protein-Protein,1
hddA,Rv3422c,Protein-Protein,1
Rv0116c,PE13,Protein-Protein,1
Rv0116c,echA14,Protein-Protein,1
oxyS,sigD,Protein-Protein,1
Rv0121c,Rv0239,Protein-Protein,1
Rv0121c,moeA2,Protein-Protein,1
Rv0121c,sigB,Protein-Protein,1
Rv0121c,Rv3351c,Protein-Protein,1
Rv0122,Rv1209,Protein-Protein,1
Rv0122,Rv1322,Protein-Protein,1
Rv0122,ilvG,Protein-Protein,1
Rv0122,pks12,Protein-Protein,1
Rv0122,dapB,Protein-Protein,1
Rv0122,Rv3412,Protein-Protein,1
Rv0122,Rv3600c,Protein-Protein,1
Rv0122,Rv3705c,Protein-Protein,1
Rv0123,Rv3661,Protein-Protein,1
pepA,Rv1766,Protein-Protein,1
pepA,Rv2022c,Protein-Protein,1
pepA,Rv3773c,Protein-Protein,1
treS,Rv2102,Protein-Protein,1
Rv0127,Rv1501,Protein-Protein,1
Rv0127,esxV,Protein-Protein,1
Rv0127,Rv3672c,Protein-Protein,1
fbpC,cysH,Protein-Protein,1
fbpC,pknK,Protein-Protein,1
fbpC,uvrD2,Protein-Protein,1
fbpC,Rv3471c,Protein-Protein,1
fadE1,rpfA,Protein-Protein,1
fgd2,Rv0850,Protein-Protein,1
fgd2,Rv0856,Protein-Protein,1
fgd2,Rv1321,Protein-Protein,1
fgd2,Rv2292c,Protein-Protein,1
fgd2,scoB,Protein-Protein,1
ephF,Rv2696c,Protein-Protein,1
msrA,esxQ,Protein-Protein,1
Rv0138,Rv0138,Protein-Protein,1
Rv0138,Rv2203,Protein-Protein,1
Rv0138,Rv2205c,Protein-Protein,1
Rv0138,Rv2464c,Protein-Protein,1
Rv0138,aroF,Protein-Protein,1
Rv0138,Rv2635,Protein-Protein,1
Rv0138,echA18.1,Protein-Protein,1
Rv0138,Rv3520c,Protein-Protein,1
Rv0138,Rv3694c,Protein-Protein,1
Rv0138,Rv3817,Protein-Protein,1
Rv0139,Rv1324,Protein-Protein,1
Rv0139,Rv1667c,Protein-Protein,1
Rv0140,uvrD1,Protein-Protein,1
Rv0140,recO,Protein-Protein,1
Rv0141c,Rv0724A,Protein-Protein,1
Rv0141c,PE_PGRS8,Protein-Protein,1
Rv0141c,Rv0759c,Protein-Protein,1
Rv0141c,Rv1043c,Protein-Protein,1
Rv0141c,Rv1973,Protein-Protein,1
Rv0141c,Rv2695,Protein-Protein,1
Rv0141c,lppW,Protein-Protein,1
Rv0141c,Rv3169,Protein-Protein,1
Rv0141c,deoA,Protein-Protein,1
Rv0141c,Rv3387,Protein-Protein,1
Rv0141c,Rv3572,Protein-Protein,1
Rv0142,trxC,Protein-Protein,1
Rv0144,Rv2367c,Protein-Protein,1
Rv0145,Rv1155,Protein-Protein,1
Rv0145,Rv3840,Protein-Protein,1
Rv0146,Rv0636,Protein-Protein,1
Rv0146,Rv2696c,Protein-Protein,1
Rv0146,PE31,Protein-Protein,1
Rv0146,Rv3572,Protein-Protein,1
Rv0146,Rv3630,Protein-Protein,1
Rv0147,Rv1571,Protein-Protein,1
Rv0147,Rv1585c,Protein-Protein,1
Rv0147,Rv3000,Protein-Protein,1
Rv0148,PE_PGRS28,Protein-Protein,1
Rv0148,Rv1957,Protein-Protein,1
Rv0148,Rv2310,Protein-Protein,1
Rv0148,Rv2541,Protein-Protein,1
Rv0148,Rv3840,Protein-Protein,1
Rv0149,Rv2737A,Protein-Protein,1
Rv0150c,Rv1262c,Protein-Protein,1
Rv0150c,Rv1873,Protein-Protein,1
Rv0150c,Rv2465c,Protein-Protein,1
Rv0150c,sirR,Protein-Protein,1
Rv0150c,mycP1,Protein-Protein,1
PE2,Rv0657c,Protein-Protein,1
fadE2,Rv0216,Protein-Protein,1
fadE2,deoC,Protein-Protein,1
fadE2,Rv0488,Protein-Protein,1
fadE2,Rv0637,Protein-Protein,1
fadE2,fucA,Protein-Protein,1
fadE2,Rv1574,Protein-Protein,1
fadE2,gcvT,Protein-Protein,1
fadE2,Rv3662c,Protein-Protein,1
fadE2,Rv3719,Protein-Protein,1
pntB,cobU,Protein-Protein,1
Rv0158,Rv0953c,Protein-Protein,1
Rv0158,Rv1519,Protein-Protein,1
Rv0158,Rv2111c,Protein-Protein,1
Rv0158,Rv2125,Protein-Protein,1
Rv0158,bcp,Protein-Protein,1
Rv0158,Rv2696c,Protein-Protein,1
Rv0158,Rv2775,Protein-Protein,1
Rv0158,moaE1,Protein-Protein,1
Rv0158,Rv3836,Protein-Protein,1
PE3,Rv1157c,Protein-Protein,1
PE3,nadC,Protein-Protein,1
PE4,Rv0637,Protein-Protein,1
PE4,Rv0784,Protein-Protein,1
PE4,Rv0927c,Protein-Protein,1
PE4,Rv1117,Protein-Protein,1
PE4,Rv1358,Protein-Protein,1
Rv0161,Rv0582,Protein-Protein,1
Rv0161,rpsT,Protein-Protein,1
Rv0161,Rv2549c,Protein-Protein,1
Rv0161,cut4,Protein-Protein,1
Rv0161,Rv3889c,Protein-Protein,1
TB18.5,Rv0466,Protein-Protein,1
TB18.5,fabH,Protein-Protein,1
TB18.5,uvrD1,Protein-Protein,1
TB18.5,TB8.4,Protein-Protein,1
TB18.5,Rv1428c,Protein-Protein,1
TB18.5,trpA,Protein-Protein,1
TB18.5,mpg,Protein-Protein,1
TB18.5,Rv2638,Protein-Protein,1
TB18.5,Rv2695,Protein-Protein,1
TB18.5,gpm2,Protein-Protein,1
TB18.5,rubB,Protein-Protein,1
TB18.5,Rv3517,Protein-Protein,1
Rv0165c,Rv0519c,Protein-Protein,1
Rv0165c,rplC,Protein-Protein,1
Rv0165c,PE_PGRS12,Protein-Protein,1
Rv0165c,PE18,Protein-Protein,1
Rv0165c,cyp124,Protein-Protein,1
Rv0165c,Rv2401,Protein-Protein,1
Rv0165c,Rv2464c,Protein-Protein,1
Rv0165c,apt,Protein-Protein,1
Rv0165c,Rv2825c,Protein-Protein,1
Rv0165c,Rv3177,Protein-Protein,1
Rv0165c,hpt,Protein-Protein,1
yrbE1B,Rv0459,Protein-Protein,1
yrbE1B,Rv0724A,Protein-Protein,1
yrbE1B,Rv0877,Protein-Protein,1
yrbE1B,PE13,Protein-Protein,1
yrbE1B,Rv1904,Protein-Protein,1
yrbE1B,TB18.6,Protein-Protein,1
yrbE1B,Rv2475c,Protein-Protein,1
lprK,Rv2292c,Protein-Protein,1
lprK,Rv2885c,Protein-Protein,1
lprK,Rv3195,Protein-Protein,1
lprK,Rv3844,Protein-Protein,1
mce1F,Rv0307c,Protein-Protein,1
mce1F,Rv2033c,Protein-Protein,1
Rv0175,Rv0219,Protein-Protein,1
Rv0175,Rv0679c,Protein-Protein,1
Rv0175,Rv0744c,Protein-Protein,1
Rv0175,Rv1118c,Protein-Protein,1
Rv0175,Rv2375,Protein-Protein,1
Rv0175,Rv2762c,Protein-Protein,1
Rv0175,Rv3129,Protein-Protein,1
Rv0175,lppH,Protein-Protein,1
Rv0176,Rv2669,Protein-Protein,1
Rv0177,cyp135A1,Protein-Protein,1
Rv0177,Rv0470A,Protein-Protein,1
Rv0177,uvrD1,Protein-Protein,1
Rv0177,Rv0967,Protein-Protein,1
Rv0177,PE8,Protein-Protein,1
Rv0177,Rv1104,Protein-Protein,1
Rv0177,Rv1457c,Protein-Protein,1
Rv0177,PE17,Protein-Protein,1
Rv0177,pks10,Protein-Protein,1
Rv0177,Rv1950c,Protein-Protein,1
Rv0177,Rv1974,Protein-Protein,1
Rv0177,ctpF,Protein-Protein,1
Rv0177,fas,Protein-Protein,1
Rv0177,Rv2817c,Protein-Protein,1
Rv0177,Rv3342,Protein-Protein,1
Rv0177,PPE56,Protein-Protein,1
Rv0177,PE31,Protein-Protein,1
Rv0177,Rv3488,Protein-Protein,1
Rv0177,Rv3572,Protein-Protein,1
Rv0177,PPE67,Protein-Protein,1
Rv0177,Rv3747,Protein-Protein,1
Rv0177,Rv3750c,Protein-Protein,1
Rv0177,ethR,Protein-Protein,1
Rv0177,esxD,Protein-Protein,1
Rv0178,Rv0825c,Protein-Protein,1
Rv0178,PPE18,Protein-Protein,1
lprO,atpG,Protein-Protein,1
Rv0181c,celA2b,Protein-Protein,1
Rv0181c,Rv1566c,Protein-Protein,1
Rv0181c,Rv1739c,Protein-Protein,1
Rv0181c,Rv2687c,Protein-Protein,1
Rv0181c,Rv3354,Protein-Protein,1
sigG,hemC,Protein-Protein,1
sigG,hemE,Protein-Protein,1
sigG,Rv2871,Protein-Protein,1
sigG,gpm2,Protein-Protein,1
Rv0183,Rv1054,Protein-Protein,1
Rv0183,ogt,Protein-Protein,1
Rv0183,Rv1680,Protein-Protein,1
Rv0185,Rv1003,Protein-Protein,1
Rv0185,Rv2554c,Protein-Protein,1
bglS,tam,Protein-Protein,1
bglS,Rv0320,Protein-Protein,1
bglS,Rv2601A,Protein-Protein,1
Rv0187,Rv0187,Protein-Protein,1
Rv0187,PPE11,Protein-Protein,1
Rv0187,rplD,Protein-Protein,1
Rv0187,Rv0801,Protein-Protein,1
Rv0187,Rv1546,Protein-Protein,1
Rv0187,Rv2489c,Protein-Protein,1
Rv0187,Rv3294c,Protein-Protein,1
Rv0187,gltD,Protein-Protein,1
Rv0188,Rv2665,Protein-Protein,1
Rv0188,Rv2669,Protein-Protein,1
Rv0188,Rv3073c,Protein-Protein,1
ilvD,prcA,Protein-Protein,1
ilvD,ndkA,Protein-Protein,1
Rv0192A,Rv1577c,Protein-Protein,1
Rv0192A,Rv2022c,Protein-Protein,1
Rv0192A,Rv2073c,Protein-Protein,1
Rv0192,nrdZ,Protein-Protein,1
Rv0192,embR,Protein-Protein,1
Rv0192,Rv1638A,Protein-Protein,1
Rv0192,Rv1987,Protein-Protein,1
Rv0192,esxR,Protein-Protein,1
Rv0192,echA21,Protein-Protein,1
Rv0192,Rv3902c,Protein-Protein,1
Rv0197,ceoC,Protein-Protein,1
Rv0197,Rv2880c,Protein-Protein,1
Rv0197,Rv3438,Protein-Protein,1
Rv0199,Rv2545,Protein-Protein,1
Rv0199,Rv2669,Protein-Protein,1
Rv0199,Rv3131,Protein-Protein,1
Rv0201c,Rv2275,Protein-Protein,1
Rv0201c,trmU,Protein-Protein,1
Rv0203,tig,Protein-Protein,1
Rv0204c,glpQ2,Protein-Protein,1
Rv0204c,rocD2,Protein-Protein,1
Rv0204c,Rv2765,Protein-Protein,1
Rv0204c,Rv3654c,Protein-Protein,1
Rv0205,Rv0540,Protein-Protein,1
Rv0205,Rv1975,Protein-Protein,1
Rv0205,ahpD,Protein-Protein,1
Rv0205,amiA1,Protein-Protein,1
Rv0205,Rv3827c,Protein-Protein,1
Rv0207c,end,Protein-Protein,1
Rv0207c,Rv2219A,Protein-Protein,1
trmB,Rv2762c,Protein-Protein,1
trmB,Rv2821c,Protein-Protein,1
trmB,deoD,Protein-Protein,1
trmB,Rv3471c,Protein-Protein,1
Rv0209,infC,Protein-Protein,1
Rv0213c,Rv2696c,Protein-Protein,1
Rv0213c,dapB,Protein-Protein,1
Rv0213c,moaC,Protein-Protein,1
fadD4,PE_PGRS39,Protein-Protein,1
Rv0216,Rv0300,Protein-Protein,1
Rv0216,Rv1053c,Protein-Protein,1
Rv0216,rpe,Protein-Protein,1
Rv0216,Rv2256c,Protein-Protein,1
Rv0216,Rv2464c,Protein-Protein,1
Rv0216,spoU,Protein-Protein,1
lipW,Rv1219c,Protein-Protein,1
lipW,murI,Protein-Protein,1
lipW,Rv2401,Protein-Protein,1
lipW,Rv2665,Protein-Protein,1
lipW,ribD,Protein-Protein,1
lipW,Rv2695,Protein-Protein,1
Rv0218,Rv0320,Protein-Protein,1
Rv0218,def,Protein-Protein,1
Rv0218,Rv0964c,Protein-Protein,1
Rv0218,Rv3216,Protein-Protein,1
Rv0218,Rv3233c,Protein-Protein,1
Rv0218,otsA,Protein-Protein,1
Rv0219,thiE,Protein-Protein,1
Rv0219,Rv0508,Protein-Protein,1
Rv0219,rpsL,Protein-Protein,1
Rv0219,Rv0787,Protein-Protein,1
Rv0219,Rv1233c,Protein-Protein,1
Rv0219,Rv1439c,Protein-Protein,1
Rv0219,inhA,Protein-Protein,1
Rv0219,pimA,Protein-Protein,1
Rv0219,Rv2687c,Protein-Protein,1
Rv0219,Rv2739c,Protein-Protein,1
Rv0219,Rv2806,Protein-Protein,1
Rv0219,Rv3243c,Protein-Protein,1
Rv0219,pcd,Protein-Protein,1
Rv0219,rplM,Protein-Protein,1
Rv0219,Rv3719,Protein-Protein,1
Rv0219,glf,Protein-Protein,1
Rv0219,papA1,Protein-Protein,1
lipC,nadD,Protein-Protein,1
lipC,nuoI,Protein-Protein,1
Rv0221,Rv0263c,Protein-Protein,1
Rv0221,ogt,Protein-Protein,1
Rv0221,Rv2307B,Protein-Protein,1
Rv0221,Rv2596,Protein-Protein,1
Rv0221,Rv3085,Protein-Protein,1
Rv0221,sseA,Protein-Protein,1
Rv0221,sdhB,Protein-Protein,1
Rv0221,Rv3583c,Protein-Protein,1
echA1,Rv0979c,Protein-Protein,1
echA1,Rv1257c,Protein-Protein,1
echA1,hisB,Protein-Protein,1
Rv0224c,hsp,Protein-Protein,1
Rv0224c,Rv0573c,Protein-Protein,1
Rv0224c,clpS,Protein-Protein,1
Rv0224c,adhA,Protein-Protein,1
Rv0224c,Rv1868,Protein-Protein,1
Rv0224c,wbbL1,Protein-Protein,1
Rv0224c,Rv3272,Protein-Protein,1
Rv0224c,glf,Protein-Protein,1
Rv0228,Rv2989,Protein-Protein,1
Rv0229c,Rv1518,Protein-Protein,1
Rv0229c,Rv2010,Protein-Protein,1
Rv0229c,Rv3233c,Protein-Protein,1
Rv0229c,topA,Protein-Protein,1
php,Rv2867c,Protein-Protein,1
nrdB,Rv0944,Protein-Protein,1
nrdB,Rv2805,Protein-Protein,1
nrdB,Rv3817,Protein-Protein,1
gabD1,Rv0295c,Protein-Protein,1
gabD1,glpQ2,Protein-Protein,1
gabD1,Rv1546,Protein-Protein,1
gabD1,trpA,Protein-Protein,1
gabD1,Rv1638A,Protein-Protein,1
gabD1,moeX,Protein-Protein,1
gabD1,Rv2407,Protein-Protein,1
gabD1,Rv2910c,Protein-Protein,1
gabD1,tesA,Protein-Protein,1
gabD1,wbbL1,Protein-Protein,1
gabD1,Rv3889c,Protein-Protein,1
Rv0239,rpmC,Protein-Protein,1
Rv0239,prcB,Protein-Protein,1
Rv0239,Rv2337c,Protein-Protein,1
Rv0239,recR,Protein-Protein,1
Rv0240,Rv0460,Protein-Protein,1
Rv0240,mmsB,Protein-Protein,1
Rv0240,PPE15,Protein-Protein,1
Rv0240,Rv1524,Protein-Protein,1
Rv0240,Rv1627c,Protein-Protein,1
Rv0240,ureD,Protein-Protein,1
Rv0240,Rv1882c,Protein-Protein,1
Rv0240,Rv1990A,Protein-Protein,1
Rv0240,murX,Protein-Protein,1
Rv0240,fadD13,Protein-Protein,1
Rv0240,Rv3182,Protein-Protein,1
Rv0240,Rv3700c,Protein-Protein,1
Rv0241c,esxK,Protein-Protein,1
fabG,lppJ,Protein-Protein,1
fadA2,Rv0609,Protein-Protein,1
fadA2,Rv2546,Protein-Protein,1
fadA2,Rv2844,Protein-Protein,1
fadA2,Rv3778c,Protein-Protein,1
Rv0245,Rv2267c,Protein-Protein,1
Rv0246,Rv1502,Protein-Protein,1
Rv0246,Rv1982c,Protein-Protein,1
Rv0246,Rv2114,Protein-Protein,1
Rv0247c,Rv2640c,Protein-Protein,1
Rv0247c,Rv2869c,Protein-Protein,1
Rv0249c,Rv2563,Protein-Protein,1
Rv0250c,fabD2,Protein-Protein,1
Rv0250c,Rv2232,Protein-Protein,1
hsp,hsp,Protein-Protein,1
hsp,thiD,Protein-Protein,1
hsp,xthA,Protein-Protein,1
hsp,rplA,Protein-Protein,1
hsp,mmaA4,Protein-Protein,1
hsp,moaE2,Protein-Protein,1
hsp,murA,Protein-Protein,1
hsp,adh,Protein-Protein,1
hsp,rocD2,Protein-Protein,1
hsp,Rv2611c,Protein-Protein,1
hsp,Rv2857c,Protein-Protein,1
hsp,fadB4,Protein-Protein,1
nirB,Rv1583c,Protein-Protein,1
nirB,whiB7,Protein-Protein,1
nirD,Rv0825c,Protein-Protein,1
nirD,Rv1289,Protein-Protein,1
nirD,lppO,Protein-Protein,1
cobU,psd,Protein-Protein,1
cobU,mraW,Protein-Protein,1
cobU,Rv3291c,Protein-Protein,1
cobU,Rv3438,Protein-Protein,1
cobQ1,PPE48,Protein-Protein,1
PPE2,Rv2955c,Protein-Protein,1
Rv0257,hisB,Protein-Protein,1
Rv0257,Rv2292c,Protein-Protein,1
Rv0257,dapB,Protein-Protein,1
Rv0257,Rv2880c,Protein-Protein,1
Rv0257,whiB7,Protein-Protein,1
Rv0257,parB,Protein-Protein,1
Rv0258c,Rv0258c,Protein-Protein,1
Rv0258c,Rv0692,Protein-Protein,1
Rv0258c,Rv3213c,Protein-Protein,1
Rv0259c,Rv1184c,Protein-Protein,1
Rv0259c,Rv1674c,Protein-Protein,1
Rv0259c,fadD31,Protein-Protein,1
Rv0259c,PE_PGRS41,Protein-Protein,1
Rv0259c,fadE25,Protein-Protein,1
Rv0259c,Rv3836,Protein-Protein,1
narK3,accD3,Protein-Protein,1
narK3,Rv1561,Protein-Protein,1
aac,aac,Protein-Protein,1
aac,Rv0789c,Protein-Protein,1
aac,apa,Protein-Protein,1
aac,Rv2004c,Protein-Protein,1
aac,Rv2090,Protein-Protein,1
aac,Rv2716,Protein-Protein,1
aac,Rv2817c,Protein-Protein,1
aac,ligC,Protein-Protein,1
aac,Rv3833,Protein-Protein,1
Rv0263c,pknG,Protein-Protein,1
Rv0263c,PE7,Protein-Protein,1
Rv0263c,Rv1457c,Protein-Protein,1
Rv0263c,Rv1727,Protein-Protein,1
Rv0263c,plcD,Protein-Protein,1
Rv0263c,Rv1804c,Protein-Protein,1
Rv0263c,uspC,Protein-Protein,1
Rv0263c,PPE38,Protein-Protein,1
Rv0263c,Rv2393,Protein-Protein,1
Rv0263c,Rv2943A,Protein-Protein,1
Rv0263c,Rv2954c,Protein-Protein,1
Rv0263c,Rv3113,Protein-Protein,1
Rv0263c,infA,Protein-Protein,1
Rv0264c,hsdS,Protein-Protein,1
Rv0268c,Rv2774c,Protein-Protein,1
fadE6,secE2,Protein-Protein,1
Rv0272c,Rv0586,Protein-Protein,1
Rv0272c,Rv2033c,Protein-Protein,1
Rv0272c,PE22,Protein-Protein,1
Rv0272c,hsdS.1,Protein-Protein,1
Rv0272c,Rv3780,Protein-Protein,1
Rv0273c,esxL,Protein-Protein,1
Rv0274,umaA,Protein-Protein,1
Rv0274,Rv1321,Protein-Protein,1
Rv0274,Rv1977,Protein-Protein,1
Rv0274,Rv2665,Protein-Protein,1
Rv0274,Rv2696c,Protein-Protein,1
Rv0274,moaC,Protein-Protein,1
Rv0274,Rv3697c,Protein-Protein,1
Rv0277c,Rv2186c,Protein-Protein,1
Rv0277c,Rv2760c,Protein-Protein,1
Rv0277c,Rv3108,Protein-Protein,1
Rv0277c,Rv3472,Protein-Protein,1
Rv0277c,Rv3672c,Protein-Protein,1
Rv0281,lpqN,Protein-Protein,1
Rv0281,Rv0967,Protein-Protein,1
Rv0281,gcvT,Protein-Protein,1
Rv0281,Rv2686c,Protein-Protein,1
Rv0281,Rv3483c,Protein-Protein,1
Rv0282,TB27.3,Protein-Protein,1
Rv0282,Rv0925c,Protein-Protein,1
Rv0282,Rv2250c,Protein-Protein,1
Rv0282,Rv2647,Protein-Protein,1
Rv0282,Rv3566A,Protein-Protein,1
Rv0282,folB,Protein-Protein,1
Rv0282,ethR,Protein-Protein,1
PE5,menD,Protein-Protein,1
PE5,gltA1,Protein-Protein,1
PE5,Rv1222,Protein-Protein,1
PE5,fabG,Protein-Protein,1
PE5,Rv1533,Protein-Protein,1
PE5,Rv2075c,Protein-Protein,1
PE5,cysH,Protein-Protein,1
PE5,Rv2661c,Protein-Protein,1
PE5,Rv3134c,Protein-Protein,1
PE5,wbbL1,Protein-Protein,1
PE5,Rv3468c,Protein-Protein,1
PE5,mutY,Protein-Protein,1
PE5,Rv3600c,Protein-Protein,1
esxG,esxH,Protein-Protein,1
esxG,esxR,Protein-Protein,1
esxH,rpmI,Protein-Protein,1
esxH,Rv2424c,Protein-Protein,1
esxH,Rv2871,Protein-Protein,1
esxH,Rv3108,Protein-Protein,1
esxH,Rv3228,Protein-Protein,1
esxH,wbbL1,Protein-Protein,1
Rv0289,Rv0516c,Protein-Protein,1
Rv0289,pip,Protein-Protein,1
Rv0289,lppB,Protein-Protein,1
Rv0292,PE7,Protein-Protein,1
Rv0292,Rv2871,Protein-Protein,1
Rv0293c,tam,Protein-Protein,1
Rv0293c,Rv0756c,Protein-Protein,1
Rv0293c,Rv2310,Protein-Protein,1
Rv0293c,Rv3359,Protein-Protein,1
tam,murB,Protein-Protein,1
tam,Rv0953c,Protein-Protein,1
tam,Rv1179c,Protein-Protein,1
tam,Rv1428c,Protein-Protein,1
tam,Rv1733c,Protein-Protein,1
tam,cobG,Protein-Protein,1
tam,Rv2250A,Protein-Protein,1
tam,Rv3046c,Protein-Protein,1
tam,Rv3098c,Protein-Protein,1
tam,Rv3422c,Protein-Protein,1
tam,cysS,Protein-Protein,1
tam,proW,Protein-Protein,1
tam,accD4,Protein-Protein,1
Rv0295c,Rv0621,Protein-Protein,1
Rv0295c,Rv1144,Protein-Protein,1
Rv0295c,lppG,Protein-Protein,1
Rv0295c,Rv3007c,Protein-Protein,1
Rv0295c,Rv3073c,Protein-Protein,1
Rv0295c,nuoI,Protein-Protein,1
Rv0296c,Rv1761c,Protein-Protein,1
Rv0296c,Rv2016,Protein-Protein,1
Rv0296c,Rv3122,Protein-Protein,1
Rv0301,rplC,Protein-Protein,1
Rv0301,Rv0918,Protein-Protein,1
Rv0301,acg,Protein-Protein,1
Rv0301,Rv2603c,Protein-Protein,1
Rv0301,panC,Protein-Protein,1
Rv0301,Rv3702c,Protein-Protein,1
Rv0301,Rv3847,Protein-Protein,1
Rv0301,Rv3920c,Protein-Protein,1
Rv0302,trpC,Protein-Protein,1
Rv0303,Rv0923c,Protein-Protein,1
Rv0303,Rv1545,Protein-Protein,1
Rv0303,Rv2645,Protein-Protein,1
PPE5,Rv2022c,Protein-Protein,1
PPE5,cobM,Protein-Protein,1
PPE5,Rv2417c,Protein-Protein,1
PPE5,hpt,Protein-Protein,1
Rv0307c,cyp135A1,Protein-Protein,1
Rv0307c,Rv0601c,Protein-Protein,1
Rv0307c,Rv0812,Protein-Protein,1
Rv0307c,serC,Protein-Protein,1
Rv0307c,Rv0976c,Protein-Protein,1
Rv0307c,murA,Protein-Protein,1
Rv0307c,trpE,Protein-Protein,1
Rv0307c,trpC,Protein-Protein,1
Rv0307c,rpsA,Protein-Protein,1
Rv0307c,pks10,Protein-Protein,1
Rv0307c,cmk,Protein-Protein,1
Rv0307c,Rv2010,Protein-Protein,1
Rv0307c,Rv2019,Protein-Protein,1
Rv0307c,Rv2052c,Protein-Protein,1
Rv0307c,Rv2407,Protein-Protein,1
Rv0307c,Rv2432c,Protein-Protein,1
Rv0307c,Rv2666,Protein-Protein,1
Rv0307c,Rv2757c,Protein-Protein,1
Rv0307c,Rv2915c,Protein-Protein,1
Rv0307c,fadD22,Protein-Protein,1
Rv0307c,Rv3085,Protein-Protein,1
Rv0307c,Rv3521,Protein-Protein,1
Rv0307c,radA,Protein-Protein,1
Rv0307c,Rv3844,Protein-Protein,1
Rv0308,Rv0323c,Protein-Protein,1
Rv0308,hisB,Protein-Protein,1
Rv0308,Rv3741c,Protein-Protein,1
Rv0309,Rv2022c,Protein-Protein,1
Rv0309,Rv2307B,Protein-Protein,1
Rv0309,Rv2665,Protein-Protein,1
Rv0309,dapB,Protein-Protein,1
Rv0309,moaE1,Protein-Protein,1
Rv0309,Rv3541c,Protein-Protein,1
Rv0310c,Rv1046c,Protein-Protein,1
Rv0310c,whiB7,Protein-Protein,1
Rv0313,Rv0963c,Protein-Protein,1
Rv0313,rpfB,Protein-Protein,1
Rv0313,lpqV,Protein-Protein,1
Rv0313,glgC,Protein-Protein,1
Rv0313,Rv1234,Protein-Protein,1
Rv0313,Rv1245c,Protein-Protein,1
Rv0313,Rv1382,Protein-Protein,1
Rv0313,lgt,Protein-Protein,1
Rv0313,lppT,Protein-Protein,1
Rv0313,Rv2417c,Protein-Protein,1
Rv0313,Rv2717c,Protein-Protein,1
Rv0313,mpt53,Protein-Protein,1
Rv0313,TB22.2,Protein-Protein,1
Rv0313,Rv3166c,Protein-Protein,1
Rv0313,Rv3346c,Protein-Protein,1
Rv0313,Rv3752c,Protein-Protein,1
Rv0315,Rv0345,Protein-Protein,1
Rv0315,Rv1374c,Protein-Protein,1
Rv0315,Rv3231c,Protein-Protein,1
Rv0315,Rv3600c,Protein-Protein,1
Rv0316,Rv2774c,Protein-Protein,1
Rv0316,leuA,Protein-Protein,1
glpQ2,cmaA2,Protein-Protein,1
glpQ2,Rv0748,Protein-Protein,1
glpQ2,Rv0822c,Protein-Protein,1
glpQ2,Rv1004c,Protein-Protein,1
glpQ2,Rv1546,Protein-Protein,1
glpQ2,Rv1998c,Protein-Protein,1
glpQ2,phoH1,Protein-Protein,1
glpQ2,Rv2424c,Protein-Protein,1
glpQ2,Rv2507,Protein-Protein,1
glpQ2,Rv2804c,Protein-Protein,1
glpQ2,PPE50,Protein-Protein,1
glpQ2,Rv3322c,Protein-Protein,1
glpQ2,Rv3600c,Protein-Protein,1
glpQ2,glf,Protein-Protein,1
glpQ2,Rv3860,Protein-Protein,1
Rv0318c,Rv1714,Protein-Protein,1
Rv0318c,Rv2409c,Protein-Protein,1
Rv0318c,Rv2526,Protein-Protein,1
pcp,Rv1725c,Protein-Protein,1
pcp,Rv2022c,Protein-Protein,1
pcp,Rv2658c,Protein-Protein,1
pcp,Rv2696c,Protein-Protein,1
pcp,Rv3583c,Protein-Protein,1
pcp,PE_PGRS59,Protein-Protein,1
Rv0320,Rv0603,Protein-Protein,1
Rv0320,Rv1322A,Protein-Protein,1
Rv0320,Rv2310,Protein-Protein,1
Rv0320,Rv2718c,Protein-Protein,1
dcd,Rv0518,Protein-Protein,1
dcd,Rv0831c,Protein-Protein,1
dcd,Rv1104,Protein-Protein,1
dcd,glgC,Protein-Protein,1
dcd,Rv2419c,Protein-Protein,1
dcd,Rv2669,Protein-Protein,1
dcd,dapB,Protein-Protein,1
dcd,Rv2774c,Protein-Protein,1
dcd,Rv2844,Protein-Protein,1
dcd,PPE50,Protein-Protein,1
dcd,Rv3172c,Protein-Protein,1
dcd,Rv3836,Protein-Protein,1
udgA,Rv2794c,Protein-Protein,1
Rv0323c,Rv0686,Protein-Protein,1
Rv0323c,Rv0881,Protein-Protein,1
Rv0323c,pstS1,Protein-Protein,1
Rv0323c,Rv1019,Protein-Protein,1
Rv0323c,lpqU,Protein-Protein,1
Rv0323c,kdpD,Protein-Protein,1
Rv0323c,Rv1414,Protein-Protein,1
Rv0323c,Rv1456c,Protein-Protein,1
Rv0323c,Rv1507A,Protein-Protein,1
Rv0323c,esxN,Protein-Protein,1
Rv0323c,Rv1867,Protein-Protein,1
Rv0323c,hspX,Protein-Protein,1
Rv0323c,Rv2076c,Protein-Protein,1
Rv0323c,pyrD,Protein-Protein,1
Rv0323c,TB18.6,Protein-Protein,1
Rv0323c,Rv2143,Protein-Protein,1
Rv0323c,cysH,Protein-Protein,1
Rv0323c,lppR,Protein-Protein,1
Rv0323c,Rv2419c,Protein-Protein,1
Rv0323c,Rv2506,Protein-Protein,1
Rv0323c,Rv2740,Protein-Protein,1
Rv0323c,Rv2810c,Protein-Protein,1
Rv0323c,coaD,Protein-Protein,1
Rv0323c,nuoJ,Protein-Protein,1
Rv0323c,whiB4,Protein-Protein,1
Rv0323c,Rv3698,Protein-Protein,1
Rv0323c,Rv3844,Protein-Protein,1
Rv0323c,Rv3857c,Protein-Protein,1
Rv0323c,Rv3882c,Protein-Protein,1
Rv0324,rplD,Protein-Protein,1
Rv0325,Rv2550c,Protein-Protein,1
Rv0325,Rv3322c,Protein-Protein,1
Rv0326,lprA,Protein-Protein,1
Rv0326,Rv2264c,Protein-Protein,1
cyp135A1,Rv0519c,Protein-Protein,1
cyp135A1,Rv0759c,Protein-Protein,1
cyp135A1,bioD,Protein-Protein,1
cyp135A1,Rv2309A,Protein-Protein,1
cyp135A1,dfrA,Protein-Protein,1
cyp135A1,dapB,Protein-Protein,1
cyp135A1,Rv3114,Protein-Protein,1
cyp135A1,hpt,Protein-Protein,1
Rv0329c,hspR,Protein-Protein,1
Rv0329c,mmaA2,Protein-Protein,1
Rv0329c,Rv1003,Protein-Protein,1
Rv0329c,Rv1766,Protein-Protein,1
Rv0330c,fadE7,Protein-Protein,1
Rv0330c,Rv1132,Protein-Protein,1
Rv0332,Rv1116A,Protein-Protein,1
Rv0332,Rv2003c,Protein-Protein,1
Rv0332,lppO,Protein-Protein,1
Rv0332,Rv3471c,Protein-Protein,1
Rv0333,Rv0661c,Protein-Protein,1
Rv0333,echA6,Protein-Protein,1
rmlA,Rv0804,Protein-Protein,1
rmlA,hsdS,Protein-Protein,1
rmlA,rplM,Protein-Protein,1
PE6,Rv0825c,Protein-Protein,1
PE6,tagA,Protein-Protein,1
PE6,bcpB,Protein-Protein,1
PE6,TB18.6,Protein-Protein,1
PE6,scoA,Protein-Protein,1
PE6,Rv2628,Protein-Protein,1
PE6,Rv2809,Protein-Protein,1
PE6,hpt,Protein-Protein,1
aspC,Rv0692,Protein-Protein,1
aspC,Rv1773c,Protein-Protein,1
aspC,Rv1830,Protein-Protein,1
aspC,apt,Protein-Protein,1
aspC,Rv2844,Protein-Protein,1
aspC,Rv3072c,Protein-Protein,1
aspC,Rv3352c,Protein-Protein,1
aspC,rpoA,Protein-Protein,1
Rv0340,rplR,Protein-Protein,1
Rv0340,sigE,Protein-Protein,1
Rv0340,Rv2160c,Protein-Protein,1
Rv0340,whiB3,Protein-Protein,1
Rv0340,rpsI,Protein-Protein,1
iniB,Rv0959,Protein-Protein,1
iniB,cysH,Protein-Protein,1
iniB,Rv3672c,Protein-Protein,1
iniA,Rv1044,Protein-Protein,1
iniA,manA,Protein-Protein,1
iniC,gpm1,Protein-Protein,1
iniC,Rv0516c,Protein-Protein,1
iniC,Rv0540,Protein-Protein,1
iniC,Rv0799c,Protein-Protein,1
iniC,Rv1055,Protein-Protein,1
iniC,Rv1157c,Protein-Protein,1
iniC,sigE,Protein-Protein,1
iniC,treX,Protein-Protein,1
iniC,PE19,Protein-Protein,1
iniC,Rv1906c,Protein-Protein,1
iniC,Rv1995,Protein-Protein,1
iniC,Rv2044c,Protein-Protein,1
iniC,Rv2086,Protein-Protein,1
iniC,cyp124,Protein-Protein,1
iniC,Rv2272,Protein-Protein,1
iniC,esxO,Protein-Protein,1
iniC,esxP,Protein-Protein,1
iniC,PE_PGRS41,Protein-Protein,1
iniC,clpP1,Protein-Protein,1
iniC,pdhA,Protein-Protein,1
iniC,apt,Protein-Protein,1
iniC,Rv2730,Protein-Protein,1
iniC,Rv2740,Protein-Protein,1
iniC,hupB,Protein-Protein,1
iniC,Rv3226c,Protein-Protein,1
iniC,Rv3434c,Protein-Protein,1
iniC,Rv3475,Protein-Protein,1
iniC,Rv3716c,Protein-Protein,1
iniC,Rv3836,Protein-Protein,1
iniC,esxC,Protein-Protein,1
lpqJ,PE_PGRS12,Protein-Protein,1
lpqJ,Rv1413,Protein-Protein,1
lpqJ,Rv2078,Protein-Protein,1
lpqJ,aroD,Protein-Protein,1
lpqJ,ligA,Protein-Protein,1
Rv0345,Rv0358,Protein-Protein,1
Rv0345,galE3,Protein-Protein,1
Rv0345,Rv1003,Protein-Protein,1
Rv0345,Rv1487,Protein-Protein,1
Rv0345,Rv1804c,Protein-Protein,1
Rv0345,Rv2038c,Protein-Protein,1
Rv0345,cysH,Protein-Protein,1
Rv0345,Rv2417c,Protein-Protein,1
Rv0345,Rv2629,Protein-Protein,1
Rv0345,ceoC,Protein-Protein,1
Rv0345,Rv2718c,Protein-Protein,1
Rv0345,Rv2816c,Protein-Protein,1
Rv0345,otsA,Protein-Protein,1
Rv0345,PE_PGRS60,Protein-Protein,1
Rv0345,dppC,Protein-Protein,1
Rv0349,Rv1680,Protein-Protein,1
Rv0349,dapB,Protein-Protein,1
grpE,Rv0358,Protein-Protein,1
grpE,Rv0992c,Protein-Protein,1
grpE,cyp139,Protein-Protein,1
grpE,Rv1669,Protein-Protein,1
grpE,Rv2292c,Protein-Protein,1
grpE,dgt,Protein-Protein,1
grpE,Rv2546,Protein-Protein,1
grpE,accD5,Protein-Protein,1
grpE,Rv3467,Protein-Protein,1
hspR,Rv1012,Protein-Protein,1
hspR,pks12,Protein-Protein,1
hspR,Rv2219A,Protein-Protein,1
hspR,Rv2424c,Protein-Protein,1
hspR,Rv3224,Protein-Protein,1
Rv0356c,Rv1865c,Protein-Protein,1
Rv0356c,moaE1,Protein-Protein,1
Rv0358,devB,Protein-Protein,1
Rv0358,Rv1738,Protein-Protein,1
Rv0358,Rv2310,Protein-Protein,1
Rv0358,Rv3026c,Protein-Protein,1
Rv0358,whiB7,Protein-Protein,1
Rv0358,Rv3474,Protein-Protein,1
Rv0360c,Rv1279,Protein-Protein,1
Rv0360c,Rv2970A,Protein-Protein,1
Rv0361,Rv0487,Protein-Protein,1
Rv0361,Rv0942,Protein-Protein,1
Rv0361,Rv1507A,Protein-Protein,1
Rv0361,Rv2372c,Protein-Protein,1
Rv0361,whiB7,Protein-Protein,1
mgtE,Rv1960c,Protein-Protein,1
Rv0364,Rv1960c,Protein-Protein,1
Rv0364,Rv2003c,Protein-Protein,1
Rv0364,echA14,Protein-Protein,1
Rv0364,Rv2636,Protein-Protein,1
Rv0364,ribD,Protein-Protein,1
Rv0364,Rv3292,Protein-Protein,1
Rv0364,Rv3691,Protein-Protein,1
Rv0364,Rv3813c,Protein-Protein,1
Rv0365c,Rv1501,Protein-Protein,1
Rv0365c,Rv1975,Protein-Protein,1
Rv0365c,echA14,Protein-Protein,1
Rv0366c,Rv1222,Protein-Protein,1
Rv0366c,Rv3900c,Protein-Protein,1
Rv0367c,Rv0692,Protein-Protein,1
Rv0367c,bioD,Protein-Protein,1
Rv0367c,eis,Protein-Protein,1
Rv0367c,Rv2734,Protein-Protein,1
Rv0367c,dapB,Protein-Protein,1
Rv0367c,Rv3108,Protein-Protein,1
Rv0369c,Rv2304c,Protein-Protein,1
Rv0369c,Rv3773c,Protein-Protein,1
Rv0371c,uvrC,Protein-Protein,1
Rv0371c,esxP,Protein-Protein,1
Rv0372c,Rv1769,Protein-Protein,1
Rv0372c,Rv3453,Protein-Protein,1
Rv0374c,rpmG2,Protein-Protein,1
Rv0374c,sigE,Protein-Protein,1
Rv0374c,Rv2022c,Protein-Protein,1
Rv0374c,Rv2541,Protein-Protein,1
Rv0374c,Rv3876,Protein-Protein,1
Rv0375c,Rv0836c,Protein-Protein,1
Rv0375c,Rv2035,Protein-Protein,1
Rv0375c,dapB,Protein-Protein,1
Rv0377,Rv3412,Protein-Protein,1
Rv0377,panC,Protein-Protein,1
Rv0377,Rv3643,Protein-Protein,1
Rv0378,PE9,Protein-Protein,1
Rv0378,Rv1289,Protein-Protein,1
Rv0378,Rv2475c,Protein-Protein,1
Rv0378,sigB,Protein-Protein,1
secE2,Rv1290A,Protein-Protein,1
secE2,Rv2545,Protein-Protein,1
secE2,ppiB,Protein-Protein,1
secE2,Rv2601A,Protein-Protein,1
secE2,Rv2857c,Protein-Protein,1
Rv0380c,Rv2190c,Protein-Protein,1
Rv0380c,Rv2665,Protein-Protein,1
Rv0380c,Rv2669,Protein-Protein,1
Rv0380c,PE_PGRS59,Protein-Protein,1
Rv0381c,Rv2250c,Protein-Protein,1
Rv0381c,Rv2759c,Protein-Protein,1
Rv0381c,Rv3844,Protein-Protein,1
pyrE,pyrE,Protein-Protein,1
pyrE,Rv3638,Protein-Protein,1
Rv0383c,ptrBa,Protein-Protein,1
Rv0383c,esxL,Protein-Protein,1
Rv0383c,Rv1817,Protein-Protein,1
Rv0383c,Rv2269c,Protein-Protein,1
Rv0383c,Rv2810c,Protein-Protein,1
Rv0383c,Rv2908c,Protein-Protein,1
Rv0383c,Rv3475,Protein-Protein,1
Rv0385,gcvH,Protein-Protein,1
Rv0387c,rpsE,Protein-Protein,1
Rv0387c,Rv1478,Protein-Protein,1
PPE9,Rv1794,Protein-Protein,1
PPE9,Rv2323c,Protein-Protein,1
PPE9,Rv2597,Protein-Protein,1
PPE9,thrS,Protein-Protein,1
Rv0390,cysH,Protein-Protein,1
metZ,PE10,Protein-Protein,1
metZ,Rv2636,Protein-Protein,1
metZ,dapB,Protein-Protein,1
metZ,Rv3528c,Protein-Protein,1
Rv0393,Rv2248,Protein-Protein,1
Rv0393,whiB3,Protein-Protein,1
Rv0395,Rv2312,Protein-Protein,1
Rv0396,Rv1265,Protein-Protein,1
Rv0396,Rv3216,Protein-Protein,1
Rv0397,Rv1025,Protein-Protein,1
Rv0397,Rv2012,Protein-Protein,1
Rv0397,Rv3412,Protein-Protein,1
Rv0397,PPE60,Protein-Protein,1
Rv0397,Rv3889c,Protein-Protein,1
Rv0398c,Rv0543c,Protein-Protein,1
Rv0398c,Rv1247c,Protein-Protein,1
Rv0398c,nuoI,Protein-Protein,1
Rv0398c,Rv3675,Protein-Protein,1
lpqK,PPE22,Protein-Protein,1
lpqK,PE24,Protein-Protein,1
fadE7,Rv0805,Protein-Protein,1
fadE7,Rv1003,Protein-Protein,1
fadE7,purE,Protein-Protein,1
Rv0401,Rv3123,Protein-Protein,1
mmpL1,rplJ,Protein-Protein,1
mmpL1,Rv1149,Protein-Protein,1
mmpL1,Rv1873,Protein-Protein,1
mmpL1,lppE,Protein-Protein,1
mmpL1,PPE36,Protein-Protein,1
mmpL1,cut2,Protein-Protein,1
mmpL1,Rv3131,Protein-Protein,1
mmpS1,Rv1588c,Protein-Protein,1
mmpS1,mesJ,Protein-Protein,1
fadD30,Rv1480,Protein-Protein,1
fadD30,Rv2033c,Protein-Protein,1
fadD30,Rv2696c,Protein-Protein,1
fadD30,Rv3134c,Protein-Protein,1
fadD30,Rv3814c,Protein-Protein,1
pks6,echA12,Protein-Protein,1
pks6,PPE51,Protein-Protein,1
pks6,rpmJ,Protein-Protein,1
Rv0406c,Rv2638,Protein-Protein,1
Rv0406c,dapB,Protein-Protein,1
Rv0406c,cobQ2,Protein-Protein,1
fgd1,Rv0634c,Protein-Protein,1
fgd1,Rv3570c,Protein-Protein,1
fgd1,esxV,Protein-Protein,1
ackA,Rv1003,Protein-Protein,1
ackA,Rv1212c,Protein-Protein,1
ackA,Rv3047c,Protein-Protein,1
ackA,Rv3431c,Protein-Protein,1
ackA,echA19,Protein-Protein,1
pknG,Rv2809,Protein-Protein,1
pknG,whiB7,Protein-Protein,1
glnH,Rv1003,Protein-Protein,1
glnH,Rv2867c,Protein-Protein,1
mutT3,Rv1003,Protein-Protein,1
mutT3,mbtE,Protein-Protein,1
mutT3,Rv2417c,Protein-Protein,1
thiE,moaB2,Protein-Protein,1
thiE,Rv1087A,Protein-Protein,1
thiE,ephC,Protein-Protein,1
thiE,wbbL2,Protein-Protein,1
thiE,tpx,Protein-Protein,1
thiE,Rv2022c,Protein-Protein,1
thiE,PE_PGRS41,Protein-Protein,1
thiE,ahpC,Protein-Protein,1
thiE,Rv2507,Protein-Protein,1
thiE,nuoF,Protein-Protein,1
thiE,Rv3335c,Protein-Protein,1
thiO,Rv0712,Protein-Protein,1
thiS,Rv2673,Protein-Protein,1
thiG,Rv1257c,Protein-Protein,1
thiG,inhA,Protein-Protein,1
thiG,Rv2253,Protein-Protein,1
thiG,Rv2541,Protein-Protein,1
thiG,Rv2699c,Protein-Protein,1
thiG,Rv3327,Protein-Protein,1
thiG,PPE60,Protein-Protein,1
thiG,esxC,Protein-Protein,1
Rv0420c,Rv0776c,Protein-Protein,1
Rv0420c,Rv2966c,Protein-Protein,1
Rv0420c,PE35,Protein-Protein,1
Rv0421c,hemH,Protein-Protein,1
Rv0421c,bfrA,Protein-Protein,1
Rv0421c,wbbL1,Protein-Protein,1
thiD,Rv1265,Protein-Protein,1
thiD,Rv2409c,Protein-Protein,1
thiD,Rv2547,Protein-Protein,1
Rv0424c,Rv1960c,Protein-Protein,1
Rv0424c,PPE48,Protein-Protein,1
ctpH,Rv1257c,Protein-Protein,1
ctpH,esxC,Protein-Protein,1
Rv0426c,Rv1960c,Protein-Protein,1
xthA,cspB,Protein-Protein,1
xthA,Rv1097c,Protein-Protein,1
xthA,Rv1532c,Protein-Protein,1
xthA,Rv1714,Protein-Protein,1
xthA,Rv1958c,Protein-Protein,1
xthA,Rv2250c,Protein-Protein,1
xthA,Rv2696c,Protein-Protein,1
xthA,hupB,Protein-Protein,1
xthA,Rv3076,Protein-Protein,1
xthA,Rv3088,Protein-Protein,1
Rv0428c,Rv1991c,Protein-Protein,1
def,cobM,Protein-Protein,1
def,Rv2282c,Protein-Protein,1
def,Rv2867c,Protein-Protein,1
def,Rv2962c,Protein-Protein,1
Rv0430,rpsL,Protein-Protein,1
Rv0430,Rv0992c,Protein-Protein,1
Rv0430,Rv3753c,Protein-Protein,1
Rv0431,Rv2292c,Protein-Protein,1
sodC,Rv1157c,Protein-Protein,1
sodC,Rv1533,Protein-Protein,1
sodC,Rv2336,Protein-Protein,1
sodC,mbtB,Protein-Protein,1
sodC,Rv2708c,Protein-Protein,1
sodC,dapB,Protein-Protein,1
sodC,sdhB,Protein-Protein,1
Rv0433,Rv2653c,Protein-Protein,1
Rv0433,Rv2765,Protein-Protein,1
Rv0433,whiB3,Protein-Protein,1
Rv0434,Rv2665,Protein-Protein,1
Rv0434,Rv2817c,Protein-Protein,1
Rv0434,whiB3,Protein-Protein,1
Rv0434,fadE28,Protein-Protein,1
psd,Rv1149,Protein-Protein,1
psd,Rv3304,Protein-Protein,1
moeA2,Rv1321,Protein-Protein,1
moeA2,Rv2728c,Protein-Protein,1
Rv0439c,Rv2256c,Protein-Protein,1
groEL,mapA,Protein-Protein,1
groEL,PE9,Protein-Protein,1
groEL,Rv1188,Protein-Protein,1
groEL,Rv2960c,Protein-Protein,1
groEL,Rv3272,Protein-Protein,1
Rv0441c,rpfC,Protein-Protein,1
Rv0441c,PPE51,Protein-Protein,1
PPE10,fadB4,Protein-Protein,1
Rv0443,Rv1129c,Protein-Protein,1
Rv0443,rpmE,Protein-Protein,1
Rv0444c,sigK,Protein-Protein,1
sigK,rpsE,Protein-Protein,1
sigK,Rv1051c,Protein-Protein,1
sigK,PPE22,Protein-Protein,1
sigK,Rv2170,Protein-Protein,1
sigK,aroF,Protein-Protein,1
sigK,Rv2585c,Protein-Protein,1
sigK,Rv2653c,Protein-Protein,1
sigK,Rv3474,Protein-Protein,1
ufaA1,Rv0569,Protein-Protein,1
ufaA1,Rv1144,Protein-Protein,1
ufaA1,hisB,Protein-Protein,1
ufaA1,Rv2825c,Protein-Protein,1
ufaA1,Rv3000,Protein-Protein,1
ufaA1,nuoE,Protein-Protein,1
ufaA1,Rv3640c,Protein-Protein,1
Rv0448c,moeX,Protein-Protein,1
Rv0448c,Rv2464c,Protein-Protein,1
Rv0448c,Rv2816c,Protein-Protein,1
mmpS4,echA5,Protein-Protein,1
mmpS4,Rv3633,Protein-Protein,1
PPE11,Rv1444c,Protein-Protein,1
PPE11,Rv2717c,Protein-Protein,1
PPE11,whiB3,Protein-Protein,1
PPE11,Rv3472,Protein-Protein,1
Rv0454,Rv1942c,Protein-Protein,1
Rv0454,Rv2250c,Protein-Protein,1
Rv0454,Rv2407,Protein-Protein,1
Rv0454,glpQ1,Protein-Protein,1
Rv0455c,Rv1341,Protein-Protein,1
Rv0455c,Rv1711,Protein-Protein,1
Rv0455c,acg,Protein-Protein,1
echA2,Rv0495c,Protein-Protein,1
echA2,Rv1865c,Protein-Protein,1
echA2,Rv1882c,Protein-Protein,1
echA2,Rv1913,Protein-Protein,1
echA2,Rv2292c,Protein-Protein,1
echA2,Rv2407,Protein-Protein,1
echA2,clpC2,Protein-Protein,1
echA2,Rv3637,Protein-Protein,1
Rv0459,Rv2216,Protein-Protein,1
Rv0459,Rv3510c,Protein-Protein,1
Rv0460,devB,Protein-Protein,1
Rv0460,wbbL2,Protein-Protein,1
Rv0460,Rv3072c,Protein-Protein,1
Rv0460,Rv3472,Protein-Protein,1
Rv0461,dapB,Protein-Protein,1
Rv0463,rplK,Protein-Protein,1
Rv0463,modC,Protein-Protein,1
Rv0463,PPE38,Protein-Protein,1
Rv0463,ribF,Protein-Protein,1
Rv0463,wbbL1,Protein-Protein,1
Rv0463,Rv3327,Protein-Protein,1
Rv0463,bpoA,Protein-Protein,1
Rv0463,fdxB,Protein-Protein,1
Rv0463,Rv3579c,Protein-Protein,1
Rv0464c,Rv1773c,Protein-Protein,1
Rv0465c,Rv3486,Protein-Protein,1
Rv0466,PE15,Protein-Protein,1
Rv0466,Rv1772,Protein-Protein,1
Rv0466,Rv2475c,Protein-Protein,1
Rv0466,Rv2547,Protein-Protein,1
Rv0466,Rv3221A,Protein-Protein,1
fadB2,ceoB,Protein-Protein,1
umaA,Rv0893c,Protein-Protein,1
umaA,uvrD1,Protein-Protein,1
umaA,Rv1638A,Protein-Protein,1
umaA,lppG,Protein-Protein,1
umaA,kasB,Protein-Protein,1
umaA,Rv2510c,Protein-Protein,1
umaA,Rv2851c,Protein-Protein,1
umaA,Rv3697c,Protein-Protein,1
Rv0470A,Rv2372c,Protein-Protein,1
Rv0470A,Rv2669,Protein-Protein,1
Rv0470A,hemE,Protein-Protein,1
Rv0470A,Rv3837c,Protein-Protein,1
pcaA,fucA,Protein-Protein,1
pcaA,Rv2618,Protein-Protein,1
pcaA,Rv3422c,Protein-Protein,1
Rv0471c,Rv0863,Protein-Protein,1
Rv0471c,Rv2393,Protein-Protein,1
Rv0474,Rv0925c,Protein-Protein,1
Rv0474,pheS,Protein-Protein,1
Rv0474,pks9,Protein-Protein,1
Rv0474,Rv2507,Protein-Protein,1
hbhA,echA11,Protein-Protein,1
hbhA,Rv1513,Protein-Protein,1
hbhA,bioD,Protein-Protein,1
hbhA,PPE22,Protein-Protein,1
hbhA,Rv1987,Protein-Protein,1
hbhA,Rv2494,Protein-Protein,1
hbhA,nuoI,Protein-Protein,1
hbhA,Rv3230c,Protein-Protein,1
hbhA,wbbL1,Protein-Protein,1
Rv0476,Rv0967,Protein-Protein,1
Rv0476,celA2a,Protein-Protein,1
Rv0476,Rv1513,Protein-Protein,1
Rv0476,hisB,Protein-Protein,1
Rv0476,Rv2292c,Protein-Protein,1
Rv0476,Rv2307B,Protein-Protein,1
Rv0476,Rv3126c,Protein-Protein,1
Rv0476,Rv3175,Protein-Protein,1
Rv0477,ogt,Protein-Protein,1
Rv0477,Rv1357c,Protein-Protein,1
deoC,mce2F,Protein-Protein,1
deoC,Rv0686,Protein-Protein,1
deoC,cfp29,Protein-Protein,1
deoC,Rv0882,Protein-Protein,1
deoC,pks16,Protein-Protein,1
deoC,Rv2308,Protein-Protein,1
deoC,aroF,Protein-Protein,1
deoC,Rv2742c,Protein-Protein,1
deoC,Rv2863,Protein-Protein,1
deoC,Rv3399,Protein-Protein,1
deoC,Rv3900c,Protein-Protein,1
Rv0479c,Rv0802c,Protein-Protein,1
Rv0480c,pheS,Protein-Protein,1
Rv0480c,Rv2998A,Protein-Protein,1
Rv0481c,Rv0692,Protein-Protein,1
Rv0481c,Rv0789c,Protein-Protein,1
Rv0481c,Rv0858c,Protein-Protein,1
Rv0481c,Rv0948c,Protein-Protein,1
Rv0481c,Rv1044,Protein-Protein,1
Rv0481c,cysM,Protein-Protein,1
Rv0481c,Rv1839c,Protein-Protein,1
Rv0481c,Rv2762c,Protein-Protein,1
Rv0481c,amiA1,Protein-Protein,1
murB,Rv0579,Protein-Protein,1
murB,Rv0776c,Protein-Protein,1
murB,Rv3134c,Protein-Protein,1
murB,Rv3475,Protein-Protein,1
lprQ,sseA,Protein-Protein,1
lprQ,proW,Protein-Protein,1
Rv0484c,pitA,Protein-Protein,1
Rv0484c,ephC,Protein-Protein,1
Rv0484c,Rv2036,Protein-Protein,1
Rv0484c,pdhC,Protein-Protein,1
Rv0484c,Rv2516c,Protein-Protein,1
Rv0484c,Rv2676c,Protein-Protein,1
Rv0484c,Rv2795c,Protein-Protein,1
Rv0484c,Rv2810c,Protein-Protein,1
Rv0484c,Rv3007c,Protein-Protein,1
Rv0484c,Rv3453,Protein-Protein,1
Rv0484c,Rv3920c,Protein-Protein,1
Rv0485,Rv1873,Protein-Protein,1
Rv0485,Rv2665,Protein-Protein,1
Rv0485,Rv3579c,Protein-Protein,1
Rv0486,Rv1532c,Protein-Protein,1
Rv0486,Rv1928c,Protein-Protein,1
Rv0486,Rv2189c,Protein-Protein,1
Rv0486,PPE40,Protein-Protein,1
Rv0486,cfp2,Protein-Protein,1
Rv0486,Rv3438,Protein-Protein,1
Rv0486,fbpD,Protein-Protein,1
Rv0487,Rv0487,Protein-Protein,1
Rv0487,pknJ,Protein-Protein,1
Rv0487,rncS,Protein-Protein,1
Rv0488,purL,Protein-Protein,1
Rv0488,cmk,Protein-Protein,1
Rv0488,Rv2775,Protein-Protein,1
Rv0488,trmD,Protein-Protein,1
Rv0488,sdhB,Protein-Protein,1
Rv0488,Rv3422c,Protein-Protein,1
Rv0488,Rv3471c,Protein-Protein,1
Rv0488,Rv3813c,Protein-Protein,1
gpm1,PE20,Protein-Protein,1
gpm1,dapB,Protein-Protein,1
gpm1,wbbL1,Protein-Protein,1
gpm1,whiB3,Protein-Protein,1
regX3,Rv2015c,Protein-Protein,1
regX3,Rv3555c,Protein-Protein,1
Rv0492A,PE19,Protein-Protein,1
Rv0492A,Rv2690c,Protein-Protein,1
Rv0492A,ethR,Protein-Protein,1
Rv0492c,Rv1259,Protein-Protein,1
Rv0492c,Rv2044c,Protein-Protein,1
Rv0492c,wbbL1,Protein-Protein,1
Rv0492c,PE31,Protein-Protein,1
Rv0493c,Rv2274c,Protein-Protein,1
Rv0493c,Rv2669,Protein-Protein,1
Rv0493c,sigB,Protein-Protein,1
Rv0493c,mapB,Protein-Protein,1
Rv0493c,Rv3422c,Protein-Protein,1
Rv0493c,Rv3510c,Protein-Protein,1
Rv0493c,Rv3813c,Protein-Protein,1
Rv0494,Rv1249c,Protein-Protein,1
Rv0494,Rv1301,Protein-Protein,1
Rv0494,Rv2821c,Protein-Protein,1
Rv0495c,rplO,Protein-Protein,1
Rv0495c,Rv2310,Protein-Protein,1
Rv0495c,Rv2367c,Protein-Protein,1
Rv0495c,PE_PGRS40,Protein-Protein,1
Rv0495c,aroB,Protein-Protein,1
Rv0495c,ppiB,Protein-Protein,1
Rv0495c,Rv2706c,Protein-Protein,1
Rv0495c,Rv3304,Protein-Protein,1
Rv0495c,Rv3482c,Protein-Protein,1
Rv0495c,Rv3700c,Protein-Protein,1
Rv0495c,Rv3847,Protein-Protein,1
Rv0495c,PPE68,Protein-Protein,1
Rv0495c,esxB,Protein-Protein,1
Rv0498,Rv0787A,Protein-Protein,1
Rv0498,fadB5,Protein-Protein,1
Rv0498,ndkA,Protein-Protein,1
Rv0498,Rv2694c,Protein-Protein,1
Rv0498,Rv3108,Protein-Protein,1
Rv0499,Rv0579,Protein-Protein,1
Rv0499,rpsJ,Protein-Protein,1
Rv0499,Rv2805,Protein-Protein,1
Rv0499,echA18,Protein-Protein,1
Rv0500A,mutY,Protein-Protein,1
proC,PE_PGRS60,Protein-Protein,1
cmaA2,Rv2437,Protein-Protein,1
cmaA2,clpP1,Protein-Protein,1
cmaA2,Rv2468c,Protein-Protein,1
cmaA2,Rv3216,Protein-Protein,1
cmaA2,Rv3243c,Protein-Protein,1
Rv0504c,Rv1585c,Protein-Protein,1
serB1,Rv0617,Protein-Protein,1
serB1,echA7,Protein-Protein,1
serB1,Rv1347c,Protein-Protein,1
serB1,Rv1561,Protein-Protein,1
serB1,Rv2044c,Protein-Protein,1
Rv0508,Rv3312A,Protein-Protein,1
hemA,Rv0944,Protein-Protein,1
hemA,pks16,Protein-Protein,1
hemA,Rv2250c,Protein-Protein,1
hemA,Rv2464c,Protein-Protein,1
hemA,Rv2622,Protein-Protein,1
hemC,Rv1444c,Protein-Protein,1
hemC,Rv1474c,Protein-Protein,1
hemC,Rv2204c,Protein-Protein,1
hemC,PE29,Protein-Protein,1
hemC,Rv3033,Protein-Protein,1
hemC,devS,Protein-Protein,1
hemC,Rv3137,Protein-Protein,1
hemD,Rv2203,Protein-Protein,1
Rv0514,Rv0559c,Protein-Protein,1
Rv0514,Rv0918,Protein-Protein,1
Rv0514,Rv0966c,Protein-Protein,1
Rv0514,Rv1065,Protein-Protein,1
Rv0514,Rv1444c,Protein-Protein,1
Rv0514,Rv2186c,Protein-Protein,1
Rv0514,Rv2686c,Protein-Protein,1
Rv0514,Rv2857c,Protein-Protein,1
Rv0514,PPE57,Protein-Protein,1
Rv0514,Rv3572,Protein-Protein,1
Rv0514,lppH,Protein-Protein,1
Rv0514,PE_PGRS59,Protein-Protein,1
Rv0516c,rpmG2,Protein-Protein,1
Rv0516c,mmaA2,Protein-Protein,1
Rv0516c,prrB,Protein-Protein,1
Rv0516c,Rv1105,Protein-Protein,1
Rv0516c,PE15,Protein-Protein,1
Rv0516c,Rv2651c,Protein-Protein,1
Rv0516c,mqo,Protein-Protein,1
Rv0516c,fadD13,Protein-Protein,1
Rv0516c,PPE51,Protein-Protein,1
Rv0516c,lpqH,Protein-Protein,1
Rv0516c,Rv3866,Protein-Protein,1
Rv0518,Rv2819c,Protein-Protein,1
Rv0519c,Rv1259,Protein-Protein,1
Rv0519c,Rv1474c,Protein-Protein,1
Rv0519c,pyrD,Protein-Protein,1
Rv0519c,aroB,Protein-Protein,1
Rv0519c,speE,Protein-Protein,1
Rv0519c,dapB,Protein-Protein,1
Rv0519c,whiB7,Protein-Protein,1
Rv0519c,cspA,Protein-Protein,1
Rv0519c,ethR,Protein-Protein,1
Rv0519c,parA,Protein-Protein,1
Rv0520,Rv1377c,Protein-Protein,1
Rv0520,whiB6,Protein-Protein,1
Rv0521,Rv3253c,Protein-Protein,1
Rv0521,gcp,Protein-Protein,1
Rv0521,fadE28,Protein-Protein,1
Rv0521,Rv3675,Protein-Protein,1
Rv0523c,Rv0537c,Protein-Protein,1
Rv0523c,Rv1444c,Protein-Protein,1
Rv0523c,ilvE,Protein-Protein,1
Rv0523c,lipB,Protein-Protein,1
Rv0523c,ppiB,Protein-Protein,1
Rv0523c,dapB,Protein-Protein,1
Rv0523c,Rv2966c,Protein-Protein,1
Rv0523c,Rv3085,Protein-Protein,1
Rv0523c,cysA3,Protein-Protein,1
Rv0523c,whiB3,Protein-Protein,1
Rv0523c,Rv3527,Protein-Protein,1
Rv0523c,Rv3742c,Protein-Protein,1
Rv0526,Rv1508A,Protein-Protein,1
ccdA,rpsH,Protein-Protein,1
Rv0530,Rv0880,Protein-Protein,1
Rv0530,Rv2407,Protein-Protein,1
fabH,pknD,Protein-Protein,1
fabH,ahpD,Protein-Protein,1
fabH,TB22.2,Protein-Protein,1
fabH,cyp141,Protein-Protein,1
fabH,Rv3204,Protein-Protein,1
fabH,cmaA1,Protein-Protein,1
fabH,Rv3837c,Protein-Protein,1
menA,ahpD,Protein-Protein,1
pnp,moaE2,Protein-Protein,1
pnp,Rv2716,Protein-Protein,1
galE3,echA6,Protein-Protein,1
galE3,Rv1245c,Protein-Protein,1
galE3,Rv3226c,Protein-Protein,1
galE3,Rv3600c,Protein-Protein,1
Rv0537c,nuoI,Protein-Protein,1
Rv0538,Rv1116A,Protein-Protein,1
Rv0539,Rv2669,Protein-Protein,1
Rv0540,Rv1615,Protein-Protein,1
Rv0540,fadB5,Protein-Protein,1
Rv0540,Rv2256c,Protein-Protein,1
Rv0540,Rv2669,Protein-Protein,1
Rv0540,Rv3599c,Protein-Protein,1
Rv0540,hpt,Protein-Protein,1
Rv0540,Rv3840,Protein-Protein,1
menE,hpt,Protein-Protein,1
Rv0543c,agpS,Protein-Protein,1
Rv0544c,Rv1113,Protein-Protein,1
Rv0544c,dapB,Protein-Protein,1
pitA,cobM,Protein-Protein,1
pitA,ask,Protein-Protein,1
Rv0547c,Rv0880,Protein-Protein,1
Rv0547c,lysA,Protein-Protein,1
Rv0547c,35kd_ag,Protein-Protein,1
Rv0547c,rpsO,Protein-Protein,1
Rv0547c,Rv3636,Protein-Protein,1
Rv0547c,Rv3770B,Protein-Protein,1
menB,Rv2621c,Protein-Protein,1
Rv0549c,nth,Protein-Protein,1
Rv0549c,Rv3782,Protein-Protein,1
fadD8,PE7,Protein-Protein,1
fadD8,pknH,Protein-Protein,1
fadD8,polA,Protein-Protein,1
fadD8,Rv1891,Protein-Protein,1
fadD8,Rv3412,Protein-Protein,1
menC,Rv1585c,Protein-Protein,1
menC,Rv2307B,Protein-Protein,1
menC,ftsH,Protein-Protein,1
bpoC,Rv1377c,Protein-Protein,1
bpoC,PPE21,Protein-Protein,1
bpoC,nadC,Protein-Protein,1
bpoC,Rv2717c,Protein-Protein,1
bpoC,dapB,Protein-Protein,1
bpoC,Rv2817c,Protein-Protein,1
bpoC,trmD,Protein-Protein,1
bpoC,whiB3,Protein-Protein,1
bpoC,Rv3600c,Protein-Protein,1
menD,mutT2,Protein-Protein,1
menD,Rv1574,Protein-Protein,1
menD,trpA,Protein-Protein,1
menD,Rv2104c,Protein-Protein,1
menD,Rv2298,Protein-Protein,1
menD,hrcA,Protein-Protein,1
menD,Rv2469c,Protein-Protein,1
menD,tesB2,Protein-Protein,1
menD,Rv2735c,Protein-Protein,1
menD,Rv3813c,Protein-Protein,1
Rv0556,Rv0653c,Protein-Protein,1
menH,Rv1706A,Protein-Protein,1
menH,Rv2125,Protein-Protein,1
Rv0559c,PE_PGRS32,Protein-Protein,1
Rv0559c,Rv3041c,Protein-Protein,1
Rv0561c,PE13,Protein-Protein,1
Rv0561c,cmaA1,Protein-Protein,1
grcC1,lprA,Protein-Protein,1
grcC1,Rv2475c,Protein-Protein,1
grcC1,Rv2750,Protein-Protein,1
grcC1,gid,Protein-Protein,1
htpX,Rv2674,Protein-Protein,1
htpX,Rv3134c,Protein-Protein,1
gpsA,Rv1220c,Protein-Protein,1
gpsA,dlaT,Protein-Protein,1
Rv0566c,Rv1120c,Protein-Protein,1
Rv0566c,Rv1939,Protein-Protein,1
Rv0566c,Rv2475c,Protein-Protein,1
Rv0566c,lppA,Protein-Protein,1
Rv0566c,Rv2653c,Protein-Protein,1
Rv0566c,Rv3108,Protein-Protein,1
Rv0566c,Rv3351c,Protein-Protein,1
cyp135B1,cobM,Protein-Protein,1
cyp135B1,Rv2765,Protein-Protein,1
cyp135B1,Rv3327,Protein-Protein,1
cyp135B1,Rv3541c,Protein-Protein,1
Rv0569,mprB,Protein-Protein,1
Rv0569,Rv2696c,Protein-Protein,1
nrdZ,Rv1573,Protein-Protein,1
Rv0572c,Rv2022c,Protein-Protein,1
Rv0573c,Rv3243c,Protein-Protein,1
Rv0576,Rv2033c,Protein-Protein,1
Rv0576,Rv2119,Protein-Protein,1
Rv0576,Rv2551c,Protein-Protein,1
Rv0576,fabG,Protein-Protein,1
TB27.3,Rv0625c,Protein-Protein,1
TB27.3,Rv0921,Protein-Protein,1
TB27.3,Rv1050,Protein-Protein,1
TB27.3,celA2a,Protein-Protein,1
TB27.3,nadC,Protein-Protein,1
TB27.3,cmk,Protein-Protein,1
TB27.3,Rv1924c,Protein-Protein,1
TB27.3,Rv2446c,Protein-Protein,1
TB27.3,folC,Protein-Protein,1
TB27.3,rpfE,Protein-Protein,1
TB27.3,Rv2459,Protein-Protein,1
TB27.3,Rv2507,Protein-Protein,1
TB27.3,Rv2509,Protein-Protein,1
TB27.3,Rv3614c,Protein-Protein,1
TB27.3,PPE65,Protein-Protein,1
TB27.3,ligC,Protein-Protein,1
PE_PGRS7,PE20,Protein-Protein,1
PE_PGRS7,Rv2631,Protein-Protein,1
PE_PGRS7,Rv2722,Protein-Protein,1
PE_PGRS7,Rv2805,Protein-Protein,1
Rv0579,Rv1003,Protein-Protein,1
Rv0579,Rv2175c,Protein-Protein,1
Rv0579,Rv2331A,Protein-Protein,1
Rv0579,Rv3453,Protein-Protein,1
Rv0581,Rv0784,Protein-Protein,1
Rv0581,Rv2016,Protein-Protein,1
Rv0581,Rv2033c,Protein-Protein,1
Rv0581,Rv2267c,Protein-Protein,1
Rv0581,rocD1,Protein-Protein,1
Rv0581,hsdM,Protein-Protein,1
Rv0581,nei,Protein-Protein,1
Rv0581,Rv3351c,Protein-Protein,1
Rv0581,Rv3572,Protein-Protein,1
Rv0582,Rv0948c,Protein-Protein,1
Rv0582,Rv2955c,Protein-Protein,1
lpqN,ogt,Protein-Protein,1
lpqN,Rv1634,Protein-Protein,1
lpqN,Rv2645,Protein-Protein,1
lpqN,Rv2765,Protein-Protein,1
lpqN,PE32,Protein-Protein,1
lpqN,topA,Protein-Protein,1
lpqN,Rv3705c,Protein-Protein,1
Rv0584,echA10,Protein-Protein,1
Rv0584,Rv1545,Protein-Protein,1
Rv0584,Rv2372c,Protein-Protein,1
Rv0584,Rv2651c,Protein-Protein,1
Rv0584,Rv3032,Protein-Protein,1
Rv0586,fas,Protein-Protein,1
Rv0586,Rv2943,Protein-Protein,1
Rv0586,Rv3600c,Protein-Protein,1
yrbE2A,prcA,Protein-Protein,1
yrbE2B,Rv2104c,Protein-Protein,1
yrbE2B,Rv2117,Protein-Protein,1
yrbE2B,Rv2372c,Protein-Protein,1
Rv0590A,Rv1003,Protein-Protein,1
Rv0590A,sigB,Protein-Protein,1
Rv0590A,Rv3198A,Protein-Protein,1
Rv0590A,ltp3,Protein-Protein,1
mce2C,tatD,Protein-Protein,1
mce2C,cysN,Protein-Protein,1
mce2C,Rv1919c,Protein-Protein,1
mce2C,Rv2633c,Protein-Protein,1
mce2C,Rv2719c,Protein-Protein,1
mce2C,Rv2880c,Protein-Protein,1
mce2C,Rv3137,Protein-Protein,1
mce2C,Rv3778c,Protein-Protein,1
lprL,Rv2604c,Protein-Protein,1
lprL,dapB,Protein-Protein,1
lprL,Rv2844,Protein-Protein,1
lprL,Rv3861,Protein-Protein,1
mce2F,Rv1290A,Protein-Protein,1
mce2F,trpA,Protein-Protein,1
mce2F,Rv2695,Protein-Protein,1
mce2F,Rv3175,Protein-Protein,1
Rv0595c,Rv0836c,Protein-Protein,1
Rv0595c,Rv1873,Protein-Protein,1
Rv0595c,acyP,Protein-Protein,1
Rv0595c,fpg,Protein-Protein,1
Rv0598c,Rv2669,Protein-Protein,1
Rv0598c,Rv3876,Protein-Protein,1
Rv0599c,Rv1752,Protein-Protein,1
Rv0600c,mmsA,Protein-Protein,1
Rv0600c,Rv2550c,Protein-Protein,1
Rv0600c,hupB,Protein-Protein,1
Rv0600c,iunH,Protein-Protein,1
Rv0601c,uvrD1,Protein-Protein,1
Rv0601c,Rv1003,Protein-Protein,1
Rv0601c,sigE,Protein-Protein,1
Rv0601c,Rv2654c,Protein-Protein,1
Rv0601c,Rv2822c,Protein-Protein,1
Rv0601c,sigF,Protein-Protein,1
Rv0603,Rv3407,Protein-Protein,1
lpqO,PE20,Protein-Protein,1
Rv0605,mutT2,Protein-Protein,1
Rv0605,Rv1725c,Protein-Protein,1
Rv0605,Rv3320c,Protein-Protein,1
Rv0605,echA18,Protein-Protein,1
Rv0606,lipD,Protein-Protein,1
Rv0606,fadD9,Protein-Protein,1
Rv0606,hemE,Protein-Protein,1
Rv0606,TB22.2,Protein-Protein,1
Rv0606,Rv3471c,Protein-Protein,1
Rv0606,Rv3600c,Protein-Protein,1
Rv0607,Rv0925c,Protein-Protein,1
Rv0607,Rv1044,Protein-Protein,1
Rv0607,Rv1473A,Protein-Protein,1
Rv0607,dapB,Protein-Protein,1
Rv0607,Rv2821c,Protein-Protein,1
Rv0607,Rv2954c,Protein-Protein,1
Rv0607,Rv3526,Protein-Protein,1
Rv0608,Rv0609,Protein-Protein,1
Rv0609A,echA5,Protein-Protein,1
Rv0609A,Rv1117,Protein-Protein,1
Rv0609A,Rv2716,Protein-Protein,1
Rv0609A,Rv2729c,Protein-Protein,1
Rv0609A,Rv3526,Protein-Protein,1
Rv0609,Rv0776c,Protein-Protein,1
Rv0609,devB,Protein-Protein,1
Rv0609,trpA,Protein-Protein,1
Rv0609,Rv1804c,Protein-Protein,1
Rv0609,esxQ,Protein-Protein,1
Rv0609,Rv3134c,Protein-Protein,1
Rv0609,Rv3472,Protein-Protein,1
Rv0610c,Rv3281,Protein-Protein,1
Rv0611c,Rv1356c,Protein-Protein,1
Rv0611c,ugpA,Protein-Protein,1
Rv0612,argC,Protein-Protein,1
Rv0612,hupB,Protein-Protein,1
Rv0612,uvrD2,Protein-Protein,1
Rv0612,Rv3422c,Protein-Protein,1
Rv0613c,lppE,Protein-Protein,1
Rv0613c,Rv3073c,Protein-Protein,1
Rv0613c,trpS,Protein-Protein,1
Rv0614,Rv0831c,Protein-Protein,1
Rv0614,Rv0909,Protein-Protein,1
Rv0614,Rv1332,Protein-Protein,1
Rv0614,Rv1482c,Protein-Protein,1
Rv0614,dinX,Protein-Protein,1
Rv0614,esxQ,Protein-Protein,1
Rv0614,Rv3389c,Protein-Protein,1
Rv0614,rpoA,Protein-Protein,1
Rv0614,rpsD,Protein-Protein,1
Rv0615,wag31,Protein-Protein,1
Rv0616c,Rv0992c,Protein-Protein,1
Rv0616c,Rv1422,Protein-Protein,1
Rv0616c,Rv2022c,Protein-Protein,1
Rv0616c,Rv2033c,Protein-Protein,1
Rv0616c,glnQ,Protein-Protein,1
Rv0616c,dapB,Protein-Protein,1
Rv0616c,Rv3242c,Protein-Protein,1
Rv0616c,lppH,Protein-Protein,1
Rv0616c,Rv3702c,Protein-Protein,1
Rv0617,pknD,Protein-Protein,1
Rv0617,mmpL13a,Protein-Protein,1
Rv0617,corA,Protein-Protein,1
Rv0617,Rv1545,Protein-Protein,1
Rv0617,Rv1825,Protein-Protein,1
Rv0617,Rv1924c,Protein-Protein,1
Rv0617,cobM,Protein-Protein,1
Rv0617,Rv2183c,Protein-Protein,1
Rv0617,accA1,Protein-Protein,1
Rv0617,Rv3221A,Protein-Protein,1
galTa,thiX,Protein-Protein,1
galTa,Rv1904,Protein-Protein,1
galTa,Rv2042c,Protein-Protein,1
galTa,Rv3485c,Protein-Protein,1
galTb,rpsT,Protein-Protein,1
galTb,Rv2599,Protein-Protein,1
galTb,Rv2712c,Protein-Protein,1
galTb,Rv3108,Protein-Protein,1
galTb,amiA1,Protein-Protein,1
galTb,whiB3,Protein-Protein,1
galTb,PE_PGRS59,Protein-Protein,1
galTb,pheA,Protein-Protein,1
galTb,Rv3844,Protein-Protein,1
Rv0621,Rv1710,Protein-Protein,1
Rv0621,cyp124,Protein-Protein,1
Rv0621,lppQ,Protein-Protein,1
Rv0621,Rv2672,Protein-Protein,1
Rv0621,Rv3222c,Protein-Protein,1
Rv0622,hsdS,Protein-Protein,1
Rv0623,Rv1906c,Protein-Protein,1
Rv0623,Rv3453,Protein-Protein,1
Rv0623,dppB,Protein-Protein,1
Rv0623,Rv3745c,Protein-Protein,1
Rv0624,Rv1044,Protein-Protein,1
Rv0624,Rv1988,Protein-Protein,1
Rv0625c,Rv1003,Protein-Protein,1
Rv0625c,Rv1771,Protein-Protein,1
Rv0625c,Rv2022c,Protein-Protein,1
Rv0625c,cobM,Protein-Protein,1
Rv0626,Rv2114,Protein-Protein,1
Rv0626,Rv2696c,Protein-Protein,1
Rv0626,Rv2859c,Protein-Protein,1
Rv0626,Rv3765c,Protein-Protein,1
Rv0628c,Rv2306B,Protein-Protein,1
Rv0628c,Rv2867c,Protein-Protein,1
recD,Rv1242,Protein-Protein,1
recD,ogt,Protein-Protein,1
recD,Rv1478,Protein-Protein,1
recD,PE19,Protein-Protein,1
recD,Rv2372c,Protein-Protein,1
recD,Rv2417c,Protein-Protein,1
recD,Rv2469c,Protein-Protein,1
recB,Rv0818,Protein-Protein,1
echA3,Rv0986,Protein-Protein,1
echA3,TB8.4,Protein-Protein,1
Rv0634A,Rv1044,Protein-Protein,1
Rv0634A,Rv1873,Protein-Protein,1
Rv0634A,lppJ,Protein-Protein,1
Rv0634A,Rv2254c,Protein-Protein,1
Rv0634A,mapB,Protein-Protein,1
Rv0634A,trmD,Protein-Protein,1
Rv0634A,Rv3204,Protein-Protein,1
Rv0634A,Rv3226c,Protein-Protein,1
Rv0634A,Rv3369,Protein-Protein,1
rpmG2,Rv0679c,Protein-Protein,1
rpmG2,Rv1321,Protein-Protein,1
rpmG2,Rv1444c,Protein-Protein,1
rpmG2,Rv1919c,Protein-Protein,1
rpmG2,PE29,Protein-Protein,1
Rv0634c,purQ,Protein-Protein,1
Rv0634c,Rv1003,Protein-Protein,1
Rv0634c,fadE25,Protein-Protein,1
Rv0634c,amiD,Protein-Protein,1
Rv0634c,panC,Protein-Protein,1
Rv0635,Rv0756c,Protein-Protein,1
Rv0635,Rv0790c,Protein-Protein,1
Rv0635,rph,Protein-Protein,1
Rv0635,Rv2307B,Protein-Protein,1
Rv0635,Rv2417c,Protein-Protein,1
Rv0635,Rv2449c,Protein-Protein,1
Rv0635,pknK,Protein-Protein,1
Rv0635,Rv3088,Protein-Protein,1
Rv0635,Rv3269,Protein-Protein,1
Rv0635,Rv3278c,Protein-Protein,1
Rv0635,Rv3807c,Protein-Protein,1
Rv0636,lpqU,Protein-Protein,1
Rv0636,kdpD,Protein-Protein,1
Rv0636,hisI,Protein-Protein,1
Rv0636,lgt,Protein-Protein,1
Rv0636,Rv1728c,Protein-Protein,1
Rv0636,ureB,Protein-Protein,1
Rv0636,mbtI,Protein-Protein,1
Rv0636,eis,Protein-Protein,1
Rv0636,leuB,Protein-Protein,1
Rv0636,Rv3541c,Protein-Protein,1
Rv0636,Rv3806c,Protein-Protein,1
Rv0637,Rv0851c,Protein-Protein,1
Rv0637,PE7,Protein-Protein,1
Rv0637,Rv1247c,Protein-Protein,1
Rv0637,Rv1287,Protein-Protein,1
Rv0637,hisB,Protein-Protein,1
Rv0637,Rv2012,Protein-Protein,1
Rv0637,Rv3387,Protein-Protein,1
Rv0637,cut3,Protein-Protein,1
Rv0637,PE_PGRS60,Protein-Protein,1
secE1,Rv3327,Protein-Protein,1
nusG,Rv0743c,Protein-Protein,1
rplK,rplJ,Protein-Protein,1
rplK,ptrBa,Protein-Protein,1
rplK,Rv0944,Protein-Protein,1
rplK,Rv1060,Protein-Protein,1
rplK,Rv2003c,Protein-Protein,1
rplK,lppQ,Protein-Protein,1
rplK,Rv2993c,Protein-Protein,1
rplK,whiB3,Protein-Protein,1
rplA,Rv2570,Protein-Protein,1
mmaA3,Rv2293c,Protein-Protein,1
mmaA3,Rv3691,Protein-Protein,1
mmaA2,Rv0909,Protein-Protein,1
mmaA2,Rv3271c,Protein-Protein,1
mmaA1,Rv1457c,Protein-Protein,1
mmaA1,mutA,Protein-Protein,1
mmaA1,ureB,Protein-Protein,1
mmaA1,Rv2616,Protein-Protein,1
mmaA1,Rv2825c,Protein-Protein,1
lipG,mmsA,Protein-Protein,1
lipG,Rv1003,Protein-Protein,1
lipG,aldC,Protein-Protein,1
lipG,icd1,Protein-Protein,1
fabD2,Rv0877,Protein-Protein,1
fabD2,Rv1053c,Protein-Protein,1
fabD2,celA2b,Protein-Protein,1
fabD2,Rv1155,Protein-Protein,1
fabD2,Rv1508A,Protein-Protein,1
fabD2,Rv3091,Protein-Protein,1
fabD2,PPE69,Protein-Protein,1
Rv0650,Rv1771,Protein-Protein,1
Rv0650,Rv3395c,Protein-Protein,1
Rv0650,echA19,Protein-Protein,1
rplJ,end,Protein-Protein,1
rplJ,cysN,Protein-Protein,1
rplJ,Rv1443c,Protein-Protein,1
rplJ,fadD11.1,Protein-Protein,1
rplJ,Rv2619c,Protein-Protein,1
rplJ,Rv2801c,Protein-Protein,1
rplJ,pknI,Protein-Protein,1
rplJ,nuoI,Protein-Protein,1
rplL,fumC,Protein-Protein,1
rplL,lppQ,Protein-Protein,1
Rv0653c,omt,Protein-Protein,1
Rv0653c,Rv2331,Protein-Protein,1
mkl,Rv1104,Protein-Protein,1
mkl,Rv1117,Protein-Protein,1
mkl,Rv1638A,Protein-Protein,1
mkl,Rv1975,Protein-Protein,1
mkl,obg,Protein-Protein,1
mkl,Rv2474c,Protein-Protein,1
Rv0656c,topA,Protein-Protein,1
Rv0657c,trpA,Protein-Protein,1
Rv0657c,ftsZ,Protein-Protein,1
Rv0657c,Rv2269c,Protein-Protein,1
Rv0657c,Rv2474c,Protein-Protein,1
Rv0657c,Rv3817,Protein-Protein,1
Rv0658c,PE8,Protein-Protein,1
Rv0659c,Rv0699,Protein-Protein,1
Rv0659c,Rv2804c,Protein-Protein,1
Rv0659c,Rv3281,Protein-Protein,1
Rv0660c,ogt,Protein-Protein,1
Rv0660c,mutA,Protein-Protein,1
Rv0660c,PPE41,Protein-Protein,1
Rv0660c,folC,Protein-Protein,1
Rv0660c,Rv2817c,Protein-Protein,1
Rv0660c,Rv2959c,Protein-Protein,1
Rv0660c,Rv3725,Protein-Protein,1
Rv0660c,papA2,Protein-Protein,1
Rv0660c,rnpA,Protein-Protein,1
Rv0661c,Rv1021,Protein-Protein,1
Rv0661c,Rv2863,Protein-Protein,1
Rv0661c,sigD,Protein-Protein,1
Rv0661c,PPE58,Protein-Protein,1
Rv0662c,Rv1044,Protein-Protein,1
Rv0662c,Rv2655c,Protein-Protein,1
Rv0662c,amiC,Protein-Protein,1
Rv0664,Rv2805,Protein-Protein,1
Rv0664,Rv3216,Protein-Protein,1
Rv0664,icd1,Protein-Protein,1
Rv0664,Rv3412,Protein-Protein,1
Rv0665,Rv1249c,Protein-Protein,1
Rv0665,Rv3551,Protein-Protein,1
Rv0665,Rv3703c,Protein-Protein,1
Rv0666,recX,Protein-Protein,1
Rv0666,Rv2798c,Protein-Protein,1
Rv0666,topA,Protein-Protein,1
Rv0669c,echA5,Protein-Protein,1
Rv0669c,Rv2361c,Protein-Protein,1
Rv0669c,Rv2601A,Protein-Protein,1
Rv0669c,Rv3131,Protein-Protein,1
end,PE_PGRS39,Protein-Protein,1
end,Rv2475c,Protein-Protein,1
end,Rv2525c,Protein-Protein,1
end,whiB3,Protein-Protein,1
lpqP,Rv0756c,Protein-Protein,1
lpqP,Rv1233c,Protein-Protein,1
lpqP,Rv3422c,Protein-Protein,1
fadE8,Rv2805,Protein-Protein,1
echA4,Rv2669,Protein-Protein,1
echA4,whiB3,Protein-Protein,1
Rv0674,Rv2022c,Protein-Protein,1
Rv0674,Rv3780,Protein-Protein,1
echA5,Rv0997,Protein-Protein,1
echA5,pyrF,Protein-Protein,1
echA5,Rv2104c,Protein-Protein,1
echA5,rpfE,Protein-Protein,1
echA5,Rv3468c,Protein-Protein,1
echA5,Rv3693,Protein-Protein,1
mmpS5,fadA6,Protein-Protein,1
mmpS5,PE33,Protein-Protein,1
Rv0679c,Rv2826c,Protein-Protein,1
Rv0680c,hisB,Protein-Protein,1
Rv0680c,ceoB,Protein-Protein,1
Rv0681,Rv0863,Protein-Protein,1
Rv0681,Rv1687c,Protein-Protein,1
Rv0681,Rv1752,Protein-Protein,1
Rv0681,yrbE3B,Protein-Protein,1
Rv0681,Rv3412,Protein-Protein,1
rpsL,Rv0692,Protein-Protein,1
rpsL,Rv1546,Protein-Protein,1
rpsL,Rv3815c,Protein-Protein,1
rpsG,Rv0744c,Protein-Protein,1
rpsG,Rv2125,Protein-Protein,1
rpsG,lppQ,Protein-Protein,1
rpsG,rpsB,Protein-Protein,1
tuf,Rv3840,Protein-Protein,1
Rv0686,Rv1954c,Protein-Protein,1
Rv0686,sigB,Protein-Protein,1
Rv0686,esxB,Protein-Protein,1
Rv0687,Rv1546,Protein-Protein,1
Rv0687,Rv2366c,Protein-Protein,1
Rv0687,Rv3322c,Protein-Protein,1
Rv0687,rpoA,Protein-Protein,1
Rv0687,Rv3840,Protein-Protein,1
Rv0689c,Rv1222,Protein-Protein,1
Rv0689c,PE18,Protein-Protein,1
Rv0689c,mrr,Protein-Protein,1
Rv0689c,viuB,Protein-Protein,1
Rv0691c,Rv1993c,Protein-Protein,1
Rv0692,Rv0712,Protein-Protein,1
Rv0692,Rv1342c,Protein-Protein,1
Rv0692,treX,Protein-Protein,1
Rv0692,Rv1588c,Protein-Protein,1
Rv0692,Rv1839c,Protein-Protein,1
Rv0692,Rv1977,Protein-Protein,1
Rv0692,cobN,Protein-Protein,1
Rv0692,Rv2142c,Protein-Protein,1
Rv0692,nusB,Protein-Protein,1
Rv0692,Rv2686c,Protein-Protein,1
Rv0692,Rv2915c,Protein-Protein,1
Rv0692,gltX,Protein-Protein,1
Rv0692,lpqA,Protein-Protein,1
Rv0692,Rv3060c,Protein-Protein,1
Rv0692,Rv3304,Protein-Protein,1
Rv0692,Rv3327,Protein-Protein,1
Rv0692,Rv3421c,Protein-Protein,1
Rv0692,Rv3525c,Protein-Protein,1
Rv0692,Rv3577,Protein-Protein,1
Rv0692,ispD,Protein-Protein,1
Rv0692,Rv3741c,Protein-Protein,1
Rv0692,esxB,Protein-Protein,1
lldD1,modB,Protein-Protein,1
Rv0695,thiX,Protein-Protein,1
Rv0695,Rv1003,Protein-Protein,1
Rv0695,Rv1234,Protein-Protein,1
Rv0695,Rv2037c,Protein-Protein,1
Rv0695,Rv2067c,Protein-Protein,1
Rv0695,pdhC,Protein-Protein,1
Rv0695,wbbL1,Protein-Protein,1
Rv0695,gshA,Protein-Protein,1
Rv0698,Rv2644c,Protein-Protein,1
Rv0698,Rv2669,Protein-Protein,1
Rv0698,Rv3471c,Protein-Protein,1
Rv0698,ppa,Protein-Protein,1
Rv0699,ptrBa,Protein-Protein,1
Rv0699,Rv1003,Protein-Protein,1
Rv0699,Rv1056,Protein-Protein,1
Rv0699,Rv2027c,Protein-Protein,1
Rv0699,cysH,Protein-Protein,1
Rv0699,Rv2717c,Protein-Protein,1
Rv0699,Rv3637,Protein-Protein,1
rpsJ,esxK,Protein-Protein,1
rpsJ,ogt,Protein-Protein,1
rpsJ,rsbW,Protein-Protein,1
rplC,Rv1941,Protein-Protein,1
rplC,Rv2522c,Protein-Protein,1
rplC,acpS,Protein-Protein,1
rplC,whiB3,Protein-Protein,1
rplC,Rv3604c,Protein-Protein,1
rplD,PE10,Protein-Protein,1
rplD,Rv1135A,Protein-Protein,1
rplD,rpfC,Protein-Protein,1
rplD,Rv2595,Protein-Protein,1
rplD,Rv2825c,Protein-Protein,1
rplD,PPE58,Protein-Protein,1
rplW,Rv1012,Protein-Protein,1
rplW,nadC,Protein-Protein,1
rplW,fadE18,Protein-Protein,1
rplW,Rv2078,Protein-Protein,1
rplW,TB18.6,Protein-Protein,1
rplW,PE_PGRS39,Protein-Protein,1
rplW,esxP,Protein-Protein,1
rplW,Rv2798c,Protein-Protein,1
rplW,rmlC,Protein-Protein,1
rplB,Rv2306A,Protein-Protein,1
rplB,Rv2326c,Protein-Protein,1
rplB,Rv2585c,Protein-Protein,1
rplB,Rv3471c,Protein-Protein,1
rplB,lpqH,Protein-Protein,1
rpsS,Rv1155,Protein-Protein,1
rpsS,PPE22,Protein-Protein,1
rpsS,Rv2250A,Protein-Protein,1
rpsS,uspC,Protein-Protein,1
rpsS,Rv2658c,Protein-Protein,1
rpsS,Rv2730,Protein-Protein,1
rpsS,nuoI,Protein-Protein,1
rpsS,gpm2,Protein-Protein,1
rpsS,Rv3226c,Protein-Protein,1
rpsS,trxC,Protein-Protein,1
rplP,Rv1486c,Protein-Protein,1
rplP,whiB3,Protein-Protein,1
rplP,ispD,Protein-Protein,1
rplP,ethR,Protein-Protein,1
rpmC,Rv0911,Protein-Protein,1
rpmC,Rv0953c,Protein-Protein,1
rpmC,Rv2670c,Protein-Protein,1
rpmC,Rv2880c,Protein-Protein,1
rpmC,rpsB,Protein-Protein,1
rpmC,Rv3131,Protein-Protein,1
rpmC,Rv3354,Protein-Protein,1
rpsQ,Rv1222,Protein-Protein,1
Rv0712,Rv1710,Protein-Protein,1
Rv0712,Rv2372c,Protein-Protein,1
Rv0712,Rv2601A,Protein-Protein,1
Rv0712,Rv2633c,Protein-Protein,1
Rv0712,dapB,Protein-Protein,1
Rv0712,whiB3,Protein-Protein,1
Rv0712,Rv3817,Protein-Protein,1
rplN,Rv1870c,Protein-Protein,1
rplN,Rv2717c,Protein-Protein,1
rplN,usfY,Protein-Protein,1
rplX,ftsZ,Protein-Protein,1
rplX,Rv2271,Protein-Protein,1
rplE,PE7,Protein-Protein,1
rplE,Rv1455,Protein-Protein,1
rplE,uppP,Protein-Protein,1
rplE,Rv2993c,Protein-Protein,1
rpsN1,Rv1544,Protein-Protein,1
rpsN1,Rv3741c,Protein-Protein,1
rpsH,Rv1044,Protein-Protein,1
rpsH,Rv2665,Protein-Protein,1
rpsH,dapB,Protein-Protein,1
rpsH,nuoC,Protein-Protein,1
rplF,plcD,Protein-Protein,1
rplR,Rv2090,Protein-Protein,1
rplR,Rv2437,Protein-Protein,1
rplR,Rv2751,Protein-Protein,1
rplR,Rv2805,Protein-Protein,1
rplR,glpK,Protein-Protein,1
rplR,fadE35,Protein-Protein,1
rpsE,Rv1151c,Protein-Protein,1
rpsE,PE13,Protein-Protein,1
rpsE,Rv1486c,Protein-Protein,1
rpsE,trpA,Protein-Protein,1
rpsE,Rv1975,Protein-Protein,1
rpsE,Rv2240c,Protein-Protein,1
rpsE,Rv3098c,Protein-Protein,1
rpsE,Rv3216,Protein-Protein,1
rpsE,rsbW,Protein-Protein,1
rpsE,Rv3741c,Protein-Protein,1
rpsE,Rv3807c,Protein-Protein,1
rpmD,Rv1287,Protein-Protein,1
rpmD,fecB,Protein-Protein,1
rplO,oppD,Protein-Protein,1
rplO,Rv1675c,Protein-Protein,1
rplO,adhE2,Protein-Protein,1
rplO,ligA,Protein-Protein,1
rplO,serB2,Protein-Protein,1
rplO,Rv3137,Protein-Protein,1
rplO,Rv3422c,Protein-Protein,1
Rv0724A,idi,Protein-Protein,1
Rv0724A,Rv1804c,Protein-Protein,1
Rv0724A,PE_PGRS57,Protein-Protein,1
Rv0724A,Rv3552,Protein-Protein,1
Rv0724A,Rv3787c,Protein-Protein,1
Rv0725c,Rv1804c,Protein-Protein,1
Rv0725c,Rv3690,Protein-Protein,1
Rv0726c,usfY,Protein-Protein,1
fucA,pyrR,Protein-Protein,1
fucA,Rv1711,Protein-Protein,1
fucA,Rv1939,Protein-Protein,1
fucA,idsA2,Protein-Protein,1
fucA,Rv2366c,Protein-Protein,1
fucA,Rv2669,Protein-Protein,1
fucA,iscS,Protein-Protein,1
xylB,Rv1056,Protein-Protein,1
xylB,Rv1742,Protein-Protein,1
xylB,rocD1,Protein-Protein,1
xylB,Rv2409c,Protein-Protein,1
xylB,Rv2419c,Protein-Protein,1
Rv0730,pyrC,Protein-Protein,1
Rv0730,Rv1975,Protein-Protein,1
Rv0730,Rv3644c,Protein-Protein,1
Rv0731c,Rv0925c,Protein-Protein,1
Rv0731c,Rv2687c,Protein-Protein,1
Rv0731c,sseA,Protein-Protein,1
Rv0731c,lat,Protein-Protein,1
Rv0731c,Rv3475,Protein-Protein,1
adk,Rv1455,Protein-Protein,1
sigL,Rv1501,Protein-Protein,1
sigL,Rv3600c,Protein-Protein,1
Rv0736,Rv0923c,Protein-Protein,1
Rv0736,Rv1056,Protein-Protein,1
Rv0736,rpe,Protein-Protein,1
Rv0736,Rv2872,Protein-Protein,1
Rv0736,mpt83,Protein-Protein,1
Rv0737,fadD22,Protein-Protein,1
Rv0738,Rv1495,Protein-Protein,1
Rv0738,Rv2033c,Protein-Protein,1
Rv0738,recO,Protein-Protein,1
Rv0738,cysH,Protein-Protein,1
Rv0738,ahpD,Protein-Protein,1
Rv0738,Rv2696c,Protein-Protein,1
Rv0738,Rv3467,Protein-Protein,1
Rv0738,mesJ,Protein-Protein,1
Rv0741,PE31,Protein-Protein,1
Rv0741,Rv3790,Protein-Protein,1
PE_PGRS8,Rv1927,Protein-Protein,1
PE_PGRS8,Rv2230c,Protein-Protein,1
PE_PGRS8,Rv2237,Protein-Protein,1
PE_PGRS8,Rv2762c,Protein-Protein,1
Rv0744c,Rv0748,Protein-Protein,1
Rv0744c,Rv0831c,Protein-Protein,1
Rv0744c,pks16,Protein-Protein,1
Rv0744c,Rv1019,Protein-Protein,1
Rv0744c,Rv1125,Protein-Protein,1
Rv0744c,Rv1178,Protein-Protein,1
Rv0744c,gmk,Protein-Protein,1
Rv0744c,Rv1496,Protein-Protein,1
Rv0744c,Rv1718,Protein-Protein,1
Rv0744c,Rv1882c,Protein-Protein,1
Rv0744c,Rv1888c,Protein-Protein,1
Rv0744c,dlaT,Protein-Protein,1
Rv0744c,PPE38,Protein-Protein,1
Rv0744c,aspS,Protein-Protein,1
Rv0744c,Rv2650c,Protein-Protein,1
Rv0744c,sigB,Protein-Protein,1
Rv0744c,Rv2806,Protein-Protein,1
Rv0744c,Rv2809,Protein-Protein,1
Rv0744c,mqo,Protein-Protein,1
Rv0744c,rimM,Protein-Protein,1
Rv0744c,Rv3253c,Protein-Protein,1
Rv0744c,nei,Protein-Protein,1
Rv0744c,rplQ,Protein-Protein,1
Rv0744c,Rv3468c,Protein-Protein,1
Rv0744c,Rv3475,Protein-Protein,1
Rv0744c,Rv3491,Protein-Protein,1
Rv0744c,Rv3629c,Protein-Protein,1
Rv0744c,Rv3733c,Protein-Protein,1
Rv0744c,Rv3748,Protein-Protein,1
Rv0744c,glf,Protein-Protein,1
Rv0744c,Rv3868,Protein-Protein,1
Rv0745,Rv1535,Protein-Protein,1
Rv0745,Rv3552,Protein-Protein,1
Rv0748,Rv0749,Protein-Protein,1
Rv0748,Rv0790c,Protein-Protein,1
Rv0748,frdB,Protein-Protein,1
Rv0748,ureB,Protein-Protein,1
Rv0748,Rv2970A,Protein-Protein,1
Rv0748,Rv3422c,Protein-Protein,1
Rv0749A,Rv1495,Protein-Protein,1
Rv0749A,icd1,Protein-Protein,1
Rv0749,Rv1975,Protein-Protein,1
Rv0749,Rv2372c,Protein-Protein,1
Rv0749,Rv2696c,Protein-Protein,1
Rv0749,sigB,Protein-Protein,1
Rv0749,lexA,Protein-Protein,1
mmsB,rpsO,Protein-Protein,1
mmsA,Rv0776c,Protein-Protein,1
mmsA,PE7,Protein-Protein,1
mmsA,fadD14,Protein-Protein,1
mmsA,Rv1105,Protein-Protein,1
mmsA,Rv1132,Protein-Protein,1
mmsA,Rv1137c,Protein-Protein,1
mmsA,fadE15,Protein-Protein,1
mmsA,trxB1,Protein-Protein,1
mmsA,Rv1577c,Protein-Protein,1
mmsA,hisA,Protein-Protein,1
mmsA,Rv1638A,Protein-Protein,1
mmsA,ppnK,Protein-Protein,1
mmsA,PPE22,Protein-Protein,1
mmsA,Rv1722,Protein-Protein,1
mmsA,lprM,Protein-Protein,1
mmsA,Rv1975,Protein-Protein,1
mmsA,Rv1998c,Protein-Protein,1
mmsA,pfkB,Protein-Protein,1
mmsA,Rv2146c,Protein-Protein,1
mmsA,Rv2333c,Protein-Protein,1
mmsA,esxP,Protein-Protein,1
mmsA,Rv2658c,Protein-Protein,1
mmsA,Rv2700,Protein-Protein,1
mmsA,Rv2898c,Protein-Protein,1
mmsA,Rv2915c,Protein-Protein,1
mmsA,PPE48,Protein-Protein,1
mmsA,fixA,Protein-Protein,1
mmsA,Rv3067,Protein-Protein,1
mmsA,Rv3241c,Protein-Protein,1
mmsA,accA3,Protein-Protein,1
mmsA,whiB3,Protein-Protein,1
mmsA,panD,Protein-Protein,1
mmsA,Rv3764c,Protein-Protein,1
mmsA,esxB,Protein-Protein,1
Rv0755A,Rv3840,Protein-Protein,1
Rv0756c,Rv0851c,Protein-Protein,1
Rv0756c,lprP,Protein-Protein,1
Rv0756c,Rv1209,Protein-Protein,1
Rv0756c,Rv1833c,Protein-Protein,1
Rv0756c,mpt63,Protein-Protein,1
Rv0756c,tatA,Protein-Protein,1
Rv0756c,hemY,Protein-Protein,1
Rv0756c,hsdM,Protein-Protein,1
Rv0756c,dppC,Protein-Protein,1
Rv0756c,recR,Protein-Protein,1
Rv0756c,PE34,Protein-Protein,1
phoP,lpqS,Protein-Protein,1
phoP,whiB7,Protein-Protein,1
Rv0759c,glpD1,Protein-Protein,1
Rv0759c,Rv2512c,Protein-Protein,1
Rv0759c,Rv3342,Protein-Protein,1
Rv0759c,folD,Protein-Protein,1
Rv0759c,fdxB,Protein-Protein,1
Rv0759c,papA1,Protein-Protein,1
Rv0760c,Rv3131,Protein-Protein,1
Rv0762c,Rv3654c,Protein-Protein,1
Rv0763c,echA11,Protein-Protein,1
Rv0763c,Rv1443c,Protein-Protein,1
Rv0763c,Rv1676,Protein-Protein,1
Rv0763c,Rv2630,Protein-Protein,1
Rv0763c,Rv2636,Protein-Protein,1
Rv0763c,nuoI,Protein-Protein,1
Rv0763c,Rv3226c,Protein-Protein,1
Rv0763c,Rv3752c,Protein-Protein,1
Rv0765c,Rv2658c,Protein-Protein,1
Rv0765c,Rv3555c,Protein-Protein,1
cyp123,Rv3726,Protein-Protein,1
Rv0769,uvrD1,Protein-Protein,1
Rv0769,Rv2147c,Protein-Protein,1
Rv0769,ugpE,Protein-Protein,1
Rv0769,alkB,Protein-Protein,1
Rv0769,Rv3639c,Protein-Protein,1
Rv0769,Rv3871,Protein-Protein,1
Rv0770,Rv2709,Protein-Protein,1
Rv0771,Rv1354c,Protein-Protein,1
purD,purD,Protein-Protein,1
purD,Rv1257c,Protein-Protein,1
purD,Rv3615c,Protein-Protein,1
Rv0774c,lpqV,Protein-Protein,1
Rv0774c,Rv1419,Protein-Protein,1
Rv0776c,PE_PGRS63,Protein-Protein,1
Rv0776c,Rv3485c,Protein-Protein,1
Rv0776c,esxA,Protein-Protein,1
purB,Rv1132,Protein-Protein,1
hemH,Rv2090,Protein-Protein,1
ptrBa,Rv0785,Protein-Protein,1
ptrBa,Rv1054,Protein-Protein,1
ptrBa,cysM,Protein-Protein,1
ptrBa,dlaT,Protein-Protein,1
ptrBa,Rv2851c,Protein-Protein,1
ptrBa,purU,Protein-Protein,1
ptrBa,esxU,Protein-Protein,1
ptrBa,Rv3629c,Protein-Protein,1
ptrBa,PPE68,Protein-Protein,1
ptrBa,Rv3915,Protein-Protein,1
ptrBb,Rv0967,Protein-Protein,1
ptrBb,Rv2144c,Protein-Protein,1
ptrBb,Rv3312c,Protein-Protein,1
Rv0784,Rv0825c,Protein-Protein,1
Rv0784,Rv2197c,Protein-Protein,1
Rv0784,Rv2669,Protein-Protein,1
Rv0784,Rv3094c,Protein-Protein,1
Rv0784,Rv3780,Protein-Protein,1
Rv0785,Rv1044,Protein-Protein,1
Rv0785,Rv1634,Protein-Protein,1
Rv0785,cut3,Protein-Protein,1
Rv0785,esxV,Protein-Protein,1
Rv0786c,Rv1044,Protein-Protein,1
Rv0786c,Rv1951c,Protein-Protein,1
Rv0786c,rpmB2,Protein-Protein,1
Rv0786c,lipR,Protein-Protein,1
Rv0786c,Rv3837c,Protein-Protein,1
Rv0787A,Rv2419c,Protein-Protein,1
Rv0787A,cysA3,Protein-Protein,1
Rv0787A,whiB3,Protein-Protein,1
Rv0787A,Rv3766,Protein-Protein,1
Rv0787,ureB,Protein-Protein,1
Rv0787,Rv1961,Protein-Protein,1
Rv0787,lppI,Protein-Protein,1
Rv0787,yajC,Protein-Protein,1
Rv0787,Rv3134c,Protein-Protein,1
purQ,Rv2929,Protein-Protein,1
Rv0789c,Rv2016,Protein-Protein,1
Rv0789c,bcp,Protein-Protein,1
Rv0789c,Rv2665,Protein-Protein,1
Rv0789c,rpsO,Protein-Protein,1
Rv0789c,cdsA,Protein-Protein,1
Rv0789c,whiB7,Protein-Protein,1
Rv0789c,cmaA1,Protein-Protein,1
Rv0789c,Rv3778c,Protein-Protein,1
Rv0790c,Rv1444c,Protein-Protein,1
Rv0790c,moeX,Protein-Protein,1
Rv0790c,Rv1722,Protein-Protein,1
Rv0790c,Rv1957,Protein-Protein,1
Rv0790c,prcA,Protein-Protein,1
Rv0790c,whiB2,Protein-Protein,1
Rv0790c,Rv3337,Protein-Protein,1
Rv0790c,ethR,Protein-Protein,1
Rv0791c,fadE23,Protein-Protein,1
Rv0793,PE15,Protein-Protein,1
Rv0793,Rv3453,Protein-Protein,1
Rv0797,Rv1045,Protein-Protein,1
Rv0797,Rv1312,Protein-Protein,1
Rv0797,Rv2817c,Protein-Protein,1
cfp29,Rv2954c,Protein-Protein,1
cfp29,Rv3889c,Protein-Protein,1
Rv0799c,Rv1246c,Protein-Protein,1
Rv0799c,Rv2541,Protein-Protein,1
Rv0799c,Rv2695,Protein-Protein,1
Rv0799c,dapB,Protein-Protein,1
Rv0801,Rv0857,Protein-Protein,1
Rv0801,Rv1358,Protein-Protein,1
Rv0801,Rv1874,Protein-Protein,1
Rv0801,Rv2022c,Protein-Protein,1
Rv0801,Rv3552,Protein-Protein,1
Rv0801,Rv3614c,Protein-Protein,1
Rv0802c,Rv1287,Protein-Protein,1
Rv0802c,tpx,Protein-Protein,1
Rv0802c,Rv2250c,Protein-Protein,1
Rv0802c,PPE38,Protein-Protein,1
Rv0802c,Rv2474c,Protein-Protein,1
Rv0804,Rv1956,Protein-Protein,1
Rv0804,cut4,Protein-Protein,1
Rv0805,Rv0805,Protein-Protein,1
Rv0805,trmD,Protein-Protein,1
Rv0805,Rv3471c,Protein-Protein,1
Rv0807,Rv0877,Protein-Protein,1
Rv0807,Rv2661c,Protein-Protein,1
Rv0810c,Rv3844,Protein-Protein,1
Rv0812,Rv3076,Protein-Protein,1
Rv0812,deoD,Protein-Protein,1
Rv0812,whiB3,Protein-Protein,1
Rv0812,PPE69,Protein-Protein,1
thiX,Rv0990c,Protein-Protein,1
thiX,Rv2943,Protein-Protein,1
thiX,Rv3845,Protein-Protein,1
Rv0817c,Rv1378c,Protein-Protein,1
Rv0817c,pyrC,Protein-Protein,1
Rv0818,echA6,Protein-Protein,1
Rv0818,PE19,Protein-Protein,1
Rv0818,Rv2880c,Protein-Protein,1
phoT,Rv3466,Protein-Protein,1
phoY2,Rv1105,Protein-Protein,1
phoY2,PPE38,Protein-Protein,1
phoY2,Rv3422c,Protein-Protein,1
Rv0822c,echA6,Protein-Protein,1
Rv0822c,Rv1003,Protein-Protein,1
Rv0822c,wbbL1,Protein-Protein,1
desA1,Rv1532c,Protein-Protein,1
desA1,argC,Protein-Protein,1
desA1,Rv3134c,Protein-Protein,1
Rv0825c,Rv0825c,Protein-Protein,1
Rv0825c,Rv0874c,Protein-Protein,1
Rv0825c,uvrD1,Protein-Protein,1
Rv0825c,Rv1125,Protein-Protein,1
Rv0825c,Rv1129c,Protein-Protein,1
Rv0825c,Rv1149,Protein-Protein,1
Rv0825c,atpE,Protein-Protein,1
Rv0825c,Rv1455,Protein-Protein,1
Rv0825c,Rv1518,Protein-Protein,1
Rv0825c,Rv1524,Protein-Protein,1
Rv0825c,Rv1718,Protein-Protein,1
Rv0825c,Rv1740,Protein-Protein,1
Rv0825c,ureB,Protein-Protein,1
Rv0825c,Rv1927,Protein-Protein,1
Rv0825c,Rv1928c,Protein-Protein,1
Rv0825c,rpsR,Protein-Protein,1
Rv0825c,Rv2090,Protein-Protein,1
Rv0825c,cobT,Protein-Protein,1
Rv0825c,lppQ,Protein-Protein,1
Rv0825c,dgt,Protein-Protein,1
Rv0825c,rpfE,Protein-Protein,1
Rv0825c,Rv2622,Protein-Protein,1
Rv0825c,Rv2969c,Protein-Protein,1
Rv0825c,cfp6,Protein-Protein,1
Rv0825c,Rv3088,Protein-Protein,1
Rv0825c,nuoF,Protein-Protein,1
Rv0825c,cut3,Protein-Protein,1
Rv0825c,yrbE4B,Protein-Protein,1
Rv0825c,mutY,Protein-Protein,1
Rv0825c,topA,Protein-Protein,1
Rv0825c,recR,Protein-Protein,1
Rv0825c,Rv3871,Protein-Protein,1
Rv0826,PE_PGRS12,Protein-Protein,1
Rv0826,PPE22,Protein-Protein,1
Rv0826,Rv2781c,Protein-Protein,1
Rv0826,Rv3387,Protein-Protein,1
Rv0831c,PE_PGRS18,Protein-Protein,1
Rv0831c,Rv1044,Protein-Protein,1
Rv0831c,glyA1,Protein-Protein,1
Rv0831c,TB8.4,Protein-Protein,1
Rv0831c,Rv1700,Protein-Protein,1
Rv0831c,Rv2372c,Protein-Protein,1
Rv0831c,recX,Protein-Protein,1
Rv0831c,Rv3471c,Protein-Protein,1
Rv0831c,PPE69,Protein-Protein,1
PE_PGRS12,Rv1149,Protein-Protein,1
PE_PGRS12,Rv1352,Protein-Protein,1
PE_PGRS12,pyrB,Protein-Protein,1
PE_PGRS12,Rv1531,Protein-Protein,1
PE_PGRS12,Rv1545,Protein-Protein,1
PE_PGRS12,trpA,Protein-Protein,1
PE_PGRS12,Rv1883c,Protein-Protein,1
PE_PGRS12,fabG3,Protein-Protein,1
PE_PGRS12,Rv2235,Protein-Protein,1
PE_PGRS12,Rv2307c,Protein-Protein,1
PE_PGRS12,Rv2342,Protein-Protein,1
PE_PGRS12,Rv2837c,Protein-Protein,1
PE_PGRS12,cysG,Protein-Protein,1
PE_PGRS12,Rv2864c,Protein-Protein,1
PE_PGRS12,lpqA,Protein-Protein,1
PE_PGRS12,Rv3688c,Protein-Protein,1
PE_PGRS12,Rv3814c,Protein-Protein,1
lpqQ,Rv1583c,Protein-Protein,1
lpqQ,gcvH,Protein-Protein,1
lpqQ,Rv2255c,Protein-Protein,1
lpqQ,echA18.1,Protein-Protein,1
Rv0836c,glgC,Protein-Protein,1
Rv0836c,Rv1444c,Protein-Protein,1
Rv0836c,Rv2022c,Protein-Protein,1
Rv0836c,Rv2696c,Protein-Protein,1
Rv0836c,Rv2954c,Protein-Protein,1
Rv0836c,Rv3035,Protein-Protein,1
Rv0836c,echA19,Protein-Protein,1
Rv0836c,topA,Protein-Protein,1
Rv0836c,Rv3860,Protein-Protein,1
Rv0837c,Rv0909,Protein-Protein,1
Rv0837c,Rv2117,Protein-Protein,1
Rv0837c,dapB,Protein-Protein,1
Rv0837c,sigH,Protein-Protein,1
Rv0837c,whiB3,Protein-Protein,1
lpqR,Rv1890c,Protein-Protein,1
lpqR,otsB1,Protein-Protein,1
lpqR,cobM,Protein-Protein,1
lpqR,lppU,Protein-Protein,1
lpqR,Rv3180c,Protein-Protein,1
lpqR,echA18,Protein-Protein,1
Rv0839,Rv1904,Protein-Protein,1
pip,Rv1144,Protein-Protein,1
pip,lprB,Protein-Protein,1
pip,Rv1813c,Protein-Protein,1
Rv0843,Rv1055,Protein-Protein,1
narL,Rv0879c,Protein-Protein,1
narL,whiB7,Protein-Protein,1
Rv0845,Rv1354c,Protein-Protein,1
Rv0845,nuoN,Protein-Protein,1
Rv0845,Rv3661,Protein-Protein,1
Rv0845,Rv3817,Protein-Protein,1
lpqS,trpC,Protein-Protein,1
Rv0850,Rv1419,Protein-Protein,1
Rv0850,Rv2078,Protein-Protein,1
Rv0850,Rv2830c,Protein-Protein,1
Rv0850,Rv3385c,Protein-Protein,1
Rv0851c,pyrR,Protein-Protein,1
Rv0851c,rpfC,Protein-Protein,1
Rv0851c,Rv1904,Protein-Protein,1
Rv0851c,Rv2054,Protein-Protein,1
Rv0851c,fadE19,Protein-Protein,1
Rv0851c,Rv2709,Protein-Protein,1
Rv0851c,Rv3113,Protein-Protein,1
Rv0851c,maf,Protein-Protein,1
Rv0851c,Rv3377c,Protein-Protein,1
Rv0851c,Rv3579c,Protein-Protein,1
Rv0851c,Rv3599c,Protein-Protein,1
Rv0851c,Rv3603c,Protein-Protein,1
Rv0851c,gltD,Protein-Protein,1
Rv0854,trpC,Protein-Protein,1
Rv0854,dapB,Protein-Protein,1
Rv0854,Rv2787,Protein-Protein,1
Rv0854,mpt53,Protein-Protein,1
Rv0854,Rv3312A,Protein-Protein,1
Rv0854,Rv3778c,Protein-Protein,1
far,pdxH,Protein-Protein,1
Rv0856,Rv1444c,Protein-Protein,1
Rv0856,pknE,Protein-Protein,1
Rv0856,Rv2550c,Protein-Protein,1
Rv0856,Rv2669,Protein-Protein,1
Rv0856,Rv2970A,Protein-Protein,1
Rv0856,gatC,Protein-Protein,1
Rv0856,Rv3813c,Protein-Protein,1
Rv0857,trmD,Protein-Protein,1
Rv0858c,accD2,Protein-Protein,1
Rv0858c,Rv1507A,Protein-Protein,1
Rv0858c,Rv3204,Protein-Protein,1
Rv0858c,Rv3752c,Protein-Protein,1
fadB,Rv0997,Protein-Protein,1
fadB,Rv1951c,Protein-Protein,1
fadB,Rv2078,Protein-Protein,1
Rv0863,echA7,Protein-Protein,1
Rv0863,pks16,Protein-Protein,1
Rv0863,Rv1116A,Protein-Protein,1
Rv0863,hisF,Protein-Protein,1
Rv0863,PPE27,Protein-Protein,1
Rv0863,Rv2083,Protein-Protein,1
Rv0863,Rv2177c,Protein-Protein,1
Rv0863,rocD1,Protein-Protein,1
Rv0863,Rv3342,Protein-Protein,1
Rv0863,Rv3386,Protein-Protein,1
Rv0863,choD,Protein-Protein,1
Rv0863,mutY,Protein-Protein,1
Rv0863,Rv3767c,Protein-Protein,1
Rv0863,Rv3777,Protein-Protein,1
Rv0863,Rv3807c,Protein-Protein,1
moaC,aroG,Protein-Protein,1
moaC,Rv2401,Protein-Protein,1
moaC,Rv3698,Protein-Protein,1
mog,Rv0968,Protein-Protein,1
mog,Rv2035,Protein-Protein,1
mog,Rv2465c,Protein-Protein,1
mog,dapB,Protein-Protein,1
mog,wbbL1,Protein-Protein,1
mog,Rv3295,Protein-Protein,1
mog,Rv3472,Protein-Protein,1
moaE2,Rv2035,Protein-Protein,1
moaE2,add,Protein-Protein,1
moaE2,ltp2,Protein-Protein,1
rpfA,rpmI,Protein-Protein,1
rpfA,Rv2016,Protein-Protein,1
rpfA,PPE38,Protein-Protein,1
rpfA,Rv2419c,Protein-Protein,1
rpfA,nuoE,Protein-Protein,1
rpfA,sseA,Protein-Protein,1
rpfA,glpQ1,Protein-Protein,1
Rv0870c,lppQ,Protein-Protein,1
Rv0870c,Rv3230c,Protein-Protein,1
cspB,Rv0964c,Protein-Protein,1
cspB,Rv1056,Protein-Protein,1
fadE10,Rv3327,Protein-Protein,1
Rv0874c,echA11,Protein-Protein,1
Rv0874c,Rv1942c,Protein-Protein,1
Rv0874c,Rv3736,Protein-Protein,1
Rv0877,Rv1025,Protein-Protein,1
Rv0877,Rv1137c,Protein-Protein,1
Rv0877,Rv2307D,Protein-Protein,1
Rv0877,Rv3819,Protein-Protein,1
PPE13,Rv3633,Protein-Protein,1
PPE13,PE_PGRS60,Protein-Protein,1
Rv0879c,uvrD1,Protein-Protein,1
Rv0879c,Rv3471c,Protein-Protein,1
Rv0880,echA7,Protein-Protein,1
Rv0880,Rv1019,Protein-Protein,1
Rv0880,TB15.3,Protein-Protein,1
Rv0880,rpmI,Protein-Protein,1
Rv0880,PPE26,Protein-Protein,1
Rv0880,idsA2,Protein-Protein,1
Rv0880,Rv2197c,Protein-Protein,1
Rv0880,Rv2828c,Protein-Protein,1
Rv0880,prfB,Protein-Protein,1
Rv0881,Rv1116A,Protein-Protein,1
Rv0881,hisB,Protein-Protein,1
Rv0881,Rv1982c,Protein-Protein,1
Rv0881,Rv2740,Protein-Protein,1
Rv0881,Rv3686c,Protein-Protein,1
Rv0881,echA21,Protein-Protein,1
Rv0881,Rv3845,Protein-Protein,1
Rv0881,gltD,Protein-Protein,1
Rv0882,whiB3,Protein-Protein,1
Rv0882,menG,Protein-Protein,1
Rv0883c,narX,Protein-Protein,1
serC,Rv1060,Protein-Protein,1
serC,Rv1413,Protein-Protein,1
serC,dapB,Protein-Protein,1
serC,Rv3210c,Protein-Protein,1
serC,sdhB,Protein-Protein,1
Rv0885,cysA3,Protein-Protein,1
Rv0885,Rv3126c,Protein-Protein,1
Rv0887c,Rv2237,Protein-Protein,1
Rv0887c,Rv3733c,Protein-Protein,1
Rv0888,Rv0918,Protein-Protein,1
Rv0888,Rv1676,Protein-Protein,1
Rv0888,Rv3387,Protein-Protein,1
citA,lppW,Protein-Protein,1
Rv0891c,Rv1019,Protein-Protein,1
Rv0891c,gid,Protein-Protein,1
Rv0892,fadD11.1,Protein-Protein,1
Rv0892,Rv2033c,Protein-Protein,1
Rv0892,Rv2631,Protein-Protein,1
Rv0893c,Rv2128,Protein-Protein,1
Rv0893c,dapB,Protein-Protein,1
Rv0893c,Rv3773c,Protein-Protein,1
Rv0895,phoY1,Protein-Protein,1
gltA2,Rv3850,Protein-Protein,1
Rv0897c,Rv3327,Protein-Protein,1
Rv0898c,Rv1927,Protein-Protein,1
Rv0898c,Rv2576c,Protein-Protein,1
ompA,Rv1157c,Protein-Protein,1
ompA,sigB,Protein-Protein,1
ompA,nuoC,Protein-Protein,1
ompA,Rv3837c,Protein-Protein,1
Rv0900,Rv0986,Protein-Protein,1
Rv0901,Rv2638,Protein-Protein,1
Rv0901,Rv2690c,Protein-Protein,1
Rv0901,dapB,Protein-Protein,1
Rv0901,ltp1,Protein-Protein,1
Rv0901,sseC1,Protein-Protein,1
Rv0901,wbbL1,Protein-Protein,1
Rv0901,spoU,Protein-Protein,1
prrB,rpsO,Protein-Protein,1
prrB,Rv2822c,Protein-Protein,1
prrB,Rv3491,Protein-Protein,1
prrA,Rv3412,Protein-Protein,1
echA6,mprA,Protein-Protein,1
echA6,Rv1137c,Protein-Protein,1
echA6,fadA4,Protein-Protein,1
echA6,inhA,Protein-Protein,1
echA6,Rv1638A,Protein-Protein,1
echA6,Rv1748,Protein-Protein,1
echA6,Rv2102,Protein-Protein,1
echA6,cysH,Protein-Protein,1
echA6,tesB2,Protein-Protein,1
echA6,fadD22,Protein-Protein,1
echA6,Rv3352c,Protein-Protein,1
echA6,Rv3400,Protein-Protein,1
echA6,fabG,Protein-Protein,1
echA6,nth,Protein-Protein,1
echA6,rfbD,Protein-Protein,1
echA6,PE35,Protein-Protein,1
Rv0907,Rv2606c,Protein-Protein,1
Rv0909,Rv2670c,Protein-Protein,1
Rv0909,Rv2802c,Protein-Protein,1
Rv0909,Rv3008,Protein-Protein,1
Rv0909,nuoC,Protein-Protein,1
Rv0909,amiB1,Protein-Protein,1
Rv0909,Rv3570c,Protein-Protein,1
Rv0909,ispD,Protein-Protein,1
Rv0909,Rv3658c,Protein-Protein,1
Rv0909,Rv3748,Protein-Protein,1
Rv0911,cycA,Protein-Protein,1
Rv0912,bfrA,Protein-Protein,1
Rv0912,Rv2465c,Protein-Protein,1
Rv0912,Rv3075c,Protein-Protein,1
Rv0912,Rv3131,Protein-Protein,1
Rv0912,nuoE,Protein-Protein,1
Rv0913c,Rv2526,Protein-Protein,1
Rv0913c,Rv2728c,Protein-Protein,1
Rv0914c,Rv1157c,Protein-Protein,1
Rv0914c,Rv1287,Protein-Protein,1
Rv0914c,dnaE1,Protein-Protein,1
Rv0914c,Rv1703c,Protein-Protein,1
Rv0914c,Rv2035,Protein-Protein,1
Rv0914c,Rv2074,Protein-Protein,1
Rv0914c,PPE40,Protein-Protein,1
Rv0914c,dapB,Protein-Protein,1
Rv0914c,Rv3844,Protein-Protein,1
PE7,Rv1262c,Protein-Protein,1
PE7,Rv1473A,Protein-Protein,1
PE7,cycA,Protein-Protein,1
PE7,Rv1895,Protein-Protein,1
PE7,Rv1939,Protein-Protein,1
PE7,Rv2186c,Protein-Protein,1
PE7,Rv2622,Protein-Protein,1
PE7,Rv2669,Protein-Protein,1
PE7,Rv2698,Protein-Protein,1
PE7,Rv2886c,Protein-Protein,1
PE7,Rv3073c,Protein-Protein,1
PE7,Rv3209,Protein-Protein,1
PE7,wbbL1,Protein-Protein,1
PE7,pmmB,Protein-Protein,1
PE7,PPE55,Protein-Protein,1
PE7,Rv3750c,Protein-Protein,1
PE7,Rv3840,Protein-Protein,1
betP,cobM,Protein-Protein,1
betP,dapB,Protein-Protein,1
Rv0918,Rv0919,Protein-Protein,1
Rv0918,lppI,Protein-Protein,1
Rv0918,lppJ,Protein-Protein,1
Rv0918,Rv2563,Protein-Protein,1
Rv0918,manB,Protein-Protein,1
Rv0918,PE31,Protein-Protein,1
Rv0918,ispD,Protein-Protein,1
Rv0919,Rv2554c,Protein-Protein,1
Rv0919,Rv3230c,Protein-Protein,1
Rv0920c,pdxH,Protein-Protein,1
Rv0920c,Rv3047c,Protein-Protein,1
Rv0921,murI,Protein-Protein,1
Rv0921,Rv2095c,Protein-Protein,1
Rv0921,Rv2602,Protein-Protein,1
Rv0921,sigB,Protein-Protein,1
Rv0921,whiB2,Protein-Protein,1
Rv0921,sigD,Protein-Protein,1
Rv0921,whiB3,Protein-Protein,1
Rv0921,Rv3519,Protein-Protein,1
Rv0921,Rv3672c,Protein-Protein,1
Rv0922,ureB,Protein-Protein,1
Rv0922,whiB3,Protein-Protein,1
Rv0923c,Rv2418c,Protein-Protein,1
Rv0923c,Rv3364c,Protein-Protein,1
Rv0923c,Rv3555c,Protein-Protein,1
Rv0925c,esxL,Protein-Protein,1
Rv0925c,Rv1247c,Protein-Protein,1
Rv0925c,Rv1676,Protein-Protein,1
Rv0925c,Rv2104c,Protein-Protein,1
Rv0925c,hsdM,Protein-Protein,1
Rv0925c,mtr,Protein-Protein,1
Rv0925c,Rv3632,Protein-Protein,1
Rv0926c,Rv0944,Protein-Protein,1
Rv0926c,hab,Protein-Protein,1
pstS3,Rv2494,Protein-Protein,1
pstS3,serA1,Protein-Protein,1
pstA1,Rv1628c,Protein-Protein,1
pknD,Rv1354c,Protein-Protein,1
pknD,apa,Protein-Protein,1
pknD,kasA,Protein-Protein,1
pknD,Rv2361c,Protein-Protein,1
pknD,whiB7,Protein-Protein,1
pstS2,celA2b,Protein-Protein,1
pstS2,Rv1155,Protein-Protein,1
pstS2,Rv1209,Protein-Protein,1
pstS2,Rv1241,Protein-Protein,1
pstS2,Rv1273c,Protein-Protein,1
pstS2,Rv1347c,Protein-Protein,1
pstS2,Rv1517,Protein-Protein,1
pstS2,Rv2280,Protein-Protein,1
pstS2,Rv2295,Protein-Protein,1
pstS2,Rv2307D,Protein-Protein,1
pstS2,recO,Protein-Protein,1
pstS2,Rv2817c,Protein-Protein,1
pstS2,Rv2991,Protein-Protein,1
pstS2,cfp6,Protein-Protein,1
pstS2,Rv3067,Protein-Protein,1
pstS2,Rv3353c,Protein-Protein,1
pstS2,Rv3528c,Protein-Protein,1
pstS2,Rv3615c,Protein-Protein,1
pstB,Rv1354c,Protein-Protein,1
pstB,Rv2022c,Protein-Protein,1
pstS1,Rv1104,Protein-Protein,1
pstS1,Rv2095c,Protein-Protein,1
pstC1,Rv1012,Protein-Protein,1
pstC1,esxL,Protein-Protein,1
pstC1,moeW,Protein-Protein,1
pstC1,Rv3122,Protein-Protein,1
Rv0939,uvrD1,Protein-Protein,1
Rv0939,Rv2526,Protein-Protein,1
Rv0939,Rv3541c,Protein-Protein,1
Rv0939,Rv3637,Protein-Protein,1
Rv0940c,PE18,Protein-Protein,1
Rv0940c,Rv2695,Protein-Protein,1
Rv0940c,rpoA,Protein-Protein,1
Rv0942,devB,Protein-Protein,1
Rv0942,glbN,Protein-Protein,1
Rv0942,Rv1572c,Protein-Protein,1
Rv0942,cobL,Protein-Protein,1
Rv0942,rpsT,Protein-Protein,1
Rv0942,Rv2638,Protein-Protein,1
Rv0942,Rv2897c,Protein-Protein,1
Rv0942,Rv3007c,Protein-Protein,1
Rv0942,Rv3226c,Protein-Protein,1
Rv0942,Rv3263,Protein-Protein,1
Rv0942,usfY,Protein-Protein,1
Rv0942,Rv3766,Protein-Protein,1
Rv0944,Rv0963c,Protein-Protein,1
Rv0944,Rv0976c,Protein-Protein,1
Rv0944,Rv2547,Protein-Protein,1
Rv0944,Rv2844,Protein-Protein,1
Rv0944,rimM,Protein-Protein,1
Rv0944,Rv3242c,Protein-Protein,1
Rv0944,idsA1,Protein-Protein,1
Rv0944,esxF,Protein-Protein,1
Rv0945,yrbE3B,Protein-Protein,1
Rv0945,idsA1,Protein-Protein,1
pgi,uvrD1,Protein-Protein,1
Rv0948c,Rv1114,Protein-Protein,1
Rv0948c,Rv2052c,Protein-Protein,1
Rv0948c,pvdS,Protein-Protein,1
Rv0948c,Rv3697c,Protein-Protein,1
Rv0948c,esxF,Protein-Protein,1
uvrD1,Rv1532c,Protein-Protein,1
uvrD1,Rv1628c,Protein-Protein,1
uvrD1,Rv1638A,Protein-Protein,1
uvrD1,Rv1669,Protein-Protein,1
uvrD1,Rv1676,Protein-Protein,1
uvrD1,Rv2034,Protein-Protein,1
uvrD1,trmU,Protein-Protein,1
uvrD1,tmk,Protein-Protein,1
uvrD1,Rv3583c,Protein-Protein,1
Rv0950c,Rv2074,Protein-Protein,1
sucC,Rv1930c,Protein-Protein,1
sucC,pks12,Protein-Protein,1
sucC,prcA,Protein-Protein,1
sucC,Rv2550c,Protein-Protein,1
Rv0953c,Rv1081c,Protein-Protein,1
Rv0953c,tlyA,Protein-Protein,1
Rv0953c,gabT,Protein-Protein,1
Rv0953c,Rv2910c,Protein-Protein,1
Rv0953c,Rv2998A,Protein-Protein,1
Rv0953c,cmaA1,Protein-Protein,1
Rv0953c,Rv3599c,Protein-Protein,1
purH,rpoZ,Protein-Protein,1
Rv0958,echA11,Protein-Protein,1
Rv0958,Rv2459,Protein-Protein,1
Rv0958,cmaA1,Protein-Protein,1
Rv0958,Rv3475,Protein-Protein,1
Rv0959,Rv1566c,Protein-Protein,1
Rv0959,PE_PGRS40,Protein-Protein,1
Rv0959,lpqD,Protein-Protein,1
lprP,whiB3,Protein-Protein,1
Rv0963c,Rv2716,Protein-Protein,1
Rv0964c,Rv1413,Protein-Protein,1
Rv0964c,scoB,Protein-Protein,1
Rv0964c,Rv3134c,Protein-Protein,1
Rv0964c,rsbW,Protein-Protein,1
Rv0964c,PE31,Protein-Protein,1
Rv0964c,Rv3594,Protein-Protein,1
Rv0964c,PE35,Protein-Protein,1
Rv0966c,Rv2417c,Protein-Protein,1
Rv0966c,cmaA1,Protein-Protein,1
Rv0967,bioD,Protein-Protein,1
Rv0967,PE34,Protein-Protein,1
Rv0968,Rv1059,Protein-Protein,1
Rv0968,Rv2022c,Protein-Protein,1
Rv0968,lipP,Protein-Protein,1
ctpV,folP2,Protein-Protein,1
Rv0970,Rv3821,Protein-Protein,1
echA7,Rv1290A,Protein-Protein,1
echA7,Rv1358,Protein-Protein,1
echA7,adhA,Protein-Protein,1
echA7,Rv2401A,Protein-Protein,1
echA7,Rv3224B,Protein-Protein,1
echA7,arsB2,Protein-Protein,1
echA7,Rv3821,Protein-Protein,1
fadE12,Rv2604c,Protein-Protein,1
fadE12,Rv2669,Protein-Protein,1
accD2,Rv1868,Protein-Protein,1
fadE13,aroK,Protein-Protein,1
fadE13,Rv2646,Protein-Protein,1
Rv0976c,Rv2135c,Protein-Protein,1
Rv0976c,Rv2728c,Protein-Protein,1
Rv0976c,Rv2730,Protein-Protein,1
rpmF,Rv1060,Protein-Protein,1
rpmF,bcpB,Protein-Protein,1
Rv0979c,Rv1003,Protein-Protein,1
Rv0979c,Rv1044,Protein-Protein,1
Rv0979c,Rv1489,Protein-Protein,1
Rv0979c,Rv1870c,Protein-Protein,1
Rv0979c,hisG,Protein-Protein,1
Rv0979c,dapB,Protein-Protein,1
PE_PGRS18,Rv2035,Protein-Protein,1
PE_PGRS18,Rv2261c,Protein-Protein,1
mprA,echA19,Protein-Protein,1
mprA,embC,Protein-Protein,1
mprB,mshB,Protein-Protein,1
mprB,Rv1486c,Protein-Protein,1
mprB,panC,Protein-Protein,1
pepD,purE,Protein-Protein,1
moaB2,Rv1118c,Protein-Protein,1
moaB2,Rv1135A,Protein-Protein,1
moaB2,Rv1772,Protein-Protein,1
moaB2,Rv1856c,Protein-Protein,1
moaB2,rocD1,Protein-Protein,1
moaB2,apt,Protein-Protein,1
moaB2,Rv2622,Protein-Protein,1
moaB2,whiB7,Protein-Protein,1
moaB2,Rv3213c,Protein-Protein,1
moaB2,sigH,Protein-Protein,1
moaB2,Rv3900c,Protein-Protein,1
Rv0986,rplU,Protein-Protein,1
Rv0986,Rv3577,Protein-Protein,1
Rv0986,PPE68,Protein-Protein,1
Rv0988,Rv2022c,Protein-Protein,1
Rv0988,Rv2696c,Protein-Protein,1
grcC2,lprA,Protein-Protein,1
grcC2,Rv1505c,Protein-Protein,1
grcC2,Rv1772,Protein-Protein,1
grcC2,lppX,Protein-Protein,1
grcC2,wbbL1,Protein-Protein,1
Rv0990c,Rv2308,Protein-Protein,1
Rv0990c,Rv3243c,Protein-Protein,1
Rv0991c,Rv1526c,Protein-Protein,1
Rv0991c,Rv1888c,Protein-Protein,1
Rv0992c,Rv2669,Protein-Protein,1
Rv0992c,lpqH,Protein-Protein,1
galU,TB8.4,Protein-Protein,1
galU,Rv1225c,Protein-Protein,1
galU,Rv2118c,Protein-Protein,1
galU,Rv2242,Protein-Protein,1
galU,Rv2361c,Protein-Protein,1
galU,Rv2787,Protein-Protein,1
moeA1,pepB,Protein-Protein,1
rimJ,cmk,Protein-Protein,1
rimJ,Rv1873,Protein-Protein,1
Rv0997,Rv1498c,Protein-Protein,1
Rv0997,nadC,Protein-Protein,1
Rv0997,Rv2665,Protein-Protein,1
Rv0997,Rv3474,Protein-Protein,1
Rv0997,recR,Protein-Protein,1
Rv0998,nuoF,Protein-Protein,1
Rv0999,Rv1960c,Protein-Protein,1
Rv0999,Rv2743c,Protein-Protein,1
Rv1000c,Rv2669,Protein-Protein,1
Rv1000c,Rv2696c,Protein-Protein,1
Rv1000c,Rv3817,Protein-Protein,1
arcA,PE19,Protein-Protein,1
arcA,cobM,Protein-Protein,1
arcA,Rv2250c,Protein-Protein,1
arcA,Rv2706c,Protein-Protein,1
arcA,Rv2825c,Protein-Protein,1
Rv1002c,Rv3387,Protein-Protein,1
Rv1003,Rv1125,Protein-Protein,1
Rv1003,Rv1200,Protein-Protein,1
Rv1003,Rv1209,Protein-Protein,1
Rv1003,Rv1218c,Protein-Protein,1
Rv1003,cysM,Protein-Protein,1
Rv1003,Rv1341,Protein-Protein,1
Rv1003,pyrC,Protein-Protein,1
Rv1003,Rv1422,Protein-Protein,1
Rv1003,Rv1544,Protein-Protein,1
Rv1003,Rv1687c,Protein-Protein,1
Rv1003,Rv1701,Protein-Protein,1
Rv1003,Rv1714,Protein-Protein,1
Rv1003,Rv1728c,Protein-Protein,1
Rv1003,cyp143,Protein-Protein,1
Rv1003,esxN,Protein-Protein,1
Rv1003,PPE31,Protein-Protein,1
Rv1003,ureC,Protein-Protein,1
Rv1003,Rv1907c,Protein-Protein,1
Rv1003,fadB5,Protein-Protein,1
Rv1003,tpx,Protein-Protein,1
Rv1003,fadE17,Protein-Protein,1
Rv1003,Rv1941,Protein-Protein,1
Rv1003,Rv2023c,Protein-Protein,1
Rv1003,Rv2059,Protein-Protein,1
Rv1003,Rv2090,Protein-Protein,1
Rv1003,Rv2091c,Protein-Protein,1
Rv1003,Rv2159c,Protein-Protein,1
Rv1003,Rv2186c,Protein-Protein,1
Rv1003,mmpS3,Protein-Protein,1
Rv1003,Rv2446c,Protein-Protein,1
Rv1003,Rv2532c,Protein-Protein,1
Rv1003,nusB,Protein-Protein,1
Rv1003,Rv2545,Protein-Protein,1
Rv1003,Rv2644c,Protein-Protein,1
Rv1003,Rv2751,Protein-Protein,1
Rv1003,rpsO,Protein-Protein,1
Rv1003,Rv2825c,Protein-Protein,1
Rv1003,Rv2880c,Protein-Protein,1
Rv1003,ccrB,Protein-Protein,1
Rv1003,Rv3115,Protein-Protein,1
Rv1003,nuoM,Protein-Protein,1
Rv1003,Rv3294c,Protein-Protein,1
Rv1003,nei,Protein-Protein,1
Rv1003,sdhB,Protein-Protein,1
Rv1003,PPE56,Protein-Protein,1
Rv1003,Rv3362c,Protein-Protein,1
Rv1003,cmaA1,Protein-Protein,1
Rv1003,Rv3431c,Protein-Protein,1
Rv1003,mesJ,Protein-Protein,1
Rv1003,Rv3673c,Protein-Protein,1
Rv1003,Rv3712,Protein-Protein,1
Rv1003,Rv3749c,Protein-Protein,1
Rv1003,Rv3835,Protein-Protein,1
Rv1003,Rv3840,Protein-Protein,1
Rv1004c,Rv3126c,Protein-Protein,1
Rv1004c,PE_PGRS59,Protein-Protein,1
tatD,drrC,Protein-Protein,1
rpfB,cmk,Protein-Protein,1
ksgA,clpS,Protein-Protein,1
Rv1012,Rv1373,Protein-Protein,1
Rv1012,Rv1624c,Protein-Protein,1
Rv1012,Rv2405,Protein-Protein,1
Rv1012,Rv2991,Protein-Protein,1
Rv1012,Rv3412,Protein-Protein,1
Rv1012,Rv3526,Protein-Protein,1
Rv1012,Rv3534c,Protein-Protein,1
pks16,Rv1804c,Protein-Protein,1
pks16,Rv3745c,Protein-Protein,1
pks16,Rv3817,Protein-Protein,1
pth,Rv2801c,Protein-Protein,1
rplY,Rv2717c,Protein-Protein,1
rplY,Rv3071,Protein-Protein,1
rplY,Rv3579c,Protein-Protein,1
lpqT,rbsK,Protein-Protein,1
lpqT,Rv3881c,Protein-Protein,1
prsA,hspX,Protein-Protein,1
prsA,Rv2601A,Protein-Protein,1
Rv1019,Rv1025,Protein-Protein,1
Rv1019,Rv1434,Protein-Protein,1
Rv1019,impA,Protein-Protein,1
Rv1019,hisF,Protein-Protein,1
Rv1019,Rv2706c,Protein-Protein,1
Rv1019,nuoI,Protein-Protein,1
Rv1019,folD,Protein-Protein,1
Rv1019,Rv3422c,Protein-Protein,1
Rv1019,Rv3844,Protein-Protein,1
Rv1021,PPE22,Protein-Protein,1
Rv1021,Rv2254c,Protein-Protein,1
Rv1021,Rv2728c,Protein-Protein,1
Rv1021,Rv3281,Protein-Protein,1
Rv1021,Rv3389c,Protein-Protein,1
lpqU,Rv1941,Protein-Protein,1
eno,Rv1532c,Protein-Protein,1
Rv1025,Rv1191,Protein-Protein,1
Rv1025,narX,Protein-Protein,1
Rv1025,Rv1810,Protein-Protein,1
Rv1025,cysA1,Protein-Protein,1
Rv1025,Rv2636,Protein-Protein,1
Rv1025,sirR,Protein-Protein,1
Rv1025,PE27A,Protein-Protein,1
Rv1025,Rv3094c,Protein-Protein,1
Rv1025,Rv3389c,Protein-Protein,1
Rv1025,Rv3549c,Protein-Protein,1
Rv1025,glf,Protein-Protein,1
Rv1026,Rv2717c,Protein-Protein,1
Rv1026,whiB7,Protein-Protein,1
kdpE,Rv2474c,Protein-Protein,1
kdpE,Rv2712c,Protein-Protein,1
kdpE,Rv3327,Protein-Protein,1
kdpD,Rv1354c,Protein-Protein,1
kdpD,aceAa,Protein-Protein,1
kdpD,Rv2661c,Protein-Protein,1
kdpD,Rv3716c,Protein-Protein,1
kdpB,Rv1645c,Protein-Protein,1
kdpB,Rv3134c,Protein-Protein,1
kdpB,Rv3137,Protein-Protein,1
kdpC,ahpD,Protein-Protein,1
kdpC,Rv3333c,Protein-Protein,1
trcS,rpmA,Protein-Protein,1
trcS,Rv2695,Protein-Protein,1
trcS,Rv2712c,Protein-Protein,1
trcS,Rv3814c,Protein-Protein,1
Rv1035c,Rv1975,Protein-Protein,1
Rv1035c,qcrA,Protein-Protein,1
Rv1035c,whiB2,Protein-Protein,1
Rv1036c,ureB,Protein-Protein,1
Rv1036c,Rv1869c,Protein-Protein,1
Rv1036c,Rv2787,Protein-Protein,1
Rv1036c,Rv2968c,Protein-Protein,1
Rv1036c,ligC,Protein-Protein,1
esxI,esxJ,Protein-Protein,1
esxI,Rv1119c,Protein-Protein,1
esxI,esxK,Protein-Protein,1
esxI,esxM,Protein-Protein,1
esxI,rpmG1,Protein-Protein,1
esxI,esxP,Protein-Protein,1
esxI,esxW,Protein-Protein,1
esxI,ephE,Protein-Protein,1
esxI,esxA,Protein-Protein,1
esxJ,esxL,Protein-Protein,1
esxJ,esxN,Protein-Protein,1
esxJ,esxO,Protein-Protein,1
esxJ,esxV,Protein-Protein,1
PPE15,Rv3192,Protein-Protein,1
PE8,Rv1054,Protein-Protein,1
PE8,thrC,Protein-Protein,1
PE8,ogt,Protein-Protein,1
PE8,Rv1717,Protein-Protein,1
PE8,Rv1991c,Protein-Protein,1
PE8,Rv2660c,Protein-Protein,1
PE8,recX,Protein-Protein,1
PE8,dapB,Protein-Protein,1
PE8,Rv3277,Protein-Protein,1
PE8,Rv3354,Protein-Protein,1
PE8,Rv3486,Protein-Protein,1
Rv1041c,Rv1184c,Protein-Protein,1
Rv1041c,cut1,Protein-Protein,1
Rv1041c,lipP,Protein-Protein,1
Rv1041c,Rv2962c,Protein-Protein,1
Rv1041c,Rv3615c,Protein-Protein,1
Rv1044,secG,Protein-Protein,1
Rv1044,echA12,Protein-Protein,1
Rv1044,Rv1486c,Protein-Protein,1
Rv1044,Rv1575,Protein-Protein,1
Rv1044,rpmI,Protein-Protein,1
Rv1044,Rv1706A,Protein-Protein,1
Rv1044,PPE23,Protein-Protein,1
Rv1044,Rv1761c,Protein-Protein,1
Rv1044,Rv1830,Protein-Protein,1
Rv1044,PPE37,Protein-Protein,1
Rv1044,PPE38,Protein-Protein,1
Rv1044,Rv2409c,Protein-Protein,1
Rv1044,Rv2507,Protein-Protein,1
Rv1044,Rv2581c,Protein-Protein,1
Rv1044,PE27,Protein-Protein,1
Rv1044,Rv2886c,Protein-Protein,1
Rv1044,PPE48,Protein-Protein,1
Rv1044,PPE49,Protein-Protein,1
Rv1044,Rv3243c,Protein-Protein,1
Rv1044,whiB2,Protein-Protein,1
Rv1044,Rv3333c,Protein-Protein,1
Rv1044,PPE56,Protein-Protein,1
Rv1044,PPE57,Protein-Protein,1
Rv1044,PE32,Protein-Protein,1
Rv1044,Rv3717,Protein-Protein,1
Rv1044,PPE69,Protein-Protein,1
Rv1046c,Rv2696c,Protein-Protein,1
Rv1050,Rv2022c,Protein-Protein,1
Rv1050,Rv2372c,Protein-Protein,1
Rv1050,Rv2669,Protein-Protein,1
Rv1050,whiB3,Protein-Protein,1
Rv1050,Rv3600c,Protein-Protein,1
Rv1051c,Rv2893,Protein-Protein,1
Rv1051c,esxA,Protein-Protein,1
Rv1052,rpe,Protein-Protein,1
Rv1052,gcvH,Protein-Protein,1
Rv1052,Rv2035,Protein-Protein,1
Rv1052,Rv2857c,Protein-Protein,1
Rv1052,PE_PGRS61,Protein-Protein,1
Rv1052,Rv3697c,Protein-Protein,1
Rv1052,serS,Protein-Protein,1
Rv1053c,Rv1222,Protein-Protein,1
Rv1053c,lppE,Protein-Protein,1
Rv1053c,otsB1,Protein-Protein,1
Rv1053c,PPE38,Protein-Protein,1
Rv1053c,Rv2601A,Protein-Protein,1
Rv1053c,PPE51,Protein-Protein,1
Rv1053c,Rv3142c,Protein-Protein,1
Rv1054,Rv1105,Protein-Protein,1
Rv1054,Rv1377c,Protein-Protein,1
Rv1054,Rv2574,Protein-Protein,1
Rv1054,Rv2673,Protein-Protein,1
Rv1054,dapB,Protein-Protein,1
Rv1054,cmaA1,Protein-Protein,1
Rv1055,Rv2033c,Protein-Protein,1
Rv1055,Rv2348c,Protein-Protein,1
Rv1055,Rv2417c,Protein-Protein,1
Rv1055,TB22.2,Protein-Protein,1
Rv1055,Rv3421c,Protein-Protein,1
Rv1055,yrbE4A,Protein-Protein,1
Rv1055,Rv3844,Protein-Protein,1
Rv1056,Rv1129c,Protein-Protein,1
Rv1056,rocA,Protein-Protein,1
Rv1056,Rv1290A,Protein-Protein,1
Rv1056,Rv1524,Protein-Protein,1
Rv1056,Rv1638A,Protein-Protein,1
Rv1056,Rv2696c,Protein-Protein,1
Rv1056,dapA,Protein-Protein,1
Rv1056,whiB7,Protein-Protein,1
Rv1056,Rv3253c,Protein-Protein,1
Rv1056,Rv3354,Protein-Protein,1
Rv1056,Rv3384c,Protein-Protein,1
Rv1056,Rv3520c,Protein-Protein,1
Rv1056,Rv3760,Protein-Protein,1
Rv1057,ureF,Protein-Protein,1
Rv1057,Rv3233c,Protein-Protein,1
fadD14,Rv1907c,Protein-Protein,1
fadD14,Rv2250A,Protein-Protein,1
fadD14,Rv3733c,Protein-Protein,1
Rv1059,Rv1287,Protein-Protein,1
Rv1060,lipL,Protein-Protein,1
Rv1060,Rv1815,Protein-Protein,1
Rv1060,adhA,Protein-Protein,1
Rv1060,lppQ,Protein-Protein,1
Rv1060,Rv2604c,Protein-Protein,1
Rv1060,glpD2,Protein-Protein,1
Rv1060,mhpE,Protein-Protein,1
Rv1060,PE_PGRS61,Protein-Protein,1
Rv1060,PE34,Protein-Protein,1
lpqV,pks12,Protein-Protein,1
lpqV,Rv2095c,Protein-Protein,1
lpqV,Rv3683,Protein-Protein,1
Rv1065,trmD,Protein-Protein,1
Rv1065,PE_PGRS60,Protein-Protein,1
Rv1069c,PPE51,Protein-Protein,1
echA8,proW,Protein-Protein,1
echA8,Rv3847,Protein-Protein,1
echA9,gcvT,Protein-Protein,1
Rv1072,lipU,Protein-Protein,1
Rv1072,hisB,Protein-Protein,1
Rv1073,Rv2690c,Protein-Protein,1
fadA3,Rv1455,Protein-Protein,1
fadA3,lppO,Protein-Protein,1
fadA3,Rv2369c,Protein-Protein,1
fadA3,echA14,Protein-Protein,1
fadA3,Rv2665,Protein-Protein,1
fadA3,Rv2794c,Protein-Protein,1
fadA3,Rv3085,Protein-Protein,1
Rv1075c,trxC,Protein-Protein,1
metB,Rv2474c,Protein-Protein,1
metB,Rv2669,Protein-Protein,1
metB,folD,Protein-Protein,1
metB,Rv3471c,Protein-Protein,1
Rv1081c,lppI,Protein-Protein,1
Rv1081c,Rv3778c,Protein-Protein,1
mca,fabD,Protein-Protein,1
Rv1084,Rv1154c,Protein-Protein,1
Rv1084,bioD,Protein-Protein,1
Rv1084,Rv2554c,Protein-Protein,1
Rv1084,Rv3440c,Protein-Protein,1
Rv1086,Rv2406c,Protein-Protein,1
Rv1087A,mutA,Protein-Protein,1
Rv1087A,Rv3600c,Protein-Protein,1
PE9,mutT2,Protein-Protein,1
PE9,Rv3126c,Protein-Protein,1
PE9,Rv3528c,Protein-Protein,1
PE9,mutY,Protein-Protein,1
celA2a,lipB,Protein-Protein,1
celA2a,Rv2665,Protein-Protein,1
celA2a,aroA,Protein-Protein,1
celA2a,Rv3536c,Protein-Protein,1
PE10,PPE18,Protein-Protein,1
PE10,atpD,Protein-Protein,1
PE10,metK,Protein-Protein,1
PE10,lipL,Protein-Protein,1
PE10,bcpB,Protein-Protein,1
PE10,Rv2449c,Protein-Protein,1
PE10,Rv2817c,Protein-Protein,1
PE10,Rv3083,Protein-Protein,1
PE10,Rv3337,Protein-Protein,1
PE10,Rv3471c,Protein-Protein,1
PE10,Rv3643,Protein-Protein,1
PE10,Rv3777,Protein-Protein,1
PE10,trxC,Protein-Protein,1
celA2b,Rv2079,Protein-Protein,1
celA2b,PPE40,Protein-Protein,1
celA2b,Rv2631,Protein-Protein,1
celA2b,gltX,Protein-Protein,1
celA2b,Rv3870,Protein-Protein,1
coaA,fadE27,Protein-Protein,1
glyA1,pks12,Protein-Protein,1
desA2,Rv2825c,Protein-Protein,1
desA2,Rv3718c,Protein-Protein,1
Rv1097c,Rv1398c,Protein-Protein,1
Rv1097c,Rv2628,Protein-Protein,1
Rv1097c,dapB,Protein-Protein,1
Rv1097c,drrC,Protein-Protein,1
fumC,Rv1287,Protein-Protein,1
fumC,ndkA,Protein-Protein,1
fumC,Rv3716c,Protein-Protein,1
fumC,Rv3789,Protein-Protein,1
Rv1099c,Rv1321,Protein-Protein,1
Rv1099c,drrC,Protein-Protein,1
Rv1099c,Rv3528c,Protein-Protein,1
Rv1100,Rv3175,Protein-Protein,1
Rv1100,galE1,Protein-Protein,1
Rv1101c,Rv2016,Protein-Protein,1
Rv1101c,Rv2585c,Protein-Protein,1
Rv1101c,Rv2598,Protein-Protein,1
Rv1101c,Rv3829c,Protein-Protein,1
Rv1102c,Rv2468c,Protein-Protein,1
Rv1102c,Rv2550c,Protein-Protein,1
Rv1103c,Rv1105,Protein-Protein,1
Rv1103c,Rv1577c,Protein-Protein,1
Rv1103c,Rv2717c,Protein-Protein,1
Rv1103c,ltp1,Protein-Protein,1
Rv1103c,Rv3817,Protein-Protein,1
Rv1104,Rv1200,Protein-Protein,1
Rv1104,Rv2035,Protein-Protein,1
Rv1104,Rv2255c,Protein-Protein,1
Rv1104,Rv2310,Protein-Protein,1
Rv1104,esxO,Protein-Protein,1
Rv1104,rpfE,Protein-Protein,1
Rv1104,Rv2558,Protein-Protein,1
Rv1104,Rv2561,Protein-Protein,1
Rv1104,Rv2604c,Protein-Protein,1
Rv1104,dut,Protein-Protein,1
Rv1104,lat,Protein-Protein,1
Rv1104,amiA1,Protein-Protein,1
Rv1104,Rv3870,Protein-Protein,1
Rv1104,Rv3884c,Protein-Protein,1
Rv1105,Rv1265,Protein-Protein,1
Rv1105,glgP,Protein-Protein,1
Rv1105,Rv1685c,Protein-Protein,1
Rv1105,PE27A,Protein-Protein,1
Rv1105,whiB7,Protein-Protein,1
Rv1105,esxW,Protein-Protein,1
Rv1105,Rv3705c,Protein-Protein,1
Rv1106c,whiB3,Protein-Protein,1
Rv1106c,Rv3439c,Protein-Protein,1
xseB,uvrD2,Protein-Protein,1
xseB,Rv3888c,Protein-Protein,1
xseA,Rv1585c,Protein-Protein,1
xseA,nadC,Protein-Protein,1
xseA,Rv2250c,Protein-Protein,1
xseA,Rv2551c,Protein-Protein,1
xseA,Rv2709,Protein-Protein,1
xseA,Rv3242c,Protein-Protein,1
xseA,Rv3466,Protein-Protein,1
Rv1109c,Rv2698,Protein-Protein,1
Rv1109c,whiB7,Protein-Protein,1
Rv1109c,Rv3814c,Protein-Protein,1
lytB2,Rv1494,Protein-Protein,1
lytB2,gltX,Protein-Protein,1
Rv1113,ureB,Protein-Protein,1
Rv1113,Rv1995,Protein-Protein,1
Rv1113,Rv2651c,Protein-Protein,1
Rv1113,Rv3837c,Protein-Protein,1
Rv1114,Rv1273c,Protein-Protein,1
Rv1114,Rv2669,Protein-Protein,1
Rv1114,Rv2690c,Protein-Protein,1
Rv1116A,argC,Protein-Protein,1
Rv1116A,Rv1893,Protein-Protein,1
Rv1116A,otsA,Protein-Protein,1
Rv1116A,recR,Protein-Protein,1
Rv1116,lppO,Protein-Protein,1
Rv1116,fadE22,Protein-Protein,1
Rv1116,Rv3764c,Protein-Protein,1
Rv1116,Rv3908,Protein-Protein,1
Rv1117,lldD2,Protein-Protein,1
Rv1117,Rv2054,Protein-Protein,1
Rv1117,aroG,Protein-Protein,1
Rv1117,Rv2237,Protein-Protein,1
Rv1117,rpsM,Protein-Protein,1
Rv1117,Rv3780,Protein-Protein,1
Rv1117,Rv3870,Protein-Protein,1
Rv1117,esxE,Protein-Protein,1
Rv1118c,echA10,Protein-Protein,1
Rv1118c,bcpB,Protein-Protein,1
Rv1118c,PE18,Protein-Protein,1
Rv1118c,Rv3216,Protein-Protein,1
Rv1118c,Rv3694c,Protein-Protein,1
Rv1119c,Rv2474c,Protein-Protein,1
Rv1120c,Rv2182c,Protein-Protein,1
bpoB,hisF,Protein-Protein,1
ephC,Rv2159c,Protein-Protein,1
ephC,Rv3334,Protein-Protein,1
Rv1125,lprG,Protein-Protein,1
Rv1126c,lprE,Protein-Protein,1
Rv1129c,Rv3234c,Protein-Protein,1
Rv1129c,whiB3,Protein-Protein,1
Rv1129c,glpQ1,Protein-Protein,1
gltA1,murI,Protein-Protein,1
gltA1,cysH,Protein-Protein,1
gltA1,lipV,Protein-Protein,1
gltA1,ispD,Protein-Protein,1
Rv1132,Rv2159c,Protein-Protein,1
Rv1132,Rv3230c,Protein-Protein,1
Rv1134,Rv2446c,Protein-Protein,1
Rv1134,Rv2546,Protein-Protein,1
Rv1135A,Rv1265,Protein-Protein,1
Rv1135A,Rv1638A,Protein-Protein,1
Rv1135A,Rv2180c,Protein-Protein,1
Rv1135A,Rv2923c,Protein-Protein,1
Rv1135A,amiA1,Protein-Protein,1
Rv1135A,lpqD,Protein-Protein,1
Rv1135A,Rv3660c,Protein-Protein,1
Rv1135A,Rv3717,Protein-Protein,1
Rv1136,Rv1810,Protein-Protein,1
Rv1136,Rv3655c,Protein-Protein,1
Rv1137c,Rv2204c,Protein-Protein,1
Rv1137c,dapB,Protein-Protein,1
Rv1137c,papA2,Protein-Protein,1
Rv1138c,Rv2324,Protein-Protein,1
Rv1139c,Rv2636,Protein-Protein,1
Rv1139c,dapB,Protein-Protein,1
Rv1139c,wbbL1,Protein-Protein,1
echA11,echA10,Protein-Protein,1
echA11,Rv1184c,Protein-Protein,1
echA11,Rv1474c,Protein-Protein,1
echA11,PPE22,Protein-Protein,1
echA11,cobM,Protein-Protein,1
echA11,nadD,Protein-Protein,1
echA11,Rv3115,Protein-Protein,1
echA11,echA18,Protein-Protein,1
echA11,Rv3881c,Protein-Protein,1
echA10,corA,Protein-Protein,1
echA10,Rv3277,Protein-Protein,1
echA10,Rv3475,Protein-Protein,1
echA10,Rv3566A,Protein-Protein,1
Rv1144,Rv1377c,Protein-Protein,1
Rv1144,Rv1948c,Protein-Protein,1
Rv1144,ald,Protein-Protein,1
Rv1144,mtr,Protein-Protein,1
Rv1144,lpdA,Protein-Protein,1
Rv1144,Rv3662c,Protein-Protein,1
Rv1144,Rv3848,Protein-Protein,1
Rv1144,Rv3912,Protein-Protein,1
Rv1147,Rv2230c,Protein-Protein,1
Rv1147,Rv2742c,Protein-Protein,1
Rv1148c,Rv3422c,Protein-Protein,1
Rv1148c,PE34,Protein-Protein,1
Rv1149,Rv1220c,Protein-Protein,1
Rv1149,Rv1558,Protein-Protein,1
Rv1149,dsbF,Protein-Protein,1
Rv1149,Rv2235,Protein-Protein,1
Rv1149,rpfE,Protein-Protein,1
Rv1149,Rv2809,Protein-Protein,1
Rv1149,Rv2822c,Protein-Protein,1
Rv1149,PPE55,Protein-Protein,1
Rv1149,Rv3552,Protein-Protein,1
Rv1151c,Rv2926c,Protein-Protein,1
omt,hpt,Protein-Protein,1
Rv1154c,nuoA,Protein-Protein,1
Rv1155,Rv1597,Protein-Protein,1
Rv1155,pfkB,Protein-Protein,1
Rv1155,hemY,Protein-Protein,1
Rv1155,hflX,Protein-Protein,1
Rv1155,dapB,Protein-Protein,1
Rv1155,Rv2966c,Protein-Protein,1
Rv1155,Rv3182,Protein-Protein,1
Rv1155,glpD2,Protein-Protein,1
Rv1157c,Rv1273c,Protein-Protein,1
Rv1158c,Rv1727,Protein-Protein,1
Rv1158c,PE_PGRS41,Protein-Protein,1
Rv1158c,dapB,Protein-Protein,1
mutT2,Rv1419,Protein-Protein,1
mutT2,Rv1457c,Protein-Protein,1
mutT2,PPE22,Protein-Protein,1
mutT2,Rv2336,Protein-Protein,1
mutT2,aroF,Protein-Protein,1
mutT2,sigB,Protein-Protein,1
mutT2,Rv2854,Protein-Protein,1
mutT2,pvdS,Protein-Protein,1
mutT2,Rv3471c,Protein-Protein,1
mutT2,Rv3787c,Protein-Protein,1
mutT2,Rv3833,Protein-Protein,1
Rv1167c,plcC,Protein-Protein,1
PE11,Rv2407,Protein-Protein,1
PE11,Rv2734,Protein-Protein,1
PE11,dapB,Protein-Protein,1
PE11,mpt53,Protein-Protein,1
PE11,Rv3103c,Protein-Protein,1
PE11,Rv3658c,Protein-Protein,1
mshB,Rv2530c,Protein-Protein,1
mshB,Rv2774c,Protein-Protein,1
mshB,whiB3,Protein-Protein,1
PE12,Rv1975,Protein-Protein,1
fbiC,Rv1571,Protein-Protein,1
fbiC,wbbL1,Protein-Protein,1
fbiC,Rv3422c,Protein-Protein,1
TB8.4,Rv1518,Protein-Protein,1
TB8.4,Rv1588c,Protein-Protein,1
TB8.4,Rv2655c,Protein-Protein,1
TB8.4,Rv2869c,Protein-Protein,1
fdxC,Rv1958c,Protein-Protein,1
fdxC,moaB1,Protein-Protein,1
Rv1178,Rv2825c,Protein-Protein,1
Rv1178,Rv3057c,Protein-Protein,1
Rv1178,nei,Protein-Protein,1
Rv1178,Rv3438,Protein-Protein,1
Rv1179c,Rv1975,Protein-Protein,1
Rv1179c,Rv2546,Protein-Protein,1
Rv1179c,Rv2696c,Protein-Protein,1
Rv1179c,Rv3008,Protein-Protein,1
Rv1179c,cysA3,Protein-Protein,1
Rv1179c,Rv3124,Protein-Protein,1
Rv1179c,Rv3169,Protein-Protein,1
Rv1179c,Rv3415c,Protein-Protein,1
pks3,glnD,Protein-Protein,1
Rv1184c,Rv3180c,Protein-Protein,1
Rv1184c,folD,Protein-Protein,1
Rv1184c,Rv3471c,Protein-Protein,1
Rv1184c,Rv3583c,Protein-Protein,1
fadD21,tlyA,Protein-Protein,1
fadD21,PPE37,Protein-Protein,1
fadD21,obg,Protein-Protein,1
fadD21,cobO,Protein-Protein,1
fadD21,Rv3735,Protein-Protein,1
rocA,Rv2035,Protein-Protein,1
rocA,Rv2372c,Protein-Protein,1
rocA,Rv2665,Protein-Protein,1
rocA,Rv3243c,Protein-Protein,1
rocA,purE,Protein-Protein,1
rocA,Rv3780,Protein-Protein,1
rocA,Rv3866,Protein-Protein,1
sigI,fadE30,Protein-Protein,1
sigI,Rv3832c,Protein-Protein,1
Rv1190,rpsT,Protein-Protein,1
Rv1190,Rv2695,Protein-Protein,1
Rv1190,ppa,Protein-Protein,1
Rv1191,Rv3471c,Protein-Protein,1
Rv1191,esxV,Protein-Protein,1
Rv1191,Rv3780,Protein-Protein,1
Rv1192,Rv1960c,Protein-Protein,1
Rv1192,prcB,Protein-Protein,1
Rv1192,efp,Protein-Protein,1
Rv1192,mpt70,Protein-Protein,1
PE13,Rv1515c,Protein-Protein,1
PE13,Rv1588c,Protein-Protein,1
PE13,Rv1991c,Protein-Protein,1
PE13,Rv2137c,Protein-Protein,1
PE13,esxR,Protein-Protein,1
PE13,PPE55,Protein-Protein,1
PE13,Rv3359,Protein-Protein,1
PPE18,Rv2468c,Protein-Protein,1
PPE18,Rv2618,Protein-Protein,1
PPE18,moaA1,Protein-Protein,1
PPE18,Rv3647c,Protein-Protein,1
esxK,esxL,Protein-Protein,1
esxK,embR,Protein-Protein,1
esxK,Rv1691,Protein-Protein,1
esxK,esxN,Protein-Protein,1
esxK,esxO,Protein-Protein,1
esxK,Rv2418c,Protein-Protein,1
esxK,dapB,Protein-Protein,1
esxK,Rv3333c,Protein-Protein,1
esxK,cut4,Protein-Protein,1
esxK,esxV,Protein-Protein,1
esxK,esxA,Protein-Protein,1
esxL,dnaE1,Protein-Protein,1
esxL,esxM,Protein-Protein,1
esxL,Rv2548,Protein-Protein,1
esxL,Rv2561,Protein-Protein,1
esxL,purU,Protein-Protein,1
esxL,Rv3076,Protein-Protein,1
esxL,folD,Protein-Protein,1
esxL,Rv3371,Protein-Protein,1
esxL,esxW,Protein-Protein,1
esxL,Rv3827c,Protein-Protein,1
esxL,esxA,Protein-Protein,1
Rv1200,prcA,Protein-Protein,1
Rv1200,Rv2506,Protein-Protein,1
dapE,Rv3908,Protein-Protein,1
Rv1203c,PPE26,Protein-Protein,1
Rv1203c,Rv2265,Protein-Protein,1
Rv1203c,PE_PGRS39,Protein-Protein,1
Rv1203c,Rv3869,Protein-Protein,1
Rv1205,Rv2577,Protein-Protein,1
Rv1205,Rv2596,Protein-Protein,1
Rv1205,whiB3,Protein-Protein,1
Rv1205,Rv3844,Protein-Protein,1
Rv1205,PPE69,Protein-Protein,1
folP2,Rv2624c,Protein-Protein,1
folP2,Rv3912,Protein-Protein,1
Rv1209,Rv1444c,Protein-Protein,1
Rv1209,dapB,Protein-Protein,1
Rv1209,whiB3,Protein-Protein,1
Rv1209,Rv3787c,Protein-Protein,1
tagA,Rv1941,Protein-Protein,1
tagA,Rv2310,Protein-Protein,1
tagA,Rv3636,Protein-Protein,1
tagA,Rv3788,Protein-Protein,1
tagA,parA,Protein-Protein,1
Rv1211,Rv1572c,Protein-Protein,1
Rv1211,Rv2665,Protein-Protein,1
glgC,Rv2369c,Protein-Protein,1
glgC,apt,Protein-Protein,1
PE14,Rv3796,Protein-Protein,1
Rv1217c,Rv3183,Protein-Protein,1
Rv1218c,hisC2,Protein-Protein,1
Rv1219c,Rv1838c,Protein-Protein,1
Rv1219c,Rv2160c,Protein-Protein,1
Rv1219c,asd,Protein-Protein,1
Rv1219c,dnaQ,Protein-Protein,1
Rv1220c,Rv1927,Protein-Protein,1
Rv1220c,Rv2704,Protein-Protein,1
Rv1220c,sigB,Protein-Protein,1
Rv1220c,Rv2750,Protein-Protein,1
Rv1220c,Rv2758c,Protein-Protein,1
Rv1220c,mapB,Protein-Protein,1
Rv1220c,Rv3847,Protein-Protein,1
sigE,Rv1222,Protein-Protein,1
sigE,hisB,Protein-Protein,1
sigE,Rv2177c,Protein-Protein,1
sigE,PE_PGRS39,Protein-Protein,1
sigE,Rv2424c,Protein-Protein,1
sigE,Rv3466,Protein-Protein,1
Rv1222,Rv1624c,Protein-Protein,1
Rv1222,Rv1907c,Protein-Protein,1
Rv1222,Rv1927,Protein-Protein,1
Rv1222,rpfE,Protein-Protein,1
Rv1222,scoA,Protein-Protein,1
Rv1222,Rv2863,Protein-Protein,1
Rv1222,ilvB1,Protein-Protein,1
Rv1222,Rv3046c,Protein-Protein,1
Rv1222,Rv3643,Protein-Protein,1
Rv1222,PE33,Protein-Protein,1
Rv1222,Rv3660c,Protein-Protein,1
Rv1222,Rv3827c,Protein-Protein,1
tatB,Rv1247c,Protein-Protein,1
tatB,Rv1766,Protein-Protein,1
tatB,Rv3773c,Protein-Protein,1
Rv1225c,Rv1637c,Protein-Protein,1
Rv1225c,Rv2417c,Protein-Protein,1
Rv1225c,rpfE,Protein-Protein,1
Rv1225c,secF,Protein-Protein,1
Rv1225c,Rv2669,Protein-Protein,1
Rv1225c,ceoB,Protein-Protein,1
Rv1225c,dapB,Protein-Protein,1
Rv1225c,Rv2970A,Protein-Protein,1
Rv1225c,Rv3072c,Protein-Protein,1
Rv1225c,Rv3371,Protein-Protein,1
Rv1225c,Rv3649,Protein-Protein,1
Rv1227c,cut5b,Protein-Protein,1
lpqX,cut1,Protein-Protein,1
lpqX,mbtI,Protein-Protein,1
lpqX,Rv2636,Protein-Protein,1
lpqX,dxr,Protein-Protein,1
lpqX,Rv2871,Protein-Protein,1
lpqX,Rv3312A,Protein-Protein,1
lpqX,cmaA1,Protein-Protein,1
mrp,atpE,Protein-Protein,1
Rv1232c,Rv2019,Protein-Protein,1
Rv1232c,Rv2728c,Protein-Protein,1
Rv1232c,Rv3000,Protein-Protein,1
Rv1232c,Rv3488,Protein-Protein,1
Rv1233c,Rv1510,Protein-Protein,1
Rv1233c,PE22,Protein-Protein,1
Rv1233c,Rv2307B,Protein-Protein,1
Rv1233c,viuB,Protein-Protein,1
Rv1233c,Rv3195,Protein-Protein,1
Rv1233c,PE31,Protein-Protein,1
Rv1234,Rv3637,Protein-Protein,1
sugC,Rv3421c,Protein-Protein,1
corA,Rv1276c,Protein-Protein,1
corA,Rv2867c,Protein-Protein,1
corA,Rv3745c,Protein-Protein,1
Rv1241,Rv1903,Protein-Protein,1
Rv1242,Rv1975,Protein-Protein,1
Rv1242,moaB1,Protein-Protein,1
Rv1242,cmaA1,Protein-Protein,1
lpqZ,Rv3204,Protein-Protein,1
Rv1245c,tpx,Protein-Protein,1
Rv1245c,Rv2309A,Protein-Protein,1
Rv1245c,Rv2449c,Protein-Protein,1
Rv1245c,aspS,Protein-Protein,1
Rv1245c,Rv2730,Protein-Protein,1
Rv1245c,Rv3143,Protein-Protein,1
Rv1245c,Rv3209,Protein-Protein,1
Rv1245c,Rv3243c,Protein-Protein,1
Rv1245c,Rv3736,Protein-Protein,1
Rv1246c,Rv1247c,Protein-Protein,1
Rv1246c,Rv2865,Protein-Protein,1
Rv1246c,mhpE,Protein-Protein,1
Rv1247c,Rv1503c,Protein-Protein,1
Rv1247c,Rv2004c,Protein-Protein,1
Rv1247c,Rv2866,Protein-Protein,1
Rv1247c,lipN,Protein-Protein,1
Rv1247c,Rv3075c,Protein-Protein,1
Rv1247c,mtrA,Protein-Protein,1
Rv1247c,Rv3327,Protein-Protein,1
Rv1247c,Rv3358,Protein-Protein,1
Rv1247c,Rv3599c,Protein-Protein,1
Rv1247c,Rv3642c,Protein-Protein,1
Rv1249c,Rv3471c,Protein-Protein,1
lprE,whiB3,Protein-Protein,1
Rv1254,Rv1444c,Protein-Protein,1
Rv1255c,Rv3615c,Protein-Protein,1
Rv1257c,PE17,Protein-Protein,1
Rv1257c,PPE22,Protein-Protein,1
Rv1257c,serB2,Protein-Protein,1
Rv1257c,Rv3819,Protein-Protein,1
Rv1259,Rv1577c,Protein-Protein,1
Rv1259,Rv1958c,Protein-Protein,1
Rv1259,PPE37,Protein-Protein,1
Rv1259,Rv3474,Protein-Protein,1
Rv1259,ligC,Protein-Protein,1
Rv1260,Rv1691,Protein-Protein,1
Rv1260,Rv1990A,Protein-Protein,1
Rv1260,sseB,Protein-Protein,1
Rv1260,Rv2407,Protein-Protein,1
Rv1260,Rv2459,Protein-Protein,1
Rv1260,Rv3085,Protein-Protein,1
Rv1260,whiB7,Protein-Protein,1
Rv1261c,Rv1752,Protein-Protein,1
Rv1262c,Rv1975,Protein-Protein,1
Rv1262c,Rv3422c,Protein-Protein,1
Rv1262c,Rv3807c,Protein-Protein,1
Rv1264,Rv3005c,Protein-Protein,1
Rv1265,rpe,Protein-Protein,1
Rv1265,Rv1502,Protein-Protein,1
Rv1265,Rv1720c,Protein-Protein,1
Rv1265,pknF,Protein-Protein,1
Rv1265,Rv1928c,Protein-Protein,1
Rv1265,ctpF,Protein-Protein,1
Rv1265,fdxA,Protein-Protein,1
Rv1265,acg,Protein-Protein,1
Rv1265,Rv2307B,Protein-Protein,1
Rv1265,Rv2568c,Protein-Protein,1
Rv1265,Rv2647,Protein-Protein,1
Rv1265,Rv2818c,Protein-Protein,1
Rv1265,mapB,Protein-Protein,1
Rv1265,viuB,Protein-Protein,1
Rv1265,papA5,Protein-Protein,1
Rv1265,lpqA,Protein-Protein,1
pknH,Rv1414,Protein-Protein,1
pknH,Rv1588c,Protein-Protein,1
pknH,Rv1838c,Protein-Protein,1
pknH,Rv2971,Protein-Protein,1
embR,Rv3614c,Protein-Protein,1
Rv1268c,Rv2310,Protein-Protein,1
Rv1268c,Rv2696c,Protein-Protein,1
Rv1269c,nuoI,Protein-Protein,1
Rv1269c,fbpD,Protein-Protein,1
lprA,Rv2864c,Protein-Protein,1
lprA,Rv3058c,Protein-Protein,1
lprA,Rv3764c,Protein-Protein,1
lprA,Rv3773c,Protein-Protein,1
Rv1273c,Rv1482c,Protein-Protein,1
Rv1273c,Rv1667c,Protein-Protein,1
Rv1273c,Rv1839c,Protein-Protein,1
Rv1273c,cobM,Protein-Protein,1
Rv1273c,Rv2288,Protein-Protein,1
Rv1273c,Rv2417c,Protein-Protein,1
Rv1273c,ndkA,Protein-Protein,1
Rv1273c,Rv3131,Protein-Protein,1
Rv1273c,Rv3466,Protein-Protein,1
lprB,Rv1347c,Protein-Protein,1
lprB,Rv1457c,Protein-Protein,1
lprB,Rv2022c,Protein-Protein,1
lprC,rbsK,Protein-Protein,1
lprC,mesT,Protein-Protein,1
Rv1276c,argC,Protein-Protein,1
Rv1276c,malQ,Protein-Protein,1
Rv1276c,Rv2464c,Protein-Protein,1
Rv1276c,Rv2680,Protein-Protein,1
Rv1276c,Rv3094c,Protein-Protein,1
Rv1276c,Rv3253c,Protein-Protein,1
Rv1276c,lpqD,Protein-Protein,1
Rv1276c,Rv3699,Protein-Protein,1
Rv1279,Rv2506,Protein-Protein,1
Rv1279,whiB7,Protein-Protein,1
Rv1279,Rv3333c,Protein-Protein,1
oppC,Rv1714,Protein-Protein,1
oppC,Rv2454c,Protein-Protein,1
oppC,Rv2474c,Protein-Protein,1
oppC,Rv2621c,Protein-Protein,1
oppC,Rv3071,Protein-Protein,1
oppC,Rv3422c,Protein-Protein,1
oppC,Rv3773c,Protein-Protein,1
oppB,Rv2872,Protein-Protein,1
Rv1284,clpS,Protein-Protein,1
Rv1284,hisB,Protein-Protein,1
Rv1284,Rv1668c,Protein-Protein,1
Rv1284,Rv1883c,Protein-Protein,1
Rv1284,PPE38,Protein-Protein,1
Rv1284,nuoC,Protein-Protein,1
Rv1284,Rv3600c,Protein-Protein,1
cysD,Rv2310,Protein-Protein,1
cysD,Rv2660c,Protein-Protein,1
cysD,Rv3337,Protein-Protein,1
cysN,Rv2424c,Protein-Protein,1
cysN,Rv3126c,Protein-Protein,1
Rv1287,hemZ,Protein-Protein,1
Rv1287,Rv2091c,Protein-Protein,1
Rv1287,Rv2512c,Protein-Protein,1
Rv1287,Rv2776c,Protein-Protein,1
Rv1287,ilvX,Protein-Protein,1
Rv1287,nat,Protein-Protein,1
Rv1287,Rv3579c,Protein-Protein,1
Rv1287,dppB,Protein-Protein,1
Rv1287,Rv3920c,Protein-Protein,1
Rv1289,Rv1289,Protein-Protein,1
Rv1289,PE_PGRS28,Protein-Protein,1
Rv1289,PE_PGRS29,Protein-Protein,1
Rv1289,PE_PGRS32,Protein-Protein,1
Rv1289,PE_PGRS37,Protein-Protein,1
Rv1289,lipB,Protein-Protein,1
Rv1289,Rv2253,Protein-Protein,1
Rv1289,mbtH,Protein-Protein,1
Rv1289,PE_PGRS44,Protein-Protein,1
Rv1289,PE_PGRS45,Protein-Protein,1
Rv1289,PE_PGRS55,Protein-Protein,1
Rv1289,PE_PGRS61,Protein-Protein,1
Rv1290A,Rv1341,Protein-Protein,1
Rv1290A,Rv2323c,Protein-Protein,1
Rv1290A,whiB7,Protein-Protein,1
Rv1290A,cmaA1,Protein-Protein,1
Rv1290c,rpsM,Protein-Protein,1
Rv1291c,Rv1480,Protein-Protein,1
lysA,Rv1716,Protein-Protein,1
lysA,Rv1954c,Protein-Protein,1
lysA,Rv3327,Protein-Protein,1
thrA,Rv1444c,Protein-Protein,1
thrA,cysA3,Protein-Protein,1
thrB,adhA,Protein-Protein,1
rpmE,lppO,Protein-Protein,1
rpmE,Rv3669,Protein-Protein,1
atpE,Rv2186c,Protein-Protein,1
atpE,mmuM,Protein-Protein,1
atpG,Rv1444c,Protein-Protein,1
atpG,Rv3008,Protein-Protein,1
atpG,Rv3642c,Protein-Protein,1
atpG,topA,Protein-Protein,1
atpG,Rv3741c,Protein-Protein,1
atpD,Rv3583c,Protein-Protein,1
Rv1312,pks12,Protein-Protein,1
Rv1312,Rv2250c,Protein-Protein,1
Rv1312,Rv2309A,Protein-Protein,1
Rv1312,dapB,Protein-Protein,1
Rv1312,whiB3,Protein-Protein,1
Rv1312,Rv3733c,Protein-Protein,1
Rv1312,Rv3901c,Protein-Protein,1
murA,Rv2475c,Protein-Protein,1
murA,dapB,Protein-Protein,1
murA,Rv2844,Protein-Protein,1
ogt,fabG,Protein-Protein,1
ogt,Rv1711,Protein-Protein,1
ogt,prcA,Protein-Protein,1
ogt,Rv2128,Protein-Protein,1
ogt,glyS,Protein-Protein,1
ogt,PE24,Protein-Protein,1
ogt,Rv2464c,Protein-Protein,1
ogt,pdhA,Protein-Protein,1
ogt,Rv2550c,Protein-Protein,1
ogt,secF,Protein-Protein,1
ogt,dapB,Protein-Protein,1
ogt,Rv2954c,Protein-Protein,1
ogt,glpD2,Protein-Protein,1
ogt,amiA1,Protein-Protein,1
alkA,Rv3050c,Protein-Protein,1
Rv1321,Rv1434,Protein-Protein,1
Rv1321,bcpB,Protein-Protein,1
Rv1321,Rv2288,Protein-Protein,1
Rv1321,Rv2407,Protein-Protein,1
Rv1321,Rv2449c,Protein-Protein,1
Rv1321,Rv2631,Protein-Protein,1
Rv1321,PPE50,Protein-Protein,1
Rv1321,PPE59,Protein-Protein,1
Rv1321,Rv3467,Protein-Protein,1
Rv1321,Rv3672c,Protein-Protein,1
Rv1322A,Rv1638A,Protein-Protein,1
Rv1322A,ureB,Protein-Protein,1
Rv1322A,Rv2059,Protein-Protein,1
Rv1322A,recX,Protein-Protein,1
Rv1322A,echA18.1,Protein-Protein,1
Rv1322A,Rv3488,Protein-Protein,1
Rv1322,Rv1805c,Protein-Protein,1
Rv1322,Rv1891,Protein-Protein,1
Rv1322,Rv2292c,Protein-Protein,1
Rv1322,Rv2826c,Protein-Protein,1
Rv1322,Rv3352c,Protein-Protein,1
Rv1324,Rv2308,Protein-Protein,1
glgP,Rv1510,Protein-Protein,1
glgP,Rv2085,Protein-Protein,1
glgP,pdhA,Protein-Protein,1
glgP,manB,Protein-Protein,1
glgP,Rv3837c,Protein-Protein,1
Rv1330c,Rv2699c,Protein-Protein,1
clpS,Rv1582c,Protein-Protein,1
clpS,Rv1735c,Protein-Protein,1
clpS,lppB,Protein-Protein,1
clpS,apt,Protein-Protein,1
clpS,Rv2952,Protein-Protein,1
clpS,Rv3049c,Protein-Protein,1
clpS,moaA1,Protein-Protein,1
clpS,cmaA1,Protein-Protein,1
clpS,otsA,Protein-Protein,1
Rv1332,esxQ,Protein-Protein,1
Rv1332,PPE51,Protein-Protein,1
Rv1334,hisB,Protein-Protein,1
Rv1334,argC,Protein-Protein,1
Rv1334,whiB1,Protein-Protein,1
Rv1334,Rv3322c,Protein-Protein,1
Rv1335,PE_PGRS29,Protein-Protein,1
cysM,fabG1,Protein-Protein,1
cysM,PE22,Protein-Protein,1
cysM,Rv2765,Protein-Protein,1
cysM,Rv3312A,Protein-Protein,1
cysM,Rv3817,Protein-Protein,1
Rv1337,Rv1702c,Protein-Protein,1
Rv1337,dapB,Protein-Protein,1
murI,inhA,Protein-Protein,1
murI,Rv3047c,Protein-Protein,1
murI,Rv3699,Protein-Protein,1
murI,menG,Protein-Protein,1
Rv1339,Rv2687c,Protein-Protein,1
Rv1339,Rv3629c,Protein-Protein,1
Rv1341,Rv2022c,Protein-Protein,1
Rv1341,Rv3471c,Protein-Protein,1
Rv1341,galE1,Protein-Protein,1
Rv1342c,pdxH,Protein-Protein,1
Rv1342c,deoD,Protein-Protein,1
Rv1342c,PPE58,Protein-Protein,1
lprD,Rv2464c,Protein-Protein,1
Rv1344,Rv1947,Protein-Protein,1
Rv1344,rplQ,Protein-Protein,1
fadD33,Rv2585c,Protein-Protein,1
fadE14,Rv3672c,Protein-Protein,1
Rv1347c,Rv2256c,Protein-Protein,1
Rv1347c,Rv2765,Protein-Protein,1
Rv1347c,Rv3831,Protein-Protein,1
Rv1348,blaC,Protein-Protein,1
Rv1351,Rv1998c,Protein-Protein,1
Rv1351,Rv3453,Protein-Protein,1
Rv1351,Rv3686c,Protein-Protein,1
Rv1351,Rv3866,Protein-Protein,1
Rv1352,Rv1804c,Protein-Protein,1
Rv1352,Rv2022c,Protein-Protein,1
Rv1353c,Rv1354c,Protein-Protein,1
Rv1353c,whiB7,Protein-Protein,1
Rv1354c,Rv1354c,Protein-Protein,1
Rv1354c,Rv1357c,Protein-Protein,1
Rv1354c,pknE,Protein-Protein,1
Rv1354c,Rv1747,Protein-Protein,1
Rv1354c,Rv1960c,Protein-Protein,1
Rv1354c,dnaG,Protein-Protein,1
Rv1354c,dnaJ2,Protein-Protein,1
Rv1354c,Rv2809,Protein-Protein,1
Rv1354c,Rv3198A,Protein-Protein,1
Rv1354c,Rv3716c,Protein-Protein,1
Rv1354c,Rv3819,Protein-Protein,1
moeY,Rv1978,Protein-Protein,1
moeY,Rv2573,Protein-Protein,1
moeY,Rv3047c,Protein-Protein,1
moeY,Rv3181c,Protein-Protein,1
moeY,lppH,Protein-Protein,1
Rv1356c,Rv3226c,Protein-Protein,1
Rv1357c,accD4,Protein-Protein,1
Rv1359,Rv3235,Protein-Protein,1
PPE19,pks9,Protein-Protein,1
PPE19,whiB7,Protein-Protein,1
PPE19,spoU,Protein-Protein,1
Rv1362c,Rv1556,Protein-Protein,1
Rv1362c,Rv2219A,Protein-Protein,1
Rv1362c,esxB,Protein-Protein,1
Rv1366,Rv2426c,Protein-Protein,1
Rv1367c,ftsZ,Protein-Protein,1
Rv1371,Rv3669,Protein-Protein,1
Rv1372,proA,Protein-Protein,1
Rv1372,rpoA,Protein-Protein,1
Rv1373,devB,Protein-Protein,1
Rv1373,Rv3669,Protein-Protein,1
Rv1374c,fabD,Protein-Protein,1
Rv1377c,Rv3108,Protein-Protein,1
Rv1377c,Rv3463,Protein-Protein,1
Rv1377c,Rv3813c,Protein-Protein,1
Rv1377c,Rv3840,Protein-Protein,1
Rv1378c,Rv2599,Protein-Protein,1
pyrR,pyrR,Protein-Protein,1
pyrR,Rv1670,Protein-Protein,1
pyrR,Rv2728c,Protein-Protein,1
pyrB,Rv2669,Protein-Protein,1
pyrB,ceoB,Protein-Protein,1
pyrB,Rv3131,Protein-Protein,1
pyrC,Rv2419c,Protein-Protein,1
pyrC,Rv2665,Protein-Protein,1
pyrC,Rv3583c,Protein-Protein,1
pyrC,Rv3587c,Protein-Protein,1
pyrC,Rv3733c,Protein-Protein,1
pyrC,menG,Protein-Protein,1
pyrF,lppQ,Protein-Protein,1
pyrF,whiB3,Protein-Protein,1
pyrF,Rv3604c,Protein-Protein,1
pyrF,Rv3844,Protein-Protein,1
pyrF,Rv3870,Protein-Protein,1
PE15,moxR1,Protein-Protein,1
PE15,aceAa,Protein-Protein,1
PE15,Rv2549c,Protein-Protein,1
PE15,Rv2863,Protein-Protein,1
PE15,Rv3567c,Protein-Protein,1
PE15,glpQ1,Protein-Protein,1
mihF,Rv2033c,Protein-Protein,1
gmk,Rv1486c,Protein-Protein,1
gmk,nadC,Protein-Protein,1
gmk,Rv1990A,Protein-Protein,1
gmk,moaC,Protein-Protein,1
rpoZ,Rv2361c,Protein-Protein,1
rpoZ,suhB,Protein-Protein,1
rpoZ,moaC,Protein-Protein,1
metK,Rv1567c,Protein-Protein,1
metK,lppI,Protein-Protein,1
metK,Rv2825c,Protein-Protein,1
metK,Rv3697c,Protein-Protein,1
cyp132,Rv3108,Protein-Protein,1
PE_PGRS25,Rv2076c,Protein-Protein,1
PE_PGRS25,Rv3453,Protein-Protein,1
Rv1397c,rpfC,Protein-Protein,1
Rv1397c,Rv1895,Protein-Protein,1
Rv1398c,Rv2267c,Protein-Protein,1
Rv1398c,Rv3098c,Protein-Protein,1
Rv1398c,Rv3237c,Protein-Protein,1
lipI,Rv1865c,Protein-Protein,1
Rv1401,Rv2255c,Protein-Protein,1
priA,rimM,Protein-Protein,1
priA,Rv3412,Protein-Protein,1
Rv1403c,Rv2669,Protein-Protein,1
Rv1404,devB,Protein-Protein,1
Rv1405c,pks12,Protein-Protein,1
Rv1405c,wbbL1,Protein-Protein,1
Rv1405c,whiB3,Protein-Protein,1
fmt,Rv2033c,Protein-Protein,1
fmt,Rv2369c,Protein-Protein,1
fmt,ahpD,Protein-Protein,1
fmt,Rv3817,Protein-Protein,1
rpe,Rv2132,Protein-Protein,1
rpe,mbtH,Protein-Protein,1
rpe,ceoB,Protein-Protein,1
rpe,Rv3180c,Protein-Protein,1
ribG,cobM,Protein-Protein,1
ribG,Rv3716c,Protein-Protein,1
lprG,Rv3030,Protein-Protein,1
lprG,Rv3387,Protein-Protein,1
lprG,Rv3453,Protein-Protein,1
Rv1413,infC,Protein-Protein,1
Rv1413,Rv2203,Protein-Protein,1
Rv1413,folD,Protein-Protein,1
Rv1414,hisB,Protein-Protein,1
Rv1414,Rv2204c,Protein-Protein,1
Rv1414,fas,Protein-Protein,1
Rv1414,Rv2604c,Protein-Protein,1
Rv1414,Rv2669,Protein-Protein,1
Rv1414,ribD,Protein-Protein,1
ribH,ureB,Protein-Protein,1
ribH,Rv2717c,Protein-Protein,1
Rv1417,Rv3311,Protein-Protein,1
Rv1417,PPE68,Protein-Protein,1
Rv1419,Rv2186c,Protein-Protein,1
Rv1419,Rv2426c,Protein-Protein,1
Rv1419,Rv3491,Protein-Protein,1
Rv1419,PE33,Protein-Protein,1
whiA,murX,Protein-Protein,1
Rv1425,Rv1634,Protein-Protein,1
Rv1425,Rv2601A,Protein-Protein,1
Rv1425,Rv3122,Protein-Protein,1
Rv1425,folD,Protein-Protein,1
Rv1428c,tal,Protein-Protein,1
Rv1428c,Rv2295,Protein-Protein,1
Rv1428c,Rv2972c,Protein-Protein,1
Rv1428c,otsA,Protein-Protein,1
Rv1428c,Rv3658c,Protein-Protein,1
Rv1433,Rv1560,Protein-Protein,1
gap,devB,Protein-Protein,1
gap,Rv1829,Protein-Protein,1
gap,fadE17,Protein-Protein,1
gap,lppI,Protein-Protein,1
gap,Rv2475c,Protein-Protein,1
gap,rpsO,Protein-Protein,1
pgk,Rv1941,Protein-Protein,1
pgk,Rv2372c,Protein-Protein,1
pgk,Rv2506,Protein-Protein,1
pgk,Rv2722,Protein-Protein,1
pgk,Rv2961,Protein-Protein,1
pgk,Rv3047c,Protein-Protein,1
pgk,whiB3,Protein-Protein,1
Rv1439c,Rv1769,Protein-Protein,1
Rv1439c,Rv2527,Protein-Protein,1
Rv1439c,Rv2604c,Protein-Protein,1
Rv1439c,Rv3169,Protein-Protein,1
secG,mpt64,Protein-Protein,1
secG,viuB,Protein-Protein,1
secG,lppH,Protein-Protein,1
Rv1443c,Rv2219A,Protein-Protein,1
Rv1443c,lppO,Protein-Protein,1
Rv1443c,Rv2545,Protein-Protein,1
Rv1443c,Rv2561,Protein-Protein,1
Rv1443c,Rv2774c,Protein-Protein,1
Rv1443c,Rv2775,Protein-Protein,1
Rv1443c,Rv3213c,Protein-Protein,1
Rv1444c,Rv1456c,Protein-Protein,1
Rv1444c,pykA,Protein-Protein,1
Rv1444c,PE17,Protein-Protein,1
Rv1444c,Rv1867,Protein-Protein,1
Rv1444c,Rv1906c,Protein-Protein,1
Rv1444c,Rv2177c,Protein-Protein,1
Rv1444c,Rv2307B,Protein-Protein,1
Rv1444c,uspC,Protein-Protein,1
Rv1444c,mbtI,Protein-Protein,1
Rv1444c,Rv2554c,Protein-Protein,1
Rv1444c,Rv2558,Protein-Protein,1
Rv1444c,Rv2566,Protein-Protein,1
Rv1444c,Rv2739c,Protein-Protein,1
Rv1444c,Rv2854,Protein-Protein,1
Rv1444c,Rv2915c,Protein-Protein,1
Rv1444c,fadD22,Protein-Protein,1
Rv1444c,Rv3387,Protein-Protein,1
Rv1444c,Rv3400,Protein-Protein,1
Rv1444c,fabG,Protein-Protein,1
Rv1444c,esxW,Protein-Protein,1
Rv1444c,topA,Protein-Protein,1
Rv1444c,Rv3807c,Protein-Protein,1
Rv1444c,glf,Protein-Protein,1
devB,frdA,Protein-Protein,1
devB,Rv1577c,Protein-Protein,1
devB,nadC,Protein-Protein,1
devB,cut1,Protein-Protein,1
devB,Rv1797,Protein-Protein,1
devB,Rv2569c,Protein-Protein,1
devB,hsdM,Protein-Protein,1
devB,Rv2791c,Protein-Protein,1
devB,Rv2915c,Protein-Protein,1
devB,pgmA,Protein-Protein,1
devB,PPE49,Protein-Protein,1
devB,arsB2,Protein-Protein,1
devB,Rv3699,Protein-Protein,1
devB,asd,Protein-Protein,1
devB,Rv3860,Protein-Protein,1
opcA,Rv3840,Protein-Protein,1
tal,lipB,Protein-Protein,1
tal,Rv2665,Protein-Protein,1
tal,sigB,Protein-Protein,1
tal,Rv3422c,Protein-Protein,1
PE_PGRS27,esxF,Protein-Protein,1
ctaB,PPE22,Protein-Protein,1
PE_PGRS28,Rv3630,Protein-Protein,1
PE_PGRS28,Rv3906c,Protein-Protein,1
qor,Rv2639c,Protein-Protein,1
qor,Rv2669,Protein-Protein,1
qor,Rv2688c,Protein-Protein,1
qor,lytB1,Protein-Protein,1
qor,cut4,Protein-Protein,1
Rv1455,infC,Protein-Protein,1
Rv1455,lipP,Protein-Protein,1
Rv1455,ppa,Protein-Protein,1
Rv1456c,Rv1513,Protein-Protein,1
Rv1456c,Rv1575,Protein-Protein,1
Rv1456c,lppI,Protein-Protein,1
Rv1456c,Rv2859c,Protein-Protein,1
Rv1456c,Rv2993c,Protein-Protein,1
Rv1456c,Rv3422c,Protein-Protein,1
Rv1457c,sigB,Protein-Protein,1
csd,Rv1583c,Protein-Protein,1
csd,Rv2004c,Protein-Protein,1
csd,Rv2910c,Protein-Protein,1
csd,Rv3555c,Protein-Protein,1
csd,esxV,Protein-Protein,1
csd,hpt,Protein-Protein,1
Rv1465,Rv2409c,Protein-Protein,1
Rv1465,Rv2446c,Protein-Protein,1
Rv1465,Rv3008,Protein-Protein,1
Rv1465,nuoA,Protein-Protein,1
Rv1465,lysS,Protein-Protein,1
fadE15,Rv2669,Protein-Protein,1
fadE15,dapB,Protein-Protein,1
PE_PGRS29,Rv3422c,Protein-Protein,1
trxA,polA,Protein-Protein,1
trxA,mbtD,Protein-Protein,1
trxA,glpQ1,Protein-Protein,1
trxB1,moeX,Protein-Protein,1
trxB1,Rv2160c,Protein-Protein,1
trxB1,Rv3026c,Protein-Protein,1
trxB1,Rv3327,Protein-Protein,1
trxB1,hpt,Protein-Protein,1
echA12,Rv1888A,Protein-Protein,1
echA12,Rv3453,Protein-Protein,1
Rv1473A,Rv1995,Protein-Protein,1
Rv1473A,Rv2298,Protein-Protein,1
Rv1474c,Rv1540,Protein-Protein,1
Rv1474c,trpE,Protein-Protein,1
Rv1474c,pncA,Protein-Protein,1
Rv1474c,cysH,Protein-Protein,1
Rv1474c,pdxH,Protein-Protein,1
Rv1474c,Rv2886c,Protein-Protein,1
Rv1474c,pvdS,Protein-Protein,1
Rv1474c,whiB3,Protein-Protein,1
Rv1474c,Rv3672c,Protein-Protein,1
Rv1476,Rv2787,Protein-Protein,1
Rv1477,Rv3661,Protein-Protein,1
Rv1478,Rv2515c,Protein-Protein,1
Rv1478,viuB,Protein-Protein,1
moxR1,trpE,Protein-Protein,1
moxR1,Rv1770,Protein-Protein,1
moxR1,gcvH,Protein-Protein,1
moxR1,Rv2005c,Protein-Protein,1
moxR1,Rv2119,Protein-Protein,1
moxR1,Rv2250A,Protein-Protein,1
moxR1,Rv2295,Protein-Protein,1
moxR1,Rv2473,Protein-Protein,1
moxR1,Rv2599,Protein-Protein,1
moxR1,Rv2602,Protein-Protein,1
moxR1,mutY,Protein-Protein,1
moxR1,Rv3614c,Protein-Protein,1
moxR1,esxV,Protein-Protein,1
moxR1,leuA,Protein-Protein,1
moxR1,PPE67,Protein-Protein,1
Rv1480,trpE,Protein-Protein,1
Rv1480,Rv1906c,Protein-Protein,1
Rv1480,ahpD,Protein-Protein,1
Rv1480,Rv2601A,Protein-Protein,1
Rv1482c,Rv2407,Protein-Protein,1
Rv1482c,Rv2478c,Protein-Protein,1
Rv1482c,Rv3741c,Protein-Protein,1
Rv1482c,Rv3856c,Protein-Protein,1
Rv1482c,rnpA,Protein-Protein,1
inhA,Rv1941,Protein-Protein,1
inhA,Rv2292c,Protein-Protein,1
inhA,Rv3129,Protein-Protein,1
inhA,Rv3278c,Protein-Protein,1
inhA,PPE55,Protein-Protein,1
inhA,Rv3583c,Protein-Protein,1
inhA,esxV,Protein-Protein,1
inhA,Rv3745c,Protein-Protein,1
inhA,Rv3889c,Protein-Protein,1
hemZ,Rv1505c,Protein-Protein,1
hemZ,PE24,Protein-Protein,1
hemZ,whiB3,Protein-Protein,1
hemZ,Rv3466,Protein-Protein,1
hemZ,Rv3770A,Protein-Protein,1
Rv1486c,Rv2250c,Protein-Protein,1
Rv1486c,Rv2323c,Protein-Protein,1
Rv1486c,Rv2844,Protein-Protein,1
mutA,whiB3,Protein-Protein,1
Rv1494,Rv1495,Protein-Protein,1
Rv1494,Rv1526c,Protein-Protein,1
Rv1494,PPE22,Protein-Protein,1
Rv1494,aceAa,Protein-Protein,1
Rv1494,Rv2042c,Protein-Protein,1
Rv1494,Rv2255c,Protein-Protein,1
Rv1494,glyS,Protein-Protein,1
Rv1494,aspS,Protein-Protein,1
Rv1494,Rv2598,Protein-Protein,1
Rv1494,Rv2859c,Protein-Protein,1
Rv1494,pmmB,Protein-Protein,1
Rv1494,topA,Protein-Protein,1
Rv1495,Rv1961,Protein-Protein,1
Rv1495,Rv2087,Protein-Protein,1
Rv1495,Rv2629,Protein-Protein,1
Rv1495,Rv2706c,Protein-Protein,1
Rv1495,hsdS.1,Protein-Protein,1
Rv1495,PPE44,Protein-Protein,1
Rv1495,Rv2843,Protein-Protein,1
Rv1495,Rv3213c,Protein-Protein,1
Rv1495,Rv3281,Protein-Protein,1
Rv1495,glmS,Protein-Protein,1
Rv1495,topA,Protein-Protein,1
Rv1495,esxD,Protein-Protein,1
Rv1496,Rv1951c,Protein-Protein,1
Rv1496,Rv2546,Protein-Protein,1
Rv1496,Rv3281,Protein-Protein,1
lipL,apt,Protein-Protein,1
lipL,Rv2867c,Protein-Protein,1
lipL,PE_PGRS63,Protein-Protein,1
lipL,esxU,Protein-Protein,1
Rv1498c,hupB,Protein-Protein,1
Rv1499,bioD,Protein-Protein,1
Rv1499,thiL,Protein-Protein,1
Rv1499,Rv3226c,Protein-Protein,1
Rv1501,cobN,Protein-Protein,1
Rv1501,Rv2282c,Protein-Protein,1
Rv1501,Rv2452c,Protein-Protein,1
Rv1501,Rv2722,Protein-Protein,1
Rv1502,mbtE,Protein-Protein,1
Rv1503c,echA15,Protein-Protein,1
Rv1503c,trmU,Protein-Protein,1
Rv1503c,Rv3180c,Protein-Protein,1
Rv1503c,Rv3254,Protein-Protein,1
Rv1503c,Rv3440c,Protein-Protein,1
Rv1503c,Rv3594,Protein-Protein,1
Rv1504c,PPE37,Protein-Protein,1
Rv1504c,TB18.6,Protein-Protein,1
Rv1505c,Rv1505c,Protein-Protein,1
Rv1505c,Rv2022c,Protein-Protein,1
Rv1505c,Rv2132,Protein-Protein,1
Rv1505c,Rv3088,Protein-Protein,1
Rv1507A,cyp124,Protein-Protein,1
Rv1507A,mez,Protein-Protein,1
Rv1507A,Rv2705c,Protein-Protein,1
Rv1507A,Rv3122,Protein-Protein,1
Rv1507A,Rv3689,Protein-Protein,1
Rv1507A,fadD23,Protein-Protein,1
Rv1508A,Rv1574,Protein-Protein,1
Rv1508A,dapB,Protein-Protein,1
Rv1508A,whiB3,Protein-Protein,1
Rv1508A,Rv3672c,Protein-Protein,1
Rv1510,Rv2673,Protein-Protein,1
Rv1510,fadE27,Protein-Protein,1
Rv1510,Rv3600c,Protein-Protein,1
Rv1510,leuA,Protein-Protein,1
Rv1513,Rv3489,Protein-Protein,1
Rv1514c,hsdM,Protein-Protein,1
Rv1514c,Rv3705c,Protein-Protein,1
Rv1515c,Rv1545,Protein-Protein,1
Rv1515c,bioD,Protein-Protein,1
Rv1515c,Rv2602,Protein-Protein,1
Rv1515c,dapA,Protein-Protein,1
Rv1517,PPE49,Protein-Protein,1
Rv1517,Rv3134c,Protein-Protein,1
Rv1517,Rv3712,Protein-Protein,1
Rv1518,Rv1846c,Protein-Protein,1
Rv1518,Rv2022c,Protein-Protein,1
Rv1518,Rv2310,Protein-Protein,1
Rv1518,Rv2709,Protein-Protein,1
Rv1518,Rv3678c,Protein-Protein,1
Rv1519,rpmJ,Protein-Protein,1
mmpL12,Rv3226c,Protein-Protein,1
Rv1523,Rv1546,Protein-Protein,1
Rv1523,Rv1772,Protein-Protein,1
Rv1523,Rv2022c,Protein-Protein,1
Rv1523,Rv2372c,Protein-Protein,1
Rv1523,Rv2417c,Protein-Protein,1
Rv1523,Rv2604c,Protein-Protein,1
Rv1523,Rv3134c,Protein-Protein,1
Rv1523,Rv3639c,Protein-Protein,1
Rv1524,Rv1942c,Protein-Protein,1
Rv1524,sigH,Protein-Protein,1
wbbL2,ahpC,Protein-Protein,1
wbbL2,Rv2509,Protein-Protein,1
wbbL2,whiB3,Protein-Protein,1
wbbL2,Rv3632,Protein-Protein,1
wbbL2,Rv3796,Protein-Protein,1
Rv1526c,bcpB,Protein-Protein,1
Rv1526c,cobM,Protein-Protein,1
Rv1526c,Rv2134c,Protein-Protein,1
Rv1526c,wbbL1,Protein-Protein,1
papA4,Rv2250c,Protein-Protein,1
papA4,apt,Protein-Protein,1
papA4,Rv2712c,Protein-Protein,1
papA4,amiA1,Protein-Protein,1
papA4,Rv3353c,Protein-Protein,1
papA4,whiB3,Protein-Protein,1
fadD24,Rv2240c,Protein-Protein,1
fadD24,Rv3180c,Protein-Protein,1
adh,prcA,Protein-Protein,1
adh,Rv2372c,Protein-Protein,1
adh,Rv2674,Protein-Protein,1
Rv1531,Rv2219A,Protein-Protein,1
Rv1532c,Rv2084,Protein-Protein,1
Rv1532c,PPE39,Protein-Protein,1
Rv1532c,viuB,Protein-Protein,1
Rv1532c,Rv3131,Protein-Protein,1
Rv1533,dapB,Protein-Protein,1
dinX,Rv2256c,Protein-Protein,1
dinX,Rv2665,Protein-Protein,1
dinX,Rv3351c,Protein-Protein,1
dinX,Rv3637,Protein-Protein,1
lspA,Rv2260,Protein-Protein,1
Rv1540,infA,Protein-Protein,1
lprI,bioD,Protein-Protein,1
glbN,echA13,Protein-Protein,1
glbN,Rv2033c,Protein-Protein,1
glbN,Rv3791,Protein-Protein,1
Rv1543,Rv1692,Protein-Protein,1
Rv1543,Rv2669,Protein-Protein,1
Rv1543,Rv3637,Protein-Protein,1
Rv1543,Rv3902c,Protein-Protein,1
Rv1544,Rv2256c,Protein-Protein,1
Rv1544,Rv2323c,Protein-Protein,1
Rv1544,ndkA,Protein-Protein,1
Rv1544,ccrB,Protein-Protein,1
Rv1545,Rv2348c,Protein-Protein,1
Rv1545,Rv2805,Protein-Protein,1
Rv1545,Rv2816c,Protein-Protein,1
Rv1545,Rv3041c,Protein-Protein,1
Rv1545,mutY,Protein-Protein,1
Rv1546,frdD,Protein-Protein,1
Rv1546,ureB,Protein-Protein,1
Rv1546,Rv2545,Protein-Protein,1
Rv1546,mapB,Protein-Protein,1
Rv1546,Rv3408,Protein-Protein,1
Rv1546,whiB3,Protein-Protein,1
dnaE1,Rv2005c,Protein-Protein,1
dnaE1,Rv2307B,Protein-Protein,1
dnaE1,Rv2310,Protein-Protein,1
dnaE1,Rv3034c,Protein-Protein,1
dnaE1,Rv3072c,Protein-Protein,1
dnaE1,Rv3815c,Protein-Protein,1
PPE21,Rv1566c,Protein-Protein,1
PPE21,Rv2880c,Protein-Protein,1
fadD11.1,Rv1588c,Protein-Protein,1
fadD11.1,Rv1760,Protein-Protein,1
fadD11.1,Rv2509,Protein-Protein,1
fadD11.1,dedA,Protein-Protein,1
fadD11.1,Rv3277,Protein-Protein,1
fadD11.1,guaB3,Protein-Protein,1
plsB1,Rv2859c,Protein-Protein,1
frdA,lppD,Protein-Protein,1
frdA,ndkA,Protein-Protein,1
frdA,Rv2669,Protein-Protein,1
frdB,Rv2331,Protein-Protein,1
frdB,mbtI,Protein-Protein,1
frdB,ispD,Protein-Protein,1
frdD,whiB3,Protein-Protein,1
frdD,parA,Protein-Protein,1
Rv1556,Rv3475,Protein-Protein,1
Rv1558,bioD,Protein-Protein,1
Rv1558,Rv2509,Protein-Protein,1
Rv1560,Rv3717,Protein-Protein,1
Rv1561,Rv3204,Protein-Protein,1
treX,Rv1588c,Protein-Protein,1
treX,Rv2669,Protein-Protein,1
treX,Rv2867c,Protein-Protein,1
treX,coaD,Protein-Protein,1
Rv1566c,gcvH,Protein-Protein,1
Rv1566c,Rv2237,Protein-Protein,1
Rv1566c,Rv3422c,Protein-Protein,1
Rv1566c,papA1,Protein-Protein,1
bioD,Rv1711,Protein-Protein,1
bioD,Rv2010,Protein-Protein,1
bioD,Rv2160c,Protein-Protein,1
bioD,Rv2235,Protein-Protein,1
bioD,Rv2252,Protein-Protein,1
bioD,aldC,Protein-Protein,1
bioD,Rv3312A,Protein-Protein,1
bioD,topA,Protein-Protein,1
bioD,Rv3778c,Protein-Protein,1
Rv1571,Rv2230c,Protein-Protein,1
Rv1571,thrS,Protein-Protein,1
Rv1571,fixA,Protein-Protein,1
Rv1571,nuoC,Protein-Protein,1
Rv1571,Rv3175,Protein-Protein,1
Rv1571,moaC,Protein-Protein,1
Rv1571,Rv3333c,Protein-Protein,1
Rv1572c,Rv2261c,Protein-Protein,1
Rv1573,cyp143,Protein-Protein,1
Rv1573,Rv2050,Protein-Protein,1
Rv1573,rpfE,Protein-Protein,1
Rv1573,ispD,Protein-Protein,1
Rv1574,Rv1817,Protein-Protein,1
Rv1574,Rv1897c,Protein-Protein,1
Rv1574,Rv2022c,Protein-Protein,1
Rv1574,rpfE,Protein-Protein,1
Rv1574,Rv2673,Protein-Protein,1
Rv1574,dapB,Protein-Protein,1
Rv1574,amiD,Protein-Protein,1
Rv1574,Rv3600c,Protein-Protein,1
Rv1574,papA1,Protein-Protein,1
Rv1575,fbiA,Protein-Protein,1
Rv1575,gcp,Protein-Protein,1
Rv1575,gshA,Protein-Protein,1
Rv1576c,Rv3050c,Protein-Protein,1
Rv1577c,Rv1770,Protein-Protein,1
Rv1577c,Rv2250c,Protein-Protein,1
Rv1577c,hemE,Protein-Protein,1
Rv1577c,dapB,Protein-Protein,1
Rv1577c,Rv3241c,Protein-Protein,1
Rv1577c,folD,Protein-Protein,1
Rv1577c,Rv3422c,Protein-Protein,1
Rv1577c,bphD,Protein-Protein,1
Rv1577c,rnpA,Protein-Protein,1
Rv1580c,Rv2257c,Protein-Protein,1
Rv1581c,Rv3047c,Protein-Protein,1
Rv1583c,pheS,Protein-Protein,1
Rv1583c,Rv1769,Protein-Protein,1
Rv1583c,Rv2577,Protein-Protein,1
Rv1583c,ald,Protein-Protein,1
Rv1583c,Rv2869c,Protein-Protein,1
Rv1583c,Rv2943A,Protein-Protein,1
Rv1583c,uvrD2,Protein-Protein,1
Rv1583c,Rv3312A,Protein-Protein,1
Rv1583c,Rv3412,Protein-Protein,1
Rv1585c,moeX,Protein-Protein,1
Rv1585c,lppK,Protein-Protein,1
Rv1585c,Rv2709,Protein-Protein,1
Rv1585c,mce4A,Protein-Protein,1
Rv1586c,Rv2631,Protein-Protein,1
Rv1586c,Rv2694c,Protein-Protein,1
Rv1586c,accA3,Protein-Protein,1
Rv1586c,Rv3362c,Protein-Protein,1
Rv1586c,Rv3481c,Protein-Protein,1
Rv1586c,Rv3673c,Protein-Protein,1
Rv1588c,Rv1927,Protein-Protein,1
Rv1588c,Rv2292c,Protein-Protein,1
Rv1588c,Rv2475c,Protein-Protein,1
Rv1588c,Rv2509,Protein-Protein,1
Rv1588c,Rv2696c,Protein-Protein,1
Rv1588c,wbbL1,Protein-Protein,1
Rv1588c,Rv3530c,Protein-Protein,1
Rv1588c,Rv3552,Protein-Protein,1
Rv1588c,panD,Protein-Protein,1
Rv1588c,rnpA,Protein-Protein,1
bioB,Rv1590,Protein-Protein,1
Rv1590,Rv2810c,Protein-Protein,1
Rv1590,Rv3844,Protein-Protein,1
Rv1591,cut1,Protein-Protein,1
Rv1591,Rv2825c,Protein-Protein,1
Rv1591,Rv3422c,Protein-Protein,1
Rv1591,Rv3733c,Protein-Protein,1
nadA,apt,Protein-Protein,1
nadC,Rv1870c,Protein-Protein,1
nadC,fabG3,Protein-Protein,1
nadC,Rv2260,Protein-Protein,1
nadC,ahpD,Protein-Protein,1
nadC,Rv3047c,Protein-Protein,1
nadC,Rv3134c,Protein-Protein,1
nadC,Rv3552,Protein-Protein,1
nadC,Rv3718c,Protein-Protein,1
Rv1597,Rv2954c,Protein-Protein,1
hisB,PPE22,Protein-Protein,1
hisB,Rv1927,Protein-Protein,1
hisB,Rv1961,Protein-Protein,1
hisB,Rv2203,Protein-Protein,1
hisB,Rv2292c,Protein-Protein,1
hisB,hemN,Protein-Protein,1
hisB,Rv2536,Protein-Protein,1
hisB,Rv2658c,Protein-Protein,1
hisB,Rv2661c,Protein-Protein,1
hisB,Rv2700,Protein-Protein,1
hisB,Rv2819c,Protein-Protein,1
hisB,Rv3182,Protein-Protein,1
hisB,accA3,Protein-Protein,1
hisB,Rv3526,Protein-Protein,1
hisB,fadD3,Protein-Protein,1
hisB,Rv3662c,Protein-Protein,1
hisB,Rv3716c,Protein-Protein,1
hisB,Rv3766,Protein-Protein,1
hisB,Rv3768,Protein-Protein,1
hisA,Rv3327,Protein-Protein,1
hisF,Rv1638A,Protein-Protein,1
hisF,Rv2560,Protein-Protein,1
hisF,ideR,Protein-Protein,1
hisF,TB22.2,Protein-Protein,1
hisF,Rv3566A,Protein-Protein,1
hisF,moxR2,Protein-Protein,1
bcpB,Rv1616,Protein-Protein,1
bcpB,Rv2197c,Protein-Protein,1
bcpB,phoH1,Protein-Protein,1
bcpB,mbtI,Protein-Protein,1
bcpB,proA,Protein-Protein,1
bcpB,Rv2577,Protein-Protein,1
bcpB,Rv2972c,Protein-Protein,1
bcpB,TB7.3,Protein-Protein,1
bcpB,pvdS,Protein-Protein,1
bcpB,Rv3871,Protein-Protein,1
trpE,Rv1717,Protein-Protein,1
trpE,gcvH,Protein-Protein,1
Rv1610,Rv2696c,Protein-Protein,1
Rv1610,Rv3471c,Protein-Protein,1
trpC,Rv2269c,Protein-Protein,1
trpC,mbtH,Protein-Protein,1
trpC,Rv2481c,Protein-Protein,1
trpC,rbfA,Protein-Protein,1
trpC,whiB7,Protein-Protein,1
trpC,Rv3740c,Protein-Protein,1
trpC,parB,Protein-Protein,1
trpA,Rv2182c,Protein-Protein,1
trpA,Rv2230c,Protein-Protein,1
trpA,Rv2449c,Protein-Protein,1
trpA,Rv2474c,Protein-Protein,1
trpA,Rv2704,Protein-Protein,1
trpA,serA1,Protein-Protein,1
trpA,Rv3337,Protein-Protein,1
trpA,PE31,Protein-Protein,1
trpA,hpt,Protein-Protein,1
trpA,Rv3844,Protein-Protein,1
lgt,Rv2393,Protein-Protein,1
pykA,Rv2250c,Protein-Protein,1
pykA,Rv3600c,Protein-Protein,1
tesB1,Rv2372c,Protein-Protein,1
tesB1,dapB,Protein-Protein,1
tesB1,whiB3,Protein-Protein,1
tesB1,rpsK,Protein-Protein,1
tesB1,Rv3845,Protein-Protein,1
Rv1624c,Rv1914c,Protein-Protein,1
Rv1624c,Rv2022c,Protein-Protein,1
Rv1624c,Rv3134c,Protein-Protein,1
Rv1626,cysH,Protein-Protein,1
Rv1626,sirR,Protein-Protein,1
Rv1627c,Rv2494,Protein-Protein,1
Rv1628c,Rv2635,Protein-Protein,1
Rv1628c,Rv3675,Protein-Protein,1
rpsA,Rv2307B,Protein-Protein,1
coaE,Rv3765c,Protein-Protein,1
Rv1632c,cobM,Protein-Protein,1
Rv1632c,Rv2660c,Protein-Protein,1
Rv1634,Rv2596,Protein-Protein,1
Rv1634,whiB1,Protein-Protein,1
Rv1634,fadD3,Protein-Protein,1
Rv1635c,esxR,Protein-Protein,1
TB15.3,Rv2695,Protein-Protein,1
TB15.3,Rv3818,Protein-Protein,1
Rv1637c,PE18,Protein-Protein,1
Rv1637c,Rv2478c,Protein-Protein,1
Rv1637c,Rv3226c,Protein-Protein,1
Rv1637c,Rv3474,Protein-Protein,1
Rv1637c,Rv3766,Protein-Protein,1
Rv1637c,Rv3827c,Protein-Protein,1
Rv1638A,PPE22,Protein-Protein,1
Rv1638A,Rv1874,Protein-Protein,1
Rv1638A,Rv1976c,Protein-Protein,1
Rv1638A,Rv2083,Protein-Protein,1
Rv1638A,gcvT,Protein-Protein,1
Rv1638A,moeW,Protein-Protein,1
Rv1638A,hrcA,Protein-Protein,1
Rv1638A,Rv2611c,Protein-Protein,1
Rv1638A,Rv2696c,Protein-Protein,1
Rv1638A,Rv2716,Protein-Protein,1
Rv1638A,rpsB,Protein-Protein,1
Rv1638A,echA17,Protein-Protein,1
Rv1638A,Rv3094c,Protein-Protein,1
Rv1638A,Rv3300c,Protein-Protein,1
Rv1638A,folD,Protein-Protein,1
Rv1638A,gcp,Protein-Protein,1
Rv1639c,Rv2665,Protein-Protein,1
infC,PE20,Protein-Protein,1
infC,recO,Protein-Protein,1
infC,Rv2695,Protein-Protein,1
infC,Rv2717c,Protein-Protein,1
infC,Rv2775,Protein-Protein,1
rpmI,PE22,Protein-Protein,1
rpmI,wbbL1,Protein-Protein,1
rpmI,phyA,Protein-Protein,1
rpmI,topA,Protein-Protein,1
rplT,pknK,Protein-Protein,1
tsnR,Rv2472,Protein-Protein,1
tsnR,dapB,Protein-Protein,1
tsnR,Rv3600c,Protein-Protein,1
PE17,PE20,Protein-Protein,1
PE17,Rv1813c,Protein-Protein,1
PE17,bfrA,Protein-Protein,1
PE17,Rv1951c,Protein-Protein,1
PE17,Rv2734,Protein-Protein,1
PE17,Rv3134c,Protein-Protein,1
PE17,Rv3351c,Protein-Protein,1
Rv1648,Rv1991c,Protein-Protein,1
Rv1648,Rv3422c,Protein-Protein,1
pheS,gcvH,Protein-Protein,1
argC,rpmB2,Protein-Protein,1
argC,ilvE,Protein-Protein,1
argC,Rv2709,Protein-Protein,1
argC,PPE49,Protein-Protein,1
argC,PE36,Protein-Protein,1
argJ,Rv2952,Protein-Protein,1
argF,Rv2189c,Protein-Protein,1
argF,PPE38,Protein-Protein,1
argR,sigH,Protein-Protein,1
argG,Rv1716,Protein-Protein,1
argG,Rv1804c,Protein-Protein,1
pks10,lppE,Protein-Protein,1
pks10,Rv1990A,Protein-Protein,1
pks10,echA19,Protein-Protein,1
pks9,Rv1667c,Protein-Protein,1
pks9,Rv2260,Protein-Protein,1
pks9,subI,Protein-Protein,1
pks9,Rv2464c,Protein-Protein,1
pks9,hupB,Protein-Protein,1
cyp139,sigM,Protein-Protein,1
Rv1668c,Rv1772,Protein-Protein,1
Rv1668c,mpt63,Protein-Protein,1
Rv1668c,hrcA,Protein-Protein,1
Rv1668c,mpt53,Protein-Protein,1
Rv1668c,nuoI,Protein-Protein,1
Rv1668c,sigH,Protein-Protein,1
Rv1668c,purE,Protein-Protein,1
Rv1668c,pcd,Protein-Protein,1
Rv1669,Rv2660c,Protein-Protein,1
Rv1670,mbtJ,Protein-Protein,1
Rv1670,fbpA,Protein-Protein,1
Rv1671,Rv1951c,Protein-Protein,1
Rv1671,cysA3,Protein-Protein,1
Rv1672c,PE35,Protein-Protein,1
Rv1674c,Rv2375,Protein-Protein,1
Rv1674c,Rv2687c,Protein-Protein,1
Rv1676,Rv2665,Protein-Protein,1
dsbF,cobM,Protein-Protein,1
dsbF,Rv3134c,Protein-Protein,1
dsbF,Rv3525c,Protein-Protein,1
dsbF,fbpD,Protein-Protein,1
Rv1680,rpsB,Protein-Protein,1
Rv1680,Rv3243c,Protein-Protein,1
Rv1680,Rv3474,Protein-Protein,1
moeX,Rv2292c,Protein-Protein,1
moeX,esxR,Protein-Protein,1
moeX,uvrD2,Protein-Protein,1
moeX,Rv3234c,Protein-Protein,1
moeX,rmlC,Protein-Protein,1
Rv1682,Rv2250c,Protein-Protein,1
Rv1682,Rv2292c,Protein-Protein,1
Rv1682,whiB7,Protein-Protein,1
Rv1684,dapB,Protein-Protein,1
Rv1684,folD,Protein-Protein,1
Rv1687c,gcvH,Protein-Protein,1
Rv1687c,Rv2022c,Protein-Protein,1
Rv1687c,PPE63,Protein-Protein,1
mpg,Rv1957,Protein-Protein,1
mpg,topA,Protein-Protein,1
tyrS,Rv2633c,Protein-Protein,1
lprJ,Rv1871c,Protein-Protein,1
lprJ,hupB,Protein-Protein,1
lprJ,Rv3525c,Protein-Protein,1
Rv1691,rpmG1,Protein-Protein,1
Rv1691,folC,Protein-Protein,1
Rv1691,Rv2585c,Protein-Protein,1
Rv1692,Rv2417c,Protein-Protein,1
Rv1692,Rv3108,Protein-Protein,1
Rv1692,wbbL1,Protein-Protein,1
Rv1692,Rv3354,Protein-Protein,1
tlyA,Rv1804c,Protein-Protein,1
tlyA,Rv1891,Protein-Protein,1
tlyA,aldC,Protein-Protein,1
tlyA,Rv3259,Protein-Protein,1
tlyA,Rv3699,Protein-Protein,1
tlyA,Rv3882c,Protein-Protein,1
recN,echA18.1,Protein-Protein,1
Rv1702c,moaE1,Protein-Protein,1
cycA,Rv2991,Protein-Protein,1
cycA,Rv3745c,Protein-Protein,1
PPE22,cmk,Protein-Protein,1
PPE22,Rv1772,Protein-Protein,1
PPE22,modB,Protein-Protein,1
PPE22,Rv1883c,Protein-Protein,1
PPE22,Rv2005c,Protein-Protein,1
PPE22,Rv2022c,Protein-Protein,1
PPE22,Rv2097c,Protein-Protein,1
PPE22,Rv2186c,Protein-Protein,1
PPE22,Rv2309A,Protein-Protein,1
PPE22,uspC,Protein-Protein,1
PPE22,lppQ,Protein-Protein,1
PPE22,ahpC,Protein-Protein,1
PPE22,Rv2472,Protein-Protein,1
PPE22,gabT,Protein-Protein,1
PPE22,Rv2603c,Protein-Protein,1
PPE22,Rv2666,Protein-Protein,1
PPE22,hemE,Protein-Protein,1
PPE22,Rv2739c,Protein-Protein,1
PPE22,Rv2795c,Protein-Protein,1
PPE22,Rv3000,Protein-Protein,1
PPE22,Rv3007c,Protein-Protein,1
PPE22,Rv3041c,Protein-Protein,1
PPE22,Rv3073c,Protein-Protein,1
PPE22,Rv3169,Protein-Protein,1
PPE22,pmmB,Protein-Protein,1
PPE22,alr,Protein-Protein,1
PPE22,esxU,Protein-Protein,1
PPE22,PPE61,Protein-Protein,1
PPE22,topA,Protein-Protein,1
PPE22,Rv3660c,Protein-Protein,1
PPE22,recR,Protein-Protein,1
PPE22,Rv3762c,Protein-Protein,1
PPE22,Rv3832c,Protein-Protein,1
PPE22,gltD,Protein-Protein,1
PPE22,Rv3869,Protein-Protein,1
PPE22,esxB,Protein-Protein,1
PPE22,esxE,Protein-Protein,1
PPE22,Rv3906c,Protein-Protein,1
PPE22,Rv3920c,Protein-Protein,1
Rv1706A,Rv3412,Protein-Protein,1
Rv1706A,Rv3813c,Protein-Protein,1
PPE23,Rv3224A,Protein-Protein,1
Rv1708,mobA,Protein-Protein,1
Rv1710,Rv1991c,Protein-Protein,1
Rv1710,Rv2036,Protein-Protein,1
Rv1710,PPE38,Protein-Protein,1
Rv1711,Rv2001,Protein-Protein,1
Rv1711,whiB7,Protein-Protein,1
cmk,Rv1815,Protein-Protein,1
cmk,Rv1888A,Protein-Protein,1
cmk,lppK,Protein-Protein,1
cmk,rpfE,Protein-Protein,1
cmk,fpg,Protein-Protein,1
cmk,ligA,Protein-Protein,1
Rv1714,Rv1714,Protein-Protein,1
Rv1714,Rv2260,Protein-Protein,1
Rv1714,Rv3431c,Protein-Protein,1
Rv1716,Rv2028c,Protein-Protein,1
Rv1716,mtrB,Protein-Protein,1
Rv1716,Rv3368c,Protein-Protein,1
Rv1717,Rv1813c,Protein-Protein,1
Rv1717,Rv1856c,Protein-Protein,1
Rv1717,Rv2022c,Protein-Protein,1
Rv1717,fas,Protein-Protein,1
Rv1717,Rv2633c,Protein-Protein,1
Rv1717,Rv3072c,Protein-Protein,1
Rv1718,Rv1865c,Protein-Protein,1
Rv1718,Rv2189c,Protein-Protein,1
Rv1718,Rv3013,Protein-Protein,1
Rv1720c,Rv1904,Protein-Protein,1
Rv1720c,Rv1951c,Protein-Protein,1
Rv1721c,Rv2033c,Protein-Protein,1
Rv1721c,aroG,Protein-Protein,1
Rv1721c,Rv2624c,Protein-Protein,1
Rv1721c,Rv2695,Protein-Protein,1
Rv1721c,Rv2825c,Protein-Protein,1
Rv1721c,Rv3369,Protein-Protein,1
Rv1721c,Rv3637,Protein-Protein,1
Rv1722,topA,Protein-Protein,1
Rv1724c,lipB,Protein-Protein,1
Rv1725c,Rv1815,Protein-Protein,1
Rv1725c,mbtB,Protein-Protein,1
Rv1725c,Rv2477c,Protein-Protein,1
Rv1725c,Rv2510c,Protein-Protein,1
Rv1725c,Rv2600,Protein-Protein,1
Rv1725c,Rv2926c,Protein-Protein,1
Rv1725c,Rv3081,Protein-Protein,1
Rv1727,sdhB,Protein-Protein,1
Rv1729c,Rv1869c,Protein-Protein,1
Rv1729c,Rv2576c,Protein-Protein,1
Rv1729c,Rv2762c,Protein-Protein,1
Rv1732c,Rv3073c,Protein-Protein,1
Rv1732c,Rv3134c,Protein-Protein,1
Rv1732c,Rv3230c,Protein-Protein,1
Rv1733c,Rv1957,Protein-Protein,1
Rv1733c,Rv3085,Protein-Protein,1
Rv1733c,Rv3488,Protein-Protein,1
Rv1734c,Rv2717c,Protein-Protein,1
Rv1735c,cobM,Protein-Protein,1
Rv1735c,Rv2865,Protein-Protein,1
Rv1735c,folD,Protein-Protein,1
Rv1735c,PE31,Protein-Protein,1
narX,Rv1741,Protein-Protein,1
narX,Rv2307B,Protein-Protein,1
narX,Rv2828c,Protein-Protein,1
narX,Rv3637,Protein-Protein,1
narK2,Rv2410c,Protein-Protein,1
narK2,Rv3131,Protein-Protein,1
Rv1738,Rv2683,Protein-Protein,1
Rv1738,Rv2851c,Protein-Protein,1
Rv1738,rncS,Protein-Protein,1
Rv1739c,Rv3552,Protein-Protein,1
Rv1740,Rv1976c,Protein-Protein,1
Rv1740,Rv2360c,Protein-Protein,1
Rv1741,Rv1941,Protein-Protein,1
Rv1741,lppI,Protein-Protein,1
Rv1741,lppQ,Protein-Protein,1
Rv1741,sdhB,Protein-Protein,1
Rv1741,Rv3672c,Protein-Protein,1
Rv1742,gcvT,Protein-Protein,1
pknE,Rv2474c,Protein-Protein,1
pknE,Rv2541,Protein-Protein,1
pknE,whiB7,Protein-Protein,1
pknE,Rv3747,Protein-Protein,1
pknE,sigM,Protein-Protein,1
Rv1744c,Rv2825c,Protein-Protein,1
idi,Rv2581c,Protein-Protein,1
idi,TB22.2,Protein-Protein,1
idi,nrdI,Protein-Protein,1
idi,Rv3658c,Protein-Protein,1
pknF,Rv2759c,Protein-Protein,1
pknF,Rv2822c,Protein-Protein,1
pknF,rnpA,Protein-Protein,1
Rv1748,dapB,Protein-Protein,1
Rv1748,nuoC,Protein-Protein,1
Rv1749c,Rv2638,Protein-Protein,1
Rv1749c,Rv2665,Protein-Protein,1
Rv1749c,Rv2669,Protein-Protein,1
Rv1749c,Rv3243c,Protein-Protein,1
Rv1749c,Rv3640c,Protein-Protein,1
fadD1,Rv2102,Protein-Protein,1
fadD1,rpsT,Protein-Protein,1
fadD1,Rv2475c,Protein-Protein,1
fadD1,Rv3369,Protein-Protein,1
Rv1752,Rv1815,Protein-Protein,1
Rv1752,trpD,Protein-Protein,1
Rv1752,Rv3057c,Protein-Protein,1
plcD,dapB,Protein-Protein,1
plcD,Rv2962c,Protein-Protein,1
plcD,echA21,Protein-Protein,1
cut1,PE_PGRS37,Protein-Protein,1
cut1,Rv2617c,Protein-Protein,1
cut1,Rv2669,Protein-Protein,1
cut1,Rv2971,Protein-Protein,1
cut1,Rv3717,Protein-Protein,1
Rv1761c,Rv1988,Protein-Protein,1
Rv1761c,Rv2295,Protein-Protein,1
Rv1761c,Rv2991,Protein-Protein,1
Rv1761c,Rv3120,Protein-Protein,1
Rv1761c,esxV,Protein-Protein,1
Rv1766,Rv1766,Protein-Protein,1
Rv1766,Rv1888A,Protein-Protein,1
Rv1766,Rv3054c,Protein-Protein,1
Rv1766,Rv3353c,Protein-Protein,1
Rv1767,Rv3281,Protein-Protein,1
Rv1769,ethR,Protein-Protein,1
Rv1770,Rv2085,Protein-Protein,1
Rv1772,fadE17,Protein-Protein,1
Rv1772,Rv2049c,Protein-Protein,1
Rv1772,rpsN2,Protein-Protein,1
Rv1772,ftsZ,Protein-Protein,1
Rv1772,Rv2204c,Protein-Protein,1
Rv1772,Rv2283,Protein-Protein,1
Rv1772,Rv2972c,Protein-Protein,1
Rv1772,pknK,Protein-Protein,1
Rv1772,fadB4,Protein-Protein,1
Rv1772,rpsM,Protein-Protein,1
Rv1772,Rv3644c,Protein-Protein,1
Rv1773c,sigH,Protein-Protein,1
Rv1773c,Rv3312A,Protein-Protein,1
Rv1773c,Rv3474,Protein-Protein,1
Rv1773c,Rv3570c,Protein-Protein,1
Rv1773c,Rv3827c,Protein-Protein,1
Rv1775,Rv3000,Protein-Protein,1
cyp144,nuoI,Protein-Protein,1
cyp144,Rv3705c,Protein-Protein,1
cyp144,Rv3773c,Protein-Protein,1
Rv1778c,truA,Protein-Protein,1
Rv1780,Rv3218,Protein-Protein,1
malQ,Rv2717c,Protein-Protein,1
malQ,Rv3131,Protein-Protein,1
malQ,Rv3866,Protein-Protein,1
Rv1783,Rv1975,Protein-Protein,1
cyp143,cobG,Protein-Protein,1
cyp143,Rv2219A,Protein-Protein,1
cyp143,Rv2576c,Protein-Protein,1
cyp143,mpt53,Protein-Protein,1
cyp143,purE,Protein-Protein,1
cyp143,Rv3778c,Protein-Protein,1
PE18,Rv2512c,Protein-Protein,1
PE18,Rv2971,Protein-Protein,1
PE18,Rv3600c,Protein-Protein,1
PE18,Rv3849,Protein-Protein,1
PPE26,Rv2132,Protein-Protein,1
PPE26,rocD2,Protein-Protein,1
PPE26,Rv2581c,Protein-Protein,1
PPE27,Rv2393,Protein-Protein,1
PPE27,orn,Protein-Protein,1
PPE27,Rv2578c,Protein-Protein,1
PPE27,Rv2652c,Protein-Protein,1
PE19,Rv2009,Protein-Protein,1
PE19,tesA,Protein-Protein,1
PE19,whiB7,Protein-Protein,1
PE19,mce4A,Protein-Protein,1
PE19,Rv3517,Protein-Protein,1
PE19,Rv3716c,Protein-Protein,1
PE19,Rv3882c,Protein-Protein,1
esxM,esxN,Protein-Protein,1
esxM,esxO,Protein-Protein,1
esxM,Rv2688c,Protein-Protein,1
esxM,trmD,Protein-Protein,1
esxM,esxV,Protein-Protein,1
esxN,esxP,Protein-Protein,1
esxN,esxW,Protein-Protein,1
esxN,hpt,Protein-Protein,1
esxN,Rv3661,Protein-Protein,1
Rv1794,Rv2516c,Protein-Protein,1
Rv1795,PE_PGRS41,Protein-Protein,1
Rv1795,Rv2606c,Protein-Protein,1
Rv1797,Rv2003c,Protein-Protein,1
lppT,trmD,Protein-Protein,1
PE_PGRS32,fadD31,Protein-Protein,1
PE_PGRS32,Rv1950c,Protein-Protein,1
PE_PGRS32,Rv2393,Protein-Protein,1
PE_PGRS32,dapB,Protein-Protein,1
PE_PGRS32,Rv2880c,Protein-Protein,1
PE_PGRS32,Rv3745c,Protein-Protein,1
Rv1804c,Rv1875,Protein-Protein,1
Rv1804c,Rv2087,Protein-Protein,1
Rv1804c,Rv2646,Protein-Protein,1
Rv1804c,Rv2705c,Protein-Protein,1
Rv1804c,Rv2723,Protein-Protein,1
Rv1804c,hsdS.1,Protein-Protein,1
Rv1804c,Rv2809,Protein-Protein,1
Rv1804c,Rv2851c,Protein-Protein,1
Rv1804c,rplS,Protein-Protein,1
Rv1804c,papA2,Protein-Protein,1
Rv1805c,PPE38,Protein-Protein,1
Rv1805c,trmD,Protein-Protein,1
Rv1805c,PE31,Protein-Protein,1
Rv1810,whiB3,Protein-Protein,1
mgtC,Rv1865c,Protein-Protein,1
mgtC,Rv2665,Protein-Protein,1
mgtC,sigB,Protein-Protein,1
mgtC,Rv2871,Protein-Protein,1
mgtC,whiB3,Protein-Protein,1
mgtC,Rv3827c,Protein-Protein,1
mgtC,ethR,Protein-Protein,1
Rv1813c,ruvA,Protein-Protein,1
Rv1815,Rv3000,Protein-Protein,1
Rv1815,Rv3333c,Protein-Protein,1
Rv1815,menG,Protein-Protein,1
PE_PGRS33,Rv2250c,Protein-Protein,1
ilvG,pepE,Protein-Protein,1
ilvG,Rv3702c,Protein-Protein,1
Rv1823,Rv2310,Protein-Protein,1
Rv1823,fixA,Protein-Protein,1
Rv1824,Rv3538,Protein-Protein,1
Rv1824,Rv3836,Protein-Protein,1
Rv1825,cut3,Protein-Protein,1
gcvH,lipB,Protein-Protein,1
gcvH,Rv2809,Protein-Protein,1
gcvH,cobO,Protein-Protein,1
gcvH,nrdI,Protein-Protein,1
gcvH,Rv3071,Protein-Protein,1
gcvH,Rv3175,Protein-Protein,1
gcvH,cysS,Protein-Protein,1
gcvH,ephE,Protein-Protein,1
gcvH,fadE35,Protein-Protein,1
cfp17,Rv2016,Protein-Protein,1
cfp17,Rv2269c,Protein-Protein,1
cfp17,Rv2478c,Protein-Protein,1
Rv1829,lppF,Protein-Protein,1
Rv1829,Rv2253,Protein-Protein,1
Rv1829,hupB,Protein-Protein,1
Rv1829,Rv2990c,Protein-Protein,1
Rv1830,Rv2705c,Protein-Protein,1
Rv1830,drrB,Protein-Protein,1
Rv1830,fadE23,Protein-Protein,1
Rv1830,PPE56,Protein-Protein,1
Rv1830,folD,Protein-Protein,1
Rv1831,prcA,Protein-Protein,1
Rv1833c,Rv2468c,Protein-Protein,1
Rv1833c,Rv2546,Protein-Protein,1
Rv1833c,ppiB,Protein-Protein,1
Rv1833c,dapB,Protein-Protein,1
Rv1833c,Rv3114,Protein-Protein,1
Rv1834,parA,Protein-Protein,1
Rv1836c,fabD,Protein-Protein,1
Rv1836c,Rv3698,Protein-Protein,1
Rv1838c,rpsB,Protein-Protein,1
Rv1838c,Rv3669,Protein-Protein,1
Rv1839c,lppO,Protein-Protein,1
Rv1839c,Rv2601A,Protein-Protein,1
Rv1839c,Rv2706c,Protein-Protein,1
Rv1839c,spoU,Protein-Protein,1
Rv1839c,pheA,Protein-Protein,1
PE_PGRS34,Rv2776c,Protein-Protein,1
gnd1,Rv2530c,Protein-Protein,1
gnd1,Rv2598,Protein-Protein,1
gnd1,Rv2665,Protein-Protein,1
gnd1,cobO,Protein-Protein,1
gnd1,Rv3686c,Protein-Protein,1
ureA,Rv2650c,Protein-Protein,1
ureA,Rv3224B,Protein-Protein,1
ureA,glpQ1,Protein-Protein,1
ureB,Rv2119,Protein-Protein,1
ureB,idsA2,Protein-Protein,1
ureB,Rv2261c,Protein-Protein,1
ureB,ahpD,Protein-Protein,1
ureB,orn,Protein-Protein,1
ureB,Rv2665,Protein-Protein,1
ureB,Rv2809,Protein-Protein,1
ureB,Rv2962c,Protein-Protein,1
ureB,coaD,Protein-Protein,1
ureB,Rv3054c,Protein-Protein,1
ureB,nuoI,Protein-Protein,1
ureB,Rv3241c,Protein-Protein,1
ureB,moaX,Protein-Protein,1
ureB,Rv3422c,Protein-Protein,1
ureB,PE_PGRS60,Protein-Protein,1
ureB,Rv3705c,Protein-Protein,1
ureC,Rv2695,Protein-Protein,1
ureC,Rv2734,Protein-Protein,1
ureC,Rv3661,Protein-Protein,1
ureC,Rv3678c,Protein-Protein,1
ureF,Rv3733c,Protein-Protein,1
ureD,cysS,Protein-Protein,1
ureD,Rv2530c,Protein-Protein,1
ureD,Rv3228,Protein-Protein,1
ureD,Rv3334,Protein-Protein,1
ndh,Rv1927,Protein-Protein,1
ndh,Rv2239c,Protein-Protein,1
Rv1855c,Rv2091c,Protein-Protein,1
Rv1855c,whiB7,Protein-Protein,1
Rv1856c,Rv1885c,Protein-Protein,1
Rv1856c,Rv1927,Protein-Protein,1
Rv1856c,Rv2256c,Protein-Protein,1
Rv1856c,Rv2696c,Protein-Protein,1
Rv1856c,Rv3528c,Protein-Protein,1
Rv1856c,Rv3750c,Protein-Protein,1
modA,Rv2022c,Protein-Protein,1
modB,ahpD,Protein-Protein,1
modB,Rv3243c,Protein-Protein,1
modC,Rv2309c,Protein-Protein,1
apa,esxA,Protein-Protein,1
adhA,gabT,Protein-Protein,1
Rv1863c,pheA,Protein-Protein,1
Rv1864c,Rv2022c,Protein-Protein,1
Rv1865c,Rv2161c,Protein-Protein,1
Rv1865c,Rv2464c,Protein-Protein,1
Rv1865c,Rv3088,Protein-Protein,1
Rv1865c,dppC,Protein-Protein,1
Rv1865c,Rv3723,Protein-Protein,1
Rv1867,pbpB,Protein-Protein,1
Rv1867,Rv2598,Protein-Protein,1
Rv1867,Rv2669,Protein-Protein,1
Rv1867,dapB,Protein-Protein,1
Rv1867,mapB,Protein-Protein,1
Rv1867,rpsB,Protein-Protein,1
Rv1867,nei,Protein-Protein,1
Rv1868,Rv2393,Protein-Protein,1
Rv1868,Rv2706c,Protein-Protein,1
Rv1868,whiB7,Protein-Protein,1
Rv1868,Rv3422c,Protein-Protein,1
Rv1869c,Rv2269c,Protein-Protein,1
Rv1870c,Rv3073c,Protein-Protein,1
Rv1870c,Rv3129,Protein-Protein,1
Rv1870c,Rv3194c,Protein-Protein,1
Rv1871c,Rv2197c,Protein-Protein,1
Rv1871c,Rv3430c,Protein-Protein,1
lldD2,glnD,Protein-Protein,1
lldD2,Rv3091,Protein-Protein,1
lldD2,Rv3637,Protein-Protein,1
Rv1873,rpsR,Protein-Protein,1
Rv1873,Rv2091c,Protein-Protein,1
Rv1873,Rv2310,Protein-Protein,1
Rv1873,Rv3008,Protein-Protein,1
Rv1873,moaC,Protein-Protein,1
Rv1875,Rv2369c,Protein-Protein,1
bfrA,bfrA,Protein-Protein,1
bfrA,proA,Protein-Protein,1
bfrA,Rv3836,Protein-Protein,1
Rv1879,Rv2432c,Protein-Protein,1
Rv1879,Rv3126c,Protein-Protein,1
lppE,amiA2,Protein-Protein,1
lppE,mbtE,Protein-Protein,1
lppE,Rv3115,Protein-Protein,1
lppE,truA,Protein-Protein,1
lppE,ethR,Protein-Protein,1
lppE,PPE69,Protein-Protein,1
Rv1882c,Rv1957,Protein-Protein,1
Rv1882c,Rv2086,Protein-Protein,1
Rv1882c,Rv2687c,Protein-Protein,1
Rv1882c,dapB,Protein-Protein,1
Rv1882c,acyP,Protein-Protein,1
Rv1882c,Rv3071,Protein-Protein,1
Rv1882c,wbbL1,Protein-Protein,1
Rv1882c,echA18.1,Protein-Protein,1
Rv1882c,Rv3643,Protein-Protein,1
Rv1882c,dppC,Protein-Protein,1
Rv1883c,Rv2491,Protein-Protein,1
Rv1883c,pimA,Protein-Protein,1
Rv1883c,Rv2863,Protein-Protein,1
Rv1883c,Rv3861,Protein-Protein,1
rpfC,ceoC,Protein-Protein,1
rpfC,Rv3678c,Protein-Protein,1
Rv1885c,rpsB,Protein-Protein,1
Rv1885c,Rv3466,Protein-Protein,1
fbpB,mce3F,Protein-Protein,1
Rv1888c,pdxH,Protein-Protein,1
Rv1888c,nuoI,Protein-Protein,1
Rv1888c,wbbL1,Protein-Protein,1
Rv1888c,Rv3583c,Protein-Protein,1
Rv1889c,dapB,Protein-Protein,1
Rv1889c,Rv2929,Protein-Protein,1
Rv1890c,esxV,Protein-Protein,1
Rv1891,Rv1898,Protein-Protein,1
Rv1891,fabD,Protein-Protein,1
Rv1891,cysH,Protein-Protein,1
Rv1891,Rv2515c,Protein-Protein,1
Rv1891,Rv2618,Protein-Protein,1
Rv1891,Rv2665,Protein-Protein,1
Rv1891,Rv2674,Protein-Protein,1
Rv1891,fadD26,Protein-Protein,1
Rv1891,Rv3435c,Protein-Protein,1
Rv1892,rbsK,Protein-Protein,1
Rv1892,Rv3230c,Protein-Protein,1
Rv1894c,Rv2052c,Protein-Protein,1
Rv1894c,Rv2618,Protein-Protein,1
Rv1895,ppsC,Protein-Protein,1
Rv1896c,Rv3599c,Protein-Protein,1
Rv1896c,esxA,Protein-Protein,1
Rv1897c,Rv2633c,Protein-Protein,1
Rv1898,Rv1937,Protein-Protein,1
Rv1898,PE_PGRS61,Protein-Protein,1
lppD,PE35,Protein-Protein,1
nanT,mpt53,Protein-Protein,1
nanT,arsB2,Protein-Protein,1
Rv1903,Rv3642c,Protein-Protein,1
Rv1904,Rv2022c,Protein-Protein,1
Rv1904,Rv2286c,Protein-Protein,1
Rv1904,Rv2622,Protein-Protein,1
Rv1904,echA15,Protein-Protein,1
Rv1904,aldC,Protein-Protein,1
Rv1904,nrdI,Protein-Protein,1
Rv1904,Rv3088,Protein-Protein,1
Rv1904,rsbW,Protein-Protein,1
Rv1904,pcd,Protein-Protein,1
Rv1904,Rv3362c,Protein-Protein,1
Rv1904,PPE60,Protein-Protein,1
Rv1904,Rv3889c,Protein-Protein,1
Rv1904,Rv3895c,Protein-Protein,1
aao,Rv2638,Protein-Protein,1
Rv1906c,Rv2248,Protein-Protein,1
Rv1906c,Rv2407,Protein-Protein,1
Rv1907c,Rv2361c,Protein-Protein,1
Rv1907c,glbO,Protein-Protein,1
furA,Rv2669,Protein-Protein,1
Rv1910c,rubA,Protein-Protein,1
lppC,purU,Protein-Protein,1
lppC,moaA1,Protein-Protein,1
lppC,phoY1,Protein-Protein,1
lppC,pmmB,Protein-Protein,1
fadB5,Rv2464c,Protein-Protein,1
fadB5,wbbL1,Protein-Protein,1
Rv1914c,mycP4,Protein-Protein,1
aceAa,cysH,Protein-Protein,1
aceAa,Rv2598,Protein-Protein,1
aceAa,devR,Protein-Protein,1
Rv1919c,Rv2076c,Protein-Protein,1
lppF,Rv3471c,Protein-Protein,1
Rv1922,Rv2669,Protein-Protein,1
lipD,PPE40,Protein-Protein,1
Rv1924c,Rv2717c,Protein-Protein,1
Rv1924c,dapB,Protein-Protein,1
Rv1924c,Rv3752c,Protein-Protein,1
Rv1924c,rfbD,Protein-Protein,1
fadD31,esxO,Protein-Protein,1
fadD31,PE_PGRS41,Protein-Protein,1
fadD31,aroK,Protein-Protein,1
fadD31,glnD,Protein-Protein,1
fadD31,esxR,Protein-Protein,1
fadD31,PPE50,Protein-Protein,1
mpt63,fecB,Protein-Protein,1
mpt63,PE_PGRS63,Protein-Protein,1
mpt63,PE_PGRS59,Protein-Protein,1
Rv1927,Rv2687c,Protein-Protein,1
Rv1927,recX,Protein-Protein,1
Rv1927,add,Protein-Protein,1
Rv1927,Rv3395c,Protein-Protein,1
Rv1927,whiB3,Protein-Protein,1
Rv1928c,Rv1962c,Protein-Protein,1
Rv1929c,Rv3767c,Protein-Protein,1
Rv1930c,dapB,Protein-Protein,1
Rv1930c,gpm2,Protein-Protein,1
Rv1930c,sigD,Protein-Protein,1
Rv1930c,Rv3600c,Protein-Protein,1
Rv1930c,leuA,Protein-Protein,1
Rv1931c,hsdS,Protein-Protein,1
Rv1931c,Rv3177,Protein-Protein,1
Rv1931c,Rv3333c,Protein-Protein,1
Rv1931c,Rv3717,Protein-Protein,1
tpx,apt,Protein-Protein,1
tpx,echA21,Protein-Protein,1
tpx,Rv3915,Protein-Protein,1
fadE18,Rv2022c,Protein-Protein,1
fadE18,sigB,Protein-Protein,1
fadE18,ppa,Protein-Protein,1
fadE17,Rv3400,Protein-Protein,1
echA13,Rv2137c,Protein-Protein,1
Rv1936,Rv1960c,Protein-Protein,1
Rv1937,Rv2310,Protein-Protein,1
Rv1937,Rv3541c,Protein-Protein,1
Rv1939,Rv1941,Protein-Protein,1
Rv1939,Rv2464c,Protein-Protein,1
Rv1939,Rv2527,Protein-Protein,1
Rv1939,Rv3094c,Protein-Protein,1
Rv1939,Rv3600c,Protein-Protein,1
Rv1939,Rv3697c,Protein-Protein,1
Rv1939,Rv3762c,Protein-Protein,1
ribA1,PPE45,Protein-Protein,1
ribA1,purE,Protein-Protein,1
Rv1941,Rv2254c,Protein-Protein,1
Rv1941,Rv2545,Protein-Protein,1
Rv1941,Rv3766,Protein-Protein,1
Rv1942c,fadD22,Protein-Protein,1
Rv1942c,Rv2970A,Protein-Protein,1
Rv1944c,Rv2581c,Protein-Protein,1
Rv1945,Rv3718c,Protein-Protein,1
lppG,Rv3253c,Protein-Protein,1
lppG,mycP4,Protein-Protein,1
Rv1947,Rv2525c,Protein-Protein,1
Rv1947,Rv2636,Protein-Protein,1
Rv1947,spoU,Protein-Protein,1
Rv1947,whiB3,Protein-Protein,1
Rv1947,Rv3629c,Protein-Protein,1
Rv1949c,PPE36,Protein-Protein,1
Rv1949c,mbtH,Protein-Protein,1
Rv1949c,hsdS.1,Protein-Protein,1
Rv1950c,Rv1951c,Protein-Protein,1
Rv1950c,Rv2133c,Protein-Protein,1
Rv1950c,Rv3047c,Protein-Protein,1
Rv1951c,Rv2086,Protein-Protein,1
Rv1951c,aroG,Protein-Protein,1
Rv1951c,Rv3007c,Protein-Protein,1
Rv1951c,Rv3008,Protein-Protein,1
Rv1951c,accD5,Protein-Protein,1
Rv1951c,Rv3291c,Protein-Protein,1
Rv1951c,sigD,Protein-Protein,1
Rv1951c,PPE60,Protein-Protein,1
Rv1952,mobA,Protein-Protein,1
Rv1952,ppgK,Protein-Protein,1
Rv1952,mapB,Protein-Protein,1
Rv1952,Rv3600c,Protein-Protein,1
Rv1953,pks12,Protein-Protein,1
Rv1953,Rv2854,Protein-Protein,1
Rv1953,Rv3108,Protein-Protein,1
Rv1954c,Rv2994,Protein-Protein,1
Rv1954c,wbbL1,Protein-Protein,1
Rv1954c,Rv3412,Protein-Protein,1
Rv1954c,sigD,Protein-Protein,1
Rv1954c,Rv3471c,Protein-Protein,1
Rv1956,sigH,Protein-Protein,1
Rv1957,Rv3488,Protein-Protein,1
Rv1957,mutY,Protein-Protein,1
Rv1957,Rv3637,Protein-Protein,1
Rv1958c,Rv2372c,Protein-Protein,1
Rv1958c,Rv3231c,Protein-Protein,1
Rv1960c,Rv2014,Protein-Protein,1
Rv1960c,Rv2261c,Protein-Protein,1
Rv1960c,cyp124,Protein-Protein,1
Rv1960c,recX,Protein-Protein,1
Rv1960c,entC,Protein-Protein,1
Rv1960c,Rv3230c,Protein-Protein,1
Rv1960c,Rv3294c,Protein-Protein,1
Rv1960c,guaB2,Protein-Protein,1
Rv1960c,Rv3725,Protein-Protein,1
Rv1960c,Rv3755c,Protein-Protein,1
Rv1960c,Rv3921c,Protein-Protein,1
Rv1961,Rv2325c,Protein-Protein,1
Rv1961,lexA,Protein-Protein,1
Rv1961,dfrA,Protein-Protein,1
Rv1961,cdsA,Protein-Protein,1
Rv1962c,rocD2,Protein-Protein,1
Rv1962c,lexA,Protein-Protein,1
Rv1962c,Rv3327,Protein-Protein,1
Rv1962c,PE_PGRS57,Protein-Protein,1
Rv1962c,Rv3566A,Protein-Protein,1
mce3R,Rv2026c,Protein-Protein,1
mce3R,accA3,Protein-Protein,1
mce3R,Rv3690,Protein-Protein,1
yrbE3B,Rv2022c,Protein-Protein,1
yrbE3B,Rv2415c,Protein-Protein,1
yrbE3B,Rv2749,Protein-Protein,1
yrbE3B,Rv2822c,Protein-Protein,1
yrbE3B,Rv3278c,Protein-Protein,1
Rv1972,Rv3235,Protein-Protein,1
Rv1974,rocE,Protein-Protein,1
Rv1974,Rv3778c,Protein-Protein,1
Rv1975,Rv2047c,Protein-Protein,1
Rv1975,PPE37,Protein-Protein,1
Rv1975,Rv2263,Protein-Protein,1
Rv1975,Rv2302,Protein-Protein,1
Rv1975,mbtH,Protein-Protein,1
Rv1975,fas,Protein-Protein,1
Rv1975,efp,Protein-Protein,1
Rv1975,lppA,Protein-Protein,1
Rv1975,Rv2628,Protein-Protein,1
Rv1975,recX,Protein-Protein,1
Rv1975,Rv2820c,Protein-Protein,1
Rv1975,Rv2864c,Protein-Protein,1
Rv1975,PPE47,Protein-Protein,1
Rv1975,fadE22,Protein-Protein,1
Rv1975,Rv3129,Protein-Protein,1
Rv1975,ctpC,Protein-Protein,1
Rv1975,Rv3272,Protein-Protein,1
Rv1975,add,Protein-Protein,1
Rv1975,trpS,Protein-Protein,1
Rv1975,Rv3453,Protein-Protein,1
Rv1975,PE_PGRS58,Protein-Protein,1
Rv1975,panC,Protein-Protein,1
Rv1975,proV,Protein-Protein,1
Rv1975,Rv3827c,Protein-Protein,1
Rv1975,Rv3857c,Protein-Protein,1
Rv1976c,Rv2611c,Protein-Protein,1
Rv1977,Rv2585c,Protein-Protein,1
Rv1978,Rv2825c,Protein-Protein,1
Rv1978,Rv2970A,Protein-Protein,1
Rv1978,ppk,Protein-Protein,1
Rv1978,Rv3654c,Protein-Protein,1
nrdF1,Rv3077,Protein-Protein,1
nrdF1,whiB3,Protein-Protein,1
nrdF1,hpt,Protein-Protein,1
Rv1982c,phoH1,Protein-Protein,1
Rv1982c,fas,Protein-Protein,1
Rv1982c,Rv2929,Protein-Protein,1
Rv1982c,Rv3224A,Protein-Protein,1
Rv1982c,idsB,Protein-Protein,1
Rv1982c,Rv3778c,Protein-Protein,1
PE_PGRS35,Rv3632,Protein-Protein,1
Rv1986,Rv3718c,Protein-Protein,1
Rv1987,pgmA,Protein-Protein,1
Rv1987,Rv3364c,Protein-Protein,1
Rv1987,Rv3386,Protein-Protein,1
Rv1988,Rv2079,Protein-Protein,1
Rv1988,mez,Protein-Protein,1
Rv1988,nuoC,Protein-Protein,1
Rv1988,whiB3,Protein-Protein,1
Rv1988,Rv3555c,Protein-Protein,1
Rv1990A,Rv2758c,Protein-Protein,1
Rv1990A,Rv3054c,Protein-Protein,1
Rv1990A,esxA,Protein-Protein,1
Rv1991c,Rv2757c,Protein-Protein,1
Rv1991c,topA,Protein-Protein,1
Rv1993c,Rv2254c,Protein-Protein,1
Rv1993c,Rv3198A,Protein-Protein,1
Rv1995,Rv2549c,Protein-Protein,1
Rv1995,Rv2708c,Protein-Protein,1
Rv1995,recX,Protein-Protein,1
Rv1995,Rv2804c,Protein-Protein,1
Rv1995,fadE23,Protein-Protein,1
Rv1995,infA,Protein-Protein,1
Rv1995,Rv3529c,Protein-Protein,1
Rv1995,fadA6,Protein-Protein,1
Rv1996,Rv2665,Protein-Protein,1
Rv1996,Rv3440c,Protein-Protein,1
ctpF,whiB3,Protein-Protein,1
Rv1998c,Rv2190c,Protein-Protein,1
Rv1998c,Rv2256c,Protein-Protein,1
Rv1998c,tesB2,Protein-Protein,1
Rv1998c,Rv2867c,Protein-Protein,1
fabG3,Rv2240c,Protein-Protein,1
fabG3,Rv2419c,Protein-Protein,1
fabG3,ruvC,Protein-Protein,1
fabG3,mpt53,Protein-Protein,1
fabG3,Rv3599c,Protein-Protein,1
Rv2003c,Rv2805,Protein-Protein,1
Rv2003c,cobO,Protein-Protein,1
Rv2003c,Rv3041c,Protein-Protein,1
Rv2003c,Rv3422c,Protein-Protein,1
Rv2003c,Rv3647c,Protein-Protein,1
Rv2004c,Rv2665,Protein-Protein,1
Rv2004c,lipV,Protein-Protein,1
Rv2004c,rsfB,Protein-Protein,1
Rv2005c,Rv2616,Protein-Protein,1
Rv2005c,Rv2665,Protein-Protein,1
otsB1,Rv2432c,Protein-Protein,1
otsB1,Rv2865,Protein-Protein,1
otsB1,Rv3057c,Protein-Protein,1
otsB1,Rv3134c,Protein-Protein,1
otsB1,Rv3281,Protein-Protein,1
otsB1,Rv3716c,Protein-Protein,1
fdxA,Rv2011c,Protein-Protein,1
fdxA,TB18.6,Protein-Protein,1
fdxA,ceoB,Protein-Protein,1
fdxA,Rv3742c,Protein-Protein,1
Rv2009,Rv2717c,Protein-Protein,1
Rv2009,Rv3333c,Protein-Protein,1
Rv2009,PPE67,Protein-Protein,1
Rv2010,pknK,Protein-Protein,1
Rv2010,whiB3,Protein-Protein,1
Rv2012,Rv3430c,Protein-Protein,1
Rv2012,Rv3529c,Protein-Protein,1
Rv2015c,prcA,Protein-Protein,1
Rv2015c,recX,Protein-Protein,1
Rv2015c,cobQ2,Protein-Protein,1
Rv2016,Rv3182,Protein-Protein,1
Rv2016,Rv3337,Protein-Protein,1
Rv2016,Rv3431c,Protein-Protein,1
Rv2016,Rv3614c,Protein-Protein,1
Rv2017,Rv3038c,Protein-Protein,1
Rv2018,Rv2256c,Protein-Protein,1
Rv2018,sthA,Protein-Protein,1
Rv2018,Rv2737A,Protein-Protein,1
Rv2018,Rv3281,Protein-Protein,1
Rv2018,Rv3778c,Protein-Protein,1
Rv2019,Rv2661c,Protein-Protein,1
Rv2020c,Rv2869c,Protein-Protein,1
Rv2022c,Rv2026c,Protein-Protein,1
Rv2022c,Rv2037c,Protein-Protein,1
Rv2022c,Rv2059,Protein-Protein,1
Rv2022c,Rv2288,Protein-Protein,1
Rv2022c,arsB1,Protein-Protein,1
Rv2022c,Rv2722,Protein-Protein,1
Rv2022c,sirR,Protein-Protein,1
Rv2022c,Rv2886c,Protein-Protein,1
Rv2022c,Rv2952,Protein-Protein,1
Rv2022c,fixA,Protein-Protein,1
Rv2022c,Rv3234c,Protein-Protein,1
Rv2022c,sdhB,Protein-Protein,1
Rv2022c,Rv3368c,Protein-Protein,1
Rv2022c,truA,Protein-Protein,1
Rv2022c,Rv3899c,Protein-Protein,1
Rv2023c,cmaA1,Protein-Protein,1
Rv2026c,Rv3041c,Protein-Protein,1
Rv2027c,Rv2175c,Protein-Protein,1
Rv2027c,Rv2272,Protein-Protein,1
Rv2028c,prcA,Protein-Protein,1
pfkB,Rv2765,Protein-Protein,1
hspX,trpD,Protein-Protein,1
hspX,Rv2250c,Protein-Protein,1
hspX,Rv2267c,Protein-Protein,1
hspX,PPE38,Protein-Protein,1
hspX,Rv3291c,Protein-Protein,1
hspX,whiB3,Protein-Protein,1
hspX,ltp2,Protein-Protein,1
acg,Rv2767c,Protein-Protein,1
Rv2033c,Rv2036,Protein-Protein,1
Rv2033c,Rv2059,Protein-Protein,1
Rv2033c,prcB,Protein-Protein,1
Rv2033c,Rv2146c,Protein-Protein,1
Rv2033c,mbtB,Protein-Protein,1
Rv2033c,Rv2561,Protein-Protein,1
Rv2033c,Rv2666,Protein-Protein,1
Rv2033c,Rv2690c,Protein-Protein,1
Rv2033c,Rv2863,Protein-Protein,1
Rv2033c,Rv2969c,Protein-Protein,1
Rv2033c,Rv2994,Protein-Protein,1
Rv2033c,fadD13,Protein-Protein,1
Rv2033c,PPE50,Protein-Protein,1
Rv2033c,Rv3291c,Protein-Protein,1
Rv2033c,moaX,Protein-Protein,1
Rv2033c,Rv3351c,Protein-Protein,1
Rv2033c,mrsA,Protein-Protein,1
Rv2033c,folK,Protein-Protein,1
Rv2033c,Rv3733c,Protein-Protein,1
Rv2033c,Rv3787c,Protein-Protein,1
Rv2035,acpM,Protein-Protein,1
Rv2035,Rv2311,Protein-Protein,1
Rv2035,Rv3224A,Protein-Protein,1
Rv2035,nei,Protein-Protein,1
Rv2035,icd1,Protein-Protein,1
Rv2035,rplQ,Protein-Protein,1
Rv2036,Rv2472,Protein-Protein,1
Rv2036,Rv2621c,Protein-Protein,1
Rv2036,Rv3007c,Protein-Protein,1
Rv2037c,Rv2545,Protein-Protein,1
Rv2038c,Rv2256c,Protein-Protein,1
Rv2038c,ahpD,Protein-Protein,1
Rv2038c,Rv2661c,Protein-Protein,1
Rv2038c,Rv3404c,Protein-Protein,1
Rv2039c,Rv2256c,Protein-Protein,1
Rv2042c,Rv2464c,Protein-Protein,1
Rv2044c,Rv2081c,Protein-Protein,1
lipT,Rv2091c,Protein-Protein,1
lppI,cobM,Protein-Protein,1
lppI,Rv2409c,Protein-Protein,1
lppI,Rv2568c,Protein-Protein,1
lppI,apt,Protein-Protein,1
lppI,Rv2633c,Protein-Protein,1
lppI,dapB,Protein-Protein,1
lppI,Rv3320c,Protein-Protein,1
lppI,Rv3327,Protein-Protein,1
lppI,Rv3791,Protein-Protein,1
Rv2047c,Rv2261c,Protein-Protein,1
Rv2047c,Rv2473,Protein-Protein,1
Rv2047c,Rv2560,Protein-Protein,1
Rv2047c,Rv2669,Protein-Protein,1
Rv2047c,viuB,Protein-Protein,1
pks12,cysH,Protein-Protein,1
pks12,Rv2699c,Protein-Protein,1
pks12,Rv2970A,Protein-Protein,1
pks12,rpsK,Protein-Protein,1
pks12,esxV,Protein-Protein,1
pks12,papA2,Protein-Protein,1
Rv2050,Rv2360c,Protein-Protein,1
Rv2050,sigB,Protein-Protein,1
Rv2052c,Rv3354,Protein-Protein,1
Rv2053c,Rv3412,Protein-Protein,1
Rv2054,trmD,Protein-Protein,1
Rv2054,proW,Protein-Protein,1
rpsR,Rv2805,Protein-Protein,1
rpsR,Rv3058c,Protein-Protein,1
rpsR,Rv3231c,Protein-Protein,1
rpsN2,Rv2695,Protein-Protein,1
rpsN2,trmD,Protein-Protein,1
rpsN2,coaD,Protein-Protein,1
rpsN2,Rv3094c,Protein-Protein,1
rpsN2,Rv3134c,Protein-Protein,1
rpmG1,Rv2468c,Protein-Protein,1
rpmG1,Rv2717c,Protein-Protein,1
rpmB2,Rv2532c,Protein-Protein,1
Rv2061c,Rv3422c,Protein-Protein,1
cobN,Rv2857c,Protein-Protein,1
cobN,Rv3115,Protein-Protein,1
cobN,nei,Protein-Protein,1
cobN,Rv3753c,Protein-Protein,1
Rv2063,cyp142,Protein-Protein,1
Rv2063,hns,Protein-Protein,1
cobH,Rv2310,Protein-Protein,1
cobH,Rv2640c,Protein-Protein,1
cobH,rimM,Protein-Protein,1
cobH,Rv3475,Protein-Protein,1
cobH,echA19,Protein-Protein,1
cobH,Rv3678c,Protein-Protein,1
cobI,Rv2307B,Protein-Protein,1
cobI,Rv2507,Protein-Protein,1
cobI,Rv3817,Protein-Protein,1
blaC,Rv3123,Protein-Protein,1
blaC,Rv3566A,Protein-Protein,1
cobK,Rv2557,Protein-Protein,1
cobK,ugpE,Protein-Protein,1
cobK,Rv3015c,Protein-Protein,1
cobK,Rv3766,Protein-Protein,1
cobM,cobD,Protein-Protein,1
cobM,Rv2261c,Protein-Protein,1
cobM,Rv2434c,Protein-Protein,1
cobM,lppB,Protein-Protein,1
cobM,Rv2602,Protein-Protein,1
cobM,dedA,Protein-Protein,1
cobM,Rv2864c,Protein-Protein,1
cobM,Rv2952,Protein-Protein,1
cobM,Rv2972c,Protein-Protein,1
cobM,PPE48,Protein-Protein,1
cobM,Rv3072c,Protein-Protein,1
cobM,nuoM,Protein-Protein,1
cobM,Rv3216,Protein-Protein,1
cobM,bpoA,Protein-Protein,1
cobM,Rv3631,Protein-Protein,1
cobM,dppC,Protein-Protein,1
cobM,Rv3831,Protein-Protein,1
cobL,Rv3134c,Protein-Protein,1
cobL,panC,Protein-Protein,1
cobL,mesJ,Protein-Protein,1
cobL,Rv3660c,Protein-Protein,1
cobL,gltD,Protein-Protein,1
Rv2074,murD,Protein-Protein,1
Rv2074,Rv2558,Protein-Protein,1
Rv2074,Rv3050c,Protein-Protein,1
Rv2074,whiB3,Protein-Protein,1
Rv2074,Rv3548c,Protein-Protein,1
Rv2074,Rv3912,Protein-Protein,1
Rv2074,rnpA,Protein-Protein,1
Rv2075c,gpm2,Protein-Protein,1
Rv2076c,wbbL1,Protein-Protein,1
Rv2076c,Rv3745c,Protein-Protein,1
Rv2077A,esxF,Protein-Protein,1
Rv2078,pdhC,Protein-Protein,1
Rv2078,Rv2997,Protein-Protein,1
Rv2078,Rv3741c,Protein-Protein,1
Rv2079,esxR,Protein-Protein,1
Rv2079,Rv3369,Protein-Protein,1
lppJ,Rv2261c,Protein-Protein,1
lppJ,recO,Protein-Protein,1
Rv2081c,Rv2369c,Protein-Protein,1
Rv2081c,Rv2704,Protein-Protein,1
Rv2081c,fadD13,Protein-Protein,1
Rv2081c,Rv3600c,Protein-Protein,1
Rv2081c,Rv3660c,Protein-Protein,1
Rv2081c,hisC2,Protein-Protein,1
Rv2083,Rv2825c,Protein-Protein,1
Rv2083,Rv2979c,Protein-Protein,1
Rv2083,Rv3583c,Protein-Protein,1
Rv2084,whiB3,Protein-Protein,1
Rv2085,Rv2304c,Protein-Protein,1
Rv2085,Rv3643,Protein-Protein,1
Rv2085,Rv3655c,Protein-Protein,1
Rv2086,Rv2618,Protein-Protein,1
Rv2086,Rv3525c,Protein-Protein,1
Rv2087,Rv2886c,Protein-Protein,1
Rv2087,whiB3,Protein-Protein,1
Rv2087,rplM,Protein-Protein,1
pknJ,kasA,Protein-Protein,1
pknJ,dnaJ2,Protein-Protein,1
pknJ,Rv2926c,Protein-Protein,1
pknJ,Rv3168,Protein-Protein,1
pknJ,Rv3422c,Protein-Protein,1
pepE,Rv2859c,Protein-Protein,1
Rv2090,prcA,Protein-Protein,1
Rv2090,Rv2361c,Protein-Protein,1
Rv2090,Rv2631,Protein-Protein,1
Rv2090,Rv2822c,Protein-Protein,1
Rv2091c,Rv2669,Protein-Protein,1
Rv2091c,Rv3216,Protein-Protein,1
Rv2091c,Rv3600c,Protein-Protein,1
tatC,Rv2274c,Protein-Protein,1
tatA,Rv3773c,Protein-Protein,1
Rv2095c,Rv2223c,Protein-Protein,1
Rv2096c,Rv2618,Protein-Protein,1
Rv2100,Rv2309A,Protein-Protein,1
Rv2102,Rv2822c,Protein-Protein,1
Rv2102,whiB3,Protein-Protein,1
Rv2104c,Rv2118c,Protein-Protein,1
Rv2104c,Rv2204c,Protein-Protein,1
Rv2104c,Rv2267c,Protein-Protein,1
Rv2104c,Rv2792c,Protein-Protein,1
Rv2104c,Rv3637,Protein-Protein,1
PE22,Rv2372c,Protein-Protein,1
PE22,nrdI,Protein-Protein,1
PE22,fadA6,Protein-Protein,1
PPE36,mmpS3,Protein-Protein,1
PPE36,Rv2616,Protein-Protein,1
PPE36,Rv2737A,Protein-Protein,1
PPE36,dapB,Protein-Protein,1
PPE36,Rv3072c,Protein-Protein,1
prcA,uppP,Protein-Protein,1
prcA,murX,Protein-Protein,1
prcA,Rv2191,Protein-Protein,1
prcA,dctA,Protein-Protein,1
prcA,secF,Protein-Protein,1
prcA,Rv2732c,Protein-Protein,1
prcA,Rv3209,Protein-Protein,1
prcA,ligC,Protein-Protein,1
prcA,Rv3780,Protein-Protein,1
Rv2111c,nuoC,Protein-Protein,1
Rv2111c,Rv3200c,Protein-Protein,1
Rv2111c,PPE60,Protein-Protein,1
Rv2114,Rv2275,Protein-Protein,1
Rv2114,rmlD,Protein-Protein,1
lppK,Rv2286c,Protein-Protein,1
lppK,Rv2604c,Protein-Protein,1
Rv2118c,Rv2118c,Protein-Protein,1
Rv2119,Rv2475c,Protein-Protein,1
Rv2119,Rv2609c,Protein-Protein,1
Rv2119,Rv2792c,Protein-Protein,1
Rv2119,Rv2805,Protein-Protein,1
Rv2119,Rv3369,Protein-Protein,1
Rv2119,Rv3422c,Protein-Protein,1
Rv2119,Rv3427c,Protein-Protein,1
PPE37,trmD,Protein-Protein,1
PPE37,esxV,Protein-Protein,1
PPE37,Rv3672c,Protein-Protein,1
PPE37,glpQ1,Protein-Protein,1
PE_PGRS37,kasA,Protein-Protein,1
PE_PGRS37,Rv2665,Protein-Protein,1
PE_PGRS37,Rv2716,Protein-Protein,1
PE_PGRS37,Rv3108,Protein-Protein,1
PE_PGRS37,PE_PGRS57,Protein-Protein,1
PE_PGRS37,Rv3747,Protein-Protein,1
Rv2128,pflA,Protein-Protein,1
cysQ,Rv3057c,Protein-Protein,1
cysQ,bphD,Protein-Protein,1
Rv2132,Rv2419c,Protein-Protein,1
Rv2132,Rv2618,Protein-Protein,1
Rv2132,mhpE,Protein-Protein,1
Rv2133c,Rv3312A,Protein-Protein,1
Rv2133c,Rv3813c,Protein-Protein,1
Rv2134c,Rv3120,Protein-Protein,1
Rv2135c,Rv2293c,Protein-Protein,1
Rv2135c,Rv2762c,Protein-Protein,1
Rv2137c,lppO,Protein-Protein,1
Rv2137c,mbtJ,Protein-Protein,1
Rv2137c,drrB,Protein-Protein,1
Rv2137c,Rv3889c,Protein-Protein,1
pyrD,wbbL1,Protein-Protein,1
pyrD,Rv3552,Protein-Protein,1
TB18.6,Rv2510c,Protein-Protein,1
TB18.6,Rv2871,Protein-Protein,1
TB18.6,Rv3041c,Protein-Protein,1
TB18.6,Rv3486,Protein-Protein,1
Rv2141c,citE,Protein-Protein,1
Rv2142c,Rv3126c,Protein-Protein,1
Rv2142c,whiB7,Protein-Protein,1
Rv2142c,PE_PGRS61,Protein-Protein,1
wag31,Rv2560,Protein-Protein,1
wag31,Rv2665,Protein-Protein,1
wag31,Rv3134c,Protein-Protein,1
wag31,whiB3,Protein-Protein,1
wag31,Rv3485c,Protein-Protein,1
wag31,Rv3741c,Protein-Protein,1
Rv2147c,ppiB,Protein-Protein,1
Rv2147c,Rv2669,Protein-Protein,1
yfiH,Rv2283,Protein-Protein,1
yfiH,Rv2872,Protein-Protein,1
yfiH,Rv3605c,Protein-Protein,1
ftsZ,Rv2307A,Protein-Protein,1
ftsZ,mpt53,Protein-Protein,1
ftsZ,Rv3182,Protein-Protein,1
ftsQ,esxB,Protein-Protein,1
murC,Rv3807c,Protein-Protein,1
murD,acyP,Protein-Protein,1
murX,hsdM,Protein-Protein,1
murX,PPE47,Protein-Protein,1
murX,nuoI,Protein-Protein,1
Rv2159c,Rv2250A,Protein-Protein,1
Rv2160c,Rv2478c,Protein-Protein,1
Rv2160c,purU,Protein-Protein,1
Rv2160c,lat,Protein-Protein,1
Rv2160c,nei,Protein-Protein,1
Rv2160c,Rv3697c,Protein-Protein,1
pbpB,Rv2628,Protein-Protein,1
pbpB,glpD2,Protein-Protein,1
mraW,whiB7,Protein-Protein,1
mraW,parB,Protein-Protein,1
Rv2166c,Rv2166c,Protein-Protein,1
Rv2166c,ahpD,Protein-Protein,1
Rv2170,hupB,Protein-Protein,1
Rv2170,Rv3438,Protein-Protein,1
Rv2172c,dapB,Protein-Protein,1
Rv2172c,Rv3085,Protein-Protein,1
idsA2,Rv2577,Protein-Protein,1
idsA2,deoD,Protein-Protein,1
idsA2,Rv3583c,Protein-Protein,1
pknL,dnaJ2,Protein-Protein,1
pknL,Rv2375,Protein-Protein,1
Rv2177c,sigB,Protein-Protein,1
Rv2177c,Rv2762c,Protein-Protein,1
Rv2177c,Rv2867c,Protein-Protein,1
Rv2177c,echA18.1,Protein-Protein,1
aroG,Rv2189c,Protein-Protein,1
aroG,Rv2258c,Protein-Protein,1
aroG,Rv2696c,Protein-Protein,1
aroG,dapB,Protein-Protein,1
aroG,cobO,Protein-Protein,1
aroG,echA19,Protein-Protein,1
aroG,Rv3707c,Protein-Protein,1
Rv2182c,Rv3134c,Protein-Protein,1
Rv2184c,Rv2626c,Protein-Protein,1
TB16.3,TB22.2,Protein-Protein,1
Rv2186c,Rv2751,Protein-Protein,1
Rv2186c,Rv2805,Protein-Protein,1
Rv2186c,Rv2886c,Protein-Protein,1
Rv2186c,topA,Protein-Protein,1
Rv2189c,trpD,Protein-Protein,1
Rv2189c,Rv2309A,Protein-Protein,1
Rv2189c,pimA,Protein-Protein,1
Rv2191,Rv2372c,Protein-Protein,1
Rv2191,Rv2554c,Protein-Protein,1
trpD,dapB,Protein-Protein,1
trpD,Rv3041c,Protein-Protein,1
qcrA,Rv3492c,Protein-Protein,1
Rv2203,Rv2489c,Protein-Protein,1
Rv2203,Rv2750,Protein-Protein,1
Rv2203,pfkA,Protein-Protein,1
Rv2203,Rv3076,Protein-Protein,1
Rv2203,Rv3243c,Protein-Protein,1
Rv2203,folP1,Protein-Protein,1
Rv2203,Rv3850,Protein-Protein,1
Rv2204c,hemY,Protein-Protein,1
Rv2204c,mtr,Protein-Protein,1
Rv2204c,moaE1,Protein-Protein,1
Rv2204c,Rv3639c,Protein-Protein,1
Rv2205c,whiB7,Protein-Protein,1
Rv2205c,parB,Protein-Protein,1
Rv2205c,rpmH,Protein-Protein,1
Rv2206,esxO,Protein-Protein,1
Rv2206,PE_PGRS41,Protein-Protein,1
cobT,dapB,Protein-Protein,1
ilvE,ilvE,Protein-Protein,1
ilvE,ahpD,Protein-Protein,1
ilvE,Rv2696c,Protein-Protein,1
ilvE,mpt83,Protein-Protein,1
ilvE,TB7.3,Protein-Protein,1
gcvT,PE_PGRS60,Protein-Protein,1
pepB,Rv3466,Protein-Protein,1
pepB,PPE69,Protein-Protein,1
dlaT,Rv2604c,Protein-Protein,1
dlaT,viuB,Protein-Protein,1
dlaT,Rv3235,Protein-Protein,1
Rv2216,Rv2669,Protein-Protein,1
Rv2216,Rv2867c,Protein-Protein,1
Rv2216,Rv2954c,Protein-Protein,1
lipB,Rv2474c,Protein-Protein,1
lipB,Rv2598,Protein-Protein,1
lipB,accD5,Protein-Protein,1
lipB,Rv3408,Protein-Protein,1
lipB,Rv3474,Protein-Protein,1
Rv2219A,dnaG,Protein-Protein,1
Rv2219A,Rv2646,Protein-Protein,1
Rv2219A,Rv2809,Protein-Protein,1
Rv2219A,aldC,Protein-Protein,1
Rv2219A,prfB,Protein-Protein,1
Rv2219A,whiB3,Protein-Protein,1
Rv2219A,Rv3438,Protein-Protein,1
Rv2219A,Rv3599c,Protein-Protein,1
Rv2219A,leuA,Protein-Protein,1
Rv2219A,Rv3767c,Protein-Protein,1
Rv2219A,Rv3845,Protein-Protein,1
Rv2219A,PPE68,Protein-Protein,1
Rv2219A,Rv3920c,Protein-Protein,1
Rv2219,Rv2880c,Protein-Protein,1
glnA1,Rv2598,Protein-Protein,1
glnA1,Rv2880c,Protein-Protein,1
Rv2223c,Rv3745c,Protein-Protein,1
Rv2227,hupB,Protein-Protein,1
Rv2227,Rv3007c,Protein-Protein,1
Rv2228c,rplU,Protein-Protein,1
Rv2228c,Rv3234c,Protein-Protein,1
Rv2229c,Rv3566A,Protein-Protein,1
Rv2230c,Rv3047c,Protein-Protein,1
Rv2230c,wbbL1,Protein-Protein,1
Rv2230c,Rv3583c,Protein-Protein,1
cobC,esxR,Protein-Protein,1
Rv2232,Rv3337,Protein-Protein,1
Rv2235,Rv3085,Protein-Protein,1
cobD,lppO,Protein-Protein,1
Rv2237,pcd,Protein-Protein,1
Rv2240c,Rv2708c,Protein-Protein,1
Rv2240c,alr,Protein-Protein,1
aceE,Rv3143,Protein-Protein,1
Rv2242,Rv2696c,Protein-Protein,1
fabD,Rv2636,Protein-Protein,1
fabD,ugpA,Protein-Protein,1
fabD,mapB,Protein-Protein,1
fabD,Rv2871,Protein-Protein,1
fabD,purE,Protein-Protein,1
fabD,Rv3538,Protein-Protein,1
acpM,Rv2560,Protein-Protein,1
kasA,kasB,Protein-Protein,1
kasA,dapB,Protein-Protein,1
kasA,pknK,Protein-Protein,1
kasA,Rv3126c,Protein-Protein,1
kasB,fas,Protein-Protein,1
kasB,Rv3073c,Protein-Protein,1
kasB,echA19,Protein-Protein,1
kasB,Rv3637,Protein-Protein,1
accD6,PE_PGRS61,Protein-Protein,1
Rv2248,Rv3060c,Protein-Protein,1
glpD1,Rv3222c,Protein-Protein,1
Rv2250A,Rv2536,Protein-Protein,1
Rv2250A,Rv2650c,Protein-Protein,1
Rv2250A,Rv3008,Protein-Protein,1
Rv2250A,Rv3169,Protein-Protein,1
Rv2250A,lsr2,Protein-Protein,1
Rv2250c,PPE38,Protein-Protein,1
Rv2250c,Rv2609c,Protein-Protein,1
Rv2250c,Rv2972c,Protein-Protein,1
Rv2250c,Rv3481c,Protein-Protein,1
Rv2250c,Rv3526,Protein-Protein,1
Rv2250c,ephE,Protein-Protein,1
Rv2250c,Rv3881c,Protein-Protein,1
Rv2250c,esxC,Protein-Protein,1
Rv2250c,Rv3915,Protein-Protein,1
Rv2252,PPE49,Protein-Protein,1
Rv2252,Rv3466,Protein-Protein,1
Rv2253,dapB,Protein-Protein,1
Rv2253,PPE54,Protein-Protein,1
Rv2253,rpsI,Protein-Protein,1
Rv2254c,Rv2636,Protein-Protein,1
Rv2254c,Rv3216,Protein-Protein,1
Rv2254c,Rv3552,Protein-Protein,1
Rv2254c,Rv3691,Protein-Protein,1
Rv2255c,Rv3541c,Protein-Protein,1
Rv2255c,Rv3552,Protein-Protein,1
Rv2256c,adhE2,Protein-Protein,1
Rv2256c,Rv2307D,Protein-Protein,1
Rv2256c,Rv2405,Protein-Protein,1
Rv2256c,Rv2696c,Protein-Protein,1
Rv2256c,Rv2857c,Protein-Protein,1
Rv2256c,trmD,Protein-Protein,1
Rv2256c,Rv3134c,Protein-Protein,1
adhE2,Rv3742c,Protein-Protein,1
Rv2260,Rv3434c,Protein-Protein,1
Rv2260,Rv3817,Protein-Protein,1
Rv2261c,Rv2307B,Protein-Protein,1
Rv2261c,Rv2464c,Protein-Protein,1
Rv2261c,Rv2696c,Protein-Protein,1
Rv2261c,Rv2732c,Protein-Protein,1
Rv2261c,aldC,Protein-Protein,1
Rv2261c,Rv3637,Protein-Protein,1
Rv2261c,Rv3766,Protein-Protein,1
Rv2261c,PPE68,Protein-Protein,1
Rv2264c,Rv3338,Protein-Protein,1
cyp124,Rv2598,Protein-Protein,1
cyp124,Rv2825c,Protein-Protein,1
cyp124,folD,Protein-Protein,1
cyp124,Rv3440c,Protein-Protein,1
cyp124,fic,Protein-Protein,1
cyp124,Rv3749c,Protein-Protein,1
cyp124,Rv3857c,Protein-Protein,1
cyp124,Rv3889c,Protein-Protein,1
Rv2267c,Rv2361c,Protein-Protein,1
Rv2267c,Rv3035,Protein-Protein,1
Rv2267c,Rv3076,Protein-Protein,1
Rv2267c,whiB3,Protein-Protein,1
Rv2269c,Rv2581c,Protein-Protein,1
Rv2269c,fadE25,Protein-Protein,1
Rv2269c,Rv3688c,Protein-Protein,1
Rv2269c,Rv3749c,Protein-Protein,1
Rv2269c,rfbD,Protein-Protein,1
Rv2269c,PPE69,Protein-Protein,1
Rv2269c,esxE,Protein-Protein,1
lppN,Rv2367c,Protein-Protein,1
lppN,Rv2674,Protein-Protein,1
Rv2273,moaA1,Protein-Protein,1
Rv2274c,Rv2962c,Protein-Protein,1
Rv2274c,nuoM,Protein-Protein,1
Rv2275,PPE50,Protein-Protein,1
Rv2275,lppH,Protein-Protein,1
Rv2275,Rv3733c,Protein-Protein,1
cyp121,Rv2372c,Protein-Protein,1
Rv2280,Rv3327,Protein-Protein,1
Rv2282c,Rv2520c,Protein-Protein,1
Rv2282c,Rv3827c,Protein-Protein,1
Rv2283,Rv3840,Protein-Protein,1
lipM,Rv3412,Protein-Protein,1
Rv2285,Rv2407,Protein-Protein,1
Rv2285,Rv2633c,Protein-Protein,1
Rv2285,Rv2644c,Protein-Protein,1
Rv2285,Rv2798c,Protein-Protein,1
Rv2285,truA,Protein-Protein,1
Rv2286c,dedA,Protein-Protein,1
Rv2286c,Rv2695,Protein-Protein,1
Rv2286c,trmU,Protein-Protein,1
Rv2286c,accD5,Protein-Protein,1
Rv2288,Rv2419c,Protein-Protein,1
cdh,trmD,Protein-Protein,1
cdh,serA1,Protein-Protein,1
lppO,recX,Protein-Protein,1
lppO,dapB,Protein-Protein,1
lppO,Rv2774c,Protein-Protein,1
lppO,Rv2795c,Protein-Protein,1
lppO,Rv2953,Protein-Protein,1
lppO,metC,Protein-Protein,1
lppO,echA18.1,Protein-Protein,1
lppO,whiB3,Protein-Protein,1
lppO,Rv3660c,Protein-Protein,1
sseB,PE_PGRS44,Protein-Protein,1
sseB,whiB7,Protein-Protein,1
sseB,Rv3475,Protein-Protein,1
Rv2292c,PE24,Protein-Protein,1
Rv2292c,Rv2699c,Protein-Protein,1
Rv2292c,drrA,Protein-Protein,1
Rv2292c,Rv3712,Protein-Protein,1
Rv2293c,Rv2432c,Protein-Protein,1
Rv2293c,dapB,Protein-Protein,1
Rv2294,Rv2743c,Protein-Protein,1
Rv2295,Rv2955c,Protein-Protein,1
Rv2295,gltX,Protein-Protein,1
Rv2295,Rv3067,Protein-Protein,1
Rv2295,Rv3697c,Protein-Protein,1
Rv2295,Rv3778c,Protein-Protein,1
Rv2296,lppQ,Protein-Protein,1
Rv2296,Rv2554c,Protein-Protein,1
Rv2298,Rv3204,Protein-Protein,1
Rv2298,Rv3412,Protein-Protein,1
Rv2298,echA19,Protein-Protein,1
Rv2302,Rv2651c,Protein-Protein,1
Rv2302,mapB,Protein-Protein,1
Rv2302,Rv2872,Protein-Protein,1
Rv2302,PPE50,Protein-Protein,1
Rv2302,Rv3403c,Protein-Protein,1
Rv2302,cobQ2,Protein-Protein,1
Rv2303c,PE31,Protein-Protein,1
Rv2303c,Rv3780,Protein-Protein,1
Rv2306A,Rv2717c,Protein-Protein,1
Rv2306A,trmD,Protein-Protein,1
Rv2306A,Rv3422c,Protein-Protein,1
Rv2307A,Rv2669,Protein-Protein,1
Rv2307A,Rv3870,Protein-Protein,1
Rv2307B,Rv2308,Protein-Protein,1
Rv2307B,Rv2698,Protein-Protein,1
Rv2307B,Rv2787,Protein-Protein,1
Rv2307B,Rv2844,Protein-Protein,1
Rv2307B,Rv2915c,Protein-Protein,1
Rv2307B,pks1,Protein-Protein,1
Rv2307B,iscS,Protein-Protein,1
Rv2307B,fadE25,Protein-Protein,1
Rv2307B,Rv3733c,Protein-Protein,1
Rv2307B,rpmH,Protein-Protein,1
Rv2307c,Rv3773c,Protein-Protein,1
Rv2307D,mbtI,Protein-Protein,1
Rv2307D,wbbL1,Protein-Protein,1
Rv2308,PE24,Protein-Protein,1
Rv2308,Rv2550c,Protein-Protein,1
Rv2308,Rv2669,Protein-Protein,1
Rv2308,Rv3175,Protein-Protein,1
Rv2308,fadE33,Protein-Protein,1
Rv2309A,Rv2393,Protein-Protein,1
Rv2309A,Rv3475,Protein-Protein,1
Rv2309c,Rv2717c,Protein-Protein,1
Rv2309c,echA17,Protein-Protein,1
Rv2309c,esxB,Protein-Protein,1
Rv2310,cysW,Protein-Protein,1
Rv2310,Rv2530c,Protein-Protein,1
Rv2310,Rv2542,Protein-Protein,1
Rv2310,Rv2576c,Protein-Protein,1
Rv2310,Rv2751,Protein-Protein,1
Rv2310,Rv2775,Protein-Protein,1
Rv2310,Rv2825c,Protein-Protein,1
Rv2310,ugpA,Protein-Protein,1
Rv2310,fpg,Protein-Protein,1
Rv2310,Rv2954c,Protein-Protein,1
Rv2310,lipN,Protein-Protein,1
Rv2310,Rv2979c,Protein-Protein,1
Rv2310,Rv2990c,Protein-Protein,1
Rv2310,ilvB1,Protein-Protein,1
Rv2310,hab,Protein-Protein,1
Rv2310,Rv3353c,Protein-Protein,1
Rv2310,folD,Protein-Protein,1
Rv2310,Rv3362c,Protein-Protein,1
Rv2310,Rv3627c,Protein-Protein,1
Rv2310,dppB,Protein-Protein,1
Rv2310,cyp137,Protein-Protein,1
Rv2310,Rv3725,Protein-Protein,1
Rv2310,Rv3779,Protein-Protein,1
Rv2310,fadD23,Protein-Protein,1
Rv2310,Rv3870,Protein-Protein,1
Rv2311,Rv2342,Protein-Protein,1
Rv2311,rbfA,Protein-Protein,1
Rv2311,moaC,Protein-Protein,1
Rv2312,PPE38,Protein-Protein,1
Rv2312,rubB,Protein-Protein,1
Rv2312,Rv3327,Protein-Protein,1
Rv2312,ftsH,Protein-Protein,1
Rv2313c,Rv2432c,Protein-Protein,1
Rv2313c,Rv2628,Protein-Protein,1
uspA,Rv3422c,Protein-Protein,1
uspC,apt,Protein-Protein,1
uspC,Rv3707c,Protein-Protein,1
uspC,Rv3840,Protein-Protein,1
rocD2,Rv2638,Protein-Protein,1
rocD1,PE27,Protein-Protein,1
rocD1,PPE48,Protein-Protein,1
rocD1,Rv3072c,Protein-Protein,1
rocD1,Rv3094c,Protein-Protein,1
rocD1,hpx,Protein-Protein,1
rocD1,fabG,Protein-Protein,1
Rv2323c,dut,Protein-Protein,1
Rv2323c,Rv3760,Protein-Protein,1
Rv2324,Rv2581c,Protein-Protein,1
Rv2324,wbbL1,Protein-Protein,1
Rv2331A,Rv3180c,Protein-Protein,1
Rv2331A,whiB3,Protein-Protein,1
Rv2331,Rv2696c,Protein-Protein,1
Rv2331,Rv2728c,Protein-Protein,1
mez,scoB,Protein-Protein,1
mez,PE33,Protein-Protein,1
cysK1,Rv3837c,Protein-Protein,1
cysE,uvrD2,Protein-Protein,1
cysE,Rv3327,Protein-Protein,1
Rv2336,Rv3474,Protein-Protein,1
Rv2336,hpt,Protein-Protein,1
moeW,Rv2655c,Protein-Protein,1
PE_PGRS39,usfY,Protein-Protein,1
PE_PGRS39,Rv3424c,Protein-Protein,1
lppQ,Rv2446c,Protein-Protein,1
lppQ,Rv2451,Protein-Protein,1
lppQ,Rv2550c,Protein-Protein,1
lppQ,Rv2778c,Protein-Protein,1
lppQ,Rv2830c,Protein-Protein,1
lppQ,rnhB,Protein-Protein,1
lppQ,Rv2910c,Protein-Protein,1
lppQ,Rv2997,Protein-Protein,1
lppQ,PPE46,Protein-Protein,1
lppQ,Rv3177,Protein-Protein,1
lppQ,Rv3294c,Protein-Protein,1
lppQ,amiB1,Protein-Protein,1
lppQ,Rv3897c,Protein-Protein,1
Rv2342,orn,Protein-Protein,1
Rv2342,Rv3717,Protein-Protein,1
dnaG,Rv3424c,Protein-Protein,1
dnaG,PE_PGRS60,Protein-Protein,1
dgt,ppsE,Protein-Protein,1
dgt,Rv3422c,Protein-Protein,1
esxO,esxP,Protein-Protein,1
esxO,rpfE,Protein-Protein,1
esxO,glbO,Protein-Protein,1
esxO,citE,Protein-Protein,1
esxO,Rv3385c,Protein-Protein,1
esxO,esxW,Protein-Protein,1
esxO,Rv3630,Protein-Protein,1
esxO,Rv3636,Protein-Protein,1
esxO,esxA,Protein-Protein,1
esxP,Rv2800,Protein-Protein,1
esxP,Rv2844,Protein-Protein,1
esxP,rmlC,Protein-Protein,1
esxP,Rv3733c,Protein-Protein,1
esxP,esxA,Protein-Protein,1
Rv2348c,Rv3661,Protein-Protein,1
plcC,hemE,Protein-Protein,1
plcB,Rv3658c,Protein-Protein,1
PPE38,tig,Protein-Protein,1
PPE38,Rv2475c,Protein-Protein,1
PPE38,Rv2645,Protein-Protein,1
PPE38,ceoB,Protein-Protein,1
PPE38,Rv2872,Protein-Protein,1
PPE38,drrB,Protein-Protein,1
PPE38,Rv3098c,Protein-Protein,1
PPE38,whiB3,Protein-Protein,1
PPE38,Rv3424c,Protein-Protein,1
PPE38,Rv3438,Protein-Protein,1
PPE38,hpt,Protein-Protein,1
PPE38,Rv3672c,Protein-Protein,1
PPE38,Rv3741c,Protein-Protein,1
PPE38,tyrA,Protein-Protein,1
PPE39,Rv3717,Protein-Protein,1
PPE40,Rv2843,Protein-Protein,1
PPE40,aofH,Protein-Protein,1
glyS,Rv2390c,Protein-Protein,1
glyS,apt,Protein-Protein,1
glyS,Rv3387,Protein-Protein,1
Rv2361c,PE_PGRS40,Protein-Protein,1
Rv2361c,Rv3180c,Protein-Protein,1
Rv2361c,ispF,Protein-Protein,1
Rv2361c,esxA,Protein-Protein,1
recO,Rv2465c,Protein-Protein,1
recO,Rv2554c,Protein-Protein,1
recO,Rv2596,Protein-Protein,1
recO,tesA,Protein-Protein,1
recO,alkB,Protein-Protein,1
recO,Rv3870,Protein-Protein,1
amiA2,Rv2530c,Protein-Protein,1
amiA2,Rv2618,Protein-Protein,1
era,Rv2595,Protein-Protein,1
Rv2366c,ahpC,Protein-Protein,1
Rv2366c,lppU,Protein-Protein,1
Rv2366c,whiB7,Protein-Protein,1
Rv2367c,Rv2901c,Protein-Protein,1
phoH1,Rv3134c,Protein-Protein,1
phoH1,Rv3599c,Protein-Protein,1
phoH1,Rv3717,Protein-Protein,1
Rv2369c,Rv2563,Protein-Protein,1
Rv2369c,Rv2739c,Protein-Protein,1
Rv2369c,Rv2915c,Protein-Protein,1
Rv2369c,Rv3312c,Protein-Protein,1
Rv2369c,dnaE2,Protein-Protein,1
Rv2369c,Rv3643,Protein-Protein,1
Rv2369c,Rv3871,Protein-Protein,1
Rv2372c,aroK,Protein-Protein,1
Rv2372c,Rv2574,Protein-Protein,1
Rv2372c,Rv2617c,Protein-Protein,1
Rv2372c,Rv2742c,Protein-Protein,1
Rv2372c,mqo,Protein-Protein,1
Rv2372c,echA18.1,Protein-Protein,1
Rv2372c,Rv3525c,Protein-Protein,1
Rv2372c,Rv3526,Protein-Protein,1
Rv2372c,TB11.2,Protein-Protein,1
Rv2372c,Rv3638,Protein-Protein,1
Rv2372c,Rv3698,Protein-Protein,1
Rv2372c,Rv3806c,Protein-Protein,1
Rv2372c,Rv3844,Protein-Protein,1
Rv2372c,Rv3860,Protein-Protein,1
Rv2372c,Rv3895c,Protein-Protein,1
Rv2372c,esxF,Protein-Protein,1
dnaJ2,Rv2752c,Protein-Protein,1
dnaJ2,pknK,Protein-Protein,1
dnaJ2,ligC,Protein-Protein,1
hrcA,PPE45,Protein-Protein,1
hrcA,Rv3779,Protein-Protein,1
hrcA,Rv3836,Protein-Protein,1
hrcA,Rv3901c,Protein-Protein,1
Rv2375,Rv3094c,Protein-Protein,1
mbtH,Rv3438,Protein-Protein,1
mbtE,sseA,Protein-Protein,1
mbtE,Rv3412,Protein-Protein,1
mbtB,ndkA,Protein-Protein,1
mbtB,Rv2758c,Protein-Protein,1
mbtJ,nadD,Protein-Protein,1
mbtJ,nuoM,Protein-Protein,1
mbtJ,Rv3466,Protein-Protein,1
mbtJ,menG,Protein-Protein,1
mbtI,Rv2409c,Protein-Protein,1
mbtI,Rv3327,Protein-Protein,1
Rv2387,Rv2624c,Protein-Protein,1
Rv2387,viuB,Protein-Protein,1
Rv2387,Rv3438,Protein-Protein,1
cysH,pepQ,Protein-Protein,1
cysH,Rv2696c,Protein-Protein,1
cysH,panC,Protein-Protein,1
cysH,Rv3629c,Protein-Protein,1
cysH,Rv3750c,Protein-Protein,1
cysH,Rv3849,Protein-Protein,1
Rv2393,sigB,Protein-Protein,1
Rv2393,dapB,Protein-Protein,1
Rv2393,Rv2801c,Protein-Protein,1
Rv2393,Rv3466,Protein-Protein,1
Rv2393,echA19,Protein-Protein,1
PE_PGRS41,glbO,Protein-Protein,1
PE_PGRS41,Rv2897c,Protein-Protein,1
PE_PGRS41,Rv3636,Protein-Protein,1
cysA1,wbbL1,Protein-Protein,1
cysW,Rv2465c,Protein-Protein,1
subI,cadI,Protein-Protein,1
Rv2401,Rv2636,Protein-Protein,1
Rv2401,folD,Protein-Protein,1
Rv2401,whiB3,Protein-Protein,1
Rv2401,whiB4,Protein-Protein,1
Rv2401,Rv3691,Protein-Protein,1
lppR,Rv2669,Protein-Protein,1
Rv2405,Rv2547,Protein-Protein,1
Rv2405,ribD,Protein-Protein,1
Rv2405,dapB,Protein-Protein,1
Rv2405,Rv3785,Protein-Protein,1
Rv2406c,Rv3408,Protein-Protein,1
Rv2406c,Rv3741c,Protein-Protein,1
Rv2407,Rv2569c,Protein-Protein,1
Rv2407,Rv2665,Protein-Protein,1
Rv2407,Rv2723,Protein-Protein,1
Rv2407,PE27A,Protein-Protein,1
Rv2407,nuoI,Protein-Protein,1
Rv2407,nuoJ,Protein-Protein,1
Rv2407,PE_PGRS57,Protein-Protein,1
Rv2407,Rv3521,Protein-Protein,1
Rv2407,Rv3762c,Protein-Protein,1
PE24,Rv3272,Protein-Protein,1
PE24,Rv3475,Protein-Protein,1
Rv2409c,dapB,Protein-Protein,1
Rv2409c,spoU,Protein-Protein,1
Rv2409c,ppa,Protein-Protein,1
Rv2410c,fadE30,Protein-Protein,1
Rv2411c,Rv2805,Protein-Protein,1
rpsT,mrr,Protein-Protein,1
rpsT,Rv2825c,Protein-Protein,1
rpsT,Rv3281,Protein-Protein,1
rpsT,Rv3412,Protein-Protein,1
Rv2413c,Rv3633,Protein-Protein,1
Rv2414c,whiB7,Protein-Protein,1
Rv2415c,Rv2798c,Protein-Protein,1
Rv2415c,Rv2880c,Protein-Protein,1
Rv2415c,esxR,Protein-Protein,1
Rv2415c,nuoI,Protein-Protein,1
Rv2415c,Rv3851,Protein-Protein,1
eis,Rv2468c,Protein-Protein,1
eis,Rv2636,Protein-Protein,1
eis,whiB3,Protein-Protein,1
Rv2417c,Rv2561,Protein-Protein,1
Rv2417c,Rv2600,Protein-Protein,1
Rv2417c,dedA,Protein-Protein,1
Rv2417c,Rv2668,Protein-Protein,1
Rv2417c,Rv2970A,Protein-Protein,1
Rv2417c,hupB,Protein-Protein,1
Rv2417c,rubB,Protein-Protein,1
Rv2417c,Rv3352c,Protein-Protein,1
Rv2417c,mce4A,Protein-Protein,1
Rv2417c,Rv3577,Protein-Protein,1
Rv2418c,Rv2717c,Protein-Protein,1
Rv2418c,dapB,Protein-Protein,1
Rv2418c,whiB7,Protein-Protein,1
Rv2418c,whiB3,Protein-Protein,1
Rv2418c,Rv3827c,Protein-Protein,1
Rv2419c,aspS,Protein-Protein,1
Rv2419c,Rv2740,Protein-Protein,1
Rv2419c,Rv2808,Protein-Protein,1
Rv2419c,Rv3072c,Protein-Protein,1
Rv2419c,Rv3073c,Protein-Protein,1
Rv2419c,echA18.1,Protein-Protein,1
Rv2419c,Rv3475,Protein-Protein,1
Rv2419c,Rv3807c,Protein-Protein,1
nadD,Rv2792c,Protein-Protein,1
Rv2423,PE_PGRS61,Protein-Protein,1
Rv2424c,dfrA,Protein-Protein,1
Rv2424c,lipV,Protein-Protein,1
Rv2424c,wbbL1,Protein-Protein,1
Rv2426c,pdhA,Protein-Protein,1
Rv2426c,Rv2604c,Protein-Protein,1
Rv2426c,Rv2729c,Protein-Protein,1
Rv2426c,Rv3519,Protein-Protein,1
Rv2426c,asd,Protein-Protein,1
proA,rplM,Protein-Protein,1
proA,Rv3535c,Protein-Protein,1
ahpC,Rv3753c,Protein-Protein,1
ahpD,ahpD,Protein-Protein,1
ahpD,Rv2622,Protein-Protein,1
ahpD,Rv2715,Protein-Protein,1
ahpD,dfrA,Protein-Protein,1
ahpD,Rv2817c,Protein-Protein,1
ahpD,Rv2821c,Protein-Protein,1
ahpD,Rv2828c,Protein-Protein,1
ahpD,nagA,Protein-Protein,1
ahpD,ppa,Protein-Protein,1
ahpD,fadE35,Protein-Protein,1
PPE41,Rv2475c,Protein-Protein,1
PPE41,Rv2669,Protein-Protein,1
PPE41,hemE,Protein-Protein,1
PPE41,Rv2718c,Protein-Protein,1
PPE41,Rv3312A,Protein-Protein,1
Rv2432c,dapB,Protein-Protein,1
Rv2434c,Rv2446c,Protein-Protein,1
Rv2434c,Rv2991,Protein-Protein,1
rbsK,Rv2997,Protein-Protein,1
rbsK,topA,Protein-Protein,1
Rv2437,topA,Protein-Protein,1
Rv2438A,Rv2989,Protein-Protein,1
obg,fas,Protein-Protein,1
obg,Rv3035,Protein-Protein,1
obg,Rv3901c,Protein-Protein,1
rpmA,Rv3789,Protein-Protein,1
rplU,Rv3113,Protein-Protein,1
rplU,Rv3530c,Protein-Protein,1
ndkA,dhaA,Protein-Protein,1
ndkA,Rv2633c,Protein-Protein,1
ndkA,Rv2723,Protein-Protein,1
ndkA,Rv2910c,Protein-Protein,1
ndkA,fixA,Protein-Protein,1
ndkA,Rv3362c,Protein-Protein,1
ndkA,PE_PGRS55,Protein-Protein,1
ndkA,PE_PGRS60,Protein-Protein,1
Rv2446c,Rv2630,Protein-Protein,1
Rv2446c,Rv2843,Protein-Protein,1
Rv2446c,Rv3175,Protein-Protein,1
Rv2446c,whiB7,Protein-Protein,1
Rv2446c,wbbL1,Protein-Protein,1
folC,aglA,Protein-Protein,1
folC,Rv3422c,Protein-Protein,1
Rv2449c,Rv2717c,Protein-Protein,1
Rv2449c,Rv2997,Protein-Protein,1
rpfE,Rv2668,Protein-Protein,1
rpfE,thyX,Protein-Protein,1
rpfE,trmD,Protein-Protein,1
rpfE,moaE1,Protein-Protein,1
rpfE,Rv3489,Protein-Protein,1
rpfE,lppH,Protein-Protein,1
rpfE,fic,Protein-Protein,1
rpfE,Rv3906c,Protein-Protein,1
Rv2451,Rv3364c,Protein-Protein,1
Rv2452c,ribD,Protein-Protein,1
mobA,Rv2547,Protein-Protein,1
mobA,Rv3237c,Protein-Protein,1
Rv2454c,Rv2622,Protein-Protein,1
Rv2454c,fadE35,Protein-Protein,1
mmuM,echA17,Protein-Protein,1
mmuM,aroA,Protein-Protein,1
mmuM,Rv3773c,Protein-Protein,1
Rv2459,Rv2665,Protein-Protein,1
Rv2459,Rv2717c,Protein-Protein,1
Rv2459,Rv2857c,Protein-Protein,1
clpP2,esxB,Protein-Protein,1
clpP1,Rv3720,Protein-Protein,1
lipP,Rv2669,Protein-Protein,1
lipP,Rv2696c,Protein-Protein,1
lipP,Rv2867c,Protein-Protein,1
lipP,folD,Protein-Protein,1
lipP,PPE58,Protein-Protein,1
Rv2464c,Rv2509,Protein-Protein,1
Rv2464c,Rv2665,Protein-Protein,1
Rv2464c,Rv2698,Protein-Protein,1
Rv2464c,Rv2854,Protein-Protein,1
Rv2464c,echA21,Protein-Protein,1
Rv2464c,Rv3881c,Protein-Protein,1
Rv2465c,dapB,Protein-Protein,1
Rv2465c,Rv2806,Protein-Protein,1
Rv2465c,Rv3672c,Protein-Protein,1
Rv2465c,Rv3686c,Protein-Protein,1
Rv2465c,Rv3745c,Protein-Protein,1
Rv2468c,dapB,Protein-Protein,1
Rv2468c,gpm2,Protein-Protein,1
Rv2468c,Rv3291c,Protein-Protein,1
Rv2468c,esxA,Protein-Protein,1
Rv2469c,Rv2475c,Protein-Protein,1
Rv2469c,TB11.2,Protein-Protein,1
Rv2469c,PE_PGRS60,Protein-Protein,1
glbO,Rv3686c,Protein-Protein,1
aglA,Rv2655c,Protein-Protein,1
aglA,cysG,Protein-Protein,1
aglA,Rv3672c,Protein-Protein,1
Rv2472,Rv2651c,Protein-Protein,1
Rv2472,dapB,Protein-Protein,1
Rv2472,echA18,Protein-Protein,1
Rv2472,whiB3,Protein-Protein,1
Rv2472,Rv3817,Protein-Protein,1
Rv2473,PE_PGRS45,Protein-Protein,1
Rv2473,Rv2758c,Protein-Protein,1
Rv2473,PE29,Protein-Protein,1
Rv2473,folD,Protein-Protein,1
Rv2473,whiB3,Protein-Protein,1
Rv2473,echA19,Protein-Protein,1
Rv2473,Rv3604c,Protein-Protein,1
Rv2474c,leuA,Protein-Protein,1
Rv2475c,Rv2475c,Protein-Protein,1
Rv2475c,accA1,Protein-Protein,1
Rv2475c,Rv2581c,Protein-Protein,1
Rv2475c,Rv2676c,Protein-Protein,1
Rv2475c,Rv2730,Protein-Protein,1
Rv2475c,Rv2808,Protein-Protein,1
Rv2477c,fadE23,Protein-Protein,1
Rv2478c,ilvB1,Protein-Protein,1
Rv2478c,metA,Protein-Protein,1
Rv2478c,whiB3,Protein-Protein,1
Rv2478c,Rv3669,Protein-Protein,1
Rv2481c,dfrA,Protein-Protein,1
Rv2481c,Rv3126c,Protein-Protein,1
echA14,cysG,Protein-Protein,1
echA14,cmaA1,Protein-Protein,1
echA14,Rv3878,Protein-Protein,1
Rv2491,Rv2665,Protein-Protein,1
Rv2491,Rv3327,Protein-Protein,1
Rv2494,Rv2551c,Protein-Protein,1
pdhB,Rv3183,Protein-Protein,1
pdhA,Rv2709,Protein-Protein,1
pdhA,mpt83,Protein-Protein,1
citE,Rv2696c,Protein-Protein,1
citE,mpt70,Protein-Protein,1
citE,Rv3870,Protein-Protein,1
fadE19,gatA,Protein-Protein,1
fadE19,Rv3126c,Protein-Protein,1
accA1,Rv2867c,Protein-Protein,1
accA1,nuoC,Protein-Protein,1
accA1,Rv3702c,Protein-Protein,1
accD1,Rv2636,Protein-Protein,1
scoB,Rv3845,Protein-Protein,1
scoA,Rv2857c,Protein-Protein,1
scoA,Rv3216,Protein-Protein,1
scoA,whiB3,Protein-Protein,1
scoA,Rv3778c,Protein-Protein,1
Rv2506,dapB,Protein-Protein,1
Rv2506,ctaD,Protein-Protein,1
Rv2507,Rv2574,Protein-Protein,1
Rv2507,dapB,Protein-Protein,1
Rv2507,Rv3008,Protein-Protein,1
Rv2507,trmU,Protein-Protein,1
Rv2507,Rv3430c,Protein-Protein,1
Rv2507,Rv3778c,Protein-Protein,1
Rv2507,Rv3787c,Protein-Protein,1
Rv2509,uvrD2,Protein-Protein,1
orn,PE_PGRS63,Protein-Protein,1
orn,Rv3861,Protein-Protein,1
orn,rnpA,Protein-Protein,1
Rv2512c,Rv2872,Protein-Protein,1
Rv2512c,Rv3180c,Protein-Protein,1
Rv2512c,whiB7,Protein-Protein,1
Rv2513,Rv3174,Protein-Protein,1
Rv2516c,PE33,Protein-Protein,1
Rv2516c,Rv3745c,Protein-Protein,1
Rv2516c,Rv3805c,Protein-Protein,1
Rv2516c,Rv3915,Protein-Protein,1
PE26,Rv2765,Protein-Protein,1
PE26,Rv2954c,Protein-Protein,1
Rv2520c,sigD,Protein-Protein,1
fas,Rv2577,Protein-Protein,1
fas,PPE48,Protein-Protein,1
Rv2526,Rv2595,Protein-Protein,1
Rv2527,Rv2969c,Protein-Protein,1
mrr,aroE,Protein-Protein,1
Rv2530c,rpmH,Protein-Protein,1
Rv2532c,Rv2545,Protein-Protein,1
nusB,Rv3815c,Protein-Protein,1
nusB,Rv3840,Protein-Protein,1
efp,PPE67,Protein-Protein,1
pepQ,Rv2621c,Protein-Protein,1
pepQ,echA21,Protein-Protein,1
Rv2536,Rv2630,Protein-Protein,1
aroB,PPE69,Protein-Protein,1
aroK,dapB,Protein-Protein,1
aroK,Rv3369,Protein-Protein,1
aroK,Rv3434c,Protein-Protein,1
aroF,Rv2547,Protein-Protein,1
aroF,Rv2554c,Protein-Protein,1
aroF,Rv2621c,Protein-Protein,1
aroF,Rv2758c,Protein-Protein,1
aroF,serB2,Protein-Protein,1
aroF,whiB3,Protein-Protein,1
aroF,Rv3536c,Protein-Protein,1
aroF,ispD,Protein-Protein,1
aroF,Rv3672c,Protein-Protein,1
aroF,Rv3844,Protein-Protein,1
Rv2541,dapB,Protein-Protein,1
Rv2541,rncS,Protein-Protein,1
Rv2541,Rv3113,Protein-Protein,1
Rv2541,lppH,Protein-Protein,1
Rv2541,ispD,Protein-Protein,1
lppA,Rv3773c,Protein-Protein,1
lppB,Rv3198A,Protein-Protein,1
lppB,Rv3773c,Protein-Protein,1
lppB,Rv3815c,Protein-Protein,1
Rv2545,Rv2636,Protein-Protein,1
Rv2546,Rv2706c,Protein-Protein,1
Rv2546,recX,Protein-Protein,1
Rv2546,dapB,Protein-Protein,1
Rv2546,Rv3430c,Protein-Protein,1
Rv2547,Rv2547,Protein-Protein,1
Rv2547,Rv2821c,Protein-Protein,1
Rv2547,Rv3091,Protein-Protein,1
Rv2547,asd,Protein-Protein,1
Rv2547,sodA,Protein-Protein,1
Rv2547,esxF,Protein-Protein,1
Rv2548,cut5a,Protein-Protein,1
Rv2549c,Rv2750,Protein-Protein,1
Rv2549c,icd1,Protein-Protein,1
Rv2550c,Rv2752c,Protein-Protein,1
Rv2550c,whiB3,Protein-Protein,1
Rv2550c,Rv3453,Protein-Protein,1
Rv2550c,radA,Protein-Protein,1
Rv2550c,PPE65,Protein-Protein,1
Rv2550c,hpt,Protein-Protein,1
Rv2550c,ppa,Protein-Protein,1
aroE,Rv3047c,Protein-Protein,1
aroE,Rv3642c,Protein-Protein,1
Rv2554c,Rv2762c,Protein-Protein,1
Rv2554c,cobO,Protein-Protein,1
Rv2554c,mapB,Protein-Protein,1
Rv2554c,Rv3030,Protein-Protein,1
Rv2554c,radA,Protein-Protein,1
Rv2554c,Rv3827c,Protein-Protein,1
Rv2554c,gid,Protein-Protein,1
Rv2557,lppU,Protein-Protein,1
Rv2557,Rv3333c,Protein-Protein,1
Rv2560,gabT,Protein-Protein,1
Rv2560,sigB,Protein-Protein,1
Rv2560,Rv3007c,Protein-Protein,1
Rv2560,PE29,Protein-Protein,1
Rv2561,Rv2585c,Protein-Protein,1
Rv2561,Rv2728c,Protein-Protein,1
Rv2563,dfrA,Protein-Protein,1
Rv2563,Rv3057c,Protein-Protein,1
glnQ,rnpA,Protein-Protein,1
Rv2566,Rv2661c,Protein-Protein,1
Rv2566,Rv3639c,Protein-Protein,1
Rv2568c,Rv3466,Protein-Protein,1
Rv2569c,Rv2695,Protein-Protein,1
Rv2569c,Rv2805,Protein-Protein,1
Rv2569c,glpQ1,Protein-Protein,1
Rv2570,Rv2825c,Protein-Protein,1
Rv2570,Rv3527,Protein-Protein,1
Rv2571c,Rv2669,Protein-Protein,1
aspS,Rv2857c,Protein-Protein,1
aspS,Rv3836,Protein-Protein,1
Rv2573,Rv3541c,Protein-Protein,1
Rv2574,Rv3773c,Protein-Protein,1
Rv2577,Rv2800,Protein-Protein,1
Rv2577,Rv3406,Protein-Protein,1
Rv2577,Rv3688c,Protein-Protein,1
Rv2578c,Rv3172c,Protein-Protein,1
Rv2578c,mesJ,Protein-Protein,1
Rv2581c,Rv2650c,Protein-Protein,1
Rv2581c,hsdM,Protein-Protein,1
Rv2581c,cysG,Protein-Protein,1
Rv2581c,hupB,Protein-Protein,1
Rv2581c,Rv3172c,Protein-Protein,1
Rv2581c,Rv3600c,Protein-Protein,1
ppiB,Rv3073c,Protein-Protein,1
ppiB,Rv3613c,Protein-Protein,1
apt,Rv2596,Protein-Protein,1
apt,dfrA,Protein-Protein,1
apt,Rv2867c,Protein-Protein,1
apt,pgmA,Protein-Protein,1
apt,Rv3438,Protein-Protein,1
apt,mce4A,Protein-Protein,1
apt,whiB4,Protein-Protein,1
apt,Rv3807c,Protein-Protein,1
apt,Rv3897c,Protein-Protein,1
Rv2585c,fadD13,Protein-Protein,1
Rv2585c,Rv3182,Protein-Protein,1
Rv2585c,Rv3412,Protein-Protein,1
Rv2585c,PE_PGRS60,Protein-Protein,1
secF,Rv3422c,Protein-Protein,1
secF,ligC,Protein-Protein,1
secF,gid,Protein-Protein,1
gabT,Rv2622,Protein-Protein,1
gabT,Rv2817c,Protein-Protein,1
gabT,Rv3773c,Protein-Protein,1
PE_PGRS44,Rv2669,Protein-Protein,1
PE_PGRS44,Rv3788,Protein-Protein,1
ruvA,purE,Protein-Protein,1
ruvC,Rv3525c,Protein-Protein,1
ruvC,Rv3555c,Protein-Protein,1
Rv2595,accD5,Protein-Protein,1
Rv2596,Rv3615c,Protein-Protein,1
Rv2596,Rv3637,Protein-Protein,1
Rv2596,cobQ2,Protein-Protein,1
Rv2598,dapB,Protein-Protein,1
Rv2598,purE,Protein-Protein,1
Rv2598,rpmH,Protein-Protein,1
Rv2599,dapB,Protein-Protein,1
Rv2599,Rv2990c,Protein-Protein,1
Rv2600,Rv3114,Protein-Protein,1
Rv2601A,Rv2635,Protein-Protein,1
Rv2601A,Rv2809,Protein-Protein,1
Rv2601A,Rv2825c,Protein-Protein,1
Rv2601A,PPE54,Protein-Protein,1
Rv2601A,rplM,Protein-Protein,1
Rv2601A,recR,Protein-Protein,1
Rv2602,esxS,Protein-Protein,1
Rv2602,Rv3175,Protein-Protein,1
Rv2602,esxW,Protein-Protein,1
Rv2602,Rv3878,Protein-Protein,1
Rv2603c,TB7.3,Protein-Protein,1
Rv2603c,Rv3475,Protein-Protein,1
Rv2603c,Rv3714c,Protein-Protein,1
Rv2604c,recX,Protein-Protein,1
Rv2604c,Rv3228,Protein-Protein,1
Rv2604c,Rv3278c,Protein-Protein,1
Rv2604c,Rv3400,Protein-Protein,1
tesB2,Rv2669,Protein-Protein,1
tesB2,Rv2696c,Protein-Protein,1
tesB2,dapB,Protein-Protein,1
tesB2,Rv3060c,Protein-Protein,1
Rv2606c,Rv2686c,Protein-Protein,1
Rv2606c,proS,Protein-Protein,1
Rv2606c,aldC,Protein-Protein,1
pdxH,Rv3243c,Protein-Protein,1
Rv2609c,Rv2728c,Protein-Protein,1
Rv2609c,echA18,Protein-Protein,1
pimA,Rv2665,Protein-Protein,1
pimA,drrA,Protein-Protein,1
pimA,whiB7,Protein-Protein,1
pimA,Rv3376,Protein-Protein,1
pimA,parB,Protein-Protein,1
Rv2611c,Rv2910c,Protein-Protein,1
Rv2611c,Rv3780,Protein-Protein,1
Rv2613c,proW,Protein-Protein,1
Rv2613c,Rv3908,Protein-Protein,1
Rv2614A,Rv2821c,Protein-Protein,1
Rv2614A,Rv3163c,Protein-Protein,1
Rv2614A,glmS,Protein-Protein,1
Rv2614A,Rv3857c,Protein-Protein,1
thrS,glpQ1,Protein-Protein,1
PE_PGRS45,amiA1,Protein-Protein,1
Rv2616,Rv2960c,Protein-Protein,1
Rv2616,Rv2962c,Protein-Protein,1
Rv2616,nrdI,Protein-Protein,1
Rv2616,Rv3237c,Protein-Protein,1
Rv2616,Rv3521,Protein-Protein,1
Rv2616,Rv3906c,Protein-Protein,1
Rv2617c,Rv2669,Protein-Protein,1
Rv2617c,fabG,Protein-Protein,1
Rv2617c,dapB,Protein-Protein,1
Rv2617c,Rv3434c,Protein-Protein,1
Rv2617c,Rv3600c,Protein-Protein,1
Rv2618,Rv2618,Protein-Protein,1
Rv2618,Rv3093c,Protein-Protein,1
Rv2618,nuoI,Protein-Protein,1
Rv2618,Rv3639c,Protein-Protein,1
Rv2618,PPE68,Protein-Protein,1
Rv2621c,Rv3920c,Protein-Protein,1
Rv2622,dapB,Protein-Protein,1
Rv2622,Rv3221A,Protein-Protein,1
Rv2622,whiB4,Protein-Protein,1
Rv2626c,topA,Protein-Protein,1
Rv2628,Rv2867c,Protein-Protein,1
Rv2628,Rv2952,Protein-Protein,1
Rv2629,Rv2638,Protein-Protein,1
Rv2629,ppgK,Protein-Protein,1
Rv2629,Rv3817,Protein-Protein,1
Rv2630,Rv2880c,Protein-Protein,1
Rv2630,Rv3369,Protein-Protein,1
Rv2630,Rv3422c,Protein-Protein,1
Rv2631,aldC,Protein-Protein,1
Rv2631,cmaA1,Protein-Protein,1
Rv2631,Rv3690,Protein-Protein,1
Rv2633c,Rv2822c,Protein-Protein,1
Rv2633c,choD,Protein-Protein,1
Rv2633c,Rv3741c,Protein-Protein,1
PE_PGRS46,Rv2857c,Protein-Protein,1
PE_PGRS46,Rv2989,Protein-Protein,1
Rv2635,Rv3570c,Protein-Protein,1
Rv2635,Rv3600c,Protein-Protein,1
Rv2636,Rv2738c,Protein-Protein,1
Rv2636,Rv3049c,Protein-Protein,1
Rv2636,Rv3258c,Protein-Protein,1
Rv2636,amiA1,Protein-Protein,1
Rv2636,Rv3359,Protein-Protein,1
Rv2636,Rv3430c,Protein-Protein,1
Rv2636,Rv3741c,Protein-Protein,1
Rv2636,proW,Protein-Protein,1
Rv2636,Rv3777,Protein-Protein,1
Rv2636,pheA,Protein-Protein,1
Rv2636,Rv3882c,Protein-Protein,1
dedA,Rv2730,Protein-Protein,1
dedA,dapB,Protein-Protein,1
dedA,Rv2862c,Protein-Protein,1
dedA,amiA1,Protein-Protein,1
dedA,Rv3394c,Protein-Protein,1
dedA,Rv3472,Protein-Protein,1
dedA,Rv3762c,Protein-Protein,1
Rv2638,Rv2844,Protein-Protein,1
cadI,cadI,Protein-Protein,1
cadI,ilvB1,Protein-Protein,1
Rv2644c,dppB,Protein-Protein,1
Rv2645,nuoA,Protein-Protein,1
Rv2645,Rv3481c,Protein-Protein,1
Rv2650c,Rv3471c,Protein-Protein,1
Rv2651c,Rv2915c,Protein-Protein,1
Rv2651c,fbiA,Protein-Protein,1
Rv2651c,Rv3782,Protein-Protein,1
Rv2651c,esxA,Protein-Protein,1
Rv2653c,Rv2791c,Protein-Protein,1
Rv2653c,Rv2828c,Protein-Protein,1
Rv2653c,Rv2990c,Protein-Protein,1
Rv2653c,nagA,Protein-Protein,1
Rv2653c,fabG,Protein-Protein,1
Rv2653c,PE_PGRS61,Protein-Protein,1
Rv2655c,esxR,Protein-Protein,1
Rv2655c,wbbL1,Protein-Protein,1
Rv2655c,Rv3327,Protein-Protein,1
Rv2656c,Rv3661,Protein-Protein,1
Rv2656c,Rv3778c,Protein-Protein,1
Rv2660c,Rv2851c,Protein-Protein,1
Rv2660c,Rv3134c,Protein-Protein,1
Rv2660c,glpQ1,Protein-Protein,1
Rv2662,Rv2696c,Protein-Protein,1
Rv2665,Rv2680,Protein-Protein,1
Rv2665,Rv2686c,Protein-Protein,1
Rv2665,Rv2708c,Protein-Protein,1
Rv2665,hsdS,Protein-Protein,1
Rv2665,Rv2762c,Protein-Protein,1
Rv2665,Rv2795c,Protein-Protein,1
Rv2665,Rv2857c,Protein-Protein,1
Rv2665,purU,Protein-Protein,1
Rv2665,ilvB1,Protein-Protein,1
Rv2665,PPE51,Protein-Protein,1
Rv2665,Rv3216,Protein-Protein,1
Rv2665,PPE60,Protein-Protein,1
Rv2665,ispD,Protein-Protein,1
Rv2665,Rv3698,Protein-Protein,1
Rv2666,moaE1,Protein-Protein,1
Rv2666,esxV,Protein-Protein,1
clpC2,clpC2,Protein-Protein,1
Rv2668,PE_PGRS62,Protein-Protein,1
Rv2668,Rv3845,Protein-Protein,1
Rv2669,hflX,Protein-Protein,1
Rv2669,ugpE,Protein-Protein,1
Rv2669,xerC,Protein-Protein,1
Rv2669,gatA,Protein-Protein,1
Rv2669,Rv3182,Protein-Protein,1
Rv2669,Rv3395c,Protein-Protein,1
Rv2669,bphD,Protein-Protein,1
Rv2669,ephA,Protein-Protein,1
Rv2669,Rv3672c,Protein-Protein,1
Rv2669,Rv3718c,Protein-Protein,1
Rv2669,Rv3777,Protein-Protein,1
Rv2669,Rv3818,Protein-Protein,1
Rv2669,ethA,Protein-Protein,1
Rv2669,Rv3882c,Protein-Protein,1
Rv2670c,Rv2719c,Protein-Protein,1
Rv2670c,aroA,Protein-Protein,1
Rv2670c,fdxB,Protein-Protein,1
Rv2670c,ask,Protein-Protein,1
ribD,pepR,Protein-Protein,1
ribD,esxR,Protein-Protein,1
ribD,glpQ1,Protein-Protein,1
Rv2673,Rv2695,Protein-Protein,1
Rv2673,Rv3195,Protein-Protein,1
Rv2673,ppa,Protein-Protein,1
Rv2673,Rv3768,Protein-Protein,1
Rv2674,dapB,Protein-Protein,1
Rv2674,rpsO,Protein-Protein,1
Rv2674,dnaE2,Protein-Protein,1
Rv2674,Rv3471c,Protein-Protein,1
Rv2674,Rv3733c,Protein-Protein,1
Rv2674,Rv3814c,Protein-Protein,1
Rv2674,Rv3909,Protein-Protein,1
Rv2676c,Rv2762c,Protein-Protein,1
Rv2676c,dfrA,Protein-Protein,1
Rv2676c,Rv3765c,Protein-Protein,1
hemY,whiB3,Protein-Protein,1
hemY,Rv3767c,Protein-Protein,1
hemE,nuoC,Protein-Protein,1
hemE,TB7.3,Protein-Protein,1
hemE,Rv3566A,Protein-Protein,1
hemE,Rv3788,Protein-Protein,1
hemE,Rv3827c,Protein-Protein,1
Rv2680,Rv3131,Protein-Protein,1
Rv2683,dapB,Protein-Protein,1
Rv2683,Rv3071,Protein-Protein,1
Rv2683,Rv3174,Protein-Protein,1
Rv2683,Rv3860,Protein-Protein,1
arsA,Rv3749c,Protein-Protein,1
Rv2686c,Rv3352c,Protein-Protein,1
Rv2686c,Rv3630,Protein-Protein,1
Rv2687c,sodA,Protein-Protein,1
Rv2688c,Rv3519,Protein-Protein,1
Rv2690c,Rv3076,Protein-Protein,1
Rv2690c,Rv3600c,Protein-Protein,1
Rv2690c,dppC,Protein-Protein,1
ceoB,ceoC,Protein-Protein,1
ceoB,pmmB,Protein-Protein,1
ceoB,esxB,Protein-Protein,1
ceoB,Rv3916c,Protein-Protein,1
Rv2693c,Rv2706c,Protein-Protein,1
Rv2695,thyX,Protein-Protein,1
Rv2695,dapB,Protein-Protein,1
Rv2695,Rv2864c,Protein-Protein,1
Rv2695,Rv3041c,Protein-Protein,1
Rv2695,Rv3329,Protein-Protein,1
Rv2695,Rv3371,Protein-Protein,1
Rv2695,Rv3422c,Protein-Protein,1
Rv2695,rplQ,Protein-Protein,1
Rv2695,Rv3796,Protein-Protein,1
Rv2696c,Rv2758c,Protein-Protein,1
Rv2696c,Rv2791c,Protein-Protein,1
Rv2696c,rncS,Protein-Protein,1
Rv2696c,trmU,Protein-Protein,1
Rv2696c,iscS,Protein-Protein,1
Rv2696c,Rv3235,Protein-Protein,1
Rv2696c,Rv3346c,Protein-Protein,1
Rv2696c,Rv3353c,Protein-Protein,1
Rv2696c,Rv3548c,Protein-Protein,1
Rv2696c,PE_PGRS60,Protein-Protein,1
Rv2696c,cut5a,Protein-Protein,1
dut,Rv2765,Protein-Protein,1
Rv2698,cobO,Protein-Protein,1
Rv2698,Rv3076,Protein-Protein,1
Rv2698,Rv3697c,Protein-Protein,1
Rv2698,cut5b,Protein-Protein,1
Rv2698,Rv3840,Protein-Protein,1
Rv2699c,Rv3088,Protein-Protein,1
Rv2699c,Rv3749c,Protein-Protein,1
Rv2700,dapB,Protein-Protein,1
Rv2700,Rv2880c,Protein-Protein,1
suhB,Rv3312c,Protein-Protein,1
Rv2704,PPE54,Protein-Protein,1
Rv2704,gid,Protein-Protein,1
Rv2705c,Rv2791c,Protein-Protein,1
Rv2705c,Rv2844,Protein-Protein,1
Rv2705c,Rv2910c,Protein-Protein,1
Rv2705c,Rv3471c,Protein-Protein,1
Rv2708c,Rv2762c,Protein-Protein,1
Rv2708c,nuoC,Protein-Protein,1
Rv2709,Rv3422c,Protein-Protein,1
Rv2709,Rv3672c,Protein-Protein,1
Rv2709,PPE68,Protein-Protein,1
sigB,Rv2757c,Protein-Protein,1
sigB,Rv2797c,Protein-Protein,1
sigB,drrC,Protein-Protein,1
sigB,Rv2954c,Protein-Protein,1
sigB,Rv2972c,Protein-Protein,1
sigB,gatA,Protein-Protein,1
sigB,PPE49,Protein-Protein,1
sigB,nuoC,Protein-Protein,1
sigB,whiB3,Protein-Protein,1
sigB,Rv3488,Protein-Protein,1
sigB,Rv3719,Protein-Protein,1
ideR,Rv3067,Protein-Protein,1
Rv2712c,Rv2952,Protein-Protein,1
Rv2712c,wbbL1,Protein-Protein,1
Rv2712c,echA19,Protein-Protein,1
Rv2714,Rv3636,Protein-Protein,1
Rv2715,Rv3073c,Protein-Protein,1
Rv2715,whiB7,Protein-Protein,1
Rv2716,recX,Protein-Protein,1
Rv2716,rnhB,Protein-Protein,1
Rv2716,coaD,Protein-Protein,1
Rv2716,nuoI,Protein-Protein,1
Rv2717c,Rv2826c,Protein-Protein,1
Rv2717c,drrC,Protein-Protein,1
Rv2717c,ligA,Protein-Protein,1
Rv2717c,fixA,Protein-Protein,1
Rv2717c,Rv3113,Protein-Protein,1
Rv2717c,Rv3224,Protein-Protein,1
Rv2717c,Rv3281,Protein-Protein,1
Rv2717c,PE31,Protein-Protein,1
Rv2719c,dapA,Protein-Protein,1
Rv2719c,Rv3294c,Protein-Protein,1
Rv2719c,Rv3327,Protein-Protein,1
lexA,Rv2804c,Protein-Protein,1
lexA,Rv3885c,Protein-Protein,1
lexA,rnpA,Protein-Protein,1
Rv2722,rncS,Protein-Protein,1
Rv2722,Rv2962c,Protein-Protein,1
Rv2722,Rv3412,Protein-Protein,1
Rv2723,whiB7,Protein-Protein,1
hflX,Rv2805,Protein-Protein,1
dapF,Rv2862c,Protein-Protein,1
dapF,esxB,Protein-Protein,1
Rv2728c,Rv3630,Protein-Protein,1
Rv2730,Rv2867c,Protein-Protein,1
Rv2730,Rv3683,Protein-Protein,1
Rv2730,Rv3847,Protein-Protein,1
Rv2730,Rv3868,Protein-Protein,1
Rv2730,Rv3889c,Protein-Protein,1
Rv2734,Rv3113,Protein-Protein,1
Rv2734,Rv3292,Protein-Protein,1
Rv2734,deoD,Protein-Protein,1
Rv2734,PPE56,Protein-Protein,1
Rv2735c,trmD,Protein-Protein,1
recX,Rv3632,Protein-Protein,1
Rv2738c,maf,Protein-Protein,1
Rv2738c,cut5b,Protein-Protein,1
Rv2739c,whiB3,Protein-Protein,1
Rv2740,Rv3073c,Protein-Protein,1
Rv2740,adhD,Protein-Protein,1
Rv2740,Rv3600c,Protein-Protein,1
PE_PGRS47,Rv3705c,Protein-Protein,1
Rv2742c,Rv2792c,Protein-Protein,1
Rv2742c,Rv3226c,Protein-Protein,1
Rv2742c,Rv3369,Protein-Protein,1
Rv2742c,cut5b,Protein-Protein,1
Rv2747,Rv3099c,Protein-Protein,1
Rv2747,Rv3552,Protein-Protein,1
Rv2747,Rv3700c,Protein-Protein,1
Rv2750,Rv2806,Protein-Protein,1
Rv2750,Rv2952,Protein-Protein,1
Rv2750,PE27A,Protein-Protein,1
Rv2750,dnaQ,Protein-Protein,1
Rv2751,echA21,Protein-Protein,1
dapA,wbbL1,Protein-Protein,1
dapA,Rv3387,Protein-Protein,1
hsdS.1,cdsA,Protein-Protein,1
hsdS.1,ilvN,Protein-Protein,1
hsdS.1,Rv3180c,Protein-Protein,1
hsdS.1,hpt,Protein-Protein,1
hsdS.1,Rv3632,Protein-Protein,1
hsdM,Rv2775,Protein-Protein,1
hsdM,folD,Protein-Protein,1
Rv2757c,dapB,Protein-Protein,1
Rv2757c,PPE50,Protein-Protein,1
Rv2758c,dapB,Protein-Protein,1
Rv2758c,rpsO,Protein-Protein,1
Rv2758c,Rv2971,Protein-Protein,1
Rv2758c,Rv3334,Protein-Protein,1
Rv2758c,Rv3485c,Protein-Protein,1
Rv2758c,PE_PGRS57,Protein-Protein,1
Rv2758c,dnaQ,Protein-Protein,1
Rv2760c,dxr,Protein-Protein,1
Rv2760c,Rv3362c,Protein-Protein,1
Rv2760c,guaB2,Protein-Protein,1
hsdS,Rv3134c,Protein-Protein,1
hsdS,folD,Protein-Protein,1
Rv2762c,Rv2805,Protein-Protein,1
Rv2762c,rbfA,Protein-Protein,1
Rv2762c,Rv3134c,Protein-Protein,1
Rv2762c,Rv3400,Protein-Protein,1
dfrA,Rv2806,Protein-Protein,1
dfrA,PE_PGRS63,Protein-Protein,1
dfrA,Rv3224A,Protein-Protein,1
dfrA,Rv3368c,Protein-Protein,1
dfrA,mce4A,Protein-Protein,1
thyA,esxQ,Protein-Protein,1
thyA,PPE60,Protein-Protein,1
thyA,Rv3920c,Protein-Protein,1
Rv2765,Rv2821c,Protein-Protein,1
Rv2765,cobB,Protein-Protein,1
Rv2765,amiA1,Protein-Protein,1
Rv2765,Rv3520c,Protein-Protein,1
Rv2765,Rv3718c,Protein-Protein,1
Rv2765,esxA,Protein-Protein,1
fabG,PPE61,Protein-Protein,1
fabG,Rv3779,Protein-Protein,1
PPE43,whiB3,Protein-Protein,1
PPE43,glpQ1,Protein-Protein,1
PE27,Rv3333c,Protein-Protein,1
PE27,Rv3669,Protein-Protein,1
Rv2772c,Rv3475,Protein-Protein,1
dapB,Rv2810c,Protein-Protein,1
dapB,mapB,Protein-Protein,1
dapB,pknI,Protein-Protein,1
dapB,ffh,Protein-Protein,1
dapB,glnD,Protein-Protein,1
dapB,Rv2944,Protein-Protein,1
dapB,esxR,Protein-Protein,1
dapB,PPE48,Protein-Protein,1
dapB,Rv3046c,Protein-Protein,1
dapB,Rv3073c,Protein-Protein,1
dapB,pknK,Protein-Protein,1
dapB,agpS,Protein-Protein,1
dapB,nuoJ,Protein-Protein,1
dapB,Rv3180c,Protein-Protein,1
dapB,Rv3182,Protein-Protein,1
dapB,Rv3209,Protein-Protein,1
dapB,TB7.3,Protein-Protein,1
dapB,Rv3224,Protein-Protein,1
dapB,Rv3277,Protein-Protein,1
dapB,PPE54,Protein-Protein,1
dapB,Rv3346c,Protein-Protein,1
dapB,Rv3352c,Protein-Protein,1
dapB,amiD,Protein-Protein,1
dapB,Rv3387,Protein-Protein,1
dapB,Rv3400,Protein-Protein,1
dapB,Rv3421c,Protein-Protein,1
dapB,Rv3422c,Protein-Protein,1
dapB,Rv3434c,Protein-Protein,1
dapB,Rv3475,Protein-Protein,1
dapB,PE31,Protein-Protein,1
dapB,PPE60,Protein-Protein,1
dapB,PE_PGRS57,Protein-Protein,1
dapB,Rv3559c,Protein-Protein,1
dapB,Rv3572,Protein-Protein,1
dapB,ispF,Protein-Protein,1
dapB,ppa,Protein-Protein,1
dapB,Rv3660c,Protein-Protein,1
dapB,Rv3669,Protein-Protein,1
dapB,PE34,Protein-Protein,1
dapB,Rv3788,Protein-Protein,1
dapB,embC,Protein-Protein,1
dapB,Rv3818,Protein-Protein,1
dapB,papA1,Protein-Protein,1
dapB,Rv3849,Protein-Protein,1
dapB,Rv3870,Protein-Protein,1
dapB,esxE,Protein-Protein,1
Rv2776c,Rv2867c,Protein-Protein,1
ald,Rv2867c,Protein-Protein,1
ald,acyP,Protein-Protein,1
ald,esxR,Protein-Protein,1
ald,Rv3686c,Protein-Protein,1
pepR,Rv3686c,Protein-Protein,1
pepR,Rv3741c,Protein-Protein,1
lppU,gpsA,Protein-Protein,1
rpsO,trmD,Protein-Protein,1
rpsO,echA18,Protein-Protein,1
rpsO,Rv3885c,Protein-Protein,1
Rv2787,Rv3224,Protein-Protein,1
Rv2787,Rv3422c,Protein-Protein,1
sirR,Rv2865,Protein-Protein,1
Rv2791c,moeB1,Protein-Protein,1
Rv2795c,viuB,Protein-Protein,1
Rv2795c,Rv3216,Protein-Protein,1
Rv2795c,whiB3,Protein-Protein,1
Rv2795c,rpsI,Protein-Protein,1
Rv2797c,Rv2954c,Protein-Protein,1
Rv2797c,PPE50,Protein-Protein,1
Rv2797c,cyp142,Protein-Protein,1
Rv2797c,esxB,Protein-Protein,1
Rv2798c,fabG,Protein-Protein,1
Rv2798c,ethR,Protein-Protein,1
Rv2804c,amiB1,Protein-Protein,1
Rv2805,tsf,Protein-Protein,1
Rv2805,PE27A,Protein-Protein,1
Rv2805,Rv3072c,Protein-Protein,1
Rv2805,fadE25,Protein-Protein,1
Rv2805,truA,Protein-Protein,1
Rv2805,esxV,Protein-Protein,1
Rv2806,Rv3224,Protein-Protein,1
Rv2806,nei,Protein-Protein,1
Rv2806,folD,Protein-Protein,1
Rv2808,cobO,Protein-Protein,1
Rv2808,rplM,Protein-Protein,1
Rv2809,Rv2954c,Protein-Protein,1
Rv2809,sigD,Protein-Protein,1
Rv2810c,lppH,Protein-Protein,1
Rv2812,Rv3486,Protein-Protein,1
Rv2813,rfbE,Protein-Protein,1
Rv2816c,folD,Protein-Protein,1
Rv2817c,whiB3,Protein-Protein,1
Rv2817c,Rv3632,Protein-Protein,1
Rv2819c,whiB7,Protein-Protein,1
Rv2819c,parB,Protein-Protein,1
Rv2820c,Rv2867c,Protein-Protein,1
Rv2821c,Rv3123,Protein-Protein,1
Rv2821c,sseA,Protein-Protein,1
Rv2821c,Rv3600c,Protein-Protein,1
Rv2821c,glpQ1,Protein-Protein,1
Rv2822c,pknI,Protein-Protein,1
Rv2822c,hupB,Protein-Protein,1
Rv2822c,Rv3030,Protein-Protein,1
Rv2825c,esxR,Protein-Protein,1
Rv2825c,Rv3122,Protein-Protein,1
Rv2825c,Rv3177,Protein-Protein,1
Rv2825c,uvrD2,Protein-Protein,1
Rv2825c,nei,Protein-Protein,1
Rv2825c,rpsK,Protein-Protein,1
Rv2826c,Rv3827c,Protein-Protein,1
Rv2828c,rbfA,Protein-Protein,1
Rv2828c,glnD,Protein-Protein,1
Rv2828c,Rv3400,Protein-Protein,1
Rv2828c,Rv3632,Protein-Protein,1
echA16,whiB2,Protein-Protein,1
echA16,add,Protein-Protein,1
Rv2837c,Rv3885c,Protein-Protein,1
rbfA,rmlD,Protein-Protein,1
rbfA,whiB3,Protein-Protein,1
rbfA,Rv3752c,Protein-Protein,1
rbfA,Rv3845,Protein-Protein,1
Rv2840c,yrbE4A,Protein-Protein,1
nusA,fbpD,Protein-Protein,1
Rv2842c,nuoC,Protein-Protein,1
Rv2843,Rv2844,Protein-Protein,1
Rv2843,rpsB,Protein-Protein,1
Rv2844,nei,Protein-Protein,1
Rv2844,Rv3412,Protein-Protein,1
cobB,whiB7,Protein-Protein,1
cobB,folD,Protein-Protein,1
cobO,add,Protein-Protein,1
cobO,Rv3395c,Protein-Protein,1
cobO,Rv3796,Protein-Protein,1
mqo,Rv3258c,Protein-Protein,1
Rv2854,Rv3122,Protein-Protein,1
mtr,alkB,Protein-Protein,1
Rv2857c,Rv3204,Protein-Protein,1
Rv2857c,sigF,Protein-Protein,1
aldC,nuoI,Protein-Protein,1
aldC,Rv3224B,Protein-Protein,1
Rv2859c,Rv3686c,Protein-Protein,1
Rv2859c,Rv3691,Protein-Protein,1
mapB,metA,Protein-Protein,1
mapB,Rv3660c,Protein-Protein,1
mapB,Rv3813c,Protein-Protein,1
Rv2864c,hupB,Protein-Protein,1
Rv2865,Rv2866,Protein-Protein,1
Rv2865,glpD2,Protein-Protein,1
Rv2865,Rv3474,Protein-Protein,1
Rv2865,fabG,Protein-Protein,1
Rv2866,Rv3221A,Protein-Protein,1
Rv2866,mhpE,Protein-Protein,1
Rv2866,Rv3474,Protein-Protein,1
Rv2867c,Rv3085,Protein-Protein,1
Rv2867c,Rv3566A,Protein-Protein,1
Rv2867c,esxA,Protein-Protein,1
Rv2869c,PE_PGRS60,Protein-Protein,1
Rv2869c,Rv3837c,Protein-Protein,1
Rv2871,amiA1,Protein-Protein,1
Rv2871,mhpE,Protein-Protein,1
Rv2872,Rv3327,Protein-Protein,1
Rv2872,cut3,Protein-Protein,1
Rv2872,Rv3733c,Protein-Protein,1
mpt53,ppa,Protein-Protein,1
Rv2880c,hupB,Protein-Protein,1
Rv2880c,Rv3047c,Protein-Protein,1
Rv2880c,Rv3131,Protein-Protein,1
Rv2880c,Rv3422c,Protein-Protein,1
Rv2880c,Rv3475,Protein-Protein,1
Rv2880c,Rv3600c,Protein-Protein,1
Rv2880c,whiB4,Protein-Protein,1
Rv2880c,Rv3766,Protein-Protein,1
cdsA,Rv3471c,Protein-Protein,1
Rv2886c,fadD3,Protein-Protein,1
Rv2886c,Rv3811,Protein-Protein,1
tsf,usfY,Protein-Protein,1
tsf,menG,Protein-Protein,1
rpsB,Rv3108,Protein-Protein,1
rpsB,Rv3304,Protein-Protein,1
rpsB,lppH,Protein-Protein,1
PPE45,Rv3253c,Protein-Protein,1
PPE45,sseA,Protein-Protein,1
PPE45,Rv3453,Protein-Protein,1
PPE45,ispD,Protein-Protein,1
PPE45,embC,Protein-Protein,1
xerC,Rv3766,Protein-Protein,1
viuB,Rv2994,Protein-Protein,1
viuB,Rv3236c,Protein-Protein,1
viuB,amiD,Protein-Protein,1
viuB,rplM,Protein-Protein,1
viuB,fadE28,Protein-Protein,1
viuB,Rv3806c,Protein-Protein,1
viuB,Rv3844,Protein-Protein,1
rnhB,lpdA,Protein-Protein,1
rplS,Rv3098c,Protein-Protein,1
rplS,nuoI,Protein-Protein,1
rplS,whiB3,Protein-Protein,1
rplS,Rv3600c,Protein-Protein,1
rplS,Rv3678c,Protein-Protein,1
lppW,Rv3327,Protein-Protein,1
trmD,esxR,Protein-Protein,1
trmD,Rv3038c,Protein-Protein,1
trmD,Rv3060c,Protein-Protein,1
trmD,moaA1,Protein-Protein,1
trmD,Rv3358,Protein-Protein,1
trmD,amiD,Protein-Protein,1
trmD,choD,Protein-Protein,1
trmD,PE_PGRS57,Protein-Protein,1
trmD,ephE,Protein-Protein,1
rimM,Rv3778c,Protein-Protein,1
Rv2910c,radA,Protein-Protein,1
Rv2910c,Rv3734c,Protein-Protein,1
pknI,Rv3221A,Protein-Protein,1
Rv2915c,nrdI,Protein-Protein,1
glnB,Rv3327,Protein-Protein,1
acyP,Rv3243c,Protein-Protein,1
acyP,esxD,Protein-Protein,1
Rv2923c,Rv3889c,Protein-Protein,1
rncS,whiB3,Protein-Protein,1
Rv2926c,Rv3861,Protein-Protein,1
Rv2927c,Rv3412,Protein-Protein,1
tesA,Rv3871,Protein-Protein,1
Rv2929,Rv2997,Protein-Protein,1
fadD26,Rv3552,Protein-Protein,1
fadD26,Rv3814c,Protein-Protein,1
ppsD,esxQ,Protein-Protein,1
ppsE,whiB3,Protein-Protein,1
drrB,Rv3224B,Protein-Protein,1
drrB,nei,Protein-Protein,1
drrC,Rv3889c,Protein-Protein,1
papA5,wbbL1,Protein-Protein,1
Rv2944,wbbL1,Protein-Protein,1
pks1,spoU,Protein-Protein,1
pks1,PE35,Protein-Protein,1
pks15,TB22.2,Protein-Protein,1
fadD22,whiB3,Protein-Protein,1
fadD22,Rv3836,Protein-Protein,1
Rv2952,Rv3041c,Protein-Protein,1
Rv2953,lat,Protein-Protein,1
Rv2954c,Rv3072c,Protein-Protein,1
Rv2954c,idsB,Protein-Protein,1
Rv2954c,Rv3517,Protein-Protein,1
Rv2954c,PPE61,Protein-Protein,1
Rv2954c,Rv3798,Protein-Protein,1
Rv2955c,Rv3780,Protein-Protein,1
Rv2957,Rv3474,Protein-Protein,1
Rv2959c,Rv3226c,Protein-Protein,1
Rv2960c,ethR,Protein-Protein,1
Rv2961,wbbL1,Protein-Protein,1
Rv2962c,wbbL1,Protein-Protein,1
purU,PPE60,Protein-Protein,1
purU,mutY,Protein-Protein,1
coaD,esxC,Protein-Protein,1
Rv2966c,Rv3471c,Protein-Protein,1
Rv2968c,Rv3817,Protein-Protein,1
Rv2970A,cysA3,Protein-Protein,1
Rv2971,Rv3202c,Protein-Protein,1
Rv2971,Rv3520c,Protein-Protein,1
Rv2971,Rv3837c,Protein-Protein,1
Rv2972c,whiB3,Protein-Protein,1
ung,Rv3633,Protein-Protein,1
thiL,esxA,Protein-Protein,1
ddl,Rv3714c,Protein-Protein,1
hupB,Rv3213c,Protein-Protein,1
hupB,entC,Protein-Protein,1
hupB,Rv3353c,Protein-Protein,1
hupB,PE_PGRS60,Protein-Protein,1
hupB,Rv3732,Protein-Protein,1
hupB,Rv3920c,Protein-Protein,1
leuD,Rv3637,Protein-Protein,1
leuD,Rv3733c,Protein-Protein,1
Rv2989,esxQ,Protein-Protein,1
Rv2989,icd1,Protein-Protein,1
Rv2989,Rv3362c,Protein-Protein,1
Rv2990c,rsfB,Protein-Protein,1
Rv2990c,Rv3780,Protein-Protein,1
gltX,wbbL1,Protein-Protein,1
Rv2993c,Rv3085,Protein-Protein,1
Rv2993c,Rv3235,Protein-Protein,1
Rv2993c,mrsA,Protein-Protein,1
Rv2994,Rv3137,Protein-Protein,1
Rv2994,Rv3466,Protein-Protein,1
Rv2994,Rv3530c,Protein-Protein,1
leuB,nuoJ,Protein-Protein,1
leuB,rimI,Protein-Protein,1
leuB,Rv3552,Protein-Protein,1
leuB,Rv3661,Protein-Protein,1
serA1,wbbL1,Protein-Protein,1
Rv2997,whiB7,Protein-Protein,1
Rv2997,usfY,Protein-Protein,1
Rv2997,Rv3844,Protein-Protein,1
Rv2998A,Rv3181c,Protein-Protein,1
Rv3000,panC,Protein-Protein,1
Rv3000,sodA,Protein-Protein,1
ilvN,Rv3015c,Protein-Protein,1
ilvN,idsA1,Protein-Protein,1
cfp6,Rv3440c,Protein-Protein,1
Rv3007c,trmU,Protein-Protein,1
Rv3007c,Rv3131,Protein-Protein,1
Rv3007c,wbbL1,Protein-Protein,1
Rv3007c,alr,Protein-Protein,1
Rv3007c,Rv3654c,Protein-Protein,1
Rv3007c,Rv3798,Protein-Protein,1
Rv3008,Rv3840,Protein-Protein,1
ligA,Rv3733c,Protein-Protein,1
Rv3015c,Rv3221A,Protein-Protein,1
Rv3015c,accD5,Protein-Protein,1
Rv3015c,whiB3,Protein-Protein,1
lpqA,Rv3327,Protein-Protein,1
esxQ,Rv3162c,Protein-Protein,1
esxQ,sigF,Protein-Protein,1
esxR,esxS,Protein-Protein,1
esxR,Rv3072c,Protein-Protein,1
esxR,TB7.3,Protein-Protein,1
esxR,Rv3359,Protein-Protein,1
esxR,mrsA,Protein-Protein,1
esxR,esxW,Protein-Protein,1
esxR,dppB,Protein-Protein,1
esxR,esxD,Protein-Protein,1
PPE48,Rv3241c,Protein-Protein,1
trmU,cut3,Protein-Protein,1
iscS,Rv3541c,Protein-Protein,1
fixA,Rv3385c,Protein-Protein,1
Rv3034c,ispF,Protein-Protein,1
TB22.2,Rv3600c,Protein-Protein,1
Rv3041c,Rv3204,Protein-Protein,1
Rv3041c,Rv3277,Protein-Protein,1
fecB,Rv3351c,Protein-Protein,1
fecB,Rv3642c,Protein-Protein,1
Rv3046c,PPE58,Protein-Protein,1
Rv3046c,Rv3579c,Protein-Protein,1
Rv3047c,PPE59,Protein-Protein,1
Rv3047c,Rv3485c,Protein-Protein,1
Rv3047c,ppa,Protein-Protein,1
Rv3047c,Rv3660c,Protein-Protein,1
Rv3049c,Rv3780,Protein-Protein,1
nrdI,wbbL1,Protein-Protein,1
nrdI,Rv3789,Protein-Protein,1
Rv3054c,Rv3241c,Protein-Protein,1
Rv3054c,Rv3837c,Protein-Protein,1
Rv3057c,Rv3431c,Protein-Protein,1
Rv3058c,PE34,Protein-Protein,1
Rv3058c,Rv3764c,Protein-Protein,1
Rv3058c,Rv3876,Protein-Protein,1
Rv3060c,nuoI,Protein-Protein,1
Rv3060c,Rv3517,Protein-Protein,1
Rv3067,Rv3327,Protein-Protein,1
Rv3071,Rv3122,Protein-Protein,1
Rv3071,whiB3,Protein-Protein,1
Rv3071,Rv3474,Protein-Protein,1
Rv3072c,Rv3226c,Protein-Protein,1
Rv3072c,hpt,Protein-Protein,1
Rv3072c,Rv3675,Protein-Protein,1
Rv3072c,Rv3818,Protein-Protein,1
Rv3073c,Rv3181c,Protein-Protein,1
Rv3073c,Rv3226c,Protein-Protein,1
Rv3073c,accD5,Protein-Protein,1
Rv3073c,fabG,Protein-Protein,1
Rv3073c,Rv3870,Protein-Protein,1
Rv3075c,Rv3183,Protein-Protein,1
Rv3075c,Rv3241c,Protein-Protein,1
Rv3076,mesT,Protein-Protein,1
Rv3076,rfbD,Protein-Protein,1
pknK,nuoB,Protein-Protein,1
Rv3081,Rv3098c,Protein-Protein,1
Rv3081,trxB2,Protein-Protein,1
Rv3083,pcd,Protein-Protein,1
Rv3083,lipF,Protein-Protein,1
Rv3085,upp,Protein-Protein,1
Rv3085,Rv3599c,Protein-Protein,1
Rv3094c,Rv3224,Protein-Protein,1
Rv3094c,PPE58,Protein-Protein,1
Rv3094c,fadA6,Protein-Protein,1
Rv3096,Rv3360,Protein-Protein,1
PE_PGRS63,wbbL1,Protein-Protein,1
PE_PGRS63,Rv3486,Protein-Protein,1
PE_PGRS63,esxV,Protein-Protein,1
PE_PGRS63,Rv3733c,Protein-Protein,1
Rv3098c,Rv3702c,Protein-Protein,1
Rv3098c,rfbE,Protein-Protein,1
Rv3099c,Rv3327,Protein-Protein,1
prfB,Rv3122,Protein-Protein,1
prfB,Rv3517,Protein-Protein,1
fprA,dppB,Protein-Protein,1
agpS,Rv3124,Protein-Protein,1
agpS,Rv3190c,Protein-Protein,1
Rv3108,PPE65,Protein-Protein,1
Rv3108,Rv3897c,Protein-Protein,1
moaA1,Rv3241c,Protein-Protein,1
moaC,moaC,Protein-Protein,1
moaC,Rv3845,Protein-Protein,1
moaD1,moaE1,Protein-Protein,1
moaD1,Rv3847,Protein-Protein,1
Rv3114,dnaE2,Protein-Protein,1
Rv3114,Rv3818,Protein-Protein,1
cysA3,sseC1,Protein-Protein,1
cysA3,ligC,Protein-Protein,1
moaE1,mesJ,Protein-Protein,1
Rv3120,Rv3814c,Protein-Protein,1
Rv3120,Rv3836,Protein-Protein,1
Rv3122,Rv3542c,Protein-Protein,1
Rv3122,PE33,Protein-Protein,1
Rv3123,Rv3633,Protein-Protein,1
Rv3124,Rv3526,Protein-Protein,1
PPE49,PPE59,Protein-Protein,1
Rv3126c,PPE56,Protein-Protein,1
Rv3126c,topA,Protein-Protein,1
Rv3126c,Rv3845,Protein-Protein,1
Rv3131,Rv3521,Protein-Protein,1
Rv3131,Rv3726,Protein-Protein,1
Rv3131,esxE,Protein-Protein,1
Rv3131,Rv3920c,Protein-Protein,1
Rv3134c,TB7.3,Protein-Protein,1
Rv3134c,glpD2,Protein-Protein,1
Rv3134c,mycP4,Protein-Protein,1
Rv3134c,radA,Protein-Protein,1
Rv3134c,whiB4,Protein-Protein,1
PPE50,Rv3787c,Protein-Protein,1
PPE51,nuoC,Protein-Protein,1
PPE51,Rv3677c,Protein-Protein,1
Rv3137,cyp137,Protein-Protein,1
Rv3137,papA1,Protein-Protein,1
fadE23,Rv3180c,Protein-Protein,1
fadB4,Rv3837c,Protein-Protein,1
Rv3143,whiB7,Protein-Protein,1
nuoA,Rv3277,Protein-Protein,1
nuoC,sigH,Protein-Protein,1
nuoC,Rv3233c,Protein-Protein,1
nuoC,Rv3329,Protein-Protein,1
nuoC,Rv3363c,Protein-Protein,1
nuoC,whiB3,Protein-Protein,1
nuoC,Rv3615c,Protein-Protein,1
nuoC,Rv3762c,Protein-Protein,1
nuoD,galE1,Protein-Protein,1
nuoF,parA,Protein-Protein,1
nuoI,phoY1,Protein-Protein,1
nuoI,Rv3438,Protein-Protein,1
nuoJ,Rv3813c,Protein-Protein,1
nuoM,Rv3614c,Protein-Protein,1
Rv3165c,esxU,Protein-Protein,1
Rv3169,wbbL1,Protein-Protein,1
Rv3169,Rv3321c,Protein-Protein,1
Rv3169,Rv3566A,Protein-Protein,1
Rv3172c,Rv3789,Protein-Protein,1
Rv3174,whiB3,Protein-Protein,1
Rv3174,echA19,Protein-Protein,1
Rv3175,rplQ,Protein-Protein,1
Rv3175,lppH,Protein-Protein,1
Rv3175,Rv3702c,Protein-Protein,1
Rv3175,Rv3837c,Protein-Protein,1
mesT,whiB3,Protein-Protein,1
mesT,Rv3535c,Protein-Protein,1
Rv3179,Rv3655c,Protein-Protein,1
Rv3180c,Rv3599c,Protein-Protein,1
Rv3190c,Rv3583c,Protein-Protein,1
Rv3190c,Rv3745c,Protein-Protein,1
Rv3192,ppa,Protein-Protein,1
Rv3196,esxB,Protein-Protein,1
whiB7,mtrB,Protein-Protein,1
whiB7,rpsK,Protein-Protein,1
whiB7,ispF,Protein-Protein,1
whiB7,leuA,Protein-Protein,1
whiB7,Rv3725,Protein-Protein,1
whiB7,Rv3814c,Protein-Protein,1
Rv3198A,wbbL1,Protein-Protein,1
uvrD2,Rv3475,Protein-Protein,1
uvrD2,Rv3766,Protein-Protein,1
uvrD2,Rv3889c,Protein-Protein,1
Rv3202c,Rv3658c,Protein-Protein,1
lipV,Rv3243c,Protein-Protein,1
lipV,whiB3,Protein-Protein,1
Rv3204,Rv3362c,Protein-Protein,1
Rv3204,Rv3486,Protein-Protein,1
Rv3207c,Rv3210c,Protein-Protein,1
Rv3209,cmaA1,Protein-Protein,1
Rv3209,Rv3615c,Protein-Protein,1
Rv3209,PE34,Protein-Protein,1
Rv3213c,idsA1,Protein-Protein,1
Rv3213c,Rv3475,Protein-Protein,1
gpm2,Rv3233c,Protein-Protein,1
gpm2,Rv3434c,Protein-Protein,1
gpm2,Rv3438,Protein-Protein,1
gpm2,esxD,Protein-Protein,1
entC,rsbW,Protein-Protein,1
Rv3216,Rv3679,Protein-Protein,1
Rv3216,PE35,Protein-Protein,1
TB7.3,Rv3818,Protein-Protein,1
TB7.3,menG,Protein-Protein,1
sigH,maf,Protein-Protein,1
Rv3224A,Rv3765c,Protein-Protein,1
Rv3224,Rv3520c,Protein-Protein,1
Rv3224,echA20,Protein-Protein,1
Rv3224,Rv3632,Protein-Protein,1
Rv3226c,purE,Protein-Protein,1
Rv3226c,panC,Protein-Protein,1
Rv3226c,Rv3699,Protein-Protein,1
Rv3226c,Rv3778c,Protein-Protein,1
Rv3226c,sigM,Protein-Protein,1
aroA,wbbL1,Protein-Protein,1
aroA,accD5,Protein-Protein,1
aroA,Rv3669,Protein-Protein,1
Rv3228,rmlC,Protein-Protein,1
Rv3228,Rv3485c,Protein-Protein,1
Rv3228,Rv3814c,Protein-Protein,1
Rv3229c,Rv3780,Protein-Protein,1
Rv3230c,whiB3,Protein-Protein,1
Rv3230c,fadA6,Protein-Protein,1
Rv3230c,Rv3640c,Protein-Protein,1
Rv3233c,cmaA1,Protein-Protein,1
Rv3233c,Rv3577,Protein-Protein,1
Rv3233c,Rv3600c,Protein-Protein,1
Rv3235,PE35,Protein-Protein,1
Rv3237c,sigD,Protein-Protein,1
Rv3237c,Rv3807c,Protein-Protein,1
Rv3241c,Rv3453,Protein-Protein,1
Rv3241c,PPE61,Protein-Protein,1
Rv3243c,Rv3322c,Protein-Protein,1
Rv3243c,Rv3327,Protein-Protein,1
Rv3243c,Rv3658c,Protein-Protein,1
Rv3243c,Rv3726,Protein-Protein,1
Rv3243c,Rv3901c,Protein-Protein,1
mtrB,mtrA,Protein-Protein,1
mtrB,Rv3627c,Protein-Protein,1
mtrB,Rv3654c,Protein-Protein,1
rubA,folE,Protein-Protein,1
Rv3258c,whiB3,Protein-Protein,1
whiB2,folD,Protein-Protein,1
fbiA,sigF,Protein-Protein,1
fbiA,Rv3844,Protein-Protein,1
wbbL1,lpdA,Protein-Protein,1
wbbL1,pmmB,Protein-Protein,1
wbbL1,Rv3329,Protein-Protein,1
wbbL1,alr,Protein-Protein,1
wbbL1,PE31,Protein-Protein,1
wbbL1,echA20,Protein-Protein,1
wbbL1,Rv3572,Protein-Protein,1
wbbL1,Rv3643,Protein-Protein,1
wbbL1,Rv3736,Protein-Protein,1
wbbL1,Rv3766,Protein-Protein,1
wbbL1,Rv3798,Protein-Protein,1
wbbL1,glf,Protein-Protein,1
rmlD,Rv3268,Protein-Protein,1
fadE25,asd,Protein-Protein,1
purE,purE,Protein-Protein,1
purE,Rv3362c,Protein-Protein,1
birA,add,Protein-Protein,1
accD5,mesJ,Protein-Protein,1
Rv3281,deoD,Protein-Protein,1
Rv3281,Rv3471c,Protein-Protein,1
Rv3281,Rv3472,Protein-Protein,1
maf,maf,Protein-Protein,1
maf,Rv3359,Protein-Protein,1
sseA,Rv3519,Protein-Protein,1
sseA,Rv3642c,Protein-Protein,1
sseA,Rv3861,Protein-Protein,1
accA3,Rv3583c,Protein-Protein,1
sigF,rsbW,Protein-Protein,1
sigF,Rv3322c,Protein-Protein,1
sigF,Rv3548c,Protein-Protein,1
rsbW,rmlB,Protein-Protein,1
usfY,Rv3773c,Protein-Protein,1
Rv3289c,Rv3766,Protein-Protein,1
Rv3289c,Rv3844,Protein-Protein,1
lat,Rv3466,Protein-Protein,1
lat,Rv3705c,Protein-Protein,1
lat,Rv3889c,Protein-Protein,1
Rv3291c,Rv3517,Protein-Protein,1
Rv3291c,Rv3519,Protein-Protein,1
Rv3291c,fadE30,Protein-Protein,1
Rv3292,Rv3371,Protein-Protein,1
Rv3292,truA,Protein-Protein,1
nei,Rv3329,Protein-Protein,1
nei,Rv3430c,Protein-Protein,1
nei,Rv3440c,Protein-Protein,1
nei,PE32,Protein-Protein,1
nei,Rv3782,Protein-Protein,1
nei,Rv3878,Protein-Protein,1
nei,rnpA,Protein-Protein,1
Rv3300c,Rv3678A,Protein-Protein,1
lpdA,Rv3535c,Protein-Protein,1
Rv3304,gshA,Protein-Protein,1
Rv3304,embC,Protein-Protein,1
Rv3304,trxC,Protein-Protein,1
amiB1,PE_PGRS60,Protein-Protein,1
amiB1,Rv3908,Protein-Protein,1
deoD,Rv3697c,Protein-Protein,1
Rv3311,fdxB,Protein-Protein,1
Rv3312c,Rv3354,Protein-Protein,1
sdhB,Rv3779,Protein-Protein,1
Rv3320c,Rv3467,Protein-Protein,1
Rv3321c,proW,Protein-Protein,1
moaX,Rv3472,Protein-Protein,1
moaX,mutY,Protein-Protein,1
Rv3327,ispD,Protein-Protein,1
Rv3327,Rv3747,Protein-Protein,1
Rv3327,Rv3764c,Protein-Protein,1
Rv3327,fbpD,Protein-Protein,1
Rv3327,Rv3898c,Protein-Protein,1
Rv3327,parA,Protein-Protein,1
nagA,Rv3412,Protein-Protein,1
Rv3333c,Rv3434c,Protein-Protein,1
Rv3333c,Rv3559c,Protein-Protein,1
Rv3334,fadD3,Protein-Protein,1
trpS,Rv3475,Protein-Protein,1
trpS,PE_PGRS60,Protein-Protein,1
trpS,Rv3672c,Protein-Protein,1
Rv3337,Rv3387,Protein-Protein,1
Rv3338,PE31,Protein-Protein,1
icd1,ispF,Protein-Protein,1
metC,cut3,Protein-Protein,1
metC,glpQ1,Protein-Protein,1
PPE54,lpqH,Protein-Protein,1
PPE55,Rv3431c,Protein-Protein,1
Rv3351c,Rv3752c,Protein-Protein,1
Rv3352c,Rv3906c,Protein-Protein,1
Rv3353c,cmaA1,Protein-Protein,1
Rv3353c,Rv3474,Protein-Protein,1
Rv3353c,embA,Protein-Protein,1
Rv3354,lppH,Protein-Protein,1
Rv3354,PE36,Protein-Protein,1
folD,idsB,Protein-Protein,1
folD,Rv3434c,Protein-Protein,1
folD,fadE28,Protein-Protein,1
folD,Rv3690,Protein-Protein,1
folD,Rv3694c,Protein-Protein,1
folD,Rv3766,Protein-Protein,1
folD,Rv3850,Protein-Protein,1
Rv3357,Rv3358,Protein-Protein,1
Rv3362c,Rv3363c,Protein-Protein,1
spoU,rpsM,Protein-Protein,1
spoU,Rv3632,Protein-Protein,1
PE_PGRS51,PPE65,Protein-Protein,1
PE_PGRS51,rnpA,Protein-Protein,1
Rv3368c,Rv3538,Protein-Protein,1
Rv3368c,Rv3817,Protein-Protein,1
dnaE2,Rv3840,Protein-Protein,1
Rv3371,Rv3840,Protein-Protein,1
echA18,fabG,Protein-Protein,1
Rv3385c,Rv3672c,Protein-Protein,1
Rv3386,idsA1,Protein-Protein,1
Rv3386,galE1,Protein-Protein,1
Rv3387,whiB3,Protein-Protein,1
Rv3387,ligC,Protein-Protein,1
Rv3387,Rv3844,Protein-Protein,1
lpqD,PE33,Protein-Protein,1
cmaA1,esxU,Protein-Protein,1
cmaA1,Rv3780,Protein-Protein,1
Rv3395c,topA,Protein-Protein,1
Rv3395c,Rv3733c,Protein-Protein,1
idsA1,Rv3431c,Protein-Protein,1
Rv3406,Rv3639c,Protein-Protein,1
Rv3407,Rv3640c,Protein-Protein,1
Rv3408,Rv3485c,Protein-Protein,1
Rv3412,Rv3604c,Protein-Protein,1
Rv3412,rpmH,Protein-Protein,1
sigD,Rv3889c,Protein-Protein,1
whiB3,Rv3421c,Protein-Protein,1
whiB3,Rv3453,Protein-Protein,1
whiB3,rplQ,Protein-Protein,1
whiB3,rpoA,Protein-Protein,1
whiB3,Rv3466,Protein-Protein,1
whiB3,mhpE,Protein-Protein,1
whiB3,Rv3548c,Protein-Protein,1
whiB3,fdxB,Protein-Protein,1
whiB3,Rv3600c,Protein-Protein,1
whiB3,Rv3615c,Protein-Protein,1
whiB3,Rv3684,Protein-Protein,1
whiB3,Rv3718c,Protein-Protein,1
whiB3,Rv3732,Protein-Protein,1
whiB3,Rv3844,Protein-Protein,1
whiB3,esxD,Protein-Protein,1
Rv3422c,Rv3614c,Protein-Protein,1
Rv3422c,Rv3827c,Protein-Protein,1
PPE57,Rv3431c,Protein-Protein,1
PPE58,Rv3922c,Protein-Protein,1
PPE59,PE_PGRS59,Protein-Protein,1
Rv3430c,rpsI,Protein-Protein,1
Rv3431c,Rv3698,Protein-Protein,1
Rv3431c,Rv3813c,Protein-Protein,1
glmS,Rv3827c,Protein-Protein,1
Rv3438,fabG,Protein-Protein,1
Rv3438,Rv3600c,Protein-Protein,1
Rv3438,Rv3632,Protein-Protein,1
Rv3438,Rv3688c,Protein-Protein,1
Rv3438,Rv3780,Protein-Protein,1
Rv3438,Rv3840,Protein-Protein,1
Rv3438,whiB6,Protein-Protein,1
Rv3439c,Rv3440c,Protein-Protein,1
Rv3440c,PE_PGRS60,Protein-Protein,1
mrsA,Rv3705c,Protein-Protein,1
esxT,esxU,Protein-Protein,1
esxU,esxA,Protein-Protein,1
cut3,Rv3548c,Protein-Protein,1
cut3,Rv3712,Protein-Protein,1
Rv3453,ispD,Protein-Protein,1
Rv3453,Rv3780,Protein-Protein,1
truA,PE31,Protein-Protein,1
truA,Rv3677c,Protein-Protein,1
truA,Rv3762c,Protein-Protein,1
rpsM,Rv3658c,Protein-Protein,1
rpsM,Rv3766,Protein-Protein,1
rpmJ,Rv3813c,Protein-Protein,1
infA,Rv3577,Protein-Protein,1
Rv3463,lsr2,Protein-Protein,1
rmlB,mutY,Protein-Protein,1
rmlC,rnpA,Protein-Protein,1
Rv3466,PE_PGRS59,Protein-Protein,1
Rv3466,Rv3749c,Protein-Protein,1
Rv3466,Rv3844,Protein-Protein,1
mhpE,Rv3474,Protein-Protein,1
mhpE,Rv3817,Protein-Protein,1
Rv3471c,Rv3517,Protein-Protein,1
Rv3472,Rv3649,Protein-Protein,1
Rv3472,Rv3662c,Protein-Protein,1
Rv3472,Rv3789,Protein-Protein,1
Rv3474,Rv3559c,Protein-Protein,1
Rv3474,Rv3876,Protein-Protein,1
Rv3475,Rv3631,Protein-Protein,1
Rv3475,topA,Protein-Protein,1
Rv3475,Rv3736,Protein-Protein,1
Rv3475,Rv3766,Protein-Protein,1
Rv3475,PE_PGRS62,Protein-Protein,1
PE31,Rv3669,Protein-Protein,1
PE31,Rv3876,Protein-Protein,1
PPE60,PE_PGRS60,Protein-Protein,1
Rv3479,Rv3749c,Protein-Protein,1
Rv3481c,echA19,Protein-Protein,1
Rv3489,Rv3583c,Protein-Protein,1
Rv3491,Rv3677c,Protein-Protein,1
Rv3491,Rv3833,Protein-Protein,1
mce4A,Rv3773c,Protein-Protein,1
fadE26,Rv3819,Protein-Protein,1
PE_PGRS55,Rv3747,Protein-Protein,1
fadD18,serS,Protein-Protein,1
echA19,bphC,Protein-Protein,1
echA19,Rv3732,Protein-Protein,1
echA19,Rv3771c,Protein-Protein,1
Rv3517,topA,Protein-Protein,1
Rv3520c,PE33,Protein-Protein,1
Rv3520c,echA21,Protein-Protein,1
Rv3528c,rfbD,Protein-Protein,1
PPE61,PE33,Protein-Protein,1
PPE61,ethR,Protein-Protein,1
ltp2,mesJ,Protein-Protein,1
fadE28,Rv3717,Protein-Protein,1
echA20,Rv3600c,Protein-Protein,1
echA20,ethR,Protein-Protein,1
fdxB,Rv3686c,Protein-Protein,1
fdxB,cobQ2,Protein-Protein,1
Rv3555c,asd,Protein-Protein,1
fadE30,Rv3733c,Protein-Protein,1
fadD3,PE_PGRS60,Protein-Protein,1
nat,Rv3600c,Protein-Protein,1
bphC,Rv3770B,Protein-Protein,1
Rv3570c,Rv3760,Protein-Protein,1
fadE34,lppH,Protein-Protein,1
lppH,Rv3600c,Protein-Protein,1
arsB2,esxV,Protein-Protein,1
arsB2,Rv3861,Protein-Protein,1
Rv3579c,Rv3661,Protein-Protein,1
Rv3583c,esxV,Protein-Protein,1
Rv3583c,Rv3629c,Protein-Protein,1
radA,rsfB,Protein-Protein,1
radA,Rv3885c,Protein-Protein,1
Rv3587c,ligC,Protein-Protein,1
mutY,gltD,Protein-Protein,1
PE_PGRS58,Rv3889c,Protein-Protein,1
TB11.2,Rv3778c,Protein-Protein,1
PE_PGRS59,PE34,Protein-Protein,1
PE_PGRS59,Rv3807c,Protein-Protein,1
Rv3599c,Rv3816c,Protein-Protein,1
Rv3599c,Rv3837c,Protein-Protein,1
Rv3600c,Rv3680,Protein-Protein,1
Rv3600c,Rv3745c,Protein-Protein,1
Rv3600c,gltD,Protein-Protein,1
Rv3600c,esxB,Protein-Protein,1
Rv3600c,esxD,Protein-Protein,1
Rv3605c,Rv3643,Protein-Protein,1
Rv3614c,esxV,Protein-Protein,1
Rv3614c,Rv3849,Protein-Protein,1
Rv3614c,Rv3882c,Protein-Protein,1
Rv3615c,Rv3616c,Protein-Protein,1
Rv3615c,esxV,Protein-Protein,1
Rv3615c,Rv3849,Protein-Protein,1
Rv3616c,Rv3769,Protein-Protein,1
esxV,esxW,Protein-Protein,1
esxV,topA,Protein-Protein,1
esxV,Rv3849,Protein-Protein,1
esxV,Rv3850,Protein-Protein,1
esxV,esxA,Protein-Protein,1
esxW,Rv3815c,Protein-Protein,1
PPE65,PE_PGRS60,Protein-Protein,1
lpqG,Rv3773c,Protein-Protein,1
hpt,Rv3643,Protein-Protein,1
hpt,Rv3788,Protein-Protein,1
hpt,Rv3822,Protein-Protein,1
hpt,Rv3915,Protein-Protein,1
Rv3627c,Rv3780,Protein-Protein,1
Rv3627c,PE35,Protein-Protein,1
ppa,Rv3702c,Protein-Protein,1
Rv3629c,Rv3661,Protein-Protein,1
galE1,Rv3766,Protein-Protein,1
Rv3637,Rv3705c,Protein-Protein,1
Rv3639c,PPE67,Protein-Protein,1
Rv3640c,Rv3870,Protein-Protein,1
fic,gid,Protein-Protein,1
topA,PPE67,Protein-Protein,1
topA,Rv3741c,Protein-Protein,1
PE_PGRS60,menG,Protein-Protein,1
Rv3654c,Rv3866,Protein-Protein,1
Rv3658c,rsfB,Protein-Protein,1
Rv3659c,Rv3659c,Protein-Protein,1
Rv3660c,Rv3866,Protein-Protein,1
Rv3661,Rv3705c,Protein-Protein,1
Rv3661,papA1,Protein-Protein,1
Rv3662c,Rv3840,Protein-Protein,1
dppB,Rv3678c,Protein-Protein,1
Rv3672c,Rv3780,Protein-Protein,1
Rv3677c,Rv3816c,Protein-Protein,1
Rv3683,Rv3745c,Protein-Protein,1
rsfB,menG,Protein-Protein,1
Rv3688c,Rv3745c,Protein-Protein,1
Rv3688c,Rv3840,Protein-Protein,1
Rv3697c,Rv3780,Protein-Protein,1
Rv3697c,Rv3844,Protein-Protein,1
Rv3702c,Rv3876,Protein-Protein,1
dnaQ,Rv3836,Protein-Protein,1
cobQ2,Rv3766,Protein-Protein,1
cobQ2,hisC2,Protein-Protein,1
Rv3719,Rv3745c,Protein-Protein,1
Rv3726,Rv3766,Protein-Protein,1
Rv3726,Rv3786c,Protein-Protein,1
Rv3728,esxC,Protein-Protein,1
ligC,Rv3870,Protein-Protein,1
Rv3733c,Rv3840,Protein-Protein,1
Rv3735,Rv3735,Protein-Protein,1
PPE67,Rv3770A,Protein-Protein,1
PPE67,Rv3778c,Protein-Protein,1
Rv3741c,PE36,Protein-Protein,1
Rv3745c,glpQ1,Protein-Protein,1
Rv3752c,Rv3870,Protein-Protein,1
Rv3766,Rv3840,Protein-Protein,1
Rv3766,menG,Protein-Protein,1
Rv3768,rnpA,Protein-Protein,1
Rv3778c,Rv3814c,Protein-Protein,1
Rv3778c,esxD,Protein-Protein,1
Rv3780,Rv3780,Protein-Protein,1
embA,Rv3844,Protein-Protein,1
fadD32,ethR,Protein-Protein,1
Rv3807c,Rv3837c,Protein-Protein,1
Rv3813c,Rv3868,Protein-Protein,1
Rv3813c,trxC,Protein-Protein,1
Rv3833,mycP1,Protein-Protein,1
Rv3836,Rv3908,Protein-Protein,1
Rv3837c,Rv3871,Protein-Protein,1
Rv3844,Rv3849,Protein-Protein,1
Rv3844,PPE68,Protein-Protein,1
sodA,gid,Protein-Protein,1
Rv3849,Rv3850,Protein-Protein,1
menG,menG,Protein-Protein,1
esxB,esxA,Protein-Protein,1
esxB,Rv3889c,Protein-Protein,1
esxA,esxE,Protein-Protein,1
Rv3878,Rv3908,Protein-Protein,1
Rv3889c,PPE69,Protein-Protein,1
esxC,esxD,Protein-Protein,1
esxE,esxF,Protein-Protein,1
Rv0023,bin1,DNA-Protein,1
Rv0047c,bin1,DNA-Protein,1
Rv0081,bin1,DNA-Protein,1
Rv0135c,bin1,DNA-Protein,1
Rv0302,bin1,DNA-Protein,1
Rv0324,bin1,DNA-Protein,1
Rv0474,bin1,DNA-Protein,1
tcrA,bin1,DNA-Protein,1
Rv0678,bin1,DNA-Protein,1
Rv0691c,bin1,DNA-Protein,1
Rv0767c,bin1,DNA-Protein,1
Rv0880,bin1,DNA-Protein,1
trcR,bin1,DNA-Protein,1
Rv1049,bin1,DNA-Protein,1
Rv1219c,bin1,DNA-Protein,1
Rv1353c,bin1,DNA-Protein,1
Rv1404,bin1,DNA-Protein,1
Rv1460,bin1,DNA-Protein,1
Rv1473A,bin1,DNA-Protein,1
Rv1776c,bin1,DNA-Protein,1
Rv1816,bin1,DNA-Protein,1
Rv1985c,bin1,DNA-Protein,1
Rv1990c,bin1,DNA-Protein,1
cmtR,bin1,DNA-Protein,1
Rv2034,bin1,DNA-Protein,1
Rv2989,bin1,DNA-Protein,1
devR,bin1,DNA-Protein,1
Rv3160c,bin1,DNA-Protein,1
Rv3488,bin1,DNA-Protein,1
kstR,bin1,DNA-Protein,1
lsr2,bin1,DNA-Protein,1
espR,bin1,DNA-Protein,1
Rv0023,bin2,DNA-Protein,1
Rv0047c,bin2,DNA-Protein,1
Rv0081,bin2,DNA-Protein,1
Rv0135c,bin2,DNA-Protein,1
Rv0324,bin2,DNA-Protein,1
Rv0678,bin2,DNA-Protein,1
Rv1049,bin2,DNA-Protein,1
whiA,bin2,DNA-Protein,1
Rv1473A,bin2,DNA-Protein,1
Rv1719,bin2,DNA-Protein,1
Rv1776c,bin2,DNA-Protein,1
Rv1816,bin2,DNA-Protein,1
Rv2011c,bin2,DNA-Protein,1
Rv2034,bin2,DNA-Protein,1
Rv2250c,bin2,DNA-Protein,1
Rv2827c,bin2,DNA-Protein,1
Rv2887,bin2,DNA-Protein,1
Rv3249c,bin2,DNA-Protein,1
Rv3488,bin2,DNA-Protein,1
kstR,bin2,DNA-Protein,1
Rv0023,bin3,DNA-Protein,1
Rv0047c,bin3,DNA-Protein,1
Rv0081,bin3,DNA-Protein,1
Rv0324,bin3,DNA-Protein,1
Rv0472c,bin3,DNA-Protein,1
tcrA,bin3,DNA-Protein,1
Rv0678,bin3,DNA-Protein,1
csoR,bin3,DNA-Protein,1
trcR,bin3,DNA-Protein,1
Rv1049,bin3,DNA-Protein,1
Rv1353c,bin3,DNA-Protein,1
Rv1359,bin3,DNA-Protein,1
Rv1404,bin3,DNA-Protein,1
whiA,bin3,DNA-Protein,1
Rv1473A,bin3,DNA-Protein,1
Rv1719,bin3,DNA-Protein,1
Rv1776c,bin3,DNA-Protein,1
Rv1816,bin3,DNA-Protein,1
Rv1985c,bin3,DNA-Protein,1
vapB15,bin3,DNA-Protein,1
Rv2021c,bin3,DNA-Protein,1
sigC,bin3,DNA-Protein,1
Rv2250c,bin3,DNA-Protein,1
Rv2324,bin3,DNA-Protein,1
Rv2506,bin3,DNA-Protein,1
Rv2827c,bin3,DNA-Protein,1
Rv2989,bin3,DNA-Protein,1
devR,bin3,DNA-Protein,1
kstR,bin3,DNA-Protein,1
lsr2,bin3,DNA-Protein,1
crp,bin3,DNA-Protein,1
Rv3736,bin3,DNA-Protein,1
tcrX,bin3,DNA-Protein,1
espR,bin3,DNA-Protein,1
whiB5,bin4,DNA-Protein,1
Rv0081,bin4,DNA-Protein,1
Rv0135c,bin4,DNA-Protein,1
Rv0158,bin4,DNA-Protein,1
Rv0494,bin4,DNA-Protein,1
Rv0678,bin4,DNA-Protein,1
Rv0691c,bin4,DNA-Protein,1
csoR,bin4,DNA-Protein,1
Rv1049,bin4,DNA-Protein,1
Rv1776c,bin4,DNA-Protein,1
Rv1816,bin4,DNA-Protein,1
cmtR,bin4,DNA-Protein,1
vapB15,bin4,DNA-Protein,1
Rv2011c,bin4,DNA-Protein,1
hrcA,bin4,DNA-Protein,1
Rv2642,bin4,DNA-Protein,1
whiB3,bin4,DNA-Protein,1
lsr2,bin4,DNA-Protein,1
Rv3736,bin4,DNA-Protein,1
tcrX,bin4,DNA-Protein,1
Rv0081,bin5,DNA-Protein,1
Rv0135c,bin5,DNA-Protein,1
Rv0324,bin5,DNA-Protein,1
Rv0678,bin5,DNA-Protein,1
Rv0691c,bin5,DNA-Protein,1
phoP,bin5,DNA-Protein,1
csoR,bin5,DNA-Protein,1
Rv1049,bin5,DNA-Protein,1
Rv1353c,bin5,DNA-Protein,1
Rv1473A,bin5,DNA-Protein,1
Rv1776c,bin5,DNA-Protein,1
Rv1816,bin5,DNA-Protein,1
Rv2324,bin5,DNA-Protein,1
Rv2989,bin5,DNA-Protein,1
Rv3066,bin5,DNA-Protein,1
Rv3249c,bin5,DNA-Protein,1
Rv3736,bin5,DNA-Protein,1
espR,bin5,DNA-Protein,1
fhaA,bin6,DNA-Protein,1
Rv0047c,bin6,DNA-Protein,1
Rv0081,bin6,DNA-Protein,1
Rv0324,bin6,DNA-Protein,1
phoP,bin6,DNA-Protein,1
csoR,bin6,DNA-Protein,1
trcR,bin6,DNA-Protein,1
Rv1353c,bin6,DNA-Protein,1
Rv1773c,bin6,DNA-Protein,1
Rv1776c,bin6,DNA-Protein,1
Rv1990c,bin6,DNA-Protein,1
cmtR,bin6,DNA-Protein,1
Rv2250c,bin6,DNA-Protein,1
Rv2324,bin6,DNA-Protein,1
Rv2989,bin6,DNA-Protein,1
lsr2,bin6,DNA-Protein,1
espR,bin6,DNA-Protein,1
whiB5,bin7,DNA-Protein,1
Rv0081,bin7,DNA-Protein,1
Rv0135c,bin7,DNA-Protein,1
Rv0273c,bin7,DNA-Protein,1
Rv0324,bin7,DNA-Protein,1
Rv0678,bin7,DNA-Protein,1
phoP,bin7,DNA-Protein,1
Rv0767c,bin7,DNA-Protein,1
trcR,bin7,DNA-Protein,1
Rv1049,bin7,DNA-Protein,1
Rv1404,bin7,DNA-Protein,1
whiA,bin7,DNA-Protein,1
Rv1776c,bin7,DNA-Protein,1
Rv1990c,bin7,DNA-Protein,1
cmtR,bin7,DNA-Protein,1
Rv2034,bin7,DNA-Protein,1
sigC,bin7,DNA-Protein,1
Rv2989,bin7,DNA-Protein,1
Rv3249c,bin7,DNA-Protein,1
tcrX,bin7,DNA-Protein,1
espR,bin7,DNA-Protein,1
Rv0023,bin8,DNA-Protein,1
Rv0081,bin8,DNA-Protein,1
Rv0324,bin8,DNA-Protein,1
Rv0465c,bin8,DNA-Protein,1
Rv0678,bin8,DNA-Protein,1
Rv0767c,bin8,DNA-Protein,1
csoR,bin8,DNA-Protein,1
trcR,bin8,DNA-Protein,1
Rv1404,bin8,DNA-Protein,1
whiA,bin8,DNA-Protein,1
Rv1473A,bin8,DNA-Protein,1
Rv1776c,bin8,DNA-Protein,1
Rv1985c,bin8,DNA-Protein,1
cmtR,bin8,DNA-Protein,1
Rv2011c,bin8,DNA-Protein,1
sigC,bin8,DNA-Protein,1
Rv2324,bin8,DNA-Protein,1
sirR,bin8,DNA-Protein,1
Rv2989,bin8,DNA-Protein,1
Rv3249c,bin8,DNA-Protein,1
kstR,bin8,DNA-Protein,1
lsr2,bin8,DNA-Protein,1
espR,bin8,DNA-Protein,1
whiB5,bin9,DNA-Protein,1
Rv0302,bin9,DNA-Protein,1
Rv0767c,bin9,DNA-Protein,1
csoR,bin9,DNA-Protein,1
Rv1776c,bin9,DNA-Protein,1
mtrA,bin9,DNA-Protein,1
Rv3249c,bin9,DNA-Protein,1
kstR,bin9,DNA-Protein,1
Rv0081,bin10,DNA-Protein,1
Rv0302,bin10,DNA-Protein,1
Rv0324,bin10,DNA-Protein,1
Rv0678,bin10,DNA-Protein,1
Rv0691c,bin10,DNA-Protein,1
Rv0767c,bin10,DNA-Protein,1
Rv0818,bin10,DNA-Protein,1
csoR,bin10,DNA-Protein,1
Rv1353c,bin10,DNA-Protein,1
Rv1776c,bin10,DNA-Protein,1
Rv1828,bin10,DNA-Protein,1
Rv1985c,bin10,DNA-Protein,1
Rv2324,bin10,DNA-Protein,1
Rv2989,bin10,DNA-Protein,1
devR,bin10,DNA-Protein,1
Rv3488,bin10,DNA-Protein,1
kstR,bin10,DNA-Protein,1
lsr2,bin10,DNA-Protein,1
Rv3736,bin10,DNA-Protein,1
Rv3830c,bin10,DNA-Protein,1
whiB5,bin11,DNA-Protein,1
Rv0047c,bin11,DNA-Protein,1
Rv0081,bin11,DNA-Protein,1
Rv0135c,bin11,DNA-Protein,1
Rv0324,bin11,DNA-Protein,1
tcrA,bin11,DNA-Protein,1
Rv0653c,bin11,DNA-Protein,1
Rv0678,bin11,DNA-Protein,1
Rv0818,bin11,DNA-Protein,1
csoR,bin11,DNA-Protein,1
trcR,bin11,DNA-Protein,1
whiA,bin11,DNA-Protein,1
Rv1473A,bin11,DNA-Protein,1
Rv1776c,bin11,DNA-Protein,1
Rv1816,bin11,DNA-Protein,1
Rv2250c,bin11,DNA-Protein,1
devR,bin11,DNA-Protein,1
Rv3249c,bin11,DNA-Protein,1
Rv3488,bin11,DNA-Protein,1
Rv0023,bin12,DNA-Protein,1
Rv0047c,bin12,DNA-Protein,1
Rv0081,bin12,DNA-Protein,1
Rv0691c,bin12,DNA-Protein,1
csoR,bin12,DNA-Protein,1
Rv1353c,bin12,DNA-Protein,1
Rv1404,bin12,DNA-Protein,1
whiA,bin12,DNA-Protein,1
Rv1473A,bin12,DNA-Protein,1
Rv1816,bin12,DNA-Protein,1
cmtR,bin12,DNA-Protein,1
Rv2250c,bin12,DNA-Protein,1
Rv2324,bin12,DNA-Protein,1
sigH,bin12,DNA-Protein,1
Rv3249c,bin12,DNA-Protein,1
Rv0023,bin13,DNA-Protein,1
Rv0047c,bin13,DNA-Protein,1
Rv0081,bin13,DNA-Protein,1
Rv0302,bin13,DNA-Protein,1
Rv0324,bin13,DNA-Protein,1
Rv0678,bin13,DNA-Protein,1
phoP,bin13,DNA-Protein,1
csoR,bin13,DNA-Protein,1
trcR,bin13,DNA-Protein,1
Rv1049,bin13,DNA-Protein,1
Rv1353c,bin13,DNA-Protein,1
Rv1404,bin13,DNA-Protein,1
whiA,bin13,DNA-Protein,1
Rv1776c,bin13,DNA-Protein,1
Rv2250c,bin13,DNA-Protein,1
Rv2642,bin13,DNA-Protein,1
Rv3249c,bin13,DNA-Protein,1
kstR,bin13,DNA-Protein,1
lsr2,bin13,DNA-Protein,1
Rv3736,bin13,DNA-Protein,1
Rv3830c,bin13,DNA-Protein,1
Rv0023,bin14,DNA-Protein,1
Rv0047c,bin14,DNA-Protein,1
Rv0135c,bin14,DNA-Protein,1
Rv0302,bin14,DNA-Protein,1
Rv0678,bin14,DNA-Protein,1
Rv0691c,bin14,DNA-Protein,1
Rv0767c,bin14,DNA-Protein,1
csoR,bin14,DNA-Protein,1
trcR,bin14,DNA-Protein,1
Rv1353c,bin14,DNA-Protein,1
whiA,bin14,DNA-Protein,1
Rv1776c,bin14,DNA-Protein,1
Rv2250c,bin14,DNA-Protein,1
lsr2,bin14,DNA-Protein,1
whiB5,bin15,DNA-Protein,1
Rv0047c,bin15,DNA-Protein,1
Rv0081,bin15,DNA-Protein,1
Rv0324,bin15,DNA-Protein,1
Rv0678,bin15,DNA-Protein,1
phoP,bin15,DNA-Protein,1
csoR,bin15,DNA-Protein,1
Rv1049,bin15,DNA-Protein,1
Rv1353c,bin15,DNA-Protein,1
Rv1473A,bin15,DNA-Protein,1
Rv1776c,bin15,DNA-Protein,1
Rv1816,bin15,DNA-Protein,1
cmtR,bin15,DNA-Protein,1
Rv2011c,bin15,DNA-Protein,1
Rv2250c,bin15,DNA-Protein,1
Rv2642,bin15,DNA-Protein,1
devR,bin15,DNA-Protein,1
Rv3736,bin15,DNA-Protein,1
whiB5,bin16,DNA-Protein,1
Rv0067c,bin16,DNA-Protein,1
Rv0330c,bin16,DNA-Protein,1
Rv0691c,bin16,DNA-Protein,1
csoR,bin16,DNA-Protein,1
sigI,bin16,DNA-Protein,1
Rv1353c,bin16,DNA-Protein,1
Rv1776c,bin16,DNA-Protein,1
Rv1816,bin16,DNA-Protein,1
cmtR,bin16,DNA-Protein,1
Rv2011c,bin16,DNA-Protein,1
Rv2324,bin16,DNA-Protein,1
kstR,bin16,DNA-Protein,1
Rv0023,bin17,DNA-Protein,1
Rv0047c,bin17,DNA-Protein,1
Rv0081,bin17,DNA-Protein,1
Rv0653c,bin17,DNA-Protein,1
Rv0678,bin17,DNA-Protein,1
csoR,bin17,DNA-Protein,1
Rv1049,bin17,DNA-Protein,1
Rv1353c,bin17,DNA-Protein,1
whiA,bin17,DNA-Protein,1
Rv1776c,bin17,DNA-Protein,1
cmtR,bin17,DNA-Protein,1
Rv2250c,bin17,DNA-Protein,1
Rv2324,bin17,DNA-Protein,1
Rv2887,bin17,DNA-Protein,1
Rv3249c,bin17,DNA-Protein,1
Rv3488,bin17,DNA-Protein,1
kstR,bin17,DNA-Protein,1
Rv0047c,bin18,DNA-Protein,1
Rv0078,bin18,DNA-Protein,1
Rv0081,bin18,DNA-Protein,1
Rv0195,bin18,DNA-Protein,1
trcR,bin18,DNA-Protein,1
whiA,bin18,DNA-Protein,1
Rv1816,bin18,DNA-Protein,1
Rv1985c,bin18,DNA-Protein,1
Rv1990c,bin18,DNA-Protein,1
cmtR,bin18,DNA-Protein,1
vapB15,bin18,DNA-Protein,1
Rv2034,bin18,DNA-Protein,1
devR,bin18,DNA-Protein,1
Rv3249c,bin18,DNA-Protein,1
Rv0494,bin19,DNA-Protein,1
csoR,bin19,DNA-Protein,1
whiA,bin19,DNA-Protein,1
Rv1719,bin19,DNA-Protein,1
Rv1776c,bin19,DNA-Protein,1
Rv1816,bin19,DNA-Protein,1
whiB5,bin20,DNA-Protein,1
Rv0691c,bin20,DNA-Protein,1
trcR,bin20,DNA-Protein,1
Rv1353c,bin20,DNA-Protein,1
whiA,bin20,DNA-Protein,1
Rv1674c,bin20,DNA-Protein,1
devR,bin20,DNA-Protein,1
Rv0302,bin21,DNA-Protein,1
Rv0339c,bin21,DNA-Protein,1
Rv0678,bin21,DNA-Protein,1
csoR,bin21,DNA-Protein,1
mprA,bin21,DNA-Protein,1
Rv1255c,bin21,DNA-Protein,1
Rv1776c,bin21,DNA-Protein,1
Rv1990c,bin21,DNA-Protein,1
Rv2011c,bin21,DNA-Protein,1
Rv2021c,bin21,DNA-Protein,1
Rv2250c,bin21,DNA-Protein,1
whiB5,bin22,DNA-Protein,1
Rv0023,bin22,DNA-Protein,1
Rv0047c,bin22,DNA-Protein,1
Rv0081,bin22,DNA-Protein,1
Rv0135c,bin22,DNA-Protein,1
Rv0324,bin22,DNA-Protein,1
tcrA,bin22,DNA-Protein,1
Rv0678,bin22,DNA-Protein,1
csoR,bin22,DNA-Protein,1
Rv1353c,bin22,DNA-Protein,1
Rv1473A,bin22,DNA-Protein,1
Rv1776c,bin22,DNA-Protein,1
Rv1985c,bin22,DNA-Protein,1
Rv1990c,bin22,DNA-Protein,1
sigC,bin22,DNA-Protein,1
Rv2642,bin22,DNA-Protein,1
Rv2989,bin22,DNA-Protein,1
Rv3249c,bin22,DNA-Protein,1
whiB3,bin22,DNA-Protein,1
kstR,bin22,DNA-Protein,1
lsr2,bin22,DNA-Protein,1
tcrX,bin22,DNA-Protein,1
Rv0047c,bin23,DNA-Protein,1
Rv0324,bin23,DNA-Protein,1
Rv0678,bin23,DNA-Protein,1
Rv1353c,bin23,DNA-Protein,1
whiA,bin23,DNA-Protein,1
Rv1776c,bin23,DNA-Protein,1
Rv3488,bin23,DNA-Protein,1
Rv3736,bin23,DNA-Protein,1
Rv0047c,bin24,DNA-Protein,1
csoR,bin24,DNA-Protein,1
trcR,bin24,DNA-Protein,1
Rv1049,bin24,DNA-Protein,1
Rv2011c,bin24,DNA-Protein,1
kstR,bin24,DNA-Protein,1
csoR,bin25,DNA-Protein,1
trcR,bin25,DNA-Protein,1
Rv1776c,bin25,DNA-Protein,1
Rv1816,bin25,DNA-Protein,1
Rv1990c,bin25,DNA-Protein,1
cmtR,bin25,DNA-Protein,1
Rv2034,bin25,DNA-Protein,1
sigC,bin25,DNA-Protein,1
Rv2250c,bin25,DNA-Protein,1
zur,bin25,DNA-Protein,1
kstR,bin25,DNA-Protein,1
lsr2,bin25,DNA-Protein,1
crp,bin25,DNA-Protein,1
Rv3736,bin25,DNA-Protein,1
Rv3830c,bin25,DNA-Protein,1
whiB5,bin26,DNA-Protein,1
Rv0302,bin26,DNA-Protein,1
Rv0678,bin26,DNA-Protein,1
Rv1353c,bin26,DNA-Protein,1
Rv1776c,bin26,DNA-Protein,1
Rv2021c,bin26,DNA-Protein,1
Rv0273c,bin27,DNA-Protein,1
Rv0494,bin27,DNA-Protein,1
Rv0678,bin27,DNA-Protein,1
csoR,bin27,DNA-Protein,1
Rv1049,bin27,DNA-Protein,1
Rv1353c,bin27,DNA-Protein,1
whiA,bin27,DNA-Protein,1
Rv1719,bin27,DNA-Protein,1
Rv1776c,bin27,DNA-Protein,1
Rv1816,bin27,DNA-Protein,1
Rv2034,bin27,DNA-Protein,1
Rv2324,bin27,DNA-Protein,1
devR,bin27,DNA-Protein,1
lsr2,bin27,DNA-Protein,1
Rv0023,bin28,DNA-Protein,1
Rv0042c,bin28,DNA-Protein,1
Rv0047c,bin28,DNA-Protein,1
Rv0081,bin28,DNA-Protein,1
Rv0135c,bin28,DNA-Protein,1
Rv0273c,bin28,DNA-Protein,1
Rv0576,bin28,DNA-Protein,1
tcrA,bin28,DNA-Protein,1
Rv0678,bin28,DNA-Protein,1
phoP,bin28,DNA-Protein,1
csoR,bin28,DNA-Protein,1
trcR,bin28,DNA-Protein,1
sigI,bin28,DNA-Protein,1
Rv1353c,bin28,DNA-Protein,1
Rv1473A,bin28,DNA-Protein,1
Rv1719,bin28,DNA-Protein,1
Rv1776c,bin28,DNA-Protein,1
Rv1816,bin28,DNA-Protein,1
Rv1985c,bin28,DNA-Protein,1
Rv1990c,bin28,DNA-Protein,1
Rv2034,bin28,DNA-Protein,1
Rv2250c,bin28,DNA-Protein,1
sirR,bin28,DNA-Protein,1
Rv2989,bin28,DNA-Protein,1
Rv3050c,bin28,DNA-Protein,1
mtrA,bin28,DNA-Protein,1
Rv3249c,bin28,DNA-Protein,1
Rv3488,bin28,DNA-Protein,1
whiB4,bin28,DNA-Protein,1
Rv3736,bin28,DNA-Protein,1
tcrX,bin28,DNA-Protein,1
whiB5,bin29,DNA-Protein,1
Rv0081,bin29,DNA-Protein,1
Rv0135c,bin29,DNA-Protein,1
Rv0302,bin29,DNA-Protein,1
Rv0324,bin29,DNA-Protein,1
Rv0678,bin29,DNA-Protein,1
Rv0767c,bin29,DNA-Protein,1
csoR,bin29,DNA-Protein,1
Rv1353c,bin29,DNA-Protein,1
Rv1776c,bin29,DNA-Protein,1
Rv1816,bin29,DNA-Protein,1
Rv1990c,bin29,DNA-Protein,1
cmtR,bin29,DNA-Protein,1
Rv2034,bin29,DNA-Protein,1
Rv2324,bin29,DNA-Protein,1
Rv2642,bin29,DNA-Protein,1
Rv3066,bin29,DNA-Protein,1
devR,bin29,DNA-Protein,1
mtrA,bin29,DNA-Protein,1
Rv3249c,bin29,DNA-Protein,1
espR,bin29,DNA-Protein,1
whiB5,bin30,DNA-Protein,1
Rv0302,bin30,DNA-Protein,1
Rv1719,bin30,DNA-Protein,1
Rv1776c,bin30,DNA-Protein,1
Rv1816,bin30,DNA-Protein,1
Rv0023,bin31,DNA-Protein,1
Rv0691c,bin31,DNA-Protein,1
csoR,bin31,DNA-Protein,1
trcR,bin31,DNA-Protein,1
Rv1049,bin31,DNA-Protein,1
Rv1353c,bin31,DNA-Protein,1
whiA,bin31,DNA-Protein,1
Rv1776c,bin31,DNA-Protein,1
Rv1816,bin31,DNA-Protein,1
Rv1990c,bin31,DNA-Protein,1
Rv2250c,bin31,DNA-Protein,1
Rv2989,bin31,DNA-Protein,1
kstR,bin31,DNA-Protein,1
Rv0047c,bin32,DNA-Protein,1
Rv0678,bin32,DNA-Protein,1
Rv1719,bin32,DNA-Protein,1
Rv1776c,bin32,DNA-Protein,1
cmtR,bin32,DNA-Protein,1
Rv2021c,bin32,DNA-Protein,1
Rv2324,bin32,DNA-Protein,1
mtrA,bin32,DNA-Protein,1
Rv3249c,bin32,DNA-Protein,1
Rv0047c,bin33,DNA-Protein,1
Rv0135c,bin33,DNA-Protein,1
Rv0302,bin33,DNA-Protein,1
Rv1049,bin33,DNA-Protein,1
Rv1353c,bin33,DNA-Protein,1
Rv1556,bin33,DNA-Protein,1
Rv1776c,bin33,DNA-Protein,1
Rv1816,bin33,DNA-Protein,1
Rv1990c,bin33,DNA-Protein,1
Rv2011c,bin33,DNA-Protein,1
Rv2034,bin33,DNA-Protein,1
Rv3488,bin33,DNA-Protein,1
Rv0047c,bin34,DNA-Protein,1
Rv0302,bin34,DNA-Protein,1
Rv0324,bin34,DNA-Protein,1
Rv0678,bin34,DNA-Protein,1
Rv1776c,bin34,DNA-Protein,1
Rv1816,bin34,DNA-Protein,1
cmtR,bin34,DNA-Protein,1
Rv2250c,bin34,DNA-Protein,1
Rv2324,bin34,DNA-Protein,1
Rv2642,bin34,DNA-Protein,1
kstR,bin34,DNA-Protein,1
espR,bin34,DNA-Protein,1
Rv0023,bin35,DNA-Protein,1
Rv0047c,bin35,DNA-Protein,1
Rv0081,bin35,DNA-Protein,1
Rv0653c,bin35,DNA-Protein,1
Rv0691c,bin35,DNA-Protein,1
csoR,bin35,DNA-Protein,1
trcR,bin35,DNA-Protein,1
Rv1049,bin35,DNA-Protein,1
Rv1776c,bin35,DNA-Protein,1
Rv1816,bin35,DNA-Protein,1
higA,bin35,DNA-Protein,1
Rv1990c,bin35,DNA-Protein,1
cmtR,bin35,DNA-Protein,1
Rv2034,bin35,DNA-Protein,1
Rv2989,bin35,DNA-Protein,1
Rv3249c,bin35,DNA-Protein,1
lsr2,bin35,DNA-Protein,1
Rv3736,bin35,DNA-Protein,1
whiB5,bin36,DNA-Protein,1
Rv0047c,bin36,DNA-Protein,1
Rv0081,bin36,DNA-Protein,1
Rv0302,bin36,DNA-Protein,1
Rv0678,bin36,DNA-Protein,1
csoR,bin36,DNA-Protein,1
Rv1353c,bin36,DNA-Protein,1
whiA,bin36,DNA-Protein,1
Rv1473A,bin36,DNA-Protein,1
Rv1776c,bin36,DNA-Protein,1
Rv1816,bin36,DNA-Protein,1
Rv1985c,bin36,DNA-Protein,1
Rv1990c,bin36,DNA-Protein,1
Rv2021c,bin36,DNA-Protein,1
Rv2034,bin36,DNA-Protein,1
Rv2250c,bin36,DNA-Protein,1
Rv2324,bin36,DNA-Protein,1
Rv3488,bin36,DNA-Protein,1
kstR,bin36,DNA-Protein,1
Rv3736,bin36,DNA-Protein,1
Rv0023,bin37,DNA-Protein,1
Rv0047c,bin37,DNA-Protein,1
Rv0302,bin37,DNA-Protein,1
Rv0678,bin37,DNA-Protein,1
Rv0691c,bin37,DNA-Protein,1
csoR,bin37,DNA-Protein,1
trcR,bin37,DNA-Protein,1
Rv1049,bin37,DNA-Protein,1
Rv1353c,bin37,DNA-Protein,1
whiA,bin37,DNA-Protein,1
Rv1776c,bin37,DNA-Protein,1
Rv1990c,bin37,DNA-Protein,1
Rv2034,bin37,DNA-Protein,1
Rv2324,bin37,DNA-Protein,1
Rv3488,bin37,DNA-Protein,1
kstR,bin37,DNA-Protein,1
Rv0023,bin38,DNA-Protein,1
Rv0047c,bin38,DNA-Protein,1
Rv0081,bin38,DNA-Protein,1
Rv0158,bin38,DNA-Protein,1
Rv0324,bin38,DNA-Protein,1
tcrA,bin38,DNA-Protein,1
Rv0678,bin38,DNA-Protein,1
Rv0691c,bin38,DNA-Protein,1
csoR,bin38,DNA-Protein,1
trcR,bin38,DNA-Protein,1
whiA,bin38,DNA-Protein,1
Rv1719,bin38,DNA-Protein,1
Rv1776c,bin38,DNA-Protein,1
Rv2011c,bin38,DNA-Protein,1
Rv2021c,bin38,DNA-Protein,1
Rv2034,bin38,DNA-Protein,1
Rv2324,bin38,DNA-Protein,1
devR,bin38,DNA-Protein,1
kstR,bin38,DNA-Protein,1
Rv3736,bin38,DNA-Protein,1
whiB5,bin39,DNA-Protein,1
Rv0047c,bin39,DNA-Protein,1
Rv0678,bin39,DNA-Protein,1
Rv0691c,bin39,DNA-Protein,1
csoR,bin39,DNA-Protein,1
trcR,bin39,DNA-Protein,1
Rv1353c,bin39,DNA-Protein,1
Rv1776c,bin39,DNA-Protein,1
Rv1816,bin39,DNA-Protein,1
cmtR,bin39,DNA-Protein,1
Rv3249c,bin39,DNA-Protein,1
Rv3488,bin39,DNA-Protein,1
Rv3736,bin39,DNA-Protein,1
whiB5,bin40,DNA-Protein,1
Rv0023,bin40,DNA-Protein,1
Rv0047c,bin40,DNA-Protein,1
Rv0081,bin40,DNA-Protein,1
oxyS,bin40,DNA-Protein,1
Rv0135c,bin40,DNA-Protein,1
Rv0158,bin40,DNA-Protein,1
Rv0576,bin40,DNA-Protein,1
Rv0678,bin40,DNA-Protein,1
phoP,bin40,DNA-Protein,1
Rv0767c,bin40,DNA-Protein,1
trcR,bin40,DNA-Protein,1
Rv1049,bin40,DNA-Protein,1
sigI,bin40,DNA-Protein,1
Rv1353c,bin40,DNA-Protein,1
Rv1473A,bin40,DNA-Protein,1
Rv1776c,bin40,DNA-Protein,1
Rv1816,bin40,DNA-Protein,1
Rv1828,bin40,DNA-Protein,1
Rv1985c,bin40,DNA-Protein,1
cmtR,bin40,DNA-Protein,1
vapB15,bin40,DNA-Protein,1
sigC,bin40,DNA-Protein,1
Rv2250c,bin40,DNA-Protein,1
Rv2324,bin40,DNA-Protein,1
hrcA,bin40,DNA-Protein,1
Rv2642,bin40,DNA-Protein,1
moaR1,bin40,DNA-Protein,1
devR,bin40,DNA-Protein,1
Rv3167c,bin40,DNA-Protein,1
Rv3249c,bin40,DNA-Protein,1
whiB3,bin40,DNA-Protein,1
lsr2,bin40,DNA-Protein,1
Rv3736,bin40,DNA-Protein,1
tcrX,bin40,DNA-Protein,1
Rv0023,bin41,DNA-Protein,1
Rv0047c,bin41,DNA-Protein,1
Rv0081,bin41,DNA-Protein,1
Rv0135c,bin41,DNA-Protein,1
Rv0273c,bin41,DNA-Protein,1
Rv0302,bin41,DNA-Protein,1
Rv0324,bin41,DNA-Protein,1
Rv0678,bin41,DNA-Protein,1
Rv0691c,bin41,DNA-Protein,1
csoR,bin41,DNA-Protein,1
trcR,bin41,DNA-Protein,1
Rv1219c,bin41,DNA-Protein,1
Rv1353c,bin41,DNA-Protein,1
Rv1719,bin41,DNA-Protein,1
Rv1776c,bin41,DNA-Protein,1
Rv1816,bin41,DNA-Protein,1
Rv2250c,bin41,DNA-Protein,1
Rv2324,bin41,DNA-Protein,1
Rv2779c,bin41,DNA-Protein,1
Rv2887,bin41,DNA-Protein,1
devR,bin41,DNA-Protein,1
Rv3249c,bin41,DNA-Protein,1
Rv3488,bin41,DNA-Protein,1
kstR,bin41,DNA-Protein,1
lsr2,bin41,DNA-Protein,1
Rv3736,bin41,DNA-Protein,1
espR,bin41,DNA-Protein,1
Rv0023,bin42,DNA-Protein,1
Rv0047c,bin42,DNA-Protein,1
Rv0081,bin42,DNA-Protein,1
Rv0135c,bin42,DNA-Protein,1
Rv0158,bin42,DNA-Protein,1
Rv0324,bin42,DNA-Protein,1
Rv0494,bin42,DNA-Protein,1
tcrA,bin42,DNA-Protein,1
Rv0678,bin42,DNA-Protein,1
trcR,bin42,DNA-Protein,1
Rv1049,bin42,DNA-Protein,1
Rv1353c,bin42,DNA-Protein,1
Rv1473A,bin42,DNA-Protein,1
Rv1719,bin42,DNA-Protein,1
Rv1776c,bin42,DNA-Protein,1
Rv1816,bin42,DNA-Protein,1
cmtR,bin42,DNA-Protein,1
vapB15,bin42,DNA-Protein,1
Rv2011c,bin42,DNA-Protein,1
devR,bin42,DNA-Protein,1
Rv3249c,bin42,DNA-Protein,1
kstR,bin42,DNA-Protein,1
Rv3736,bin42,DNA-Protein,1
tcrX,bin42,DNA-Protein,1
espR,bin42,DNA-Protein,1
whiB5,bin43,DNA-Protein,1
Rv0047c,bin43,DNA-Protein,1
Rv0081,bin43,DNA-Protein,1
Rv0135c,bin43,DNA-Protein,1
Rv0678,bin43,DNA-Protein,1
Rv0691c,bin43,DNA-Protein,1
trcR,bin43,DNA-Protein,1
Rv1255c,bin43,DNA-Protein,1
Rv1353c,bin43,DNA-Protein,1
Rv1776c,bin43,DNA-Protein,1
Rv1816,bin43,DNA-Protein,1
vapB15,bin43,DNA-Protein,1
Rv2034,bin43,DNA-Protein,1
Rv2250c,bin43,DNA-Protein,1
Rv2324,bin43,DNA-Protein,1
Rv3066,bin43,DNA-Protein,1
mtrA,bin43,DNA-Protein,1
Rv3249c,bin43,DNA-Protein,1
kstR,bin43,DNA-Protein,1
Rv0023,bin44,DNA-Protein,1
Rv0081,bin44,DNA-Protein,1
Rv0324,bin44,DNA-Protein,1
tcrA,bin44,DNA-Protein,1
Rv0767c,bin44,DNA-Protein,1
Rv1353c,bin44,DNA-Protein,1
Rv1674c,bin44,DNA-Protein,1
cmtR,bin44,DNA-Protein,1
vapB15,bin44,DNA-Protein,1
Rv2250c,bin44,DNA-Protein,1
Rv2642,bin44,DNA-Protein,1
mtrA,bin44,DNA-Protein,1
lsr2,bin44,DNA-Protein,1
Rv3736,bin44,DNA-Protein,1
Rv0195,bin45,DNA-Protein,1
Rv0324,bin45,DNA-Protein,1
Rv0767c,bin45,DNA-Protein,1
trcR,bin45,DNA-Protein,1
Rv1049,bin45,DNA-Protein,1
Rv1353c,bin45,DNA-Protein,1
Rv1776c,bin45,DNA-Protein,1
Rv1816,bin45,DNA-Protein,1
Rv1990c,bin45,DNA-Protein,1
Rv2011c,bin45,DNA-Protein,1
Rv2324,bin45,DNA-Protein,1
devR,bin45,DNA-Protein,1
whiB5,bin46,DNA-Protein,1
Rv0047c,bin46,DNA-Protein,1
Rv0081,bin46,DNA-Protein,1
Rv0195,bin46,DNA-Protein,1
Rv0302,bin46,DNA-Protein,1
Rv0678,bin46,DNA-Protein,1
Rv1353c,bin46,DNA-Protein,1
Rv1473A,bin46,DNA-Protein,1
Rv1719,bin46,DNA-Protein,1
Rv1816,bin46,DNA-Protein,1
Rv1990c,bin46,DNA-Protein,1
Rv2011c,bin46,DNA-Protein,1
Rv2021c,bin46,DNA-Protein,1
Rv2034,bin46,DNA-Protein,1
Rv2324,bin46,DNA-Protein,1
kstR,bin46,DNA-Protein,1
lsr2,bin46,DNA-Protein,1
Rv0047c,bin47,DNA-Protein,1
Rv0081,bin47,DNA-Protein,1
Rv0691c,bin47,DNA-Protein,1
Rv1404,bin47,DNA-Protein,1
whiA,bin47,DNA-Protein,1
Rv1473A,bin47,DNA-Protein,1
Rv1776c,bin47,DNA-Protein,1
Rv1816,bin47,DNA-Protein,1
cmtR,bin47,DNA-Protein,1
Rv2021c,bin47,DNA-Protein,1
Rv2250c,bin47,DNA-Protein,1
Rv3736,bin47,DNA-Protein,1
whiB5,bin48,DNA-Protein,1
Rv0023,bin48,DNA-Protein,1
Rv0047c,bin48,DNA-Protein,1
Rv0135c,bin48,DNA-Protein,1
Rv0273c,bin48,DNA-Protein,1
Rv0302,bin48,DNA-Protein,1
Rv0678,bin48,DNA-Protein,1
csoR,bin48,DNA-Protein,1
whiA,bin48,DNA-Protein,1
Rv1473A,bin48,DNA-Protein,1
Rv1719,bin48,DNA-Protein,1
Rv1776c,bin48,DNA-Protein,1
Rv2011c,bin48,DNA-Protein,1
kstR,bin48,DNA-Protein,1
Rv0047c,bin49,DNA-Protein,1
Rv0081,bin49,DNA-Protein,1
Rv0302,bin49,DNA-Protein,1
Rv0678,bin49,DNA-Protein,1
Rv0691c,bin49,DNA-Protein,1
Rv0767c,bin49,DNA-Protein,1
csoR,bin49,DNA-Protein,1
trcR,bin49,DNA-Protein,1
Rv1049,bin49,DNA-Protein,1
Rv1353c,bin49,DNA-Protein,1
whiA,bin49,DNA-Protein,1
Rv1719,bin49,DNA-Protein,1
Rv1776c,bin49,DNA-Protein,1
Rv1816,bin49,DNA-Protein,1
Rv1828,bin49,DNA-Protein,1
Rv1990c,bin49,DNA-Protein,1
Rv2034,bin49,DNA-Protein,1
Rv2250c,bin49,DNA-Protein,1
Rv2324,bin49,DNA-Protein,1
Rv3249c,bin49,DNA-Protein,1
kstR,bin49,DNA-Protein,1
espR,bin49,DNA-Protein,1
Rv0047c,bin50,DNA-Protein,1
Rv0081,bin50,DNA-Protein,1
Rv0302,bin50,DNA-Protein,1
tcrA,bin50,DNA-Protein,1
Rv0678,bin50,DNA-Protein,1
phoP,bin50,DNA-Protein,1
Rv0767c,bin50,DNA-Protein,1
csoR,bin50,DNA-Protein,1
trcR,bin50,DNA-Protein,1
Rv1049,bin50,DNA-Protein,1
Rv1353c,bin50,DNA-Protein,1
Rv1404,bin50,DNA-Protein,1
Rv1473A,bin50,DNA-Protein,1
Rv1719,bin50,DNA-Protein,1
Rv1776c,bin50,DNA-Protein,1
Rv1816,bin50,DNA-Protein,1
Rv1985c,bin50,DNA-Protein,1
Rv1990c,bin50,DNA-Protein,1
cmtR,bin50,DNA-Protein,1
Rv2011c,bin50,DNA-Protein,1
Rv2324,bin50,DNA-Protein,1
mtrA,bin50,DNA-Protein,1
lsr2,bin50,DNA-Protein,1
Rv0273c,bin51,DNA-Protein,1
Rv0678,bin51,DNA-Protein,1
phoP,bin51,DNA-Protein,1
trcR,bin51,DNA-Protein,1
Rv1049,bin51,DNA-Protein,1
Rv1353c,bin51,DNA-Protein,1
whiA,bin51,DNA-Protein,1
Rv1776c,bin51,DNA-Protein,1
Rv2011c,bin51,DNA-Protein,1
Rv2021c,bin51,DNA-Protein,1
Rv2250c,bin51,DNA-Protein,1
Rv2989,bin51,DNA-Protein,1
Rv3249c,bin51,DNA-Protein,1
kstR,bin51,DNA-Protein,1
whiB5,bin52,DNA-Protein,1
Rv0023,bin52,DNA-Protein,1
Rv0081,bin52,DNA-Protein,1
Rv0135c,bin52,DNA-Protein,1
Rv0302,bin52,DNA-Protein,1
Rv0324,bin52,DNA-Protein,1
csoR,bin52,DNA-Protein,1
trcR,bin52,DNA-Protein,1
Rv1990c,bin52,DNA-Protein,1
devR,bin52,DNA-Protein,1
Rv3249c,bin52,DNA-Protein,1
sigF,bin52,DNA-Protein,1
kstR,bin52,DNA-Protein,1
Rv3736,bin52,DNA-Protein,1
whiB5,bin53,DNA-Protein,1
Rv0081,bin53,DNA-Protein,1
Rv0302,bin53,DNA-Protein,1
Rv0678,bin53,DNA-Protein,1
Rv0767c,bin53,DNA-Protein,1
csoR,bin53,DNA-Protein,1
trcR,bin53,DNA-Protein,1
Rv1353c,bin53,DNA-Protein,1
Rv1776c,bin53,DNA-Protein,1
Rv1985c,bin53,DNA-Protein,1
cmtR,bin53,DNA-Protein,1
Rv2250c,bin53,DNA-Protein,1
Rv2642,bin53,DNA-Protein,1
Rv3249c,bin53,DNA-Protein,1
whiB3,bin53,DNA-Protein,1
Rv3488,bin53,DNA-Protein,1
kstR,bin53,DNA-Protein,1
lsr2,bin53,DNA-Protein,1
espR,bin53,DNA-Protein,1
Rv0135c,bin54,DNA-Protein,1
tcrA,bin54,DNA-Protein,1
Rv0691c,bin54,DNA-Protein,1
Rv0767c,bin54,DNA-Protein,1
csoR,bin54,DNA-Protein,1
trcR,bin54,DNA-Protein,1
Rv1353c,bin54,DNA-Protein,1
Rv1776c,bin54,DNA-Protein,1
Rv1816,bin54,DNA-Protein,1
Rv1990c,bin54,DNA-Protein,1
Rv2250c,bin54,DNA-Protein,1
kstR,bin54,DNA-Protein,1
whiB5,bin55,DNA-Protein,1
phoP,bin55,DNA-Protein,1
Rv0767c,bin55,DNA-Protein,1
csoR,bin55,DNA-Protein,1
whiA,bin55,DNA-Protein,1
Rv1776c,bin55,DNA-Protein,1
Rv1816,bin55,DNA-Protein,1
Rv2011c,bin55,DNA-Protein,1
Rv2034,bin55,DNA-Protein,1
devR,bin55,DNA-Protein,1
Rv3736,bin55,DNA-Protein,1
espR,bin55,DNA-Protein,1
Rv0023,bin56,DNA-Protein,1
Rv0047c,bin56,DNA-Protein,1
Rv0081,bin56,DNA-Protein,1
Rv0678,bin56,DNA-Protein,1
Rv0691c,bin56,DNA-Protein,1
csoR,bin56,DNA-Protein,1
trcR,bin56,DNA-Protein,1
Rv1049,bin56,DNA-Protein,1
Rv1353c,bin56,DNA-Protein,1
whiA,bin56,DNA-Protein,1
Rv1719,bin56,DNA-Protein,1
Rv1776c,bin56,DNA-Protein,1
Rv1816,bin56,DNA-Protein,1
Rv1990c,bin56,DNA-Protein,1
Rv2011c,bin56,DNA-Protein,1
Rv2034,bin56,DNA-Protein,1
Rv2989,bin56,DNA-Protein,1
Rv3249c,bin56,DNA-Protein,1
Rv3488,bin56,DNA-Protein,1
kstR,bin56,DNA-Protein,1
lsr2,bin56,DNA-Protein,1
Rv3736,bin56,DNA-Protein,1
Rv0023,bin57,DNA-Protein,1
csoR,bin57,DNA-Protein,1
Rv1776c,bin57,DNA-Protein,1
Rv2011c,bin57,DNA-Protein,1
kstR,bin57,DNA-Protein,1
Rv3830c,bin57,DNA-Protein,1
whiB5,bin58,DNA-Protein,1
Rv0023,bin58,DNA-Protein,1
Rv0047c,bin58,DNA-Protein,1
Rv0081,bin58,DNA-Protein,1
Rv0135c,bin58,DNA-Protein,1
Rv0238,bin58,DNA-Protein,1
Rv0324,bin58,DNA-Protein,1
Rv0494,bin58,DNA-Protein,1
Rv0691c,bin58,DNA-Protein,1
csoR,bin58,DNA-Protein,1
trcR,bin58,DNA-Protein,1
Rv1049,bin58,DNA-Protein,1
Rv1353c,bin58,DNA-Protein,1
whiA,bin58,DNA-Protein,1
Rv1776c,bin58,DNA-Protein,1
Rv3249c,bin58,DNA-Protein,1
Rv3488,bin58,DNA-Protein,1
lsr2,bin58,DNA-Protein,1
whiB5,bin59,DNA-Protein,1
Rv0238,bin59,DNA-Protein,1
Rv0302,bin59,DNA-Protein,1
Rv0678,bin59,DNA-Protein,1
csoR,bin59,DNA-Protein,1
trcR,bin59,DNA-Protein,1
Rv1049,bin59,DNA-Protein,1
Rv1776c,bin59,DNA-Protein,1
Rv1990c,bin59,DNA-Protein,1
Rv2250c,bin59,DNA-Protein,1
devR,bin59,DNA-Protein,1
Rv3249c,bin59,DNA-Protein,1
sigF,bin59,DNA-Protein,1
Rv3736,bin59,DNA-Protein,1
Rv0023,bin60,DNA-Protein,1
Rv0047c,bin60,DNA-Protein,1
Rv0081,bin60,DNA-Protein,1
Rv0273c,bin60,DNA-Protein,1
Rv0302,bin60,DNA-Protein,1
Rv0324,bin60,DNA-Protein,1
Rv0678,bin60,DNA-Protein,1
Rv0691c,bin60,DNA-Protein,1
Rv0767c,bin60,DNA-Protein,1
Rv0818,bin60,DNA-Protein,1
trcR,bin60,DNA-Protein,1
Rv1049,bin60,DNA-Protein,1
Rv1353c,bin60,DNA-Protein,1
Rv1404,bin60,DNA-Protein,1
whiA,bin60,DNA-Protein,1
Rv1473A,bin60,DNA-Protein,1
Rv2011c,bin60,DNA-Protein,1
Rv2034,bin60,DNA-Protein,1
Rv2324,bin60,DNA-Protein,1
Rv2989,bin60,DNA-Protein,1
devR,bin60,DNA-Protein,1
kstR,bin60,DNA-Protein,1
lsr2,bin60,DNA-Protein,1
Rv3736,bin60,DNA-Protein,1
Rv0047c,bin61,DNA-Protein,1
Rv0081,bin61,DNA-Protein,1
Rv0135c,bin61,DNA-Protein,1
hspR,bin61,DNA-Protein,1
Rv0678,bin61,DNA-Protein,1
phoP,bin61,DNA-Protein,1
Rv0818,bin61,DNA-Protein,1
trcR,bin61,DNA-Protein,1
Rv1219c,bin61,DNA-Protein,1
Rv1353c,bin61,DNA-Protein,1
Rv1473A,bin61,DNA-Protein,1
Rv1776c,bin61,DNA-Protein,1
Rv1816,bin61,DNA-Protein,1
Rv1990c,bin61,DNA-Protein,1
Rv2250c,bin61,DNA-Protein,1
mtrA,bin61,DNA-Protein,1
whiB4,bin61,DNA-Protein,1
Rv0023,bin62,DNA-Protein,1
Rv0047c,bin62,DNA-Protein,1
Rv0081,bin62,DNA-Protein,1
Rv0324,bin62,DNA-Protein,1
Rv0653c,bin62,DNA-Protein,1
csoR,bin62,DNA-Protein,1
trcR,bin62,DNA-Protein,1
Rv1353c,bin62,DNA-Protein,1
Rv1985c,bin62,DNA-Protein,1
Rv2021c,bin62,DNA-Protein,1
Rv2324,bin62,DNA-Protein,1
devR,bin62,DNA-Protein,1
kstR,bin62,DNA-Protein,1
lsr2,bin62,DNA-Protein,1
whiB5,bin63,DNA-Protein,1
Rv0023,bin63,DNA-Protein,1
Rv0047c,bin63,DNA-Protein,1
Rv0081,bin63,DNA-Protein,1
Rv0302,bin63,DNA-Protein,1
csoR,bin63,DNA-Protein,1
trcR,bin63,DNA-Protein,1
Rv1776c,bin63,DNA-Protein,1
Rv2250c,bin63,DNA-Protein,1
Rv3488,bin63,DNA-Protein,1
kstR,bin63,DNA-Protein,1
Rv3830c,bin63,DNA-Protein,1
Rv0047c,bin64,DNA-Protein,1
Rv0135c,bin64,DNA-Protein,1
csoR,bin64,DNA-Protein,1
Rv1776c,bin64,DNA-Protein,1
Rv1990c,bin64,DNA-Protein,1
cmtR,bin64,DNA-Protein,1
Rv2250c,bin64,DNA-Protein,1
Rv3736,bin64,DNA-Protein,1
Rv0023,bin65,DNA-Protein,1
Rv0047c,bin65,DNA-Protein,1
Rv0081,bin65,DNA-Protein,1
Rv0324,bin65,DNA-Protein,1
Rv0576,bin65,DNA-Protein,1
Rv0678,bin65,DNA-Protein,1
Rv0767c,bin65,DNA-Protein,1
csoR,bin65,DNA-Protein,1
trcR,bin65,DNA-Protein,1
Rv1049,bin65,DNA-Protein,1
Rv1353c,bin65,DNA-Protein,1
whiA,bin65,DNA-Protein,1
Rv1776c,bin65,DNA-Protein,1
Rv1816,bin65,DNA-Protein,1
Rv1985c,bin65,DNA-Protein,1
Rv1990c,bin65,DNA-Protein,1
Rv2011c,bin65,DNA-Protein,1
Rv2034,bin65,DNA-Protein,1
Rv3488,bin65,DNA-Protein,1
kstR,bin65,DNA-Protein,1
lsr2,bin65,DNA-Protein,1
Rv3736,bin65,DNA-Protein,1
tcrX,bin65,DNA-Protein,1
Rv0302,bin66,DNA-Protein,1
csoR,bin66,DNA-Protein,1
Rv1353c,bin66,DNA-Protein,1
Rv1776c,bin66,DNA-Protein,1
Rv1816,bin66,DNA-Protein,1
blaI,bin66,DNA-Protein,1
vapB15,bin66,DNA-Protein,1
Rv2250c,bin66,DNA-Protein,1
Rv2324,bin66,DNA-Protein,1
Rv3249c,bin66,DNA-Protein,1
kstR,bin66,DNA-Protein,1
Rv3736,bin66,DNA-Protein,1
tcrX,bin66,DNA-Protein,1
Rv3830c,bin66,DNA-Protein,1
Rv0047c,bin67,DNA-Protein,1
Rv0081,bin67,DNA-Protein,1
Rv0273c,bin67,DNA-Protein,1
Rv0275c,bin67,DNA-Protein,1
csoR,bin67,DNA-Protein,1
trcR,bin67,DNA-Protein,1
Rv1353c,bin67,DNA-Protein,1
whiA,bin67,DNA-Protein,1
Rv1776c,bin67,DNA-Protein,1
Rv2324,bin67,DNA-Protein,1
Rv3249c,bin67,DNA-Protein,1
Rv3488,bin67,DNA-Protein,1
phoP,bin68,DNA-Protein,1
trcR,bin68,DNA-Protein,1
Rv1719,bin68,DNA-Protein,1
zur,bin68,DNA-Protein,1
lsr2,bin68,DNA-Protein,1
Rv3736,bin68,DNA-Protein,1
Rv0047c,bin69,DNA-Protein,1
Rv0081,bin69,DNA-Protein,1
Rv0135c,bin69,DNA-Protein,1
Rv0302,bin69,DNA-Protein,1
Rv0324,bin69,DNA-Protein,1
Rv0474,bin69,DNA-Protein,1
tcrA,bin69,DNA-Protein,1
Rv0678,bin69,DNA-Protein,1
phoP,bin69,DNA-Protein,1
Rv0767c,bin69,DNA-Protein,1
trcR,bin69,DNA-Protein,1
sigI,bin69,DNA-Protein,1
Rv1219c,bin69,DNA-Protein,1
Rv1255c,bin69,DNA-Protein,1
Rv1332,bin69,DNA-Protein,1
Rv1353c,bin69,DNA-Protein,1
Rv1460,bin69,DNA-Protein,1
Rv1473A,bin69,DNA-Protein,1
Rv1776c,bin69,DNA-Protein,1
Rv1816,bin69,DNA-Protein,1
Rv1985c,bin69,DNA-Protein,1
Rv2011c,bin69,DNA-Protein,1
Rv2034,bin69,DNA-Protein,1
sigC,bin69,DNA-Protein,1
zur,bin69,DNA-Protein,1
clgR,bin69,DNA-Protein,1
Rv2887,bin69,DNA-Protein,1
Rv2989,bin69,DNA-Protein,1
Rv3050c,bin69,DNA-Protein,1
devR,bin69,DNA-Protein,1
Rv3160c,bin69,DNA-Protein,1
sigH,bin69,DNA-Protein,1
lrpA,bin69,DNA-Protein,1
sigD,bin69,DNA-Protein,1
kstR,bin69,DNA-Protein,1
lsr2,bin69,DNA-Protein,1
whiB4,bin69,DNA-Protein,1
tcrX,bin69,DNA-Protein,1
Rv3830c,bin69,DNA-Protein,1
espR,bin69,DNA-Protein,1
ethR,bin69,DNA-Protein,1
Rv0324,bin70,DNA-Protein,1
Rv0691c,bin70,DNA-Protein,1
csoR,bin70,DNA-Protein,1
Rv1049,bin70,DNA-Protein,1
Rv1353c,bin70,DNA-Protein,1
Rv1776c,bin70,DNA-Protein,1
Rv2324,bin70,DNA-Protein,1
Rv0081,bin71,DNA-Protein,1
Rv0135c,bin71,DNA-Protein,1
Rv0691c,bin71,DNA-Protein,1
csoR,bin71,DNA-Protein,1
trcR,bin71,DNA-Protein,1
Rv1473A,bin71,DNA-Protein,1
Rv1719,bin71,DNA-Protein,1
Rv1776c,bin71,DNA-Protein,1
Rv2034,bin71,DNA-Protein,1
Rv2989,bin71,DNA-Protein,1
devR,bin71,DNA-Protein,1
tcrX,bin71,DNA-Protein,1
whiB5,bin72,DNA-Protein,1
Rv0081,bin72,DNA-Protein,1
Rv0678,bin72,DNA-Protein,1
Rv0767c,bin72,DNA-Protein,1
csoR,bin72,DNA-Protein,1
Rv1353c,bin72,DNA-Protein,1
Rv1719,bin72,DNA-Protein,1
Rv1776c,bin72,DNA-Protein,1
higA,bin72,DNA-Protein,1
Rv2250c,bin72,DNA-Protein,1
Rv0023,bin73,DNA-Protein,1
Rv0047c,bin73,DNA-Protein,1
Rv0302,bin73,DNA-Protein,1
Rv0576,bin73,DNA-Protein,1
Rv0691c,bin73,DNA-Protein,1
Rv1049,bin73,DNA-Protein,1
Rv1219c,bin73,DNA-Protein,1
Rv1353c,bin73,DNA-Protein,1
whiA,bin73,DNA-Protein,1
Rv1776c,bin73,DNA-Protein,1
higA,bin73,DNA-Protein,1
Rv2324,bin73,DNA-Protein,1
Rv3249c,bin73,DNA-Protein,1
Rv3488,bin73,DNA-Protein,1
Rv0023,bin74,DNA-Protein,1
Rv0135c,bin74,DNA-Protein,1
Rv0465c,bin74,DNA-Protein,1
tcrA,bin74,DNA-Protein,1
Rv0678,bin74,DNA-Protein,1
Rv0691c,bin74,DNA-Protein,1
Rv1049,bin74,DNA-Protein,1
sigI,bin74,DNA-Protein,1
Rv1776c,bin74,DNA-Protein,1
Rv1816,bin74,DNA-Protein,1
Rv2021c,bin74,DNA-Protein,1
Rv2250c,bin74,DNA-Protein,1
sirR,bin74,DNA-Protein,1
Rv2989,bin74,DNA-Protein,1
Rv3405c,bin74,DNA-Protein,1
Rv3488,bin74,DNA-Protein,1
kstR,bin74,DNA-Protein,1
lsr2,bin74,DNA-Protein,1
Rv3830c,bin74,DNA-Protein,1
espR,bin74,DNA-Protein,1
Rv0023,bin75,DNA-Protein,1
Rv0047c,bin75,DNA-Protein,1
Rv0081,bin75,DNA-Protein,1
Rv0465c,bin75,DNA-Protein,1
Rv0678,bin75,DNA-Protein,1
Rv1049,bin75,DNA-Protein,1
Rv1353c,bin75,DNA-Protein,1
Rv1985c,bin75,DNA-Protein,1
Rv1990c,bin75,DNA-Protein,1
Rv2324,bin75,DNA-Protein,1
sirR,bin75,DNA-Protein,1
Rv2989,bin75,DNA-Protein,1
Rv3249c,bin75,DNA-Protein,1
Rv3405c,bin75,DNA-Protein,1
Rv3488,bin75,DNA-Protein,1
kstR,bin75,DNA-Protein,1
lsr2,bin75,DNA-Protein,1
espR,bin75,DNA-Protein,1
whiB5,bin76,DNA-Protein,1
Rv0047c,bin76,DNA-Protein,1
Rv0081,bin76,DNA-Protein,1
Rv0135c,bin76,DNA-Protein,1
Rv0324,bin76,DNA-Protein,1
Rv0465c,bin76,DNA-Protein,1
Rv0691c,bin76,DNA-Protein,1
Rv0767c,bin76,DNA-Protein,1
csoR,bin76,DNA-Protein,1
Rv1049,bin76,DNA-Protein,1
Rv1255c,bin76,DNA-Protein,1
Rv1776c,bin76,DNA-Protein,1
Rv1828,bin76,DNA-Protein,1
Rv2034,bin76,DNA-Protein,1
Rv2250c,bin76,DNA-Protein,1
Rv2642,bin76,DNA-Protein,1
sirR,bin76,DNA-Protein,1
Rv2989,bin76,DNA-Protein,1
mtrA,bin76,DNA-Protein,1
espR,bin76,DNA-Protein,1
Rv0678,bin77,DNA-Protein,1
csoR,bin77,DNA-Protein,1
Rv1049,bin77,DNA-Protein,1
Rv1219c,bin77,DNA-Protein,1
Rv1353c,bin77,DNA-Protein,1
Rv1816,bin77,DNA-Protein,1
Rv2011c,bin77,DNA-Protein,1
Rv3249c,bin77,DNA-Protein,1
kstR,bin77,DNA-Protein,1
ethR,bin77,DNA-Protein,1
Rv0081,bin78,DNA-Protein,1
Rv0135c,bin78,DNA-Protein,1
Rv0324,bin78,DNA-Protein,1
Rv0678,bin78,DNA-Protein,1
Rv0767c,bin78,DNA-Protein,1
csoR,bin78,DNA-Protein,1
Rv1049,bin78,DNA-Protein,1
Rv1255c,bin78,DNA-Protein,1
Rv1353c,bin78,DNA-Protein,1
Rv1473A,bin78,DNA-Protein,1
Rv1776c,bin78,DNA-Protein,1
Rv1816,bin78,DNA-Protein,1
Rv1985c,bin78,DNA-Protein,1
Rv1990c,bin78,DNA-Protein,1
cmtR,bin78,DNA-Protein,1
vapB15,bin78,DNA-Protein,1
Rv2011c,bin78,DNA-Protein,1
Rv2250c,bin78,DNA-Protein,1
devR,bin78,DNA-Protein,1
Rv3173c,bin78,DNA-Protein,1
mtrA,bin78,DNA-Protein,1
Rv3488,bin78,DNA-Protein,1
Rv3557c,bin78,DNA-Protein,1
lsr2,bin78,DNA-Protein,1
Rv3736,bin78,DNA-Protein,1
tcrX,bin78,DNA-Protein,1
Rv3830c,bin78,DNA-Protein,1
Rv0023,bin79,DNA-Protein,1
Rv0047c,bin79,DNA-Protein,1
Rv0081,bin79,DNA-Protein,1
Rv0324,bin79,DNA-Protein,1
csoR,bin79,DNA-Protein,1
trcR,bin79,DNA-Protein,1
Rv1049,bin79,DNA-Protein,1
Rv1674c,bin79,DNA-Protein,1
Rv1816,bin79,DNA-Protein,1
Rv1985c,bin79,DNA-Protein,1
Rv2250c,bin79,DNA-Protein,1
Rv3249c,bin79,DNA-Protein,1
kstR,bin79,DNA-Protein,1
lsr2,bin79,DNA-Protein,1
Rv3736,bin79,DNA-Protein,1
whiB5,bin80,DNA-Protein,1
Rv0081,bin80,DNA-Protein,1
Rv0324,bin80,DNA-Protein,1
Rv0330c,bin80,DNA-Protein,1
tcrA,bin80,DNA-Protein,1
csoR,bin80,DNA-Protein,1
trcR,bin80,DNA-Protein,1
Rv1353c,bin80,DNA-Protein,1
Rv1816,bin80,DNA-Protein,1
vapB15,bin80,DNA-Protein,1
Rv3249c,bin80,DNA-Protein,1
whiB3,bin80,DNA-Protein,1
Rv0023,bin81,DNA-Protein,1
Rv0081,bin81,DNA-Protein,1
Rv0302,bin81,DNA-Protein,1
Rv0691c,bin81,DNA-Protein,1
csoR,bin81,DNA-Protein,1
trcR,bin81,DNA-Protein,1
Rv1049,bin81,DNA-Protein,1
Rv1473A,bin81,DNA-Protein,1
Rv1776c,bin81,DNA-Protein,1
Rv1816,bin81,DNA-Protein,1
Rv2011c,bin81,DNA-Protein,1
Rv2250c,bin81,DNA-Protein,1
Rv2324,bin81,DNA-Protein,1
devR,bin81,DNA-Protein,1
Rv3249c,bin81,DNA-Protein,1
Rv3488,bin81,DNA-Protein,1
ethR,bin81,DNA-Protein,1
Rv0081,bin82,DNA-Protein,1
Rv0302,bin82,DNA-Protein,1
Rv0339c,bin82,DNA-Protein,1
Rv0678,bin82,DNA-Protein,1
csoR,bin82,DNA-Protein,1
Rv1255c,bin82,DNA-Protein,1
whiA,bin82,DNA-Protein,1
Rv1674c,bin82,DNA-Protein,1
Rv1776c,bin82,DNA-Protein,1
higA,bin82,DNA-Protein,1
Rv2250c,bin82,DNA-Protein,1
Rv2324,bin82,DNA-Protein,1
devR,bin82,DNA-Protein,1
Rv3488,bin82,DNA-Protein,1
whiB5,bin83,DNA-Protein,1
Rv0081,bin83,DNA-Protein,1
Rv0275c,bin83,DNA-Protein,1
Rv0678,bin83,DNA-Protein,1
csoR,bin83,DNA-Protein,1
Rv1353c,bin83,DNA-Protein,1
Rv1674c,bin83,DNA-Protein,1
Rv1776c,bin83,DNA-Protein,1
Rv1816,bin83,DNA-Protein,1
kstR,bin83,DNA-Protein,1
whiB5,bin84,DNA-Protein,1
Rv0047c,bin84,DNA-Protein,1
Rv0081,bin84,DNA-Protein,1
Rv0324,bin84,DNA-Protein,1
Rv0348,bin84,DNA-Protein,1
hspR,bin84,DNA-Protein,1
tcrA,bin84,DNA-Protein,1
Rv0653c,bin84,DNA-Protein,1
Rv0678,bin84,DNA-Protein,1
Rv0691c,bin84,DNA-Protein,1
Rv1049,bin84,DNA-Protein,1
Rv1353c,bin84,DNA-Protein,1
whiA,bin84,DNA-Protein,1
Rv1473A,bin84,DNA-Protein,1
Rv1776c,bin84,DNA-Protein,1
Rv1816,bin84,DNA-Protein,1
Rv1985c,bin84,DNA-Protein,1
Rv2021c,bin84,DNA-Protein,1
Rv2034,bin84,DNA-Protein,1
Rv2250c,bin84,DNA-Protein,1
Rv2324,bin84,DNA-Protein,1
Rv2989,bin84,DNA-Protein,1
Rv3249c,bin84,DNA-Protein,1
Rv3488,bin84,DNA-Protein,1
Rv0081,bin85,DNA-Protein,1
Rv0324,bin85,DNA-Protein,1
Rv0678,bin85,DNA-Protein,1
Rv0691c,bin85,DNA-Protein,1
csoR,bin85,DNA-Protein,1
trcR,bin85,DNA-Protein,1
Rv1049,bin85,DNA-Protein,1
Rv1353c,bin85,DNA-Protein,1
Rv1776c,bin85,DNA-Protein,1
Rv1816,bin85,DNA-Protein,1
Rv1985c,bin85,DNA-Protein,1
Rv2021c,bin85,DNA-Protein,1
Rv2034,bin85,DNA-Protein,1
Rv2250c,bin85,DNA-Protein,1
sirR,bin85,DNA-Protein,1
devR,bin85,DNA-Protein,1
kstR,bin85,DNA-Protein,1
lsr2,bin85,DNA-Protein,1
Rv3830c,bin85,DNA-Protein,1
Rv0023,bin86,DNA-Protein,1
Rv0047c,bin86,DNA-Protein,1
Rv0135c,bin86,DNA-Protein,1
Rv0195,bin86,DNA-Protein,1
Rv0465c,bin86,DNA-Protein,1
Rv0678,bin86,DNA-Protein,1
mprA,bin86,DNA-Protein,1
Rv1049,bin86,DNA-Protein,1
Rv1219c,bin86,DNA-Protein,1
Rv1816,bin86,DNA-Protein,1
Rv1990c,bin86,DNA-Protein,1
sirR,bin86,DNA-Protein,1
Rv2989,bin86,DNA-Protein,1
sigF,bin86,DNA-Protein,1
Rv3488,bin86,DNA-Protein,1
kstR,bin86,DNA-Protein,1
Rv3830c,bin86,DNA-Protein,1
espR,bin86,DNA-Protein,1
Rv0023,bin87,DNA-Protein,1
Rv0043c,bin87,DNA-Protein,1
Rv0047c,bin87,DNA-Protein,1
Rv0081,bin87,DNA-Protein,1
Rv0135c,bin87,DNA-Protein,1
Rv0324,bin87,DNA-Protein,1
Rv0678,bin87,DNA-Protein,1
mprA,bin87,DNA-Protein,1
trcR,bin87,DNA-Protein,1
Rv1167c,bin87,DNA-Protein,1
Rv1990c,bin87,DNA-Protein,1
Rv2011c,bin87,DNA-Protein,1
Rv2034,bin87,DNA-Protein,1
Rv2250c,bin87,DNA-Protein,1
sirR,bin87,DNA-Protein,1
devR,bin87,DNA-Protein,1
Rv3249c,bin87,DNA-Protein,1
Rv3488,bin87,DNA-Protein,1
lsr2,bin87,DNA-Protein,1
Rv3736,bin87,DNA-Protein,1
Rv3830c,bin87,DNA-Protein,1
espR,bin87,DNA-Protein,1
Rv0047c,bin88,DNA-Protein,1
Rv0135c,bin88,DNA-Protein,1
Rv0494,bin88,DNA-Protein,1
Rv0691c,bin88,DNA-Protein,1
csoR,bin88,DNA-Protein,1
Rv1219c,bin88,DNA-Protein,1
Rv1353c,bin88,DNA-Protein,1
Rv1473A,bin88,DNA-Protein,1
Rv1776c,bin88,DNA-Protein,1
Rv1816,bin88,DNA-Protein,1
Rv1990c,bin88,DNA-Protein,1
vapB15,bin88,DNA-Protein,1
Rv2034,bin88,DNA-Protein,1
Rv2989,bin88,DNA-Protein,1
devR,bin88,DNA-Protein,1
Rv0023,bin89,DNA-Protein,1
Rv0081,bin89,DNA-Protein,1
Rv0678,bin89,DNA-Protein,1
trcR,bin89,DNA-Protein,1
Rv1049,bin89,DNA-Protein,1
Rv1353c,bin89,DNA-Protein,1
Rv1473A,bin89,DNA-Protein,1
Rv1776c,bin89,DNA-Protein,1
Rv2021c,bin89,DNA-Protein,1
devR,bin89,DNA-Protein,1
Rv3249c,bin89,DNA-Protein,1
kstR,bin89,DNA-Protein,1
lsr2,bin89,DNA-Protein,1
Rv0047c,bin90,DNA-Protein,1
Rv0678,bin90,DNA-Protein,1
Rv1776c,bin90,DNA-Protein,1
Rv1816,bin90,DNA-Protein,1
Rv2034,bin90,DNA-Protein,1
Rv2250c,bin90,DNA-Protein,1
Rv0023,bin91,DNA-Protein,1
Rv0302,bin91,DNA-Protein,1
csoR,bin91,DNA-Protein,1
whiA,bin91,DNA-Protein,1
Rv1719,bin91,DNA-Protein,1
Rv1776c,bin91,DNA-Protein,1
Rv1990c,bin91,DNA-Protein,1
whiB5,bin92,DNA-Protein,1
Rv0023,bin92,DNA-Protein,1
Rv0494,bin92,DNA-Protein,1
Rv0678,bin92,DNA-Protein,1
Rv0691c,bin92,DNA-Protein,1
csoR,bin92,DNA-Protein,1
trcR,bin92,DNA-Protein,1
Rv1049,bin92,DNA-Protein,1
Rv1776c,bin92,DNA-Protein,1
Rv1990c,bin92,DNA-Protein,1
Rv2021c,bin92,DNA-Protein,1
Rv2034,bin92,DNA-Protein,1
devR,bin92,DNA-Protein,1
Rv3249c,bin92,DNA-Protein,1
Rv0195,bin93,DNA-Protein,1
hspR,bin93,DNA-Protein,1
Rv0678,bin93,DNA-Protein,1
csoR,bin93,DNA-Protein,1
Rv1219c,bin93,DNA-Protein,1
Rv1353c,bin93,DNA-Protein,1
Rv1719,bin93,DNA-Protein,1
Rv1776c,bin93,DNA-Protein,1
Rv1816,bin93,DNA-Protein,1
Rv1990c,bin93,DNA-Protein,1
Rv2250c,bin93,DNA-Protein,1
Rv2324,bin93,DNA-Protein,1
Rv2642,bin93,DNA-Protein,1
Rv2989,bin93,DNA-Protein,1
espR,bin93,DNA-Protein,1
Rv0081,bin94,DNA-Protein,1
Rv0302,bin94,DNA-Protein,1
Rv0678,bin94,DNA-Protein,1
trcR,bin94,DNA-Protein,1
Rv1353c,bin94,DNA-Protein,1
Rv1776c,bin94,DNA-Protein,1
Rv1816,bin94,DNA-Protein,1
tcrX,bin94,DNA-Protein,1
whiB5,bin95,DNA-Protein,1
Rv0678,bin95,DNA-Protein,1
csoR,bin95,DNA-Protein,1
Rv1219c,bin95,DNA-Protein,1
Rv1776c,bin95,DNA-Protein,1
devR,bin95,DNA-Protein,1
kstR,bin95,DNA-Protein,1
Rv3736,bin95,DNA-Protein,1
espR,bin95,DNA-Protein,1
whiB5,bin96,DNA-Protein,1
Rv0047c,bin96,DNA-Protein,1
Rv0081,bin96,DNA-Protein,1
Rv0324,bin96,DNA-Protein,1
Rv0691c,bin96,DNA-Protein,1
csoR,bin96,DNA-Protein,1
Rv1816,bin96,DNA-Protein,1
Rv2011c,bin96,DNA-Protein,1
Rv2250c,bin96,DNA-Protein,1
kstR,bin96,DNA-Protein,1
espR,bin96,DNA-Protein,1
Rv0023,bin97,DNA-Protein,1
Rv0047c,bin97,DNA-Protein,1
Rv0081,bin97,DNA-Protein,1
Rv0302,bin97,DNA-Protein,1
Rv0465c,bin97,DNA-Protein,1
Rv0653c,bin97,DNA-Protein,1
Rv0678,bin97,DNA-Protein,1
Rv0691c,bin97,DNA-Protein,1
Rv0767c,bin97,DNA-Protein,1
csoR,bin97,DNA-Protein,1
trcR,bin97,DNA-Protein,1
whiA,bin97,DNA-Protein,1
Rv1776c,bin97,DNA-Protein,1
Rv1816,bin97,DNA-Protein,1
Rv2011c,bin97,DNA-Protein,1
Rv2034,bin97,DNA-Protein,1
Rv2250c,bin97,DNA-Protein,1
devR,bin97,DNA-Protein,1
mtrA,bin97,DNA-Protein,1
Rv3249c,bin97,DNA-Protein,1
Rv3405c,bin97,DNA-Protein,1
whiB5,bin98,DNA-Protein,1
Rv0023,bin98,DNA-Protein,1
Rv0047c,bin98,DNA-Protein,1
Rv0067c,bin98,DNA-Protein,1
Rv0081,bin98,DNA-Protein,1
Rv0135c,bin98,DNA-Protein,1
Rv0158,bin98,DNA-Protein,1
Rv0273c,bin98,DNA-Protein,1
Rv0324,bin98,DNA-Protein,1
Rv0330c,bin98,DNA-Protein,1
sigK,bin98,DNA-Protein,1
Rv0465c,bin98,DNA-Protein,1
Rv0474,bin98,DNA-Protein,1
Rv0576,bin98,DNA-Protein,1
Rv0678,bin98,DNA-Protein,1
trcR,bin98,DNA-Protein,1
sigI,bin98,DNA-Protein,1
Rv1255c,bin98,DNA-Protein,1
Rv1353c,bin98,DNA-Protein,1
Rv1395,bin98,DNA-Protein,1
whiA,bin98,DNA-Protein,1
Rv1460,bin98,DNA-Protein,1
Rv1719,bin98,DNA-Protein,1
Rv1776c,bin98,DNA-Protein,1
Rv1816,bin98,DNA-Protein,1
Rv1985c,bin98,DNA-Protein,1
cmtR,bin98,DNA-Protein,1
Rv2011c,bin98,DNA-Protein,1
Rv2034,bin98,DNA-Protein,1
Rv2250c,bin98,DNA-Protein,1
Rv2324,bin98,DNA-Protein,1
sigA,bin98,DNA-Protein,1
Rv2887,bin98,DNA-Protein,1
Rv2989,bin98,DNA-Protein,1
devR,bin98,DNA-Protein,1
Rv3160c,bin98,DNA-Protein,1
sigH,bin98,DNA-Protein,1
sigF,bin98,DNA-Protein,1
lrpA,bin98,DNA-Protein,1
Rv3405c,bin98,DNA-Protein,1
sigD,bin98,DNA-Protein,1
Rv3488,bin98,DNA-Protein,1
kstR,bin98,DNA-Protein,1
lsr2,bin98,DNA-Protein,1
whiB4,bin98,DNA-Protein,1
Rv3736,bin98,DNA-Protein,1
espR,bin98,DNA-Protein,1
ethR,bin98,DNA-Protein,1
Rv0135c,bin99,DNA-Protein,1
trcR,bin99,DNA-Protein,1
Rv1049,bin99,DNA-Protein,1
Rv1353c,bin99,DNA-Protein,1
Rv1776c,bin99,DNA-Protein,1
Rv1816,bin99,DNA-Protein,1
Rv1985c,bin99,DNA-Protein,1
Rv1990c,bin99,DNA-Protein,1
Rv2011c,bin99,DNA-Protein,1
Rv2034,bin99,DNA-Protein,1
Rv3249c,bin99,DNA-Protein,1
Rv3736,bin99,DNA-Protein,1
Rv0023,bin100,DNA-Protein,1
Rv0047c,bin100,DNA-Protein,1
Rv0081,bin100,DNA-Protein,1
Rv0576,bin100,DNA-Protein,1
Rv0678,bin100,DNA-Protein,1
Rv0691c,bin100,DNA-Protein,1
Rv0767c,bin100,DNA-Protein,1
csoR,bin100,DNA-Protein,1
trcR,bin100,DNA-Protein,1
Rv1255c,bin100,DNA-Protein,1
Rv1353c,bin100,DNA-Protein,1
whiA,bin100,DNA-Protein,1
Rv1776c,bin100,DNA-Protein,1
Rv1816,bin100,DNA-Protein,1
Rv1985c,bin100,DNA-Protein,1
Rv3066,bin100,DNA-Protein,1
Rv3249c,bin100,DNA-Protein,1
kstR,bin100,DNA-Protein,1
lsr2,bin100,DNA-Protein,1
Rv3736,bin100,DNA-Protein,1
tcrX,bin100,DNA-Protein,1
whiB5,bin101,DNA-Protein,1
Rv0135c,bin101,DNA-Protein,1
Rv1049,bin101,DNA-Protein,1
Rv2034,bin101,DNA-Protein,1
Rv3249c,bin101,DNA-Protein,1
whiB5,bin102,DNA-Protein,1
Rv0047c,bin102,DNA-Protein,1
Rv0081,bin102,DNA-Protein,1
Rv0135c,bin102,DNA-Protein,1
Rv0324,bin102,DNA-Protein,1
Rv0691c,bin102,DNA-Protein,1
Rv0767c,bin102,DNA-Protein,1
csoR,bin102,DNA-Protein,1
Rv1353c,bin102,DNA-Protein,1
Rv1473A,bin102,DNA-Protein,1
Rv1556,bin102,DNA-Protein,1
Rv1776c,bin102,DNA-Protein,1
Rv1990c,bin102,DNA-Protein,1
Rv2011c,bin102,DNA-Protein,1
Rv2034,bin102,DNA-Protein,1
Rv2324,bin102,DNA-Protein,1
Rv3249c,bin102,DNA-Protein,1
Rv0023,bin103,DNA-Protein,1
Rv0081,bin103,DNA-Protein,1
Rv0135c,bin103,DNA-Protein,1
Rv0691c,bin103,DNA-Protein,1
Rv0767c,bin103,DNA-Protein,1
csoR,bin103,DNA-Protein,1
Rv1219c,bin103,DNA-Protein,1
Rv1353c,bin103,DNA-Protein,1
Rv1776c,bin103,DNA-Protein,1
Rv1816,bin103,DNA-Protein,1
Rv1990c,bin103,DNA-Protein,1
Rv2034,bin103,DNA-Protein,1
whiB5,bin104,DNA-Protein,1
Rv0023,bin104,DNA-Protein,1
Rv0047c,bin104,DNA-Protein,1
Rv0081,bin104,DNA-Protein,1
Rv0324,bin104,DNA-Protein,1
Rv0678,bin104,DNA-Protein,1
Rv0767c,bin104,DNA-Protein,1
trcR,bin104,DNA-Protein,1
Rv1049,bin104,DNA-Protein,1
Rv1353c,bin104,DNA-Protein,1
whiA,bin104,DNA-Protein,1
Rv1719,bin104,DNA-Protein,1
Rv1816,bin104,DNA-Protein,1
Rv2250c,bin104,DNA-Protein,1
lsr2,bin104,DNA-Protein,1
whiB5,bin105,DNA-Protein,1
Rv0023,bin105,DNA-Protein,1
Rv0135c,bin105,DNA-Protein,1
Rv0302,bin105,DNA-Protein,1
Rv0767c,bin105,DNA-Protein,1
csoR,bin105,DNA-Protein,1
Rv1049,bin105,DNA-Protein,1
Rv1776c,bin105,DNA-Protein,1
Rv1816,bin105,DNA-Protein,1
Rv1990c,bin105,DNA-Protein,1
vapB15,bin105,DNA-Protein,1
Rv2034,bin105,DNA-Protein,1
Rv2250c,bin105,DNA-Protein,1
Rv2324,bin105,DNA-Protein,1
devR,bin105,DNA-Protein,1
kstR,bin105,DNA-Protein,1
Rv3830c,bin105,DNA-Protein,1
Rv0135c,bin106,DNA-Protein,1
Rv0691c,bin106,DNA-Protein,1
csoR,bin106,DNA-Protein,1
Rv1049,bin106,DNA-Protein,1
Rv1353c,bin106,DNA-Protein,1
whiA,bin106,DNA-Protein,1
Rv1473A,bin106,DNA-Protein,1
Rv1719,bin106,DNA-Protein,1
Rv1776c,bin106,DNA-Protein,1
Rv2011c,bin106,DNA-Protein,1
Rv2034,bin106,DNA-Protein,1
Rv2324,bin106,DNA-Protein,1
hrcA,bin106,DNA-Protein,1
devR,bin106,DNA-Protein,1
espR,bin106,DNA-Protein,1
Rv0047c,bin107,DNA-Protein,1
Rv0135c,bin107,DNA-Protein,1
Rv0494,bin107,DNA-Protein,1
Rv0691c,bin107,DNA-Protein,1
phoP,bin107,DNA-Protein,1
mprA,bin107,DNA-Protein,1
Rv1049,bin107,DNA-Protein,1
whiA,bin107,DNA-Protein,1
Rv1816,bin107,DNA-Protein,1
Rv1990c,bin107,DNA-Protein,1
Rv2034,bin107,DNA-Protein,1
sirR,bin107,DNA-Protein,1
devR,bin107,DNA-Protein,1
Rv3249c,bin107,DNA-Protein,1
whiB5,bin108,DNA-Protein,1
Rv0023,bin108,DNA-Protein,1
Rv0047c,bin108,DNA-Protein,1
Rv0081,bin108,DNA-Protein,1
Rv0135c,bin108,DNA-Protein,1
Rv0273c,bin108,DNA-Protein,1
Rv0302,bin108,DNA-Protein,1
Rv0324,bin108,DNA-Protein,1
Rv0465c,bin108,DNA-Protein,1
Rv0474,bin108,DNA-Protein,1
tcrA,bin108,DNA-Protein,1
Rv0678,bin108,DNA-Protein,1
phoP,bin108,DNA-Protein,1
Rv0767c,bin108,DNA-Protein,1
csoR,bin108,DNA-Protein,1
Rv1049,bin108,DNA-Protein,1
sigI,bin108,DNA-Protein,1
Rv1332,bin108,DNA-Protein,1
Rv1353c,bin108,DNA-Protein,1
whiA,bin108,DNA-Protein,1
Rv1776c,bin108,DNA-Protein,1
Rv1985c,bin108,DNA-Protein,1
Rv1990c,bin108,DNA-Protein,1
cmtR,bin108,DNA-Protein,1
Rv2011c,bin108,DNA-Protein,1
sigC,bin108,DNA-Protein,1
Rv2324,bin108,DNA-Protein,1
sigA,bin108,DNA-Protein,1
Rv3050c,bin108,DNA-Protein,1
Rv3160c,bin108,DNA-Protein,1
sigF,bin108,DNA-Protein,1
kstR,bin108,DNA-Protein,1
lsr2,bin108,DNA-Protein,1
whiB4,bin108,DNA-Protein,1
espR,bin108,DNA-Protein,1
ethR,bin108,DNA-Protein,1
Rv0023,bin109,DNA-Protein,1
Rv0081,bin109,DNA-Protein,1
Rv0135c,bin109,DNA-Protein,1
Rv0158,bin109,DNA-Protein,1
nadR,bin109,DNA-Protein,1
Rv0302,bin109,DNA-Protein,1
Rv0678,bin109,DNA-Protein,1
Rv0767c,bin109,DNA-Protein,1
csoR,bin109,DNA-Protein,1
trcR,bin109,DNA-Protein,1
Rv1049,bin109,DNA-Protein,1
Rv1152,bin109,DNA-Protein,1
Rv1353c,bin109,DNA-Protein,1
Rv1404,bin109,DNA-Protein,1
Rv1473A,bin109,DNA-Protein,1
Rv1776c,bin109,DNA-Protein,1
Rv1816,bin109,DNA-Protein,1
Rv1990c,bin109,DNA-Protein,1
Rv2011c,bin109,DNA-Protein,1
Rv2250c,bin109,DNA-Protein,1
Rv2324,bin109,DNA-Protein,1
zur,bin109,DNA-Protein,1
devR,bin109,DNA-Protein,1
crp,bin109,DNA-Protein,1
tcrX,bin109,DNA-Protein,1
espR,bin109,DNA-Protein,1
Rv0023,bin110,DNA-Protein,1
Rv0047c,bin110,DNA-Protein,1
Rv0081,bin110,DNA-Protein,1
Rv0135c,bin110,DNA-Protein,1
Rv0324,bin110,DNA-Protein,1
Rv0465c,bin110,DNA-Protein,1
Rv0472c,bin110,DNA-Protein,1
Rv0678,bin110,DNA-Protein,1
Rv0691c,bin110,DNA-Protein,1
phoP,bin110,DNA-Protein,1
Rv0767c,bin110,DNA-Protein,1
csoR,bin110,DNA-Protein,1
trcR,bin110,DNA-Protein,1
Rv1049,bin110,DNA-Protein,1
Rv1255c,bin110,DNA-Protein,1
Rv1353c,bin110,DNA-Protein,1
Rv1460,bin110,DNA-Protein,1
Rv1776c,bin110,DNA-Protein,1
Rv1816,bin110,DNA-Protein,1
Rv1985c,bin110,DNA-Protein,1
vapB15,bin110,DNA-Protein,1
Rv2250c,bin110,DNA-Protein,1
Rv2506,bin110,DNA-Protein,1
devR,bin110,DNA-Protein,1
mtrA,bin110,DNA-Protein,1
Rv3249c,bin110,DNA-Protein,1
kstR,bin110,DNA-Protein,1
lsr2,bin110,DNA-Protein,1
Rv3736,bin110,DNA-Protein,1
tcrX,bin110,DNA-Protein,1
ethR,bin110,DNA-Protein,1
whiB5,bin111,DNA-Protein,1
Rv0047c,bin111,DNA-Protein,1
Rv0081,bin111,DNA-Protein,1
Rv0135c,bin111,DNA-Protein,1
Rv0302,bin111,DNA-Protein,1
tcrA,bin111,DNA-Protein,1
Rv0691c,bin111,DNA-Protein,1
csoR,bin111,DNA-Protein,1
mprA,bin111,DNA-Protein,1
Rv1353c,bin111,DNA-Protein,1
Rv1473A,bin111,DNA-Protein,1
Rv1776c,bin111,DNA-Protein,1
Rv1816,bin111,DNA-Protein,1
Rv2324,bin111,DNA-Protein,1
devR,bin111,DNA-Protein,1
Rv3249c,bin111,DNA-Protein,1
kstR,bin111,DNA-Protein,1
Rv0047c,bin112,DNA-Protein,1
Rv0081,bin112,DNA-Protein,1
Rv0135c,bin112,DNA-Protein,1
Rv0465c,bin112,DNA-Protein,1
Rv0494,bin112,DNA-Protein,1
Rv0678,bin112,DNA-Protein,1
Rv0691c,bin112,DNA-Protein,1
csoR,bin112,DNA-Protein,1
sigI,bin112,DNA-Protein,1
Rv1776c,bin112,DNA-Protein,1
Rv1816,bin112,DNA-Protein,1
Rv2034,bin112,DNA-Protein,1
Rv2250c,bin112,DNA-Protein,1
Rv2324,bin112,DNA-Protein,1
Rv2779c,bin112,DNA-Protein,1
Rv2989,bin112,DNA-Protein,1
Rv3249c,bin112,DNA-Protein,1
Rv3488,bin112,DNA-Protein,1
lsr2,bin112,DNA-Protein,1
Rv3736,bin112,DNA-Protein,1
Rv3830c,bin112,DNA-Protein,1
espR,bin112,DNA-Protein,1
Rv0023,bin113,DNA-Protein,1
Rv0047c,bin113,DNA-Protein,1
Rv0081,bin113,DNA-Protein,1
Rv0324,bin113,DNA-Protein,1
Rv0465c,bin113,DNA-Protein,1
tcrA,bin113,DNA-Protein,1
Rv0818,bin113,DNA-Protein,1
csoR,bin113,DNA-Protein,1
trcR,bin113,DNA-Protein,1
Rv1049,bin113,DNA-Protein,1
Rv1255c,bin113,DNA-Protein,1
Rv1353c,bin113,DNA-Protein,1
Rv1404,bin113,DNA-Protein,1
cmr,bin113,DNA-Protein,1
Rv1776c,bin113,DNA-Protein,1
Rv1816,bin113,DNA-Protein,1
Rv1990c,bin113,DNA-Protein,1
Rv2011c,bin113,DNA-Protein,1
Rv2034,bin113,DNA-Protein,1
Rv2250c,bin113,DNA-Protein,1
Rv2324,bin113,DNA-Protein,1
Rv2506,bin113,DNA-Protein,1
Rv2989,bin113,DNA-Protein,1
mtrA,bin113,DNA-Protein,1
Rv3249c,bin113,DNA-Protein,1
lsr2,bin113,DNA-Protein,1
Rv3830c,bin113,DNA-Protein,1
espR,bin113,DNA-Protein,1
Rv0023,bin114,DNA-Protein,1
Rv0047c,bin114,DNA-Protein,1
Rv0081,bin114,DNA-Protein,1
Rv0324,bin114,DNA-Protein,1
Rv0474,bin114,DNA-Protein,1
tcrA,bin114,DNA-Protein,1
Rv0678,bin114,DNA-Protein,1
Rv0691c,bin114,DNA-Protein,1
Rv0767c,bin114,DNA-Protein,1
Rv0880,bin114,DNA-Protein,1
csoR,bin114,DNA-Protein,1
trcR,bin114,DNA-Protein,1
Rv1049,bin114,DNA-Protein,1
Rv1353c,bin114,DNA-Protein,1
whiA,bin114,DNA-Protein,1
Rv1816,bin114,DNA-Protein,1
Rv1985c,bin114,DNA-Protein,1
Rv1990c,bin114,DNA-Protein,1
cmtR,bin114,DNA-Protein,1
Rv2011c,bin114,DNA-Protein,1
Rv2021c,bin114,DNA-Protein,1
Rv2250c,bin114,DNA-Protein,1
Rv2324,bin114,DNA-Protein,1
Rv2887,bin114,DNA-Protein,1
Rv2989,bin114,DNA-Protein,1
Rv3488,bin114,DNA-Protein,1
kstR,bin114,DNA-Protein,1
lsr2,bin114,DNA-Protein,1
Rv0135c,bin115,DNA-Protein,1
nadR,bin115,DNA-Protein,1
Rv0678,bin115,DNA-Protein,1
Rv0691c,bin115,DNA-Protein,1
Rv0767c,bin115,DNA-Protein,1
csoR,bin115,DNA-Protein,1
trcR,bin115,DNA-Protein,1
Rv1049,bin115,DNA-Protein,1
Rv1353c,bin115,DNA-Protein,1
whiA,bin115,DNA-Protein,1
Rv1816,bin115,DNA-Protein,1
cmtR,bin115,DNA-Protein,1
Rv2011c,bin115,DNA-Protein,1
Rv2034,bin115,DNA-Protein,1
Rv2324,bin115,DNA-Protein,1
Rv2642,bin115,DNA-Protein,1
whiB5,bin116,DNA-Protein,1
Rv0081,bin116,DNA-Protein,1
oxyS,bin116,DNA-Protein,1
Rv0135c,bin116,DNA-Protein,1
Rv0158,bin116,DNA-Protein,1
Rv0465c,bin116,DNA-Protein,1
tcrA,bin116,DNA-Protein,1
Rv0678,bin116,DNA-Protein,1
Rv0691c,bin116,DNA-Protein,1
csoR,bin116,DNA-Protein,1
trcR,bin116,DNA-Protein,1
Rv1359,bin116,DNA-Protein,1
whiA,bin116,DNA-Protein,1
Rv1473A,bin116,DNA-Protein,1
Rv1816,bin116,DNA-Protein,1
Rv1990c,bin116,DNA-Protein,1
vapB15,bin116,DNA-Protein,1
Rv2034,bin116,DNA-Protein,1
Rv2324,bin116,DNA-Protein,1
hrcA,bin116,DNA-Protein,1
Rv2642,bin116,DNA-Protein,1
Rv2989,bin116,DNA-Protein,1
moaR1,bin116,DNA-Protein,1
Rv3167c,bin116,DNA-Protein,1
Rv3249c,bin116,DNA-Protein,1
whiB3,bin116,DNA-Protein,1
kstR,bin116,DNA-Protein,1
lsr2,bin116,DNA-Protein,1
tcrX,bin116,DNA-Protein,1
Rv0047c,bin117,DNA-Protein,1
Rv0081,bin117,DNA-Protein,1
Rv0135c,bin117,DNA-Protein,1
Rv0494,bin117,DNA-Protein,1
Rv0678,bin117,DNA-Protein,1
Rv0767c,bin117,DNA-Protein,1
csoR,bin117,DNA-Protein,1
Rv1990c,bin117,DNA-Protein,1
Rv2021c,bin117,DNA-Protein,1
Rv3249c,bin117,DNA-Protein,1
Rv3488,bin117,DNA-Protein,1
espR,bin117,DNA-Protein,1
Rv0047c,bin118,DNA-Protein,1
Rv0135c,bin118,DNA-Protein,1
Rv1353c,bin118,DNA-Protein,1
whiA,bin118,DNA-Protein,1
Rv1816,bin118,DNA-Protein,1
Rv2324,bin118,DNA-Protein,1
Rv2642,bin118,DNA-Protein,1
kstR,bin118,DNA-Protein,1
espR,bin118,DNA-Protein,1
whiB5,bin119,DNA-Protein,1
Rv0047c,bin119,DNA-Protein,1
Rv0081,bin119,DNA-Protein,1
Rv0158,bin119,DNA-Protein,1
Rv0302,bin119,DNA-Protein,1
Rv0494,bin119,DNA-Protein,1
Rv0653c,bin119,DNA-Protein,1
Rv0678,bin119,DNA-Protein,1
Rv0767c,bin119,DNA-Protein,1
Rv0818,bin119,DNA-Protein,1
trcR,bin119,DNA-Protein,1
Rv1049,bin119,DNA-Protein,1
Rv1353c,bin119,DNA-Protein,1
Rv1816,bin119,DNA-Protein,1
Rv1985c,bin119,DNA-Protein,1
Rv1990c,bin119,DNA-Protein,1
Rv2011c,bin119,DNA-Protein,1
Rv2034,bin119,DNA-Protein,1
Rv2250c,bin119,DNA-Protein,1
Rv2324,bin119,DNA-Protein,1
Rv2642,bin119,DNA-Protein,1
moaR1,bin119,DNA-Protein,1
Rv3167c,bin119,DNA-Protein,1
Rv3249c,bin119,DNA-Protein,1
Rv3488,bin119,DNA-Protein,1
kstR,bin119,DNA-Protein,1
lsr2,bin119,DNA-Protein,1
Rv0023,bin120,DNA-Protein,1
Rv0047c,bin120,DNA-Protein,1
Rv0081,bin120,DNA-Protein,1
Rv0135c,bin120,DNA-Protein,1
Rv0158,bin120,DNA-Protein,1
Rv0302,bin120,DNA-Protein,1
Rv0324,bin120,DNA-Protein,1
Rv0678,bin120,DNA-Protein,1
csoR,bin120,DNA-Protein,1
trcR,bin120,DNA-Protein,1
Rv1219c,bin120,DNA-Protein,1
Rv1353c,bin120,DNA-Protein,1
Rv1473A,bin120,DNA-Protein,1
Rv1816,bin120,DNA-Protein,1
higA,bin120,DNA-Protein,1
Rv1985c,bin120,DNA-Protein,1
Rv1990c,bin120,DNA-Protein,1
cmtR,bin120,DNA-Protein,1
Rv2034,bin120,DNA-Protein,1
Rv2642,bin120,DNA-Protein,1
sigA,bin120,DNA-Protein,1
Rv2887,bin120,DNA-Protein,1
mtrA,bin120,DNA-Protein,1
Rv3249c,bin120,DNA-Protein,1
sigF,bin120,DNA-Protein,1
Rv3488,bin120,DNA-Protein,1
kstR,bin120,DNA-Protein,1
lsr2,bin120,DNA-Protein,1
Rv3830c,bin120,DNA-Protein,1
Rv0081,bin121,DNA-Protein,1
Rv0135c,bin121,DNA-Protein,1
Rv0767c,bin121,DNA-Protein,1
trcR,bin121,DNA-Protein,1
Rv1049,bin121,DNA-Protein,1
Rv1353c,bin121,DNA-Protein,1
whiA,bin121,DNA-Protein,1
Rv1473A,bin121,DNA-Protein,1
Rv1816,bin121,DNA-Protein,1
higA,bin121,DNA-Protein,1
Rv2011c,bin121,DNA-Protein,1
Rv2034,bin121,DNA-Protein,1
Rv2250c,bin121,DNA-Protein,1
whiB1,bin121,DNA-Protein,1
kstR,bin121,DNA-Protein,1
Rv3830c,bin121,DNA-Protein,1
espR,bin121,DNA-Protein,1
Rv0081,bin122,DNA-Protein,1
Rv0135c,bin122,DNA-Protein,1
Rv0576,bin122,DNA-Protein,1
Rv0678,bin122,DNA-Protein,1
Rv0691c,bin122,DNA-Protein,1
csoR,bin122,DNA-Protein,1
trcR,bin122,DNA-Protein,1
Rv1049,bin122,DNA-Protein,1
whiA,bin122,DNA-Protein,1
Rv1776c,bin122,DNA-Protein,1
Rv1990c,bin122,DNA-Protein,1
Rv2011c,bin122,DNA-Protein,1
Rv2021c,bin122,DNA-Protein,1
Rv2250c,bin122,DNA-Protein,1
Rv2324,bin122,DNA-Protein,1
Rv3249c,bin122,DNA-Protein,1
Rv0047c,bin123,DNA-Protein,1
Rv0081,bin123,DNA-Protein,1
Rv0135c,bin123,DNA-Protein,1
Rv0158,bin123,DNA-Protein,1
Rv0275c,bin123,DNA-Protein,1
Rv0678,bin123,DNA-Protein,1
Rv0691c,bin123,DNA-Protein,1
Rv0767c,bin123,DNA-Protein,1
csoR,bin123,DNA-Protein,1
trcR,bin123,DNA-Protein,1
Rv1049,bin123,DNA-Protein,1
Rv1353c,bin123,DNA-Protein,1
whiA,bin123,DNA-Protein,1
blaI,bin123,DNA-Protein,1
Rv1990c,bin123,DNA-Protein,1
Rv2011c,bin123,DNA-Protein,1
Rv2250c,bin123,DNA-Protein,1
Rv2324,bin123,DNA-Protein,1
kstR,bin123,DNA-Protein,1
espR,bin123,DNA-Protein,1
whiB5,bin124,DNA-Protein,1
Rv0135c,bin124,DNA-Protein,1
Rv0767c,bin124,DNA-Protein,1
csoR,bin124,DNA-Protein,1
Rv1049,bin124,DNA-Protein,1
Rv2642,bin124,DNA-Protein,1
Rv0324,bin125,DNA-Protein,1
Rv0494,bin125,DNA-Protein,1
Rv0691c,bin125,DNA-Protein,1
Rv3249c,bin125,DNA-Protein,1
Rv3736,bin125,DNA-Protein,1
Rv0302,bin126,DNA-Protein,1
Rv0767c,bin126,DNA-Protein,1
csoR,bin126,DNA-Protein,1
trcR,bin126,DNA-Protein,1
Rv1219c,bin126,DNA-Protein,1
whiA,bin126,DNA-Protein,1
Rv1719,bin126,DNA-Protein,1
Rv1990c,bin126,DNA-Protein,1
Rv3249c,bin126,DNA-Protein,1
kstR,bin126,DNA-Protein,1
Rv3736,bin126,DNA-Protein,1
Rv0653c,bin127,DNA-Protein,1
Rv0767c,bin127,DNA-Protein,1
csoR,bin127,DNA-Protein,1
Rv1353c,bin127,DNA-Protein,1
cmtR,bin127,DNA-Protein,1
vapB15,bin127,DNA-Protein,1
Rv2011c,bin127,DNA-Protein,1
Rv2034,bin127,DNA-Protein,1
Rv2250c,bin127,DNA-Protein,1
Rv2642,bin127,DNA-Protein,1
Rv3488,bin127,DNA-Protein,1
kstR,bin127,DNA-Protein,1
Rv3830c,bin127,DNA-Protein,1
espR,bin127,DNA-Protein,1
Rv0081,bin128,DNA-Protein,1
Rv0653c,bin128,DNA-Protein,1
Rv0767c,bin128,DNA-Protein,1
csoR,bin128,DNA-Protein,1
Rv1353c,bin128,DNA-Protein,1
whiA,bin128,DNA-Protein,1
Rv2011c,bin128,DNA-Protein,1
Rv2034,bin128,DNA-Protein,1
Rv2324,bin128,DNA-Protein,1
Rv3249c,bin128,DNA-Protein,1
lsr2,bin128,DNA-Protein,1
tcrX,bin128,DNA-Protein,1
csoR,bin129,DNA-Protein,1
Rv1049,bin129,DNA-Protein,1
Rv1353c,bin129,DNA-Protein,1
Rv1816,bin129,DNA-Protein,1
devR,bin129,DNA-Protein,1
kstR,bin129,DNA-Protein,1
Rv0047c,bin130,DNA-Protein,1
Rv0302,bin130,DNA-Protein,1
Rv0691c,bin130,DNA-Protein,1
csoR,bin130,DNA-Protein,1
trcR,bin130,DNA-Protein,1
whiA,bin130,DNA-Protein,1
Rv1719,bin130,DNA-Protein,1
Rv2034,bin130,DNA-Protein,1
Rv3488,bin130,DNA-Protein,1
Rv0023,bin131,DNA-Protein,1
Rv0678,bin131,DNA-Protein,1
Rv0691c,bin131,DNA-Protein,1
trcR,bin131,DNA-Protein,1
Rv1167c,bin131,DNA-Protein,1
Rv1353c,bin131,DNA-Protein,1
whiA,bin131,DNA-Protein,1
Rv1719,bin131,DNA-Protein,1
Rv2011c,bin131,DNA-Protein,1
Rv2887,bin131,DNA-Protein,1
Rv3249c,bin131,DNA-Protein,1
kstR,bin131,DNA-Protein,1
Rv3830c,bin131,DNA-Protein,1
whiB5,bin132,DNA-Protein,1
Rv0023,bin132,DNA-Protein,1
Rv0081,bin132,DNA-Protein,1
Rv0324,bin132,DNA-Protein,1
Rv0678,bin132,DNA-Protein,1
trcR,bin132,DNA-Protein,1
Rv1186c,bin132,DNA-Protein,1
Rv1353c,bin132,DNA-Protein,1
Rv1816,bin132,DNA-Protein,1
Rv1985c,bin132,DNA-Protein,1
Rv1990c,bin132,DNA-Protein,1
Rv2021c,bin132,DNA-Protein,1
Rv2324,bin132,DNA-Protein,1
Rv2642,bin132,DNA-Protein,1
devR,bin132,DNA-Protein,1
kstR,bin132,DNA-Protein,1
lsr2,bin132,DNA-Protein,1
Rv3736,bin132,DNA-Protein,1
espR,bin132,DNA-Protein,1
Rv0047c,bin133,DNA-Protein,1
Rv0324,bin133,DNA-Protein,1
Rv0767c,bin133,DNA-Protein,1
csoR,bin133,DNA-Protein,1
Rv1353c,bin133,DNA-Protein,1
Rv1816,bin133,DNA-Protein,1
Rv2324,bin133,DNA-Protein,1
devR,bin133,DNA-Protein,1
kstR,bin133,DNA-Protein,1
Rv0047c,bin134,DNA-Protein,1
Rv0081,bin134,DNA-Protein,1
Rv0653c,bin134,DNA-Protein,1
Rv0678,bin134,DNA-Protein,1
csoR,bin134,DNA-Protein,1
Rv1404,bin134,DNA-Protein,1
Rv1816,bin134,DNA-Protein,1
Rv1985c,bin134,DNA-Protein,1
Rv1990c,bin134,DNA-Protein,1
Rv2021c,bin134,DNA-Protein,1
Rv2034,bin134,DNA-Protein,1
Rv2324,bin134,DNA-Protein,1
devR,bin134,DNA-Protein,1
kstR,bin134,DNA-Protein,1
lsr2,bin134,DNA-Protein,1
whiB5,bin135,DNA-Protein,1
Rv0576,bin135,DNA-Protein,1
Rv0678,bin135,DNA-Protein,1
Rv0767c,bin135,DNA-Protein,1
csoR,bin135,DNA-Protein,1
Rv2989,bin135,DNA-Protein,1
devR,bin135,DNA-Protein,1
kstR,bin135,DNA-Protein,1
whiB5,bin136,DNA-Protein,1
Rv0081,bin136,DNA-Protein,1
Rv0273c,bin136,DNA-Protein,1
Rv0324,bin136,DNA-Protein,1
Rv0678,bin136,DNA-Protein,1
Rv0767c,bin136,DNA-Protein,1
Rv1353c,bin136,DNA-Protein,1
whiA,bin136,DNA-Protein,1
Rv1816,bin136,DNA-Protein,1
Rv2250c,bin136,DNA-Protein,1
whiB1,bin136,DNA-Protein,1
Rv3488,bin136,DNA-Protein,1
Rv0081,bin137,DNA-Protein,1
Rv0135c,bin137,DNA-Protein,1
Rv0678,bin137,DNA-Protein,1
csoR,bin137,DNA-Protein,1
Rv1353c,bin137,DNA-Protein,1
Rv1404,bin137,DNA-Protein,1
Rv2250c,bin137,DNA-Protein,1
Rv2324,bin137,DNA-Protein,1
devR,bin137,DNA-Protein,1
kstR,bin137,DNA-Protein,1
Rv0678,bin138,DNA-Protein,1
trcR,bin138,DNA-Protein,1
Rv1353c,bin138,DNA-Protein,1
Rv3488,bin138,DNA-Protein,1
whiB5,bin139,DNA-Protein,1
Rv0047c,bin139,DNA-Protein,1
Rv0081,bin139,DNA-Protein,1
Rv0494,bin139,DNA-Protein,1
Rv0678,bin139,DNA-Protein,1
trcR,bin139,DNA-Protein,1
Rv1353c,bin139,DNA-Protein,1
Rv1719,bin139,DNA-Protein,1
Rv1816,bin139,DNA-Protein,1
Rv2011c,bin139,DNA-Protein,1
Rv2034,bin139,DNA-Protein,1
Rv2250c,bin139,DNA-Protein,1
Rv2324,bin139,DNA-Protein,1
Rv2887,bin139,DNA-Protein,1
devR,bin139,DNA-Protein,1
whiB5,bin140,DNA-Protein,1
Rv0023,bin140,DNA-Protein,1
Rv0135c,bin140,DNA-Protein,1
Rv0302,bin140,DNA-Protein,1
tcrA,bin140,DNA-Protein,1
Rv0678,bin140,DNA-Protein,1
csoR,bin140,DNA-Protein,1
Rv1353c,bin140,DNA-Protein,1
whiA,bin140,DNA-Protein,1
Rv1719,bin140,DNA-Protein,1
Rv1985c,bin140,DNA-Protein,1
Rv1990c,bin140,DNA-Protein,1
Rv2989,bin140,DNA-Protein,1
Rv3488,bin140,DNA-Protein,1
Rv3736,bin140,DNA-Protein,1
Rv0081,bin141,DNA-Protein,1
Rv0767c,bin141,DNA-Protein,1
csoR,bin141,DNA-Protein,1
Rv1353c,bin141,DNA-Protein,1
whiA,bin141,DNA-Protein,1
devR,bin141,DNA-Protein,1
Rv3249c,bin141,DNA-Protein,1
Rv0047c,bin142,DNA-Protein,1
csoR,bin142,DNA-Protein,1
Rv1353c,bin142,DNA-Protein,1
higA,bin142,DNA-Protein,1
Rv3488,bin142,DNA-Protein,1
kstR,bin142,DNA-Protein,1
Rv3736,bin142,DNA-Protein,1
Rv0135c,bin143,DNA-Protein,1
csoR,bin143,DNA-Protein,1
Rv1816,bin143,DNA-Protein,1
Rv3736,bin143,DNA-Protein,1
Rv0302,bin144,DNA-Protein,1
Rv0494,bin144,DNA-Protein,1
vapB30,bin144,DNA-Protein,1
Rv0678,bin144,DNA-Protein,1
csoR,bin144,DNA-Protein,1
cmtR,bin144,DNA-Protein,1
Rv2324,bin144,DNA-Protein,1
Rv0324,bin146,DNA-Protein,1
Rv0678,bin146,DNA-Protein,1
csoR,bin146,DNA-Protein,1
Rv1353c,bin146,DNA-Protein,1
whiA,bin146,DNA-Protein,1
Rv1816,bin146,DNA-Protein,1
Rv2034,bin146,DNA-Protein,1
Rv2250c,bin146,DNA-Protein,1
Rv0047c,bin147,DNA-Protein,1
Rv0081,bin147,DNA-Protein,1
Rv0135c,bin147,DNA-Protein,1
Rv0324,bin147,DNA-Protein,1
Rv0678,bin147,DNA-Protein,1
Rv0691c,bin147,DNA-Protein,1
Rv0767c,bin147,DNA-Protein,1
csoR,bin147,DNA-Protein,1
trcR,bin147,DNA-Protein,1
Rv1049,bin147,DNA-Protein,1
Rv1255c,bin147,DNA-Protein,1
Rv1353c,bin147,DNA-Protein,1
Rv1359,bin147,DNA-Protein,1
whiA,bin147,DNA-Protein,1
Rv1473A,bin147,DNA-Protein,1
Rv1719,bin147,DNA-Protein,1
Rv1816,bin147,DNA-Protein,1
Rv1990c,bin147,DNA-Protein,1
Rv2011c,bin147,DNA-Protein,1
Rv2034,bin147,DNA-Protein,1
Rv2324,bin147,DNA-Protein,1
Rv2989,bin147,DNA-Protein,1
devR,bin147,DNA-Protein,1
Rv3249c,bin147,DNA-Protein,1
Rv3488,bin147,DNA-Protein,1
kstR,bin147,DNA-Protein,1
espR,bin147,DNA-Protein,1
Rv0047c,bin148,DNA-Protein,1
Rv0081,bin148,DNA-Protein,1
Rv0135c,bin148,DNA-Protein,1
Rv0678,bin148,DNA-Protein,1
Rv0691c,bin148,DNA-Protein,1
Rv0767c,bin148,DNA-Protein,1
csoR,bin148,DNA-Protein,1
trcR,bin148,DNA-Protein,1
Rv1049,bin148,DNA-Protein,1
Rv1473A,bin148,DNA-Protein,1
cmr,bin148,DNA-Protein,1
Rv1985c,bin148,DNA-Protein,1
Rv1990c,bin148,DNA-Protein,1
Rv2011c,bin148,DNA-Protein,1
Rv2324,bin148,DNA-Protein,1
Rv2989,bin148,DNA-Protein,1
devR,bin148,DNA-Protein,1
mtrA,bin148,DNA-Protein,1
Rv3249c,bin148,DNA-Protein,1
Rv3488,bin148,DNA-Protein,1
kstR,bin148,DNA-Protein,1
Rv3736,bin148,DNA-Protein,1
Rv0047c,bin149,DNA-Protein,1
Rv0302,bin149,DNA-Protein,1
Rv0494,bin149,DNA-Protein,1
csoR,bin149,DNA-Protein,1
Rv1990c,bin149,DNA-Protein,1
Rv2034,bin149,DNA-Protein,1
kstR,bin149,DNA-Protein,1
Rv3736,bin149,DNA-Protein,1
Rv0678,bin150,DNA-Protein,1
csoR,bin150,DNA-Protein,1
Rv1049,bin150,DNA-Protein,1
Rv1404,bin150,DNA-Protein,1
whiA,bin150,DNA-Protein,1
Rv1473A,bin150,DNA-Protein,1
Rv1816,bin150,DNA-Protein,1
Rv1990c,bin150,DNA-Protein,1
Rv2324,bin150,DNA-Protein,1
whiB5,bin151,DNA-Protein,1
Rv0023,bin151,DNA-Protein,1
Rv0047c,bin151,DNA-Protein,1
Rv0081,bin151,DNA-Protein,1
Rv0135c,bin151,DNA-Protein,1
Rv0302,bin151,DNA-Protein,1
Rv0653c,bin151,DNA-Protein,1
Rv0678,bin151,DNA-Protein,1
Rv0691c,bin151,DNA-Protein,1
csoR,bin151,DNA-Protein,1
trcR,bin151,DNA-Protein,1
Rv1049,bin151,DNA-Protein,1
Rv1353c,bin151,DNA-Protein,1
Rv1473A,bin151,DNA-Protein,1
Rv1816,bin151,DNA-Protein,1
Rv1990c,bin151,DNA-Protein,1
Rv2011c,bin151,DNA-Protein,1
Rv2324,bin151,DNA-Protein,1
Rv2779c,bin151,DNA-Protein,1
Rv2989,bin151,DNA-Protein,1
devR,bin151,DNA-Protein,1
mtrA,bin151,DNA-Protein,1
Rv3249c,bin151,DNA-Protein,1
lsr2,bin151,DNA-Protein,1
Rv3736,bin151,DNA-Protein,1
whiB5,bin152,DNA-Protein,1
Rv0135c,bin152,DNA-Protein,1
Rv0302,bin152,DNA-Protein,1
Rv0474,bin152,DNA-Protein,1
Rv0691c,bin152,DNA-Protein,1
Rv0880,bin152,DNA-Protein,1
sigI,bin152,DNA-Protein,1
whiA,bin152,DNA-Protein,1
Rv1773c,bin152,DNA-Protein,1
Rv1816,bin152,DNA-Protein,1
Rv1985c,bin152,DNA-Protein,1
Rv2250c,bin152,DNA-Protein,1
Rv2640c,bin152,DNA-Protein,1
devR,bin152,DNA-Protein,1
whiB1,bin152,DNA-Protein,1
sigH,bin152,DNA-Protein,1
Rv3249c,bin152,DNA-Protein,1
Rv3405c,bin152,DNA-Protein,1
Rv3488,bin152,DNA-Protein,1
kstR,bin152,DNA-Protein,1
lsr2,bin152,DNA-Protein,1
Rv0023,bin153,DNA-Protein,1
Rv0047c,bin153,DNA-Protein,1
Rv0081,bin153,DNA-Protein,1
Rv0324,bin153,DNA-Protein,1
Rv0576,bin153,DNA-Protein,1
Rv1353c,bin153,DNA-Protein,1
whiA,bin153,DNA-Protein,1
Rv1816,bin153,DNA-Protein,1
Rv1985c,bin153,DNA-Protein,1
Rv2034,bin153,DNA-Protein,1
Rv2887,bin153,DNA-Protein,1
devR,bin153,DNA-Protein,1
Rv3173c,bin153,DNA-Protein,1
Rv3249c,bin153,DNA-Protein,1
lsr2,bin153,DNA-Protein,1
Rv0081,bin154,DNA-Protein,1
Rv0135c,bin154,DNA-Protein,1
Rv0494,bin154,DNA-Protein,1
csoR,bin154,DNA-Protein,1
Rv1049,bin154,DNA-Protein,1
Rv1473A,bin154,DNA-Protein,1
Rv1816,bin154,DNA-Protein,1
Rv2989,bin154,DNA-Protein,1
Rv3249c,bin154,DNA-Protein,1
Rv0081,bin155,DNA-Protein,1
Rv0324,bin155,DNA-Protein,1
Rv0674,bin155,DNA-Protein,1
phoP,bin155,DNA-Protein,1
Rv0767c,bin155,DNA-Protein,1
csoR,bin155,DNA-Protein,1
Rv1353c,bin155,DNA-Protein,1
Rv1674c,bin155,DNA-Protein,1
Rv1985c,bin155,DNA-Protein,1
Rv1990c,bin155,DNA-Protein,1
cmtR,bin155,DNA-Protein,1
Rv2250c,bin155,DNA-Protein,1
Rv0047c,bin156,DNA-Protein,1
Rv0081,bin156,DNA-Protein,1
Rv0678,bin156,DNA-Protein,1
Rv0691c,bin156,DNA-Protein,1
csoR,bin156,DNA-Protein,1
trcR,bin156,DNA-Protein,1
Rv1473A,bin156,DNA-Protein,1
Rv1719,bin156,DNA-Protein,1
Rv2011c,bin156,DNA-Protein,1
devR,bin156,DNA-Protein,1
Rv3249c,bin156,DNA-Protein,1
Rv0047c,bin157,DNA-Protein,1
Rv0081,bin157,DNA-Protein,1
Rv0135c,bin157,DNA-Protein,1
Rv0678,bin157,DNA-Protein,1
csoR,bin157,DNA-Protein,1
Rv1049,bin157,DNA-Protein,1
Rv1255c,bin157,DNA-Protein,1
whiA,bin157,DNA-Protein,1
Rv1473A,bin157,DNA-Protein,1
Rv1816,bin157,DNA-Protein,1
Rv1985c,bin157,DNA-Protein,1
Rv1990c,bin157,DNA-Protein,1
vapB15,bin157,DNA-Protein,1
Rv2011c,bin157,DNA-Protein,1
Rv2034,bin157,DNA-Protein,1
Rv2250c,bin157,DNA-Protein,1
devR,bin157,DNA-Protein,1
whiB1,bin157,DNA-Protein,1
Rv3249c,bin157,DNA-Protein,1
kstR,bin157,DNA-Protein,1
lsr2,bin157,DNA-Protein,1
espR,bin157,DNA-Protein,1
Rv0023,bin158,DNA-Protein,1
Rv0047c,bin158,DNA-Protein,1
Rv0081,bin158,DNA-Protein,1
Rv0494,bin158,DNA-Protein,1
tcrA,bin158,DNA-Protein,1
Rv0678,bin158,DNA-Protein,1
csoR,bin158,DNA-Protein,1
trcR,bin158,DNA-Protein,1
Rv1049,bin158,DNA-Protein,1
Rv1353c,bin158,DNA-Protein,1
whiA,bin158,DNA-Protein,1
Rv1719,bin158,DNA-Protein,1
Rv1816,bin158,DNA-Protein,1
Rv1985c,bin158,DNA-Protein,1
Rv1990c,bin158,DNA-Protein,1
Rv2011c,bin158,DNA-Protein,1
Rv2034,bin158,DNA-Protein,1
Rv2250c,bin158,DNA-Protein,1
Rv2324,bin158,DNA-Protein,1
Rv2887,bin158,DNA-Protein,1
Rv3249c,bin158,DNA-Protein,1
kstR,bin158,DNA-Protein,1
Rv0023,bin159,DNA-Protein,1
Rv0081,bin159,DNA-Protein,1
Rv0678,bin159,DNA-Protein,1
Rv0691c,bin159,DNA-Protein,1
Rv0880,bin159,DNA-Protein,1
Rv1404,bin159,DNA-Protein,1
Rv1816,bin159,DNA-Protein,1
cmtR,bin159,DNA-Protein,1
Rv2011c,bin159,DNA-Protein,1
Rv2250c,bin159,DNA-Protein,1
Rv2642,bin159,DNA-Protein,1
whiB3,bin159,DNA-Protein,1
Rv3488,bin159,DNA-Protein,1
lsr2,bin159,DNA-Protein,1
Rv3830c,bin159,DNA-Protein,1
Rv0047c,bin160,DNA-Protein,1
Rv0302,bin160,DNA-Protein,1
Rv0324,bin160,DNA-Protein,1
Rv0678,bin160,DNA-Protein,1
csoR,bin160,DNA-Protein,1
trcR,bin160,DNA-Protein,1
Rv1353c,bin160,DNA-Protein,1
Rv0047c,bin161,DNA-Protein,1
Rv0081,bin161,DNA-Protein,1
Rv0324,bin161,DNA-Protein,1
Rv0653c,bin161,DNA-Protein,1
Rv0678,bin161,DNA-Protein,1
trcR,bin161,DNA-Protein,1
Rv1049,bin161,DNA-Protein,1
Rv1353c,bin161,DNA-Protein,1
Rv1404,bin161,DNA-Protein,1
whiA,bin161,DNA-Protein,1
Rv1473A,bin161,DNA-Protein,1
Rv1816,bin161,DNA-Protein,1
higA,bin161,DNA-Protein,1
Rv2034,bin161,DNA-Protein,1
devR,bin161,DNA-Protein,1
whiB1,bin161,DNA-Protein,1
Rv3736,bin161,DNA-Protein,1
Rv0081,bin162,DNA-Protein,1
Rv0302,bin162,DNA-Protein,1
Rv0691c,bin162,DNA-Protein,1
csoR,bin162,DNA-Protein,1
trcR,bin162,DNA-Protein,1
Rv1049,bin162,DNA-Protein,1
Rv1167c,bin162,DNA-Protein,1
whiA,bin162,DNA-Protein,1
Rv1990c,bin162,DNA-Protein,1
Rv2250c,bin162,DNA-Protein,1
Rv2989,bin162,DNA-Protein,1
Rv3488,bin162,DNA-Protein,1
Rv0135c,bin163,DNA-Protein,1
Rv0302,bin163,DNA-Protein,1
Rv0494,bin163,DNA-Protein,1
Rv0678,bin163,DNA-Protein,1
Rv0691c,bin163,DNA-Protein,1
csoR,bin163,DNA-Protein,1
trcR,bin163,DNA-Protein,1
Rv1049,bin163,DNA-Protein,1
Rv1353c,bin163,DNA-Protein,1
Rv1473A,bin163,DNA-Protein,1
Rv1816,bin163,DNA-Protein,1
cmtR,bin163,DNA-Protein,1
Rv2034,bin163,DNA-Protein,1
devR,bin163,DNA-Protein,1
whiB1,bin163,DNA-Protein,1
lsr2,bin163,DNA-Protein,1
espR,bin163,DNA-Protein,1
Rv0023,bin164,DNA-Protein,1
Rv0047c,bin164,DNA-Protein,1
Rv0081,bin164,DNA-Protein,1
Rv0302,bin164,DNA-Protein,1
Rv0324,bin164,DNA-Protein,1
sigK,bin164,DNA-Protein,1
tcrA,bin164,DNA-Protein,1
Rv0678,bin164,DNA-Protein,1
phoP,bin164,DNA-Protein,1
Rv0880,bin164,DNA-Protein,1
csoR,bin164,DNA-Protein,1
Rv1353c,bin164,DNA-Protein,1
whiA,bin164,DNA-Protein,1
Rv1816,bin164,DNA-Protein,1
Rv2011c,bin164,DNA-Protein,1
Rv2021c,bin164,DNA-Protein,1
Rv2034,bin164,DNA-Protein,1
Rv2250c,bin164,DNA-Protein,1
Rv2827c,bin164,DNA-Protein,1
Rv2887,bin164,DNA-Protein,1
Rv3249c,bin164,DNA-Protein,1
lsr2,bin164,DNA-Protein,1
Rv0081,bin165,DNA-Protein,1
Rv0324,bin165,DNA-Protein,1
Rv0691c,bin165,DNA-Protein,1
csoR,bin165,DNA-Protein,1
Rv1049,bin165,DNA-Protein,1
Rv1353c,bin165,DNA-Protein,1
Rv2011c,bin165,DNA-Protein,1
Rv2250c,bin165,DNA-Protein,1
Rv3488,bin165,DNA-Protein,1
kstR,bin165,DNA-Protein,1
Rv3830c,bin165,DNA-Protein,1
Rv0047c,bin166,DNA-Protein,1
Rv0273c,bin166,DNA-Protein,1
Rv0324,bin166,DNA-Protein,1
tcrA,bin166,DNA-Protein,1
Rv0691c,bin166,DNA-Protein,1
csoR,bin166,DNA-Protein,1
trcR,bin166,DNA-Protein,1
Rv1255c,bin166,DNA-Protein,1
Rv1353c,bin166,DNA-Protein,1
whiA,bin166,DNA-Protein,1
Rv1719,bin166,DNA-Protein,1
cmtR,bin166,DNA-Protein,1
Rv2034,bin166,DNA-Protein,1
Rv2324,bin166,DNA-Protein,1
Rv2827c,bin166,DNA-Protein,1
Rv3249c,bin166,DNA-Protein,1
Rv3736,bin166,DNA-Protein,1
whiB5,bin167,DNA-Protein,1
Rv0023,bin167,DNA-Protein,1
Rv0047c,bin167,DNA-Protein,1
Rv0081,bin167,DNA-Protein,1
Rv0324,bin167,DNA-Protein,1
Rv0678,bin167,DNA-Protein,1
Rv0691c,bin167,DNA-Protein,1
csoR,bin167,DNA-Protein,1
Rv1049,bin167,DNA-Protein,1
Rv1990c,bin167,DNA-Protein,1
Rv2021c,bin167,DNA-Protein,1
Rv2250c,bin167,DNA-Protein,1
Rv2324,bin167,DNA-Protein,1
Rv0081,bin168,DNA-Protein,1
Rv0324,bin168,DNA-Protein,1
csoR,bin168,DNA-Protein,1
Rv1404,bin168,DNA-Protein,1
Rv1985c,bin168,DNA-Protein,1
Rv1990c,bin168,DNA-Protein,1
Rv2989,bin168,DNA-Protein,1
Rv3488,bin168,DNA-Protein,1
Rv0047c,bin169,DNA-Protein,1
Rv0135c,bin169,DNA-Protein,1
Rv0302,bin169,DNA-Protein,1
Rv0576,bin169,DNA-Protein,1
Rv0678,bin169,DNA-Protein,1
Rv0691c,bin169,DNA-Protein,1
csoR,bin169,DNA-Protein,1
whiA,bin169,DNA-Protein,1
cmtR,bin169,DNA-Protein,1
Rv2324,bin169,DNA-Protein,1
kstR,bin169,DNA-Protein,1
Rv3830c,bin169,DNA-Protein,1
Rv0023,bin170,DNA-Protein,1
Rv0135c,bin170,DNA-Protein,1
Rv0158,bin170,DNA-Protein,1
Rv0324,bin170,DNA-Protein,1
Rv0465c,bin170,DNA-Protein,1
Rv0691c,bin170,DNA-Protein,1
Rv0880,bin170,DNA-Protein,1
trcR,bin170,DNA-Protein,1
Rv1167c,bin170,DNA-Protein,1
Rv1219c,bin170,DNA-Protein,1
Rv1353c,bin170,DNA-Protein,1
Rv1816,bin170,DNA-Protein,1
Rv2250c,bin170,DNA-Protein,1
sirR,bin170,DNA-Protein,1
Rv3488,bin170,DNA-Protein,1
kstR,bin170,DNA-Protein,1
lsr2,bin170,DNA-Protein,1
Rv3830c,bin170,DNA-Protein,1
espR,bin170,DNA-Protein,1
Rv0047c,bin171,DNA-Protein,1
Rv0081,bin171,DNA-Protein,1
Rv0273c,bin171,DNA-Protein,1
Rv0302,bin171,DNA-Protein,1
Rv0324,bin171,DNA-Protein,1
Rv0678,bin171,DNA-Protein,1
Rv0691c,bin171,DNA-Protein,1
phoP,bin171,DNA-Protein,1
Rv0880,bin171,DNA-Protein,1
csoR,bin171,DNA-Protein,1
trcR,bin171,DNA-Protein,1
Rv1353c,bin171,DNA-Protein,1
whiA,bin171,DNA-Protein,1
Rv1473A,bin171,DNA-Protein,1
Rv1816,bin171,DNA-Protein,1
Rv2011c,bin171,DNA-Protein,1
Rv2250c,bin171,DNA-Protein,1
Rv2827c,bin171,DNA-Protein,1
Rv2989,bin171,DNA-Protein,1
whiB1,bin171,DNA-Protein,1
Rv3249c,bin171,DNA-Protein,1
sigF,bin171,DNA-Protein,1
Rv3488,bin171,DNA-Protein,1
lsr2,bin171,DNA-Protein,1
whiB4,bin171,DNA-Protein,1
Rv3830c,bin171,DNA-Protein,1
Rv0023,bin172,DNA-Protein,1
Rv0324,bin172,DNA-Protein,1
Rv2011c,bin172,DNA-Protein,1
Rv2324,bin172,DNA-Protein,1
kstR,bin172,DNA-Protein,1
Rv0047c,bin173,DNA-Protein,1
Rv0324,bin173,DNA-Protein,1
Rv0576,bin173,DNA-Protein,1
Rv0678,bin173,DNA-Protein,1
csoR,bin173,DNA-Protein,1
trcR,bin173,DNA-Protein,1
Rv1255c,bin173,DNA-Protein,1
Rv1816,bin173,DNA-Protein,1
Rv2324,bin173,DNA-Protein,1
kstR,bin173,DNA-Protein,1
Rv3736,bin173,DNA-Protein,1
Rv0678,bin174,DNA-Protein,1
Rv0767c,bin174,DNA-Protein,1
csoR,bin174,DNA-Protein,1
Rv1353c,bin174,DNA-Protein,1
Rv1719,bin174,DNA-Protein,1
Rv1816,bin174,DNA-Protein,1
Rv1990c,bin174,DNA-Protein,1
Rv2011c,bin174,DNA-Protein,1
devR,bin174,DNA-Protein,1
Rv3249c,bin174,DNA-Protein,1
kstR,bin174,DNA-Protein,1
Rv3736,bin174,DNA-Protein,1
Rv0047c,bin175,DNA-Protein,1
Rv0081,bin175,DNA-Protein,1
csoR,bin175,DNA-Protein,1
Rv1353c,bin175,DNA-Protein,1
kstR,bin175,DNA-Protein,1
Rv3736,bin175,DNA-Protein,1
Rv0023,bin176,DNA-Protein,1
Rv0324,bin176,DNA-Protein,1
Rv0678,bin176,DNA-Protein,1
phoP,bin176,DNA-Protein,1
csoR,bin176,DNA-Protein,1
trcR,bin176,DNA-Protein,1
Rv1404,bin176,DNA-Protein,1
Rv1816,bin176,DNA-Protein,1
kstR,bin176,DNA-Protein,1
Rv0081,bin177,DNA-Protein,1
Rv0135c,bin177,DNA-Protein,1
Rv0302,bin177,DNA-Protein,1
tcrA,bin177,DNA-Protein,1
Rv0678,bin177,DNA-Protein,1
phoP,bin177,DNA-Protein,1
trcR,bin177,DNA-Protein,1
Rv1353c,bin177,DNA-Protein,1
whiA,bin177,DNA-Protein,1
Rv1473A,bin177,DNA-Protein,1
Rv1816,bin177,DNA-Protein,1
cmtR,bin177,DNA-Protein,1
Rv2034,bin177,DNA-Protein,1
Rv2324,bin177,DNA-Protein,1
kstR,bin177,DNA-Protein,1
Rv0023,bin178,DNA-Protein,1
Rv0081,bin178,DNA-Protein,1
Rv0324,bin178,DNA-Protein,1
tcrA,bin178,DNA-Protein,1
Rv0880,bin178,DNA-Protein,1
Rv1353c,bin178,DNA-Protein,1
whiA,bin178,DNA-Protein,1
Rv2034,bin178,DNA-Protein,1
Rv2324,bin178,DNA-Protein,1
Rv2989,bin178,DNA-Protein,1
Rv3557c,bin178,DNA-Protein,1
lsr2,bin178,DNA-Protein,1
Rv0047c,bin179,DNA-Protein,1
Rv0135c,bin179,DNA-Protein,1
Rv0302,bin179,DNA-Protein,1
Rv0678,bin179,DNA-Protein,1
Rv0691c,bin179,DNA-Protein,1
csoR,bin179,DNA-Protein,1
Rv1167c,bin179,DNA-Protein,1
Rv1816,bin179,DNA-Protein,1
cmtR,bin179,DNA-Protein,1
Rv0047c,bin180,DNA-Protein,1
Rv0324,bin180,DNA-Protein,1
Rv0494,bin180,DNA-Protein,1
Rv0678,bin180,DNA-Protein,1
csoR,bin180,DNA-Protein,1
Rv1353c,bin180,DNA-Protein,1
Rv1473A,bin180,DNA-Protein,1
Rv1816,bin180,DNA-Protein,1
kstR,bin180,DNA-Protein,1
Rv0047c,bin181,DNA-Protein,1
Rv0081,bin181,DNA-Protein,1
Rv0135c,bin181,DNA-Protein,1
Rv0273c,bin181,DNA-Protein,1
Rv0302,bin181,DNA-Protein,1
Rv0324,bin181,DNA-Protein,1
Rv0678,bin181,DNA-Protein,1
phoP,bin181,DNA-Protein,1
csoR,bin181,DNA-Protein,1
Rv1049,bin181,DNA-Protein,1
Rv1985c,bin181,DNA-Protein,1
Rv1990c,bin181,DNA-Protein,1
vapB15,bin181,DNA-Protein,1
devR,bin181,DNA-Protein,1
sigF,bin181,DNA-Protein,1
lsr2,bin181,DNA-Protein,1
tcrX,bin181,DNA-Protein,1
Rv3830c,bin181,DNA-Protein,1
Rv0081,bin182,DNA-Protein,1
Rv0135c,bin182,DNA-Protein,1
Rv0324,bin182,DNA-Protein,1
Rv0653c,bin182,DNA-Protein,1
Rv0678,bin182,DNA-Protein,1
csoR,bin182,DNA-Protein,1
trcR,bin182,DNA-Protein,1
Rv1353c,bin182,DNA-Protein,1
Rv1473A,bin182,DNA-Protein,1
Rv1719,bin182,DNA-Protein,1
Rv1816,bin182,DNA-Protein,1
Rv1990c,bin182,DNA-Protein,1
Rv2011c,bin182,DNA-Protein,1
Rv2034,bin182,DNA-Protein,1
Rv2989,bin182,DNA-Protein,1
devR,bin182,DNA-Protein,1
Rv3249c,bin182,DNA-Protein,1
Rv3736,bin182,DNA-Protein,1
Rv0081,bin183,DNA-Protein,1
Rv0195,bin183,DNA-Protein,1
Rv0678,bin183,DNA-Protein,1
Rv0691c,bin183,DNA-Protein,1
phoP,bin183,DNA-Protein,1
Rv0767c,bin183,DNA-Protein,1
phoY2,bin183,DNA-Protein,1
csoR,bin183,DNA-Protein,1
Rv1049,bin183,DNA-Protein,1
Rv1816,bin183,DNA-Protein,1
vapB15,bin183,DNA-Protein,1
Rv2011c,bin183,DNA-Protein,1
Rv2021c,bin183,DNA-Protein,1
Rv2034,bin183,DNA-Protein,1
Rv2779c,bin183,DNA-Protein,1
Rv3066,bin183,DNA-Protein,1
Rv3736,bin183,DNA-Protein,1
tcrX,bin183,DNA-Protein,1
Rv0047c,bin184,DNA-Protein,1
Rv0081,bin184,DNA-Protein,1
Rv0135c,bin184,DNA-Protein,1
Rv0275c,bin184,DNA-Protein,1
Rv0302,bin184,DNA-Protein,1
Rv0472c,bin184,DNA-Protein,1
Rv0678,bin184,DNA-Protein,1
Rv0691c,bin184,DNA-Protein,1
Rv0767c,bin184,DNA-Protein,1
kmtR,bin184,DNA-Protein,1
csoR,bin184,DNA-Protein,1
trcR,bin184,DNA-Protein,1
Rv1049,bin184,DNA-Protein,1
Rv1556,bin184,DNA-Protein,1
Rv1816,bin184,DNA-Protein,1
higA,bin184,DNA-Protein,1
Rv1990c,bin184,DNA-Protein,1
Rv2034,bin184,DNA-Protein,1
Rv2250c,bin184,DNA-Protein,1
Rv2324,bin184,DNA-Protein,1
Rv2887,bin184,DNA-Protein,1
Rv3066,bin184,DNA-Protein,1
devR,bin184,DNA-Protein,1
mtrA,bin184,DNA-Protein,1
kstR,bin184,DNA-Protein,1
espR,bin184,DNA-Protein,1
Rv0042c,bin185,DNA-Protein,1
Rv0047c,bin185,DNA-Protein,1
Rv0081,bin185,DNA-Protein,1
Rv0135c,bin185,DNA-Protein,1
kmtR,bin185,DNA-Protein,1
csoR,bin185,DNA-Protein,1
trcR,bin185,DNA-Protein,1
Rv1049,bin185,DNA-Protein,1
Rv1816,bin185,DNA-Protein,1
Rv2034,bin185,DNA-Protein,1
Rv2324,bin185,DNA-Protein,1
Rv2642,bin185,DNA-Protein,1
Rv2779c,bin185,DNA-Protein,1
Rv3249c,bin185,DNA-Protein,1
Rv3557c,bin185,DNA-Protein,1
lsr2,bin185,DNA-Protein,1
Rv0691c,bin186,DNA-Protein,1
csoR,bin186,DNA-Protein,1
Rv1219c,bin186,DNA-Protein,1
whiA,bin186,DNA-Protein,1
Rv3830c,bin186,DNA-Protein,1
Rv0023,bin187,DNA-Protein,1
Rv0047c,bin187,DNA-Protein,1
Rv0081,bin187,DNA-Protein,1
Rv0135c,bin187,DNA-Protein,1
tcrA,bin187,DNA-Protein,1
Rv0678,bin187,DNA-Protein,1
csoR,bin187,DNA-Protein,1
trcR,bin187,DNA-Protein,1
Rv1219c,bin187,DNA-Protein,1
Rv1353c,bin187,DNA-Protein,1
Rv1816,bin187,DNA-Protein,1
Rv1985c,bin187,DNA-Protein,1
Rv2021c,bin187,DNA-Protein,1
Rv2034,bin187,DNA-Protein,1
Rv2250c,bin187,DNA-Protein,1
Rv2324,bin187,DNA-Protein,1
Rv3058c,bin187,DNA-Protein,1
lsr2,bin187,DNA-Protein,1
Rv3830c,bin187,DNA-Protein,1
Rv0081,bin188,DNA-Protein,1
Rv0302,bin188,DNA-Protein,1
Rv0678,bin188,DNA-Protein,1
csoR,bin188,DNA-Protein,1
mprA,bin188,DNA-Protein,1
trcR,bin188,DNA-Protein,1
Rv1353c,bin188,DNA-Protein,1
Rv1816,bin188,DNA-Protein,1
Rv2011c,bin188,DNA-Protein,1
Rv2250c,bin188,DNA-Protein,1
Rv2989,bin188,DNA-Protein,1
devR,bin188,DNA-Protein,1
whiB1,bin188,DNA-Protein,1
Rv3249c,bin188,DNA-Protein,1
Rv0023,bin189,DNA-Protein,1
Rv0047c,bin189,DNA-Protein,1
Rv0081,bin189,DNA-Protein,1
Rv0135c,bin189,DNA-Protein,1
Rv0302,bin189,DNA-Protein,1
Rv0494,bin189,DNA-Protein,1
csoR,bin189,DNA-Protein,1
Rv1353c,bin189,DNA-Protein,1
Rv1473A,bin189,DNA-Protein,1
Rv2324,bin189,DNA-Protein,1
sigF,bin189,DNA-Protein,1
Rv3488,bin189,DNA-Protein,1
lsr2,bin189,DNA-Protein,1
Rv0302,bin190,DNA-Protein,1
Rv0678,bin190,DNA-Protein,1
Rv1353c,bin190,DNA-Protein,1
Rv1404,bin190,DNA-Protein,1
Rv1990c,bin190,DNA-Protein,1
Rv2011c,bin190,DNA-Protein,1
devR,bin190,DNA-Protein,1
Rv0324,bin191,DNA-Protein,1
Rv0691c,bin191,DNA-Protein,1
csoR,bin191,DNA-Protein,1
Rv1049,bin191,DNA-Protein,1
Rv1674c,bin191,DNA-Protein,1
Rv3736,bin191,DNA-Protein,1
Rv0081,bin192,DNA-Protein,1
Rv0324,bin192,DNA-Protein,1
Rv0678,bin192,DNA-Protein,1
Rv0691c,bin192,DNA-Protein,1
Rv1353c,bin192,DNA-Protein,1
Rv1985c,bin192,DNA-Protein,1
Rv1990c,bin192,DNA-Protein,1
kstR,bin192,DNA-Protein,1
Rv0081,bin193,DNA-Protein,1
Rv0767c,bin193,DNA-Protein,1
csoR,bin193,DNA-Protein,1
tcrX,bin193,DNA-Protein,1
whiB5,bin194,DNA-Protein,1
Rv0023,bin194,DNA-Protein,1
Rv0135c,bin194,DNA-Protein,1
Rv0653c,bin194,DNA-Protein,1
Rv0678,bin194,DNA-Protein,1
Rv0691c,bin194,DNA-Protein,1
kmtR,bin194,DNA-Protein,1
csoR,bin194,DNA-Protein,1
Rv1353c,bin194,DNA-Protein,1
whiA,bin194,DNA-Protein,1
Rv1719,bin194,DNA-Protein,1
Rv2034,bin194,DNA-Protein,1
Rv2250c,bin194,DNA-Protein,1
Rv2324,bin194,DNA-Protein,1
Rv3058c,bin194,DNA-Protein,1
devR,bin194,DNA-Protein,1
mtrA,bin194,DNA-Protein,1
Rv3488,bin194,DNA-Protein,1
lsr2,bin194,DNA-Protein,1
Rv3830c,bin194,DNA-Protein,1
Rv0135c,bin195,DNA-Protein,1
Rv0302,bin195,DNA-Protein,1
Rv0678,bin195,DNA-Protein,1
Rv0691c,bin195,DNA-Protein,1
Rv0767c,bin195,DNA-Protein,1
Rv1353c,bin195,DNA-Protein,1
Rv1816,bin195,DNA-Protein,1
higA,bin195,DNA-Protein,1
Rv1990c,bin195,DNA-Protein,1
cmtR,bin195,DNA-Protein,1
Rv2034,bin195,DNA-Protein,1
Rv3488,bin195,DNA-Protein,1
kstR,bin195,DNA-Protein,1
espR,bin195,DNA-Protein,1
Rv0023,bin196,DNA-Protein,1
tcrA,bin196,DNA-Protein,1
Rv0678,bin196,DNA-Protein,1
Rv0691c,bin196,DNA-Protein,1
csoR,bin196,DNA-Protein,1
Rv1176c,bin196,DNA-Protein,1
Rv1473A,bin196,DNA-Protein,1
vapB15,bin196,DNA-Protein,1
Rv2250c,bin196,DNA-Protein,1
Rv2324,bin196,DNA-Protein,1
Rv2642,bin196,DNA-Protein,1
sirR,bin196,DNA-Protein,1
devR,bin196,DNA-Protein,1
Rv3249c,bin196,DNA-Protein,1
kstR,bin196,DNA-Protein,1
espR,bin196,DNA-Protein,1
Rv0135c,bin197,DNA-Protein,1
csoR,bin197,DNA-Protein,1
whiA,bin197,DNA-Protein,1
Rv2034,bin197,DNA-Protein,1
Rv3050c,bin197,DNA-Protein,1
Rv3488,bin197,DNA-Protein,1
kstR,bin197,DNA-Protein,1
Rv3736,bin197,DNA-Protein,1
Rv0047c,bin198,DNA-Protein,1
Rv0081,bin198,DNA-Protein,1
Rv0324,bin198,DNA-Protein,1
phoP,bin198,DNA-Protein,1
Rv0767c,bin198,DNA-Protein,1
Rv1816,bin198,DNA-Protein,1
Rv1985c,bin198,DNA-Protein,1
Rv2250c,bin198,DNA-Protein,1
devR,bin198,DNA-Protein,1
mtrA,bin198,DNA-Protein,1
Rv3249c,bin198,DNA-Protein,1
Rv0023,bin199,DNA-Protein,1
Rv0047c,bin199,DNA-Protein,1
Rv0081,bin199,DNA-Protein,1
Rv0324,bin199,DNA-Protein,1
Rv0678,bin199,DNA-Protein,1
Rv0691c,bin199,DNA-Protein,1
Rv0767c,bin199,DNA-Protein,1
csoR,bin199,DNA-Protein,1
Rv1255c,bin199,DNA-Protein,1
Rv1404,bin199,DNA-Protein,1
Rv1816,bin199,DNA-Protein,1
Rv2034,bin199,DNA-Protein,1
Rv2250c,bin199,DNA-Protein,1
Rv3249c,bin199,DNA-Protein,1
kstR,bin199,DNA-Protein,1
Rv3736,bin199,DNA-Protein,1
whiB5,bin200,DNA-Protein,1
Rv0047c,bin200,DNA-Protein,1
Rv0767c,bin200,DNA-Protein,1
Rv0894,bin200,DNA-Protein,1
csoR,bin200,DNA-Protein,1
Rv1353c,bin200,DNA-Protein,1
Rv1473A,bin200,DNA-Protein,1
Rv1816,bin200,DNA-Protein,1
Rv2034,bin200,DNA-Protein,1
Rv3249c,bin200,DNA-Protein,1
whiB3,bin200,DNA-Protein,1
Rv3736,bin200,DNA-Protein,1
Rv0135c,bin201,DNA-Protein,1
trcR,bin201,DNA-Protein,1
Rv1828,bin201,DNA-Protein,1
vapB15,bin201,DNA-Protein,1
Rv2011c,bin201,DNA-Protein,1
Rv3249c,bin201,DNA-Protein,1
Rv3736,bin201,DNA-Protein,1
Rv0047c,bin202,DNA-Protein,1
Rv0767c,bin202,DNA-Protein,1
csoR,bin202,DNA-Protein,1
Rv1816,bin202,DNA-Protein,1
higA,bin202,DNA-Protein,1
Rv1990c,bin202,DNA-Protein,1
Rv2011c,bin202,DNA-Protein,1
Rv2034,bin202,DNA-Protein,1
Rv2250c,bin202,DNA-Protein,1
Rv2324,bin202,DNA-Protein,1
Rv0081,bin203,DNA-Protein,1
Rv1353c,bin203,DNA-Protein,1
Rv1816,bin203,DNA-Protein,1
Rv1990c,bin203,DNA-Protein,1
Rv2250c,bin203,DNA-Protein,1
devR,bin203,DNA-Protein,1
Rv3249c,bin203,DNA-Protein,1
lsr2,bin203,DNA-Protein,1
Rv0023,bin204,DNA-Protein,1
Rv0047c,bin204,DNA-Protein,1
Rv0135c,bin204,DNA-Protein,1
Rv0302,bin204,DNA-Protein,1
Rv0678,bin204,DNA-Protein,1
whiA,bin204,DNA-Protein,1
Rv1816,bin204,DNA-Protein,1
Rv2250c,bin204,DNA-Protein,1
Rv0023,bin205,DNA-Protein,1
Rv0081,bin205,DNA-Protein,1
Rv0324,bin205,DNA-Protein,1
Rv0339c,bin205,DNA-Protein,1
Rv0494,bin205,DNA-Protein,1
Rv0653c,bin205,DNA-Protein,1
Rv0691c,bin205,DNA-Protein,1
Rv1985c,bin205,DNA-Protein,1
cmtR,bin205,DNA-Protein,1
Rv2250c,bin205,DNA-Protein,1
Rv2989,bin205,DNA-Protein,1
kstR,bin205,DNA-Protein,1
lsr2,bin205,DNA-Protein,1
Rv0302,bin206,DNA-Protein,1
Rv0576,bin206,DNA-Protein,1
csoR,bin206,DNA-Protein,1
Rv1816,bin206,DNA-Protein,1
cmtR,bin206,DNA-Protein,1
Rv2034,bin206,DNA-Protein,1
trcR,bin207,DNA-Protein,1
whiA,bin207,DNA-Protein,1
Rv1990c,bin207,DNA-Protein,1
kstR,bin207,DNA-Protein,1
Rv0047c,bin208,DNA-Protein,1
Rv0081,bin208,DNA-Protein,1
Rv0302,bin208,DNA-Protein,1
Rv0465c,bin208,DNA-Protein,1
Rv0653c,bin208,DNA-Protein,1
Rv0678,bin208,DNA-Protein,1
Rv0767c,bin208,DNA-Protein,1
csoR,bin208,DNA-Protein,1
Rv1049,bin208,DNA-Protein,1
Rv1219c,bin208,DNA-Protein,1
Rv1353c,bin208,DNA-Protein,1
Rv1990c,bin208,DNA-Protein,1
Rv3249c,bin208,DNA-Protein,1
Rv0081,bin209,DNA-Protein,1
Rv0302,bin209,DNA-Protein,1
Rv0691c,bin209,DNA-Protein,1
csoR,bin209,DNA-Protein,1
trcR,bin209,DNA-Protein,1
Rv1353c,bin209,DNA-Protein,1
Rv1816,bin209,DNA-Protein,1
Rv1985c,bin209,DNA-Protein,1
Rv2034,bin209,DNA-Protein,1
lsr2,bin209,DNA-Protein,1
Rv3830c,bin209,DNA-Protein,1
Rv0023,bin210,DNA-Protein,1
Rv0678,bin210,DNA-Protein,1
csoR,bin210,DNA-Protein,1
Rv1353c,bin210,DNA-Protein,1
Rv1473A,bin210,DNA-Protein,1
Rv2250c,bin210,DNA-Protein,1
kstR,bin210,DNA-Protein,1
Rv0135c,bin211,DNA-Protein,1
csoR,bin211,DNA-Protein,1
Rv1473A,bin211,DNA-Protein,1
Rv2034,bin211,DNA-Protein,1
sigF,bin211,DNA-Protein,1
kstR,bin211,DNA-Protein,1
Rv0047c,bin212,DNA-Protein,1
Rv1332,bin212,DNA-Protein,1
Rv1353c,bin212,DNA-Protein,1
Rv1816,bin212,DNA-Protein,1
Rv2034,bin212,DNA-Protein,1
Rv2250c,bin212,DNA-Protein,1
Rv3249c,bin212,DNA-Protein,1
lsr2,bin212,DNA-Protein,1
espR,bin212,DNA-Protein,1
Rv0081,bin213,DNA-Protein,1
Rv0324,bin213,DNA-Protein,1
Rv0678,bin213,DNA-Protein,1
Rv0691c,bin213,DNA-Protein,1
Rv0767c,bin213,DNA-Protein,1
Rv1049,bin213,DNA-Protein,1
Rv1255c,bin213,DNA-Protein,1
Rv1353c,bin213,DNA-Protein,1
Rv2034,bin213,DNA-Protein,1
mtrA,bin213,DNA-Protein,1
Rv3249c,bin213,DNA-Protein,1
whiB3,bin213,DNA-Protein,1
Rv3488,bin213,DNA-Protein,1
kstR,bin213,DNA-Protein,1
lsr2,bin213,DNA-Protein,1
crp,bin213,DNA-Protein,1
Rv3736,bin213,DNA-Protein,1
Rv0047c,bin214,DNA-Protein,1
Rv0081,bin214,DNA-Protein,1
Rv0135c,bin214,DNA-Protein,1
Rv0273c,bin214,DNA-Protein,1
Rv0678,bin214,DNA-Protein,1
Rv0691c,bin214,DNA-Protein,1
csoR,bin214,DNA-Protein,1
trcR,bin214,DNA-Protein,1
Rv1049,bin214,DNA-Protein,1
whiA,bin214,DNA-Protein,1
Rv1816,bin214,DNA-Protein,1
Rv3249c,bin214,DNA-Protein,1
kstR,bin214,DNA-Protein,1
Rv3736,bin214,DNA-Protein,1
Rv0023,bin215,DNA-Protein,1
Rv0047c,bin215,DNA-Protein,1
Rv0135c,bin215,DNA-Protein,1
Rv0302,bin215,DNA-Protein,1
Rv0767c,bin215,DNA-Protein,1
whiA,bin215,DNA-Protein,1
Rv1816,bin215,DNA-Protein,1
Rv2989,bin215,DNA-Protein,1
Rv3488,bin215,DNA-Protein,1
kstR,bin215,DNA-Protein,1
Rv3736,bin215,DNA-Protein,1
Rv0081,bin216,DNA-Protein,1
Rv0324,bin216,DNA-Protein,1
Rv0678,bin216,DNA-Protein,1
Rv0691c,bin216,DNA-Protein,1
csoR,bin216,DNA-Protein,1
Rv1353c,bin216,DNA-Protein,1
whiA,bin216,DNA-Protein,1
Rv1719,bin216,DNA-Protein,1
Rv1816,bin216,DNA-Protein,1
Rv1990c,bin216,DNA-Protein,1
cmtR,bin216,DNA-Protein,1
Rv2021c,bin216,DNA-Protein,1
Rv2034,bin216,DNA-Protein,1
Rv2250c,bin216,DNA-Protein,1
Rv2324,bin216,DNA-Protein,1
pimA,bin216,DNA-Protein,1
Rv2989,bin216,DNA-Protein,1
Rv3736,bin216,DNA-Protein,1
Rv2021c,bin217,DNA-Protein,1
Rv0767c,bin218,DNA-Protein,1
Rv1473A,bin218,DNA-Protein,1
Rv2034,bin218,DNA-Protein,1
Rv0135c,bin219,DNA-Protein,1
csoR,bin219,DNA-Protein,1
Rv1719,bin219,DNA-Protein,1
Rv1816,bin219,DNA-Protein,1
Rv1990c,bin219,DNA-Protein,1
Rv2324,bin219,DNA-Protein,1
Rv0135c,bin220,DNA-Protein,1
Rv0678,bin220,DNA-Protein,1
Rv0767c,bin220,DNA-Protein,1
csoR,bin220,DNA-Protein,1
Rv1049,bin220,DNA-Protein,1
Rv1353c,bin220,DNA-Protein,1
whiA,bin220,DNA-Protein,1
Rv1674c,bin220,DNA-Protein,1
Rv1990c,bin220,DNA-Protein,1
Rv2011c,bin220,DNA-Protein,1
Rv2324,bin220,DNA-Protein,1
espR,bin220,DNA-Protein,1
Rv0047c,bin221,DNA-Protein,1
Rv0081,bin221,DNA-Protein,1
Rv0135c,bin221,DNA-Protein,1
Rv0273c,bin221,DNA-Protein,1
Rv0324,bin221,DNA-Protein,1
Rv0576,bin221,DNA-Protein,1
tcrA,bin221,DNA-Protein,1
Rv0678,bin221,DNA-Protein,1
Rv0691c,bin221,DNA-Protein,1
phoP,bin221,DNA-Protein,1
Rv0767c,bin221,DNA-Protein,1
Rv0880,bin221,DNA-Protein,1
Rv0891c,bin221,DNA-Protein,1
trcR,bin221,DNA-Protein,1
Rv1186c,bin221,DNA-Protein,1
Rv1255c,bin221,DNA-Protein,1
Rv1353c,bin221,DNA-Protein,1
Rv1719,bin221,DNA-Protein,1
Rv1816,bin221,DNA-Protein,1
Rv1985c,bin221,DNA-Protein,1
Rv1990c,bin221,DNA-Protein,1
Rv2011c,bin221,DNA-Protein,1
Rv2034,bin221,DNA-Protein,1
sigC,bin221,DNA-Protein,1
zur,bin221,DNA-Protein,1
Rv2506,bin221,DNA-Protein,1
pimA,bin221,DNA-Protein,1
sigA,bin221,DNA-Protein,1
Rv2887,bin221,DNA-Protein,1
Rv2989,bin221,DNA-Protein,1
Rv3050c,bin221,DNA-Protein,1
devR,bin221,DNA-Protein,1
mtrA,bin221,DNA-Protein,1
Rv3249c,bin221,DNA-Protein,1
Rv3405c,bin221,DNA-Protein,1
sigD,bin221,DNA-Protein,1
kstR,bin221,DNA-Protein,1
lsr2,bin221,DNA-Protein,1
whiB4,bin221,DNA-Protein,1
tcrX,bin221,DNA-Protein,1
Rv3830c,bin221,DNA-Protein,1
ethR,bin221,DNA-Protein,1
Rv0047c,bin222,DNA-Protein,1
Rv0081,bin222,DNA-Protein,1
Rv0135c,bin222,DNA-Protein,1
Rv0158,bin222,DNA-Protein,1
nadR,bin222,DNA-Protein,1
Rv0273c,bin222,DNA-Protein,1
Rv0302,bin222,DNA-Protein,1
Rv0324,bin222,DNA-Protein,1
Rv0465c,bin222,DNA-Protein,1
tcrA,bin222,DNA-Protein,1
Rv0653c,bin222,DNA-Protein,1
Rv0678,bin222,DNA-Protein,1
Rv0691c,bin222,DNA-Protein,1
sigL,bin222,DNA-Protein,1
Rv0767c,bin222,DNA-Protein,1
trcR,bin222,DNA-Protein,1
sigI,bin222,DNA-Protein,1
Rv1219c,bin222,DNA-Protein,1
Rv1353c,bin222,DNA-Protein,1
whiA,bin222,DNA-Protein,1
Rv1473A,bin222,DNA-Protein,1
Rv1626,bin222,DNA-Protein,1
Rv1816,bin222,DNA-Protein,1
Rv1990c,bin222,DNA-Protein,1
Rv2034,bin222,DNA-Protein,1
sigC,bin222,DNA-Protein,1
Rv2250c,bin222,DNA-Protein,1
Rv2324,bin222,DNA-Protein,1
hrcA,bin222,DNA-Protein,1
Rv2506,bin222,DNA-Protein,1
Rv2887,bin222,DNA-Protein,1
Rv3249c,bin222,DNA-Protein,1
Rv3488,bin222,DNA-Protein,1
lsr2,bin222,DNA-Protein,1
Rv3830c,bin222,DNA-Protein,1
espR,bin222,DNA-Protein,1
ethR,bin222,DNA-Protein,1
Rv0023,bin223,DNA-Protein,1
Rv0081,bin223,DNA-Protein,1
Rv0678,bin223,DNA-Protein,1
Rv0691c,bin223,DNA-Protein,1
Rv0767c,bin223,DNA-Protein,1
csoR,bin223,DNA-Protein,1
trcR,bin223,DNA-Protein,1
Rv1353c,bin223,DNA-Protein,1
Rv1816,bin223,DNA-Protein,1
Rv1990c,bin223,DNA-Protein,1
Rv2011c,bin223,DNA-Protein,1
Rv2324,bin223,DNA-Protein,1
Rv2989,bin223,DNA-Protein,1
mtrA,bin223,DNA-Protein,1
Rv3249c,bin223,DNA-Protein,1
whiB5,bin224,DNA-Protein,1
Rv0047c,bin224,DNA-Protein,1
Rv0273c,bin224,DNA-Protein,1
Rv0302,bin224,DNA-Protein,1
Rv0691c,bin224,DNA-Protein,1
Rv1049,bin224,DNA-Protein,1
Rv1353c,bin224,DNA-Protein,1
whiA,bin224,DNA-Protein,1
Rv1816,bin224,DNA-Protein,1
Rv1990c,bin224,DNA-Protein,1
Rv2034,bin224,DNA-Protein,1
Rv2250c,bin224,DNA-Protein,1
Rv2324,bin224,DNA-Protein,1
kstR,bin224,DNA-Protein,1
Rv3736,bin224,DNA-Protein,1
Rv0047c,bin225,DNA-Protein,1
Rv0081,bin225,DNA-Protein,1
Rv0324,bin225,DNA-Protein,1
Rv0678,bin225,DNA-Protein,1
Rv0691c,bin225,DNA-Protein,1
csoR,bin225,DNA-Protein,1
trcR,bin225,DNA-Protein,1
Rv1353c,bin225,DNA-Protein,1
Rv1473A,bin225,DNA-Protein,1
Rv1816,bin225,DNA-Protein,1
Rv1990c,bin225,DNA-Protein,1
Rv2989,bin225,DNA-Protein,1
mtrA,bin225,DNA-Protein,1
Rv3488,bin225,DNA-Protein,1
lsr2,bin225,DNA-Protein,1
espR,bin225,DNA-Protein,1
ethR,bin225,DNA-Protein,1
Rv0047c,bin226,DNA-Protein,1
Rv0135c,bin226,DNA-Protein,1
Rv0324,bin226,DNA-Protein,1
Rv0678,bin226,DNA-Protein,1
Rv0691c,bin226,DNA-Protein,1
csoR,bin226,DNA-Protein,1
Rv1353c,bin226,DNA-Protein,1
whiA,bin226,DNA-Protein,1
Rv1719,bin226,DNA-Protein,1
Rv2034,bin226,DNA-Protein,1
Rv2250c,bin226,DNA-Protein,1
Rv2324,bin226,DNA-Protein,1
mtrA,bin226,DNA-Protein,1
kstR,bin226,DNA-Protein,1
Rv0081,bin227,DNA-Protein,1
Rv0653c,bin227,DNA-Protein,1
Rv0678,bin227,DNA-Protein,1
Rv0691c,bin227,DNA-Protein,1
phoP,bin227,DNA-Protein,1
trcR,bin227,DNA-Protein,1
Rv1353c,bin227,DNA-Protein,1
whiA,bin227,DNA-Protein,1
Rv2034,bin227,DNA-Protein,1
Rv2324,bin227,DNA-Protein,1
kstR,bin227,DNA-Protein,1
whiB4,bin227,DNA-Protein,1
Rv3736,bin227,DNA-Protein,1
tcrX,bin227,DNA-Protein,1
Rv0023,bin228,DNA-Protein,1
Rv0047c,bin228,DNA-Protein,1
Rv0135c,bin228,DNA-Protein,1
Rv0324,bin228,DNA-Protein,1
Rv0678,bin228,DNA-Protein,1
Rv0691c,bin228,DNA-Protein,1
csoR,bin228,DNA-Protein,1
trcR,bin228,DNA-Protein,1
whiA,bin228,DNA-Protein,1
Rv1473A,bin228,DNA-Protein,1
Rv1816,bin228,DNA-Protein,1
vapB15,bin228,DNA-Protein,1
Rv2034,bin228,DNA-Protein,1
Rv2989,bin228,DNA-Protein,1
devR,bin228,DNA-Protein,1
Rv3249c,bin228,DNA-Protein,1
kstR,bin228,DNA-Protein,1
whiB5,bin229,DNA-Protein,1
Rv0047c,bin229,DNA-Protein,1
Rv0653c,bin229,DNA-Protein,1
whiA,bin229,DNA-Protein,1
Rv0767c,bin230,DNA-Protein,1
csoR,bin230,DNA-Protein,1
Rv1353c,bin230,DNA-Protein,1
Rv1990c,bin230,DNA-Protein,1
Rv3167c,bin230,DNA-Protein,1
whiB5,bin231,DNA-Protein,1
Rv0494,bin231,DNA-Protein,1
Rv2011c,bin231,DNA-Protein,1
Rv2034,bin231,DNA-Protein,1
whiB5,bin232,DNA-Protein,1
Rv0023,bin232,DNA-Protein,1
Rv0081,bin232,DNA-Protein,1
Rv0302,bin232,DNA-Protein,1
Rv0324,bin232,DNA-Protein,1
tcrA,bin232,DNA-Protein,1
Rv0678,bin232,DNA-Protein,1
csoR,bin232,DNA-Protein,1
trcR,bin232,DNA-Protein,1
Rv1353c,bin232,DNA-Protein,1
Rv1985c,bin232,DNA-Protein,1
Rv1990c,bin232,DNA-Protein,1
cmtR,bin232,DNA-Protein,1
vapB15,bin232,DNA-Protein,1
Rv2021c,bin232,DNA-Protein,1
Rv2324,bin232,DNA-Protein,1
Rv3249c,bin232,DNA-Protein,1
lsr2,bin232,DNA-Protein,1
Rv0081,bin233,DNA-Protein,1
Rv0273c,bin233,DNA-Protein,1
Rv0465c,bin233,DNA-Protein,1
Rv0678,bin233,DNA-Protein,1
phoP,bin233,DNA-Protein,1
Rv0818,bin233,DNA-Protein,1
csoR,bin233,DNA-Protein,1
mprA,bin233,DNA-Protein,1
trcR,bin233,DNA-Protein,1
Rv1255c,bin233,DNA-Protein,1
whiA,bin233,DNA-Protein,1
Rv1816,bin233,DNA-Protein,1
Rv1985c,bin233,DNA-Protein,1
Rv1990c,bin233,DNA-Protein,1
Rv2250c,bin233,DNA-Protein,1
sirR,bin233,DNA-Protein,1
devR,bin233,DNA-Protein,1
whiB2,bin233,DNA-Protein,1
whiB3,bin233,DNA-Protein,1
kstR,bin233,DNA-Protein,1
lsr2,bin233,DNA-Protein,1
whiB4,bin233,DNA-Protein,1
Rv3830c,bin233,DNA-Protein,1
espR,bin233,DNA-Protein,1
Rv0023,bin234,DNA-Protein,1
Rv0047c,bin234,DNA-Protein,1
Rv0081,bin234,DNA-Protein,1
Rv0324,bin234,DNA-Protein,1
Rv0678,bin234,DNA-Protein,1
Rv0691c,bin234,DNA-Protein,1
csoR,bin234,DNA-Protein,1
Rv1353c,bin234,DNA-Protein,1
whiA,bin234,DNA-Protein,1
Rv1473A,bin234,DNA-Protein,1
Rv1816,bin234,DNA-Protein,1
Rv1990c,bin234,DNA-Protein,1
Rv2021c,bin234,DNA-Protein,1
Rv2250c,bin234,DNA-Protein,1
Rv2324,bin234,DNA-Protein,1
mtrA,bin234,DNA-Protein,1
Rv3488,bin234,DNA-Protein,1
Rv0047c,bin235,DNA-Protein,1
Rv0081,bin235,DNA-Protein,1
Rv0135c,bin235,DNA-Protein,1
Rv0691c,bin235,DNA-Protein,1
csoR,bin235,DNA-Protein,1
trcR,bin235,DNA-Protein,1
Rv1049,bin235,DNA-Protein,1
Rv1353c,bin235,DNA-Protein,1
Rv1816,bin235,DNA-Protein,1
Rv3488,bin235,DNA-Protein,1
Rv0023,bin236,DNA-Protein,1
Rv0081,bin236,DNA-Protein,1
Rv0135c,bin236,DNA-Protein,1
Rv0273c,bin236,DNA-Protein,1
Rv0302,bin236,DNA-Protein,1
Rv0324,bin236,DNA-Protein,1
tcrA,bin236,DNA-Protein,1
Rv0678,bin236,DNA-Protein,1
phoP,bin236,DNA-Protein,1
trcR,bin236,DNA-Protein,1
Rv1816,bin236,DNA-Protein,1
Rv1985c,bin236,DNA-Protein,1
Rv2034,bin236,DNA-Protein,1
sigC,bin236,DNA-Protein,1
Rv3249c,bin236,DNA-Protein,1
sigF,bin236,DNA-Protein,1
kstR,bin236,DNA-Protein,1
lsr2,bin236,DNA-Protein,1
tcrX,bin236,DNA-Protein,1
Rv3830c,bin236,DNA-Protein,1
Rv0047c,bin237,DNA-Protein,1
Rv0081,bin237,DNA-Protein,1
Rv0135c,bin237,DNA-Protein,1
Rv0324,bin237,DNA-Protein,1
Rv0691c,bin237,DNA-Protein,1
Rv1353c,bin237,DNA-Protein,1
Rv1990c,bin237,DNA-Protein,1
Rv0081,bin238,DNA-Protein,1
Rv0135c,bin238,DNA-Protein,1
Rv0302,bin238,DNA-Protein,1
csoR,bin238,DNA-Protein,1
Rv1816,bin238,DNA-Protein,1
devR,bin238,DNA-Protein,1
Rv3488,bin238,DNA-Protein,1
Rv3736,bin238,DNA-Protein,1
Rv0023,bin239,DNA-Protein,1
Rv0081,bin239,DNA-Protein,1
Rv0135c,bin239,DNA-Protein,1
Rv0465c,bin239,DNA-Protein,1
Rv0474,bin239,DNA-Protein,1
tcrA,bin239,DNA-Protein,1
Rv0678,bin239,DNA-Protein,1
Rv0691c,bin239,DNA-Protein,1
phoP,bin239,DNA-Protein,1
Rv0880,bin239,DNA-Protein,1
trcR,bin239,DNA-Protein,1
Rv1049,bin239,DNA-Protein,1
Rv1219c,bin239,DNA-Protein,1
Rv1255c,bin239,DNA-Protein,1
Rv1353c,bin239,DNA-Protein,1
whiA,bin239,DNA-Protein,1
Rv1460,bin239,DNA-Protein,1
Rv1473A,bin239,DNA-Protein,1
Rv1985c,bin239,DNA-Protein,1
Rv1990c,bin239,DNA-Protein,1
Rv2021c,bin239,DNA-Protein,1
sigC,bin239,DNA-Protein,1
Rv2887,bin239,DNA-Protein,1
Rv2989,bin239,DNA-Protein,1
Rv3066,bin239,DNA-Protein,1
Rv3160c,bin239,DNA-Protein,1
sigH,bin239,DNA-Protein,1
Rv3249c,bin239,DNA-Protein,1
lrpA,bin239,DNA-Protein,1
sigD,bin239,DNA-Protein,1
kstR,bin239,DNA-Protein,1
lsr2,bin239,DNA-Protein,1
tcrX,bin239,DNA-Protein,1
Rv3830c,bin239,DNA-Protein,1
espR,bin239,DNA-Protein,1
ethR,bin239,DNA-Protein,1
Rv0081,bin240,DNA-Protein,1
Rv0324,bin240,DNA-Protein,1
Rv0691c,bin240,DNA-Protein,1
Rv1219c,bin240,DNA-Protein,1
Rv1353c,bin240,DNA-Protein,1
whiA,bin240,DNA-Protein,1
Rv1473A,bin240,DNA-Protein,1
Rv1816,bin240,DNA-Protein,1
Rv2034,bin240,DNA-Protein,1
Rv2250c,bin240,DNA-Protein,1
Rv2324,bin240,DNA-Protein,1
Rv2989,bin240,DNA-Protein,1
whiB1,bin240,DNA-Protein,1
kstR,bin240,DNA-Protein,1
Rv3736,bin240,DNA-Protein,1
Rv0023,bin241,DNA-Protein,1
Rv0047c,bin241,DNA-Protein,1
Rv0081,bin241,DNA-Protein,1
Rv0135c,bin241,DNA-Protein,1
Rv0302,bin241,DNA-Protein,1
Rv0494,bin241,DNA-Protein,1
Rv0691c,bin241,DNA-Protein,1
Rv0880,bin241,DNA-Protein,1
csoR,bin241,DNA-Protein,1
Rv1049,bin241,DNA-Protein,1
Rv1353c,bin241,DNA-Protein,1
Rv1359,bin241,DNA-Protein,1
whiA,bin241,DNA-Protein,1
Rv1816,bin241,DNA-Protein,1
blaI,bin241,DNA-Protein,1
vapB15,bin241,DNA-Protein,1
Rv2034,bin241,DNA-Protein,1
Rv2324,bin241,DNA-Protein,1
devR,bin241,DNA-Protein,1
mtrA,bin241,DNA-Protein,1
Rv3249c,bin241,DNA-Protein,1
Rv3488,bin241,DNA-Protein,1
Rv3736,bin241,DNA-Protein,1
Rv3830c,bin241,DNA-Protein,1
espR,bin241,DNA-Protein,1
Rv0047c,bin242,DNA-Protein,1
oxyS,bin242,DNA-Protein,1
Rv0135c,bin242,DNA-Protein,1
Rv0324,bin242,DNA-Protein,1
Rv0678,bin242,DNA-Protein,1
Rv0691c,bin242,DNA-Protein,1
Rv0767c,bin242,DNA-Protein,1
csoR,bin242,DNA-Protein,1
trcR,bin242,DNA-Protein,1
Rv1049,bin242,DNA-Protein,1
Rv1353c,bin242,DNA-Protein,1
whiA,bin242,DNA-Protein,1
Rv2324,bin242,DNA-Protein,1
hrcA,bin242,DNA-Protein,1
Rv2642,bin242,DNA-Protein,1
moaR1,bin242,DNA-Protein,1
tcrX,bin242,DNA-Protein,1
espR,bin242,DNA-Protein,1
Rv0023,bin243,DNA-Protein,1
Rv0324,bin243,DNA-Protein,1
Rv0678,bin243,DNA-Protein,1
Rv0691c,bin243,DNA-Protein,1
Rv0767c,bin243,DNA-Protein,1
csoR,bin243,DNA-Protein,1
Rv1353c,bin243,DNA-Protein,1
whiA,bin243,DNA-Protein,1
Rv1816,bin243,DNA-Protein,1
Rv1990c,bin243,DNA-Protein,1
Rv0023,bin244,DNA-Protein,1
Rv0081,bin244,DNA-Protein,1
Rv0135c,bin244,DNA-Protein,1
Rv0465c,bin244,DNA-Protein,1
Rv0474,bin244,DNA-Protein,1
Rv0691c,bin244,DNA-Protein,1
csoR,bin244,DNA-Protein,1
Rv1049,bin244,DNA-Protein,1
Rv1816,bin244,DNA-Protein,1
Rv1985c,bin244,DNA-Protein,1
Rv2011c,bin244,DNA-Protein,1
Rv2324,bin244,DNA-Protein,1
mtrA,bin244,DNA-Protein,1
kstR,bin244,DNA-Protein,1
lsr2,bin244,DNA-Protein,1
espR,bin244,DNA-Protein,1
Rv0472c,bin245,DNA-Protein,1
Rv0691c,bin245,DNA-Protein,1
csoR,bin245,DNA-Protein,1
Rv1049,bin245,DNA-Protein,1
Rv1353c,bin245,DNA-Protein,1
Rv1404,bin245,DNA-Protein,1
Rv1816,bin245,DNA-Protein,1
Rv1990c,bin245,DNA-Protein,1
Rv3488,bin245,DNA-Protein,1
Rv3736,bin245,DNA-Protein,1
espR,bin245,DNA-Protein,1
Rv0081,bin246,DNA-Protein,1
Rv0678,bin246,DNA-Protein,1
Rv0767c,bin246,DNA-Protein,1
csoR,bin246,DNA-Protein,1
whiA,bin246,DNA-Protein,1
Rv1473A,bin246,DNA-Protein,1
cmtR,bin246,DNA-Protein,1
devR,bin246,DNA-Protein,1
Rv3488,bin246,DNA-Protein,1
kstR,bin246,DNA-Protein,1
Rv3736,bin246,DNA-Protein,1
Rv0023,bin247,DNA-Protein,1
Rv0047c,bin247,DNA-Protein,1
phoP,bin247,DNA-Protein,1
csoR,bin247,DNA-Protein,1
trcR,bin247,DNA-Protein,1
Rv1219c,bin247,DNA-Protein,1
Rv1353c,bin247,DNA-Protein,1
Rv1674c,bin247,DNA-Protein,1
Rv1990c,bin247,DNA-Protein,1
Rv2021c,bin247,DNA-Protein,1
Rv2034,bin247,DNA-Protein,1
Rv2250c,bin247,DNA-Protein,1
Rv2324,bin247,DNA-Protein,1
Rv2989,bin247,DNA-Protein,1
devR,bin247,DNA-Protein,1
Rv3249c,bin247,DNA-Protein,1
whiB4,bin247,DNA-Protein,1
whiB5,bin248,DNA-Protein,1
Rv0047c,bin248,DNA-Protein,1
Rv0081,bin248,DNA-Protein,1
Rv0135c,bin248,DNA-Protein,1
Rv0324,bin248,DNA-Protein,1
Rv0653c,bin248,DNA-Protein,1
Rv0678,bin248,DNA-Protein,1
Rv1219c,bin248,DNA-Protein,1
Rv1353c,bin248,DNA-Protein,1
whiA,bin248,DNA-Protein,1
Rv1816,bin248,DNA-Protein,1
Rv1990c,bin248,DNA-Protein,1
devR,bin248,DNA-Protein,1
Rv3249c,bin248,DNA-Protein,1
kstR,bin248,DNA-Protein,1
Rv3736,bin248,DNA-Protein,1
Rv0023,bin249,DNA-Protein,1
Rv0081,bin249,DNA-Protein,1
Rv0135c,bin249,DNA-Protein,1
Rv0324,bin249,DNA-Protein,1
Rv0474,bin249,DNA-Protein,1
tcrA,bin249,DNA-Protein,1
Rv0678,bin249,DNA-Protein,1
phoP,bin249,DNA-Protein,1
csoR,bin249,DNA-Protein,1
trcR,bin249,DNA-Protein,1
sigI,bin249,DNA-Protein,1
Rv1353c,bin249,DNA-Protein,1
Rv1404,bin249,DNA-Protein,1
Rv1460,bin249,DNA-Protein,1
Rv1985c,bin249,DNA-Protein,1
Rv1990c,bin249,DNA-Protein,1
Rv2324,bin249,DNA-Protein,1
zur,bin249,DNA-Protein,1
clgR,bin249,DNA-Protein,1
Rv2887,bin249,DNA-Protein,1
Rv2989,bin249,DNA-Protein,1
Rv3050c,bin249,DNA-Protein,1
devR,bin249,DNA-Protein,1
Rv3160c,bin249,DNA-Protein,1
sigH,bin249,DNA-Protein,1
mtrA,bin249,DNA-Protein,1
Rv3249c,bin249,DNA-Protein,1
lrpA,bin249,DNA-Protein,1
Rv3405c,bin249,DNA-Protein,1
Rv3488,bin249,DNA-Protein,1
kstR,bin249,DNA-Protein,1
lsr2,bin249,DNA-Protein,1
whiB4,bin249,DNA-Protein,1
tcrX,bin249,DNA-Protein,1
ethR,bin249,DNA-Protein,1
Rv1353c,bin250,DNA-Protein,1
Rv1816,bin250,DNA-Protein,1
Rv0023,bin251,DNA-Protein,1
Rv0081,bin251,DNA-Protein,1
Rv0465c,bin251,DNA-Protein,1
Rv0678,bin251,DNA-Protein,1
Rv0767c,bin251,DNA-Protein,1
Rv1985c,bin251,DNA-Protein,1
Rv2250c,bin251,DNA-Protein,1
Rv2887,bin251,DNA-Protein,1
devR,bin251,DNA-Protein,1
Rv3249c,bin251,DNA-Protein,1
lsr2,bin251,DNA-Protein,1
whiB5,bin252,DNA-Protein,1
Rv0047c,bin252,DNA-Protein,1
Rv0691c,bin252,DNA-Protein,1
Rv0767c,bin252,DNA-Protein,1
csoR,bin252,DNA-Protein,1
Rv1816,bin252,DNA-Protein,1
kstR,bin252,DNA-Protein,1
Rv0465c,bin253,DNA-Protein,1
Rv0691c,bin253,DNA-Protein,1
trcR,bin253,DNA-Protein,1
Rv1353c,bin253,DNA-Protein,1
whiA,bin253,DNA-Protein,1
Rv1719,bin253,DNA-Protein,1
Rv1990c,bin253,DNA-Protein,1
Rv2250c,bin253,DNA-Protein,1
Rv3249c,bin253,DNA-Protein,1
Rv3736,bin253,DNA-Protein,1
whiB5,bin254,DNA-Protein,1
Rv0081,bin254,DNA-Protein,1
Rv0273c,bin254,DNA-Protein,1
Rv0324,bin254,DNA-Protein,1
Rv0691c,bin254,DNA-Protein,1
trcR,bin254,DNA-Protein,1
Rv1404,bin254,DNA-Protein,1
Rv1473A,bin254,DNA-Protein,1
Rv1828,bin254,DNA-Protein,1
cmtR,bin254,DNA-Protein,1
Rv2034,bin254,DNA-Protein,1
devR,bin254,DNA-Protein,1
Rv3736,bin254,DNA-Protein,1
Rv0081,bin255,DNA-Protein,1
Rv0135c,bin255,DNA-Protein,1
Rv0324,bin255,DNA-Protein,1
csoR,bin255,DNA-Protein,1
trcR,bin255,DNA-Protein,1
Rv1049,bin255,DNA-Protein,1
Rv1353c,bin255,DNA-Protein,1
whiA,bin255,DNA-Protein,1
Rv1816,bin255,DNA-Protein,1
Rv1990c,bin255,DNA-Protein,1
cmtR,bin255,DNA-Protein,1
Rv2034,bin255,DNA-Protein,1
Rv2250c,bin255,DNA-Protein,1
Rv2324,bin255,DNA-Protein,1
Rv2642,bin255,DNA-Protein,1
Rv3249c,bin255,DNA-Protein,1
kstR,bin255,DNA-Protein,1
lsr2,bin255,DNA-Protein,1
whiB5,bin256,DNA-Protein,1
Rv0023,bin256,DNA-Protein,1
Rv0047c,bin256,DNA-Protein,1
Rv0081,bin256,DNA-Protein,1
Rv0324,bin256,DNA-Protein,1
Rv0653c,bin256,DNA-Protein,1
Rv0678,bin256,DNA-Protein,1
trcR,bin256,DNA-Protein,1
whiA,bin256,DNA-Protein,1
Rv1985c,bin256,DNA-Protein,1
Rv1990c,bin256,DNA-Protein,1
cmtR,bin256,DNA-Protein,1
Rv2324,bin256,DNA-Protein,1
devR,bin256,DNA-Protein,1
Rv3488,bin256,DNA-Protein,1
lsr2,bin256,DNA-Protein,1
whiB5,bin257,DNA-Protein,1
Rv0273c,bin257,DNA-Protein,1
Rv0302,bin257,DNA-Protein,1
Rv0678,bin257,DNA-Protein,1
Rv0691c,bin257,DNA-Protein,1
Rv0767c,bin257,DNA-Protein,1
csoR,bin257,DNA-Protein,1
Rv1353c,bin257,DNA-Protein,1
whiA,bin257,DNA-Protein,1
cmtR,bin257,DNA-Protein,1
Rv2011c,bin257,DNA-Protein,1
Rv2034,bin257,DNA-Protein,1
Rv2324,bin257,DNA-Protein,1
Rv3488,bin257,DNA-Protein,1
kstR,bin257,DNA-Protein,1
Rv3736,bin257,DNA-Protein,1
whiB5,bin258,DNA-Protein,1
Rv0023,bin258,DNA-Protein,1
Rv0081,bin258,DNA-Protein,1
Rv0135c,bin258,DNA-Protein,1
Rv0302,bin258,DNA-Protein,1
Rv0465c,bin258,DNA-Protein,1
Rv0494,bin258,DNA-Protein,1
tcrA,bin258,DNA-Protein,1
csoR,bin258,DNA-Protein,1
trcR,bin258,DNA-Protein,1
Rv1353c,bin258,DNA-Protein,1
whiA,bin258,DNA-Protein,1
Rv1985c,bin258,DNA-Protein,1
Rv2011c,bin258,DNA-Protein,1
Rv2034,bin258,DNA-Protein,1
Rv2250c,bin258,DNA-Protein,1
Rv2324,bin258,DNA-Protein,1
Rv3066,bin258,DNA-Protein,1
mtrA,bin258,DNA-Protein,1
Rv3249c,bin258,DNA-Protein,1
Rv3488,bin258,DNA-Protein,1
kstR,bin258,DNA-Protein,1
Rv3830c,bin258,DNA-Protein,1
Rv0047c,bin259,DNA-Protein,1
Rv0081,bin259,DNA-Protein,1
Rv0494,bin259,DNA-Protein,1
Rv0767c,bin259,DNA-Protein,1
csoR,bin259,DNA-Protein,1
Rv1219c,bin259,DNA-Protein,1
Rv1816,bin259,DNA-Protein,1
Rv1985c,bin259,DNA-Protein,1
Rv2034,bin259,DNA-Protein,1
kstR,bin259,DNA-Protein,1
Rv0047c,bin260,DNA-Protein,1
Rv0081,bin260,DNA-Protein,1
Rv0767c,bin260,DNA-Protein,1
csoR,bin260,DNA-Protein,1
Rv1167c,bin260,DNA-Protein,1
Rv1404,bin260,DNA-Protein,1
Rv1473A,bin260,DNA-Protein,1
Rv1719,bin260,DNA-Protein,1
Rv1816,bin260,DNA-Protein,1
Rv1990c,bin260,DNA-Protein,1
vapB15,bin260,DNA-Protein,1
Rv2011c,bin260,DNA-Protein,1
Rv2021c,bin260,DNA-Protein,1
Rv2034,bin260,DNA-Protein,1
Rv2250c,bin260,DNA-Protein,1
devR,bin260,DNA-Protein,1
Rv3249c,bin260,DNA-Protein,1
Rv3488,bin260,DNA-Protein,1
espR,bin260,DNA-Protein,1
whiB5,bin261,DNA-Protein,1
Rv0023,bin261,DNA-Protein,1
Rv0047c,bin261,DNA-Protein,1
Rv0081,bin261,DNA-Protein,1
Rv0135c,bin261,DNA-Protein,1
Rv0302,bin261,DNA-Protein,1
Rv0324,bin261,DNA-Protein,1
tcrA,bin261,DNA-Protein,1
Rv0691c,bin261,DNA-Protein,1
csoR,bin261,DNA-Protein,1
Rv1167c,bin261,DNA-Protein,1
Rv1255c,bin261,DNA-Protein,1
Rv1353c,bin261,DNA-Protein,1
Rv1816,bin261,DNA-Protein,1
Rv2011c,bin261,DNA-Protein,1
devR,bin261,DNA-Protein,1
whiB1,bin261,DNA-Protein,1
mtrA,bin261,DNA-Protein,1
Rv3249c,bin261,DNA-Protein,1
lsr2,bin261,DNA-Protein,1
Rv0043c,bin262,DNA-Protein,1
Rv0047c,bin262,DNA-Protein,1
Rv0081,bin262,DNA-Protein,1
Rv0302,bin262,DNA-Protein,1
Rv0472c,bin262,DNA-Protein,1
Rv1049,bin262,DNA-Protein,1
Rv1176c,bin262,DNA-Protein,1
Rv1816,bin262,DNA-Protein,1
cmtR,bin262,DNA-Protein,1
Rv3249c,bin262,DNA-Protein,1
lsr2,bin262,DNA-Protein,1
Rv3736,bin262,DNA-Protein,1
Rv0047c,bin263,DNA-Protein,1
Rv0081,bin263,DNA-Protein,1
Rv0678,bin263,DNA-Protein,1
phoP,bin263,DNA-Protein,1
Rv0880,bin263,DNA-Protein,1
csoR,bin263,DNA-Protein,1
Rv1353c,bin263,DNA-Protein,1
Rv1404,bin263,DNA-Protein,1
Rv1719,bin263,DNA-Protein,1
Rv1816,bin263,DNA-Protein,1
Rv1985c,bin263,DNA-Protein,1
Rv2250c,bin263,DNA-Protein,1
Rv2324,bin263,DNA-Protein,1
hrcA,bin263,DNA-Protein,1
Rv2642,bin263,DNA-Protein,1
kstR,bin263,DNA-Protein,1
lsr2,bin263,DNA-Protein,1
whiB4,bin263,DNA-Protein,1
espR,bin263,DNA-Protein,1
Rv0081,bin264,DNA-Protein,1
trcR,bin264,DNA-Protein,1
Rv1353c,bin264,DNA-Protein,1
whiA,bin264,DNA-Protein,1
Rv1719,bin264,DNA-Protein,1
Rv1816,bin264,DNA-Protein,1
Rv3249c,bin264,DNA-Protein,1
Rv3830c,bin264,DNA-Protein,1
Rv0023,bin265,DNA-Protein,1
Rv0047c,bin265,DNA-Protein,1
Rv0081,bin265,DNA-Protein,1
Rv0135c,bin265,DNA-Protein,1
Rv0324,bin265,DNA-Protein,1
Rv0465c,bin265,DNA-Protein,1
Rv0494,bin265,DNA-Protein,1
Rv0678,bin265,DNA-Protein,1
trcR,bin265,DNA-Protein,1
Rv1049,bin265,DNA-Protein,1
Rv1353c,bin265,DNA-Protein,1
Rv1404,bin265,DNA-Protein,1
Rv1985c,bin265,DNA-Protein,1
Rv1990c,bin265,DNA-Protein,1
cmtR,bin265,DNA-Protein,1
Rv2011c,bin265,DNA-Protein,1
Rv2250c,bin265,DNA-Protein,1
Rv3249c,bin265,DNA-Protein,1
lsr2,bin265,DNA-Protein,1
Rv3830c,bin265,DNA-Protein,1
Rv0023,bin266,DNA-Protein,1
Rv0047c,bin266,DNA-Protein,1
Rv0081,bin266,DNA-Protein,1
Rv0135c,bin266,DNA-Protein,1
Rv0324,bin266,DNA-Protein,1
Rv0678,bin266,DNA-Protein,1
phoP,bin266,DNA-Protein,1
csoR,bin266,DNA-Protein,1
Rv1186c,bin266,DNA-Protein,1
Rv2011c,bin266,DNA-Protein,1
whiB4,bin266,DNA-Protein,1
Rv3736,bin266,DNA-Protein,1
Rv0081,bin267,DNA-Protein,1
Rv0767c,bin267,DNA-Protein,1
csoR,bin267,DNA-Protein,1
Rv1353c,bin267,DNA-Protein,1
whiA,bin267,DNA-Protein,1
Rv3488,bin267,DNA-Protein,1
Rv0047c,bin268,DNA-Protein,1
Rv0081,bin268,DNA-Protein,1
Rv0678,bin268,DNA-Protein,1
Rv0691c,bin268,DNA-Protein,1
mprA,bin268,DNA-Protein,1
Rv1353c,bin268,DNA-Protein,1
Rv1404,bin268,DNA-Protein,1
Rv1719,bin268,DNA-Protein,1
Rv1816,bin268,DNA-Protein,1
Rv2011c,bin268,DNA-Protein,1
Rv2034,bin268,DNA-Protein,1
Rv3249c,bin268,DNA-Protein,1
whiB3,bin268,DNA-Protein,1
Rv3488,bin268,DNA-Protein,1
Rv0081,bin269,DNA-Protein,1
Rv0135c,bin269,DNA-Protein,1
Rv0273c,bin269,DNA-Protein,1
Rv0324,bin269,DNA-Protein,1
Rv0678,bin269,DNA-Protein,1
Rv0691c,bin269,DNA-Protein,1
phoP,bin269,DNA-Protein,1
Rv1353c,bin269,DNA-Protein,1
Rv1816,bin269,DNA-Protein,1
Rv1990c,bin269,DNA-Protein,1
Rv2011c,bin269,DNA-Protein,1
Rv2034,bin269,DNA-Protein,1
Rv2250c,bin269,DNA-Protein,1
Rv2887,bin269,DNA-Protein,1
devR,bin269,DNA-Protein,1
Rv3249c,bin269,DNA-Protein,1
kstR,bin269,DNA-Protein,1
whiB4,bin269,DNA-Protein,1
espR,bin269,DNA-Protein,1
Rv0023,bin270,DNA-Protein,1
Rv0047c,bin270,DNA-Protein,1
Rv0081,bin270,DNA-Protein,1
Rv0302,bin270,DNA-Protein,1
Rv0678,bin270,DNA-Protein,1
Rv0767c,bin270,DNA-Protein,1
trcR,bin270,DNA-Protein,1
Rv1353c,bin270,DNA-Protein,1
whiA,bin270,DNA-Protein,1
Rv2034,bin270,DNA-Protein,1
Rv2324,bin270,DNA-Protein,1
Rv2887,bin270,DNA-Protein,1
kstR,bin270,DNA-Protein,1
whiB5,bin271,DNA-Protein,1
Rv0047c,bin271,DNA-Protein,1
Rv0081,bin271,DNA-Protein,1
Rv0302,bin271,DNA-Protein,1
csoR,bin271,DNA-Protein,1
trcR,bin271,DNA-Protein,1
Rv1049,bin271,DNA-Protein,1
Rv1353c,bin271,DNA-Protein,1
Rv1404,bin271,DNA-Protein,1
Rv1473A,bin271,DNA-Protein,1
Rv1990c,bin271,DNA-Protein,1
Rv3249c,bin271,DNA-Protein,1
lsr2,bin271,DNA-Protein,1
Rv3736,bin271,DNA-Protein,1
Rv0081,bin272,DNA-Protein,1
Rv0324,bin272,DNA-Protein,1
Rv0767c,bin272,DNA-Protein,1
trcR,bin272,DNA-Protein,1
Rv1049,bin272,DNA-Protein,1
Rv1219c,bin272,DNA-Protein,1
Rv1353c,bin272,DNA-Protein,1
whiA,bin272,DNA-Protein,1
Rv1674c,bin272,DNA-Protein,1
Rv1816,bin272,DNA-Protein,1
Rv1990c,bin272,DNA-Protein,1
Rv2887,bin272,DNA-Protein,1
whiB5,bin273,DNA-Protein,1
Rv0023,bin273,DNA-Protein,1
Rv0081,bin273,DNA-Protein,1
Rv0135c,bin273,DNA-Protein,1
Rv0302,bin273,DNA-Protein,1
tcrA,bin273,DNA-Protein,1
Rv0678,bin273,DNA-Protein,1
sigL,bin273,DNA-Protein,1
Rv0880,bin273,DNA-Protein,1
trcR,bin273,DNA-Protein,1
Rv1219c,bin273,DNA-Protein,1
Rv1353c,bin273,DNA-Protein,1
whiA,bin273,DNA-Protein,1
Rv2488c,bin273,DNA-Protein,1
devR,bin273,DNA-Protein,1
sigH,bin273,DNA-Protein,1
kstR,bin273,DNA-Protein,1
lsr2,bin273,DNA-Protein,1
tcrX,bin273,DNA-Protein,1
Rv0047c,bin274,DNA-Protein,1
Rv0081,bin274,DNA-Protein,1
Rv0135c,bin274,DNA-Protein,1
Rv0678,bin274,DNA-Protein,1
Rv0691c,bin274,DNA-Protein,1
Rv0767c,bin274,DNA-Protein,1
csoR,bin274,DNA-Protein,1
Rv1353c,bin274,DNA-Protein,1
whiA,bin274,DNA-Protein,1
Rv1816,bin274,DNA-Protein,1
Rv1990c,bin274,DNA-Protein,1
Rv2021c,bin274,DNA-Protein,1
Rv2250c,bin274,DNA-Protein,1
Rv2989,bin274,DNA-Protein,1
devR,bin274,DNA-Protein,1
Rv3249c,bin274,DNA-Protein,1
espR,bin274,DNA-Protein,1
Rv0023,bin275,DNA-Protein,1
Rv0081,bin275,DNA-Protein,1
Rv0135c,bin275,DNA-Protein,1
Rv0302,bin275,DNA-Protein,1
Rv0324,bin275,DNA-Protein,1
Rv0494,bin275,DNA-Protein,1
Rv0678,bin275,DNA-Protein,1
csoR,bin275,DNA-Protein,1
trcR,bin275,DNA-Protein,1
Rv1049,bin275,DNA-Protein,1
Rv1353c,bin275,DNA-Protein,1
whiA,bin275,DNA-Protein,1
Rv3249c,bin275,DNA-Protein,1
Rv1219c,bin276,DNA-Protein,1
Rv1353c,bin276,DNA-Protein,1
Rv1816,bin276,DNA-Protein,1
Rv2642,bin276,DNA-Protein,1
Rv2989,bin276,DNA-Protein,1
Rv3557c,bin276,DNA-Protein,1
kstR,bin276,DNA-Protein,1
Rv0047c,bin277,DNA-Protein,1
Rv0302,bin277,DNA-Protein,1
Rv0324,bin277,DNA-Protein,1
csoR,bin277,DNA-Protein,1
whiA,bin277,DNA-Protein,1
Rv1473A,bin277,DNA-Protein,1
Rv2011c,bin277,DNA-Protein,1
Rv2034,bin277,DNA-Protein,1
Rv3488,bin277,DNA-Protein,1
kstR,bin277,DNA-Protein,1
Rv3736,bin277,DNA-Protein,1
Rv0047c,bin278,DNA-Protein,1
Rv0081,bin278,DNA-Protein,1
Rv0324,bin278,DNA-Protein,1
Rv1049,bin278,DNA-Protein,1
Rv1353c,bin278,DNA-Protein,1
Rv1816,bin278,DNA-Protein,1
higA,bin278,DNA-Protein,1
Rv1990c,bin278,DNA-Protein,1
Rv2021c,bin278,DNA-Protein,1
Rv2034,bin278,DNA-Protein,1
Rv2250c,bin278,DNA-Protein,1
Rv2324,bin278,DNA-Protein,1
devR,bin278,DNA-Protein,1
Rv3249c,bin278,DNA-Protein,1
Rv3488,bin278,DNA-Protein,1
Rv0047c,bin279,DNA-Protein,1
Rv0081,bin279,DNA-Protein,1
Rv0135c,bin279,DNA-Protein,1
Rv0302,bin279,DNA-Protein,1
Rv0324,bin279,DNA-Protein,1
Rv0691c,bin279,DNA-Protein,1
Rv1219c,bin279,DNA-Protein,1
Rv3488,bin279,DNA-Protein,1
kstR,bin279,DNA-Protein,1
Rv0302,bin280,DNA-Protein,1
Rv0691c,bin280,DNA-Protein,1
csoR,bin280,DNA-Protein,1
Rv1404,bin280,DNA-Protein,1
Rv2011c,bin280,DNA-Protein,1
Rv2034,bin280,DNA-Protein,1
Rv0081,bin281,DNA-Protein,1
Rv1255c,bin281,DNA-Protein,1
Rv1353c,bin281,DNA-Protein,1
Rv1404,bin281,DNA-Protein,1
whiA,bin281,DNA-Protein,1
Rv1816,bin281,DNA-Protein,1
Rv1990c,bin281,DNA-Protein,1
Rv2250c,bin281,DNA-Protein,1
Rv2989,bin281,DNA-Protein,1
lsr2,bin281,DNA-Protein,1
ethR,bin281,DNA-Protein,1
Rv0047c,bin282,DNA-Protein,1
Rv0135c,bin282,DNA-Protein,1
Rv0767c,bin282,DNA-Protein,1
csoR,bin282,DNA-Protein,1
Rv1353c,bin282,DNA-Protein,1
Rv3488,bin282,DNA-Protein,1
Rv0023,bin283,DNA-Protein,1
Rv0081,bin283,DNA-Protein,1
Rv0273c,bin283,DNA-Protein,1
tcrA,bin283,DNA-Protein,1
Rv0691c,bin283,DNA-Protein,1
Rv3249c,bin283,DNA-Protein,1
kstR,bin283,DNA-Protein,1
lsr2,bin283,DNA-Protein,1
Rv0081,bin284,DNA-Protein,1
Rv0302,bin284,DNA-Protein,1
Rv0324,bin284,DNA-Protein,1
Rv0678,bin284,DNA-Protein,1
Rv0691c,bin284,DNA-Protein,1
csoR,bin284,DNA-Protein,1
trcR,bin284,DNA-Protein,1
Rv1353c,bin284,DNA-Protein,1
Rv1473A,bin284,DNA-Protein,1
Rv1719,bin284,DNA-Protein,1
Rv1816,bin284,DNA-Protein,1
Rv1990c,bin284,DNA-Protein,1
Rv2324,bin284,DNA-Protein,1
mtrA,bin284,DNA-Protein,1
Rv3488,bin284,DNA-Protein,1
lsr2,bin284,DNA-Protein,1
Rv0767c,bin285,DNA-Protein,1
csoR,bin285,DNA-Protein,1
Rv1353c,bin285,DNA-Protein,1
whiA,bin285,DNA-Protein,1
Rv2642,bin285,DNA-Protein,1
Rv0047c,bin286,DNA-Protein,1
Rv0135c,bin286,DNA-Protein,1
Rv0767c,bin286,DNA-Protein,1
Rv1049,bin286,DNA-Protein,1
Rv1353c,bin286,DNA-Protein,1
whiA,bin286,DNA-Protein,1
Rv1816,bin286,DNA-Protein,1
Rv3249c,bin286,DNA-Protein,1
Rv1353c,bin287,DNA-Protein,1
Rv2011c,bin287,DNA-Protein,1
Rv1287,bin288,DNA-Protein,1
Rv1353c,bin288,DNA-Protein,1
Rv1990c,bin288,DNA-Protein,1
Rv2034,bin288,DNA-Protein,1
Rv2989,bin288,DNA-Protein,1
sigF,bin288,DNA-Protein,1
lsr2,bin288,DNA-Protein,1
Rv3736,bin288,DNA-Protein,1
whiB5,bin289,DNA-Protein,1
Rv0023,bin289,DNA-Protein,1
Rv0135c,bin289,DNA-Protein,1
Rv0273c,bin289,DNA-Protein,1
phoP,bin289,DNA-Protein,1
Rv1353c,bin289,DNA-Protein,1
Rv1816,bin289,DNA-Protein,1
Rv3249c,bin289,DNA-Protein,1
kstR,bin289,DNA-Protein,1
lsr2,bin289,DNA-Protein,1
whiB4,bin289,DNA-Protein,1
espR,bin289,DNA-Protein,1
whiB5,bin290,DNA-Protein,1
Rv0081,bin290,DNA-Protein,1
Rv0324,bin290,DNA-Protein,1
Rv0494,bin290,DNA-Protein,1
Rv0678,bin290,DNA-Protein,1
Rv1353c,bin290,DNA-Protein,1
Rv1719,bin290,DNA-Protein,1
Rv2250c,bin290,DNA-Protein,1
Rv2506,bin290,DNA-Protein,1
mtrA,bin290,DNA-Protein,1
Rv3249c,bin290,DNA-Protein,1
Rv3488,bin290,DNA-Protein,1
sigL,bin291,DNA-Protein,1
Rv1049,bin291,DNA-Protein,1
Rv1353c,bin291,DNA-Protein,1
Rv2034,bin291,DNA-Protein,1
Rv3173c,bin291,DNA-Protein,1
sigH,bin291,DNA-Protein,1
Rv3736,bin291,DNA-Protein,1
espR,bin291,DNA-Protein,1
Rv0081,bin292,DNA-Protein,1
Rv0465c,bin292,DNA-Protein,1
phoP,bin292,DNA-Protein,1
csoR,bin292,DNA-Protein,1
Rv1049,bin292,DNA-Protein,1
Rv1255c,bin292,DNA-Protein,1
Rv1353c,bin292,DNA-Protein,1
blaI,bin292,DNA-Protein,1
Rv1990c,bin292,DNA-Protein,1
Rv2324,bin292,DNA-Protein,1
sigH,bin292,DNA-Protein,1
Rv3249c,bin292,DNA-Protein,1
whiB5,bin293,DNA-Protein,1
Rv0081,bin293,DNA-Protein,1
Rv0135c,bin293,DNA-Protein,1
Rv0678,bin293,DNA-Protein,1
Rv0767c,bin293,DNA-Protein,1
trcR,bin293,DNA-Protein,1
Rv1353c,bin293,DNA-Protein,1
Rv1404,bin293,DNA-Protein,1
whiA,bin293,DNA-Protein,1
Rv1473A,bin293,DNA-Protein,1
Rv1556,bin293,DNA-Protein,1
Rv1816,bin293,DNA-Protein,1
Rv2011c,bin293,DNA-Protein,1
Rv2034,bin293,DNA-Protein,1
Rv2324,bin293,DNA-Protein,1
Rv2887,bin293,DNA-Protein,1
Rv3249c,bin293,DNA-Protein,1
lsr2,bin293,DNA-Protein,1
Rv3736,bin293,DNA-Protein,1
tcrX,bin293,DNA-Protein,1
Rv3830c,bin293,DNA-Protein,1
espR,bin293,DNA-Protein,1
Rv0047c,bin294,DNA-Protein,1
Rv0081,bin294,DNA-Protein,1
Rv0135c,bin294,DNA-Protein,1
Rv0324,bin294,DNA-Protein,1
Rv0678,bin294,DNA-Protein,1
csoR,bin294,DNA-Protein,1
Rv1049,bin294,DNA-Protein,1
Rv1219c,bin294,DNA-Protein,1
Rv1353c,bin294,DNA-Protein,1
whiA,bin294,DNA-Protein,1
Rv1816,bin294,DNA-Protein,1
Rv1985c,bin294,DNA-Protein,1
Rv1990c,bin294,DNA-Protein,1
cmtR,bin294,DNA-Protein,1
Rv2021c,bin294,DNA-Protein,1
Rv2250c,bin294,DNA-Protein,1
Rv3249c,bin294,DNA-Protein,1
whiB5,bin295,DNA-Protein,1
Rv0047c,bin295,DNA-Protein,1
Rv0081,bin295,DNA-Protein,1
nadR,bin295,DNA-Protein,1
Rv0273c,bin295,DNA-Protein,1
Rv0302,bin295,DNA-Protein,1
Rv0324,bin295,DNA-Protein,1
tcrA,bin295,DNA-Protein,1
phoP,bin295,DNA-Protein,1
phoY2,bin295,DNA-Protein,1
csoR,bin295,DNA-Protein,1
trcR,bin295,DNA-Protein,1
Rv1049,bin295,DNA-Protein,1
Rv1152,bin295,DNA-Protein,1
sigI,bin295,DNA-Protein,1
Rv1255c,bin295,DNA-Protein,1
Rv1332,bin295,DNA-Protein,1
Rv1353c,bin295,DNA-Protein,1
whiA,bin295,DNA-Protein,1
Rv1556,bin295,DNA-Protein,1
Rv1719,bin295,DNA-Protein,1
Rv1816,bin295,DNA-Protein,1
higA,bin295,DNA-Protein,1
Rv1985c,bin295,DNA-Protein,1
Rv2034,bin295,DNA-Protein,1
Rv2250c,bin295,DNA-Protein,1
Rv2324,bin295,DNA-Protein,1
Rv2989,bin295,DNA-Protein,1
Rv3066,bin295,DNA-Protein,1
devR,bin295,DNA-Protein,1
Rv3249c,bin295,DNA-Protein,1
sigF,bin295,DNA-Protein,1
kstR,bin295,DNA-Protein,1
whiB5,bin296,DNA-Protein,1
Rv0023,bin296,DNA-Protein,1
Rv0067c,bin296,DNA-Protein,1
Rv0081,bin296,DNA-Protein,1
Rv0135c,bin296,DNA-Protein,1
Rv0158,bin296,DNA-Protein,1
nadR,bin296,DNA-Protein,1
Rv0339c,bin296,DNA-Protein,1
csoR,bin296,DNA-Protein,1
trcR,bin296,DNA-Protein,1
Rv1219c,bin296,DNA-Protein,1
Rv1353c,bin296,DNA-Protein,1
Rv1719,bin296,DNA-Protein,1
Rv1816,bin296,DNA-Protein,1
Rv1990c,bin296,DNA-Protein,1
Rv2021c,bin296,DNA-Protein,1
Rv2034,bin296,DNA-Protein,1
Rv2250c,bin296,DNA-Protein,1
Rv2324,bin296,DNA-Protein,1
Rv3249c,bin296,DNA-Protein,1
sigF,bin296,DNA-Protein,1
kstR,bin296,DNA-Protein,1
lsr2,bin296,DNA-Protein,1
Rv3736,bin296,DNA-Protein,1
Rv0023,bin297,DNA-Protein,1
Rv0047c,bin297,DNA-Protein,1
Rv0081,bin297,DNA-Protein,1
Rv0324,bin297,DNA-Protein,1
tcrA,bin297,DNA-Protein,1
Rv0678,bin297,DNA-Protein,1
Rv0691c,bin297,DNA-Protein,1
Rv1353c,bin297,DNA-Protein,1
whiA,bin297,DNA-Protein,1
Rv1473A,bin297,DNA-Protein,1
Rv1674c,bin297,DNA-Protein,1
Rv1985c,bin297,DNA-Protein,1
cmtR,bin297,DNA-Protein,1
Rv2021c,bin297,DNA-Protein,1
Rv2034,bin297,DNA-Protein,1
Rv2324,bin297,DNA-Protein,1
Rv3249c,bin297,DNA-Protein,1
kstR,bin297,DNA-Protein,1
lsr2,bin297,DNA-Protein,1
Rv3736,bin297,DNA-Protein,1
Rv0818,bin298,DNA-Protein,1
csoR,bin298,DNA-Protein,1
Rv1473A,bin298,DNA-Protein,1
Rv1816,bin298,DNA-Protein,1
Rv2034,bin298,DNA-Protein,1
Rv2250c,bin298,DNA-Protein,1
Rv2324,bin298,DNA-Protein,1
Rv3249c,bin298,DNA-Protein,1
Rv0023,bin299,DNA-Protein,1
Rv0302,bin299,DNA-Protein,1
Rv0324,bin299,DNA-Protein,1
Rv0678,bin299,DNA-Protein,1
whiB5,bin300,DNA-Protein,1
Rv0135c,bin300,DNA-Protein,1
Rv0678,bin300,DNA-Protein,1
Rv0691c,bin300,DNA-Protein,1
csoR,bin300,DNA-Protein,1
Rv1353c,bin300,DNA-Protein,1
whiA,bin300,DNA-Protein,1
Rv2324,bin300,DNA-Protein,1
kstR,bin300,DNA-Protein,1
Rv0047c,bin301,DNA-Protein,1
Rv0081,bin301,DNA-Protein,1
Rv0302,bin301,DNA-Protein,1
Rv0678,bin301,DNA-Protein,1
Rv0691c,bin301,DNA-Protein,1
phoP,bin301,DNA-Protein,1
csoR,bin301,DNA-Protein,1
trcR,bin301,DNA-Protein,1
Rv1049,bin301,DNA-Protein,1
Rv1353c,bin301,DNA-Protein,1
Rv1404,bin301,DNA-Protein,1
whiA,bin301,DNA-Protein,1
Rv1556,bin301,DNA-Protein,1
Rv1816,bin301,DNA-Protein,1
Rv2034,bin301,DNA-Protein,1
devR,bin301,DNA-Protein,1
Rv3249c,bin301,DNA-Protein,1
Rv3488,bin301,DNA-Protein,1
Rv0023,bin302,DNA-Protein,1
Rv0047c,bin302,DNA-Protein,1
Rv0081,bin302,DNA-Protein,1
Rv0135c,bin302,DNA-Protein,1
Rv0678,bin302,DNA-Protein,1
Rv0691c,bin302,DNA-Protein,1
Rv0767c,bin302,DNA-Protein,1
Rv1049,bin302,DNA-Protein,1
Rv1353c,bin302,DNA-Protein,1
whiA,bin302,DNA-Protein,1
Rv1719,bin302,DNA-Protein,1
Rv1816,bin302,DNA-Protein,1
Rv1985c,bin302,DNA-Protein,1
Rv1990c,bin302,DNA-Protein,1
Rv2011c,bin302,DNA-Protein,1
Rv2021c,bin302,DNA-Protein,1
Rv2034,bin302,DNA-Protein,1
Rv2324,bin302,DNA-Protein,1
devR,bin302,DNA-Protein,1
Rv3249c,bin302,DNA-Protein,1
kstR,bin302,DNA-Protein,1
lsr2,bin302,DNA-Protein,1
Rv3736,bin302,DNA-Protein,1
Rv3830c,bin302,DNA-Protein,1
Rv0023,bin303,DNA-Protein,1
Rv0135c,bin303,DNA-Protein,1
Rv0273c,bin303,DNA-Protein,1
Rv0494,bin303,DNA-Protein,1
csoR,bin303,DNA-Protein,1
Rv1816,bin303,DNA-Protein,1
Rv2034,bin303,DNA-Protein,1
kstR,bin303,DNA-Protein,1
lsr2,bin303,DNA-Protein,1
Rv3736,bin303,DNA-Protein,1
Rv3830c,bin303,DNA-Protein,1
Rv0023,bin304,DNA-Protein,1
Rv0195,bin304,DNA-Protein,1
Rv0678,bin304,DNA-Protein,1
phoP,bin304,DNA-Protein,1
Rv1353c,bin304,DNA-Protein,1
Rv1816,bin304,DNA-Protein,1
Rv2324,bin304,DNA-Protein,1
kstR,bin304,DNA-Protein,1
Rv0023,bin305,DNA-Protein,1
Rv0324,bin305,DNA-Protein,1
Rv0678,bin305,DNA-Protein,1
Rv1255c,bin305,DNA-Protein,1
Rv1353c,bin305,DNA-Protein,1
cmtR,bin305,DNA-Protein,1
Rv2250c,bin305,DNA-Protein,1
Rv2887,bin305,DNA-Protein,1
Rv2989,bin305,DNA-Protein,1
kstR,bin305,DNA-Protein,1
Rv0043c,bin306,DNA-Protein,1
Rv0081,bin306,DNA-Protein,1
Rv0302,bin306,DNA-Protein,1
Rv0324,bin306,DNA-Protein,1
Rv0465c,bin306,DNA-Protein,1
tcrA,bin306,DNA-Protein,1
Rv0653c,bin306,DNA-Protein,1
Rv0767c,bin306,DNA-Protein,1
Rv1353c,bin306,DNA-Protein,1
cmtR,bin306,DNA-Protein,1
Rv2034,bin306,DNA-Protein,1
Rv2250c,bin306,DNA-Protein,1
Rv2324,bin306,DNA-Protein,1
Rv2506,bin306,DNA-Protein,1
kstR,bin306,DNA-Protein,1
lsr2,bin306,DNA-Protein,1
espR,bin306,DNA-Protein,1
Rv0081,bin307,DNA-Protein,1
Rv0324,bin307,DNA-Protein,1
Rv0465c,bin307,DNA-Protein,1
tcrA,bin307,DNA-Protein,1
Rv0678,bin307,DNA-Protein,1
trcR,bin307,DNA-Protein,1
Rv1255c,bin307,DNA-Protein,1
Rv1353c,bin307,DNA-Protein,1
Rv1359,bin307,DNA-Protein,1
whiA,bin307,DNA-Protein,1
Rv1473A,bin307,DNA-Protein,1
Rv2021c,bin307,DNA-Protein,1
Rv2324,bin307,DNA-Protein,1
devR,bin307,DNA-Protein,1
mtrA,bin307,DNA-Protein,1
kstR,bin307,DNA-Protein,1
lsr2,bin307,DNA-Protein,1
tcrX,bin307,DNA-Protein,1
Rv0023,bin308,DNA-Protein,1
Rv0047c,bin308,DNA-Protein,1
Rv0081,bin308,DNA-Protein,1
Rv0302,bin308,DNA-Protein,1
Rv0465c,bin308,DNA-Protein,1
trcR,bin308,DNA-Protein,1
Rv1049,bin308,DNA-Protein,1
Rv1353c,bin308,DNA-Protein,1
Rv1816,bin308,DNA-Protein,1
Rv2011c,bin308,DNA-Protein,1
Rv2034,bin308,DNA-Protein,1
Rv2989,bin308,DNA-Protein,1
Rv3488,bin308,DNA-Protein,1
espR,bin308,DNA-Protein,1
Rv0023,bin309,DNA-Protein,1
Rv0678,bin309,DNA-Protein,1
Rv0767c,bin309,DNA-Protein,1
csoR,bin309,DNA-Protein,1
trcR,bin309,DNA-Protein,1
Rv1816,bin309,DNA-Protein,1
Rv3249c,bin309,DNA-Protein,1
kstR,bin309,DNA-Protein,1
Rv0081,bin310,DNA-Protein,1
Rv0273c,bin310,DNA-Protein,1
Rv0302,bin310,DNA-Protein,1
Rv0465c,bin310,DNA-Protein,1
Rv0678,bin310,DNA-Protein,1
trcR,bin310,DNA-Protein,1
Rv1049,bin310,DNA-Protein,1
sigI,bin310,DNA-Protein,1
Rv1353c,bin310,DNA-Protein,1
Rv1404,bin310,DNA-Protein,1
cmr,bin310,DNA-Protein,1
Rv1816,bin310,DNA-Protein,1
Rv1985c,bin310,DNA-Protein,1
Rv2324,bin310,DNA-Protein,1
Rv2989,bin310,DNA-Protein,1
devR,bin310,DNA-Protein,1
whiB1,bin310,DNA-Protein,1
Rv3249c,bin310,DNA-Protein,1
kstR,bin310,DNA-Protein,1
lsr2,bin310,DNA-Protein,1
Rv0195,bin311,DNA-Protein,1
csoR,bin311,DNA-Protein,1
whiA,bin311,DNA-Protein,1
Rv1816,bin311,DNA-Protein,1
Rv1990c,bin311,DNA-Protein,1
cmtR,bin311,DNA-Protein,1
kstR,bin311,DNA-Protein,1
Rv2250c,bin312,DNA-Protein,1
Rv0047c,bin313,DNA-Protein,1
Rv0081,bin313,DNA-Protein,1
Rv0324,bin313,DNA-Protein,1
Rv0678,bin313,DNA-Protein,1
phoP,bin313,DNA-Protein,1
Rv0818,bin313,DNA-Protein,1
Rv0880,bin313,DNA-Protein,1
csoR,bin313,DNA-Protein,1
trcR,bin313,DNA-Protein,1
Rv1219c,bin313,DNA-Protein,1
Rv1404,bin313,DNA-Protein,1
whiA,bin313,DNA-Protein,1
Rv1719,bin313,DNA-Protein,1
Rv1816,bin313,DNA-Protein,1
Rv1990c,bin313,DNA-Protein,1
zur,bin313,DNA-Protein,1
devR,bin313,DNA-Protein,1
Rv3249c,bin313,DNA-Protein,1
lsr2,bin313,DNA-Protein,1
whiB4,bin313,DNA-Protein,1
espR,bin313,DNA-Protein,1
Rv0023,bin314,DNA-Protein,1
Rv0047c,bin314,DNA-Protein,1
Rv0081,bin314,DNA-Protein,1
Rv0135c,bin314,DNA-Protein,1
Rv0494,bin314,DNA-Protein,1
phoP,bin314,DNA-Protein,1
Rv0767c,bin314,DNA-Protein,1
Rv0880,bin314,DNA-Protein,1
csoR,bin314,DNA-Protein,1
Rv1353c,bin314,DNA-Protein,1
Rv1404,bin314,DNA-Protein,1
Rv1719,bin314,DNA-Protein,1
Rv1816,bin314,DNA-Protein,1
Rv1990c,bin314,DNA-Protein,1
Rv2011c,bin314,DNA-Protein,1
Rv2034,bin314,DNA-Protein,1
Rv2250c,bin314,DNA-Protein,1
Rv3066,bin314,DNA-Protein,1
devR,bin314,DNA-Protein,1
Rv3488,bin314,DNA-Protein,1
lsr2,bin314,DNA-Protein,1
whiB4,bin314,DNA-Protein,1
espR,bin314,DNA-Protein,1
whiB5,bin315,DNA-Protein,1
Rv0047c,bin315,DNA-Protein,1
Rv0081,bin315,DNA-Protein,1
tcrA,bin315,DNA-Protein,1
Rv0678,bin315,DNA-Protein,1
Rv1395,bin315,DNA-Protein,1
Rv2021c,bin315,DNA-Protein,1
Rv2250c,bin315,DNA-Protein,1
Rv2324,bin315,DNA-Protein,1
whiB1,bin315,DNA-Protein,1
sigF,bin315,DNA-Protein,1
Rv3488,bin315,DNA-Protein,1
Rv3830c,bin315,DNA-Protein,1
espR,bin315,DNA-Protein,1
Rv0023,bin316,DNA-Protein,1
Rv0678,bin316,DNA-Protein,1
Rv1353c,bin316,DNA-Protein,1
Rv3249c,bin316,DNA-Protein,1
Rv3736,bin316,DNA-Protein,1
espR,bin316,DNA-Protein,1
Rv0023,bin317,DNA-Protein,1
Rv0081,bin317,DNA-Protein,1
csoR,bin317,DNA-Protein,1
trcR,bin317,DNA-Protein,1
Rv1353c,bin317,DNA-Protein,1
Rv1404,bin317,DNA-Protein,1
Rv1719,bin317,DNA-Protein,1
Rv1816,bin317,DNA-Protein,1
Rv1985c,bin317,DNA-Protein,1
Rv2250c,bin317,DNA-Protein,1
Rv2887,bin317,DNA-Protein,1
devR,bin317,DNA-Protein,1
espR,bin317,DNA-Protein,1
Rv0302,bin318,DNA-Protein,1
Rv0494,bin318,DNA-Protein,1
Rv0691c,bin318,DNA-Protein,1
Rv1049,bin318,DNA-Protein,1
Rv1353c,bin318,DNA-Protein,1
Rv1816,bin318,DNA-Protein,1
Rv2011c,bin318,DNA-Protein,1
Rv3736,bin318,DNA-Protein,1
espR,bin318,DNA-Protein,1
Rv0691c,bin319,DNA-Protein,1
trcR,bin319,DNA-Protein,1
Rv1353c,bin319,DNA-Protein,1
Rv1473A,bin319,DNA-Protein,1
cmtR,bin319,DNA-Protein,1
Rv2034,bin319,DNA-Protein,1
Rv3249c,bin319,DNA-Protein,1
kstR,bin319,DNA-Protein,1
Rv0047c,bin320,DNA-Protein,1
Rv0081,bin320,DNA-Protein,1
Rv0302,bin320,DNA-Protein,1
Rv1353c,bin320,DNA-Protein,1
whiA,bin320,DNA-Protein,1
Rv2034,bin320,DNA-Protein,1
Rv0047c,bin321,DNA-Protein,1
Rv0678,bin321,DNA-Protein,1
phoP,bin321,DNA-Protein,1
trcR,bin321,DNA-Protein,1
Rv3249c,bin321,DNA-Protein,1
Rv1473A,bin322,DNA-Protein,1
Rv2250c,bin322,DNA-Protein,1
kstR,bin322,DNA-Protein,1
Rv0023,bin323,DNA-Protein,1
Rv0047c,bin323,DNA-Protein,1
Rv0081,bin323,DNA-Protein,1
Rv0135c,bin323,DNA-Protein,1
Rv0324,bin323,DNA-Protein,1
Rv0691c,bin323,DNA-Protein,1
csoR,bin323,DNA-Protein,1
Rv1049,bin323,DNA-Protein,1
Rv1353c,bin323,DNA-Protein,1
Rv1816,bin323,DNA-Protein,1
Rv1985c,bin323,DNA-Protein,1
Rv2034,bin323,DNA-Protein,1
devR,bin323,DNA-Protein,1
Rv3167c,bin323,DNA-Protein,1
mtrA,bin323,DNA-Protein,1
kstR,bin323,DNA-Protein,1
lsr2,bin323,DNA-Protein,1
ethR,bin323,DNA-Protein,1
Rv0047c,bin324,DNA-Protein,1
Rv0081,bin324,DNA-Protein,1
Rv0678,bin324,DNA-Protein,1
Rv0691c,bin324,DNA-Protein,1
csoR,bin324,DNA-Protein,1
Rv1255c,bin324,DNA-Protein,1
Rv1353c,bin324,DNA-Protein,1
Rv1404,bin324,DNA-Protein,1
Rv2324,bin324,DNA-Protein,1
Rv3736,bin324,DNA-Protein,1
Rv0135c,bin325,DNA-Protein,1
csoR,bin325,DNA-Protein,1
Rv1353c,bin325,DNA-Protein,1
whiA,bin325,DNA-Protein,1
Rv1990c,bin325,DNA-Protein,1
kstR,bin325,DNA-Protein,1
Rv0494,bin326,DNA-Protein,1
Rv0678,bin326,DNA-Protein,1
Rv0691c,bin326,DNA-Protein,1
csoR,bin326,DNA-Protein,1
Rv1816,bin326,DNA-Protein,1
Rv3249c,bin326,DNA-Protein,1
Rv0691c,bin327,DNA-Protein,1
csoR,bin327,DNA-Protein,1
Rv1353c,bin327,DNA-Protein,1
Rv2021c,bin327,DNA-Protein,1
Rv0047c,bin328,DNA-Protein,1
Rv0081,bin328,DNA-Protein,1
Rv0302,bin328,DNA-Protein,1
Rv0691c,bin328,DNA-Protein,1
csoR,bin328,DNA-Protein,1
Rv1353c,bin328,DNA-Protein,1
blaI,bin328,DNA-Protein,1
Rv2324,bin328,DNA-Protein,1
devR,bin328,DNA-Protein,1
Rv3488,bin328,DNA-Protein,1
Rv0678,bin329,DNA-Protein,1
Rv0691c,bin329,DNA-Protein,1
csoR,bin329,DNA-Protein,1
Rv1049,bin329,DNA-Protein,1
whiA,bin329,DNA-Protein,1
Rv1816,bin329,DNA-Protein,1
blaI,bin329,DNA-Protein,1
Rv2021c,bin329,DNA-Protein,1
Rv2034,bin329,DNA-Protein,1
Rv3249c,bin329,DNA-Protein,1
espR,bin329,DNA-Protein,1
Rv0023,bin330,DNA-Protein,1
Rv0047c,bin330,DNA-Protein,1
Rv0081,bin330,DNA-Protein,1
Rv0135c,bin330,DNA-Protein,1
Rv0324,bin330,DNA-Protein,1
Rv0474,bin330,DNA-Protein,1
Rv0576,bin330,DNA-Protein,1
Rv0678,bin330,DNA-Protein,1
Rv0691c,bin330,DNA-Protein,1
csoR,bin330,DNA-Protein,1
trcR,bin330,DNA-Protein,1
sigI,bin330,DNA-Protein,1
Rv1353c,bin330,DNA-Protein,1
Rv1460,bin330,DNA-Protein,1
Rv1816,bin330,DNA-Protein,1
Rv1985c,bin330,DNA-Protein,1
pimA,bin330,DNA-Protein,1
Rv2989,bin330,DNA-Protein,1
Rv3249c,bin330,DNA-Protein,1
lsr2,bin330,DNA-Protein,1
tcrX,bin330,DNA-Protein,1
espR,bin330,DNA-Protein,1
ethR,bin330,DNA-Protein,1
Rv0081,bin331,DNA-Protein,1
Rv0302,bin331,DNA-Protein,1
Rv0678,bin331,DNA-Protein,1
Rv1353c,bin331,DNA-Protein,1
devR,bin331,DNA-Protein,1
Rv3249c,bin331,DNA-Protein,1
whiB5,bin332,DNA-Protein,1
Rv0081,bin332,DNA-Protein,1
sigL,bin332,DNA-Protein,1
csoR,bin332,DNA-Protein,1
Rv1816,bin332,DNA-Protein,1
Rv2324,bin332,DNA-Protein,1
sigH,bin332,DNA-Protein,1
mtrA,bin332,DNA-Protein,1
Rv0135c,bin333,DNA-Protein,1
Rv0678,bin333,DNA-Protein,1
phoP,bin333,DNA-Protein,1
csoR,bin333,DNA-Protein,1
Rv3249c,bin333,DNA-Protein,1
Rv0047c,bin334,DNA-Protein,1
Rv0678,bin334,DNA-Protein,1
Rv0691c,bin334,DNA-Protein,1
csoR,bin334,DNA-Protein,1
trcR,bin334,DNA-Protein,1
Rv1049,bin334,DNA-Protein,1
Rv1353c,bin334,DNA-Protein,1
whiA,bin334,DNA-Protein,1
Rv1816,bin334,DNA-Protein,1
Rv2034,bin334,DNA-Protein,1
mtrA,bin334,DNA-Protein,1
kstR,bin334,DNA-Protein,1
Rv3830c,bin334,DNA-Protein,1
espR,bin334,DNA-Protein,1
Rv0081,bin335,DNA-Protein,1
Rv0273c,bin335,DNA-Protein,1
Rv0678,bin335,DNA-Protein,1
Rv0691c,bin335,DNA-Protein,1
csoR,bin335,DNA-Protein,1
trcR,bin335,DNA-Protein,1
Rv1255c,bin335,DNA-Protein,1
Rv1353c,bin335,DNA-Protein,1
Rv1359,bin335,DNA-Protein,1
Rv1473A,bin335,DNA-Protein,1
Rv1719,bin335,DNA-Protein,1
Rv1816,bin335,DNA-Protein,1
Rv1990c,bin335,DNA-Protein,1
Rv2011c,bin335,DNA-Protein,1
Rv3488,bin335,DNA-Protein,1
kstR,bin335,DNA-Protein,1
Rv3736,bin335,DNA-Protein,1
Rv3830c,bin335,DNA-Protein,1
Rv0691c,bin336,DNA-Protein,1
phoP,bin336,DNA-Protein,1
csoR,bin336,DNA-Protein,1
trcR,bin336,DNA-Protein,1
Rv1255c,bin336,DNA-Protein,1
Rv1353c,bin336,DNA-Protein,1
Rv2324,bin336,DNA-Protein,1
Rv2827c,bin336,DNA-Protein,1
Rv2989,bin336,DNA-Protein,1
Rv3736,bin336,DNA-Protein,1
tcrX,bin336,DNA-Protein,1
Rv3830c,bin336,DNA-Protein,1
espR,bin336,DNA-Protein,1
Rv0023,bin337,DNA-Protein,1
Rv0081,bin337,DNA-Protein,1
Rv0767c,bin337,DNA-Protein,1
trcR,bin337,DNA-Protein,1
Rv1353c,bin337,DNA-Protein,1
Rv1816,bin337,DNA-Protein,1
Rv2011c,bin337,DNA-Protein,1
Rv2021c,bin337,DNA-Protein,1
Rv2887,bin337,DNA-Protein,1
Rv3249c,bin337,DNA-Protein,1
kstR,bin337,DNA-Protein,1
lsr2,bin337,DNA-Protein,1
espR,bin337,DNA-Protein,1
whiB5,bin338,DNA-Protein,1
Rv0023,bin338,DNA-Protein,1
Rv0047c,bin338,DNA-Protein,1
Rv0081,bin338,DNA-Protein,1
Rv0324,bin338,DNA-Protein,1
Rv0576,bin338,DNA-Protein,1
Rv0678,bin338,DNA-Protein,1
Rv0691c,bin338,DNA-Protein,1
csoR,bin338,DNA-Protein,1
Rv1985c,bin338,DNA-Protein,1
Rv2011c,bin338,DNA-Protein,1
Rv2034,bin338,DNA-Protein,1
Rv2989,bin338,DNA-Protein,1
Rv3249c,bin338,DNA-Protein,1
kstR,bin338,DNA-Protein,1
lsr2,bin338,DNA-Protein,1
tcrX,bin338,DNA-Protein,1
espR,bin338,DNA-Protein,1
Rv0023,bin339,DNA-Protein,1
Rv0081,bin339,DNA-Protein,1
Rv0158,bin339,DNA-Protein,1
Rv0324,bin339,DNA-Protein,1
Rv0465c,bin339,DNA-Protein,1
tcrA,bin339,DNA-Protein,1
Rv0678,bin339,DNA-Protein,1
csoR,bin339,DNA-Protein,1
trcR,bin339,DNA-Protein,1
Rv1049,bin339,DNA-Protein,1
sigI,bin339,DNA-Protein,1
Rv1255c,bin339,DNA-Protein,1
Rv1353c,bin339,DNA-Protein,1
whiA,bin339,DNA-Protein,1
Rv1473A,bin339,DNA-Protein,1
Rv1719,bin339,DNA-Protein,1
Rv1816,bin339,DNA-Protein,1
higA,bin339,DNA-Protein,1
Rv1985c,bin339,DNA-Protein,1
Rv2021c,bin339,DNA-Protein,1
sigC,bin339,DNA-Protein,1
Rv2250c,bin339,DNA-Protein,1
Rv3066,bin339,DNA-Protein,1
Rv3249c,bin339,DNA-Protein,1
kstR,bin339,DNA-Protein,1
lsr2,bin339,DNA-Protein,1
tcrX,bin339,DNA-Protein,1
Rv0047c,bin340,DNA-Protein,1
Rv0081,bin340,DNA-Protein,1
Rv0135c,bin340,DNA-Protein,1
Rv0324,bin340,DNA-Protein,1
Rv0678,bin340,DNA-Protein,1
Rv0691c,bin340,DNA-Protein,1
trcR,bin340,DNA-Protein,1
Rv1255c,bin340,DNA-Protein,1
Rv1353c,bin340,DNA-Protein,1
Rv1674c,bin340,DNA-Protein,1
Rv1719,bin340,DNA-Protein,1
cmtR,bin340,DNA-Protein,1
Rv2011c,bin340,DNA-Protein,1
Rv2034,bin340,DNA-Protein,1
Rv2324,bin340,DNA-Protein,1
Rv2989,bin340,DNA-Protein,1
devR,bin340,DNA-Protein,1
mtrA,bin340,DNA-Protein,1
Rv3249c,bin340,DNA-Protein,1
Rv3830c,bin340,DNA-Protein,1
espR,bin340,DNA-Protein,1
whiB5,bin341,DNA-Protein,1
Rv0023,bin341,DNA-Protein,1
Rv0047c,bin341,DNA-Protein,1
Rv0081,bin341,DNA-Protein,1
Rv0302,bin341,DNA-Protein,1
Rv0678,bin341,DNA-Protein,1
csoR,bin341,DNA-Protein,1
trcR,bin341,DNA-Protein,1
Rv1049,bin341,DNA-Protein,1
Rv1816,bin341,DNA-Protein,1
Rv1990c,bin341,DNA-Protein,1
Rv2034,bin341,DNA-Protein,1
Rv3249c,bin341,DNA-Protein,1
kstR,bin341,DNA-Protein,1
lsr2,bin341,DNA-Protein,1
Rv3830c,bin341,DNA-Protein,1
Rv0047c,bin342,DNA-Protein,1
Rv0081,bin342,DNA-Protein,1
Rv0135c,bin342,DNA-Protein,1
Rv0302,bin342,DNA-Protein,1
Rv0324,bin342,DNA-Protein,1
phoP,bin342,DNA-Protein,1
Rv1473A,bin342,DNA-Protein,1
Rv1816,bin342,DNA-Protein,1
cmtR,bin342,DNA-Protein,1
whiB4,bin342,DNA-Protein,1
Rv0047c,bin343,DNA-Protein,1
Rv0135c,bin343,DNA-Protein,1
Rv0324,bin343,DNA-Protein,1
Rv0576,bin343,DNA-Protein,1
Rv0653c,bin343,DNA-Protein,1
Rv0678,bin343,DNA-Protein,1
phoP,bin343,DNA-Protein,1
Rv1353c,bin343,DNA-Protein,1
whiA,bin343,DNA-Protein,1
Rv1473A,bin343,DNA-Protein,1
Rv1816,bin343,DNA-Protein,1
Rv2011c,bin343,DNA-Protein,1
Rv2034,bin343,DNA-Protein,1
Rv3488,bin343,DNA-Protein,1
kstR,bin343,DNA-Protein,1
tcrX,bin343,DNA-Protein,1
Rv3830c,bin343,DNA-Protein,1
Rv0023,bin344,DNA-Protein,1
Rv0047c,bin344,DNA-Protein,1
Rv0081,bin344,DNA-Protein,1
Rv0324,bin344,DNA-Protein,1
tcrA,bin344,DNA-Protein,1
Rv0678,bin344,DNA-Protein,1
Rv0767c,bin344,DNA-Protein,1
csoR,bin344,DNA-Protein,1
trcR,bin344,DNA-Protein,1
Rv1353c,bin344,DNA-Protein,1
Rv1460,bin344,DNA-Protein,1
Rv1816,bin344,DNA-Protein,1
Rv2887,bin344,DNA-Protein,1
Rv2989,bin344,DNA-Protein,1
devR,bin344,DNA-Protein,1
mtrA,bin344,DNA-Protein,1
Rv3249c,bin344,DNA-Protein,1
Rv3488,bin344,DNA-Protein,1
lsr2,bin344,DNA-Protein,1
Rv3736,bin344,DNA-Protein,1
tcrX,bin344,DNA-Protein,1
Rv3830c,bin344,DNA-Protein,1
ethR,bin344,DNA-Protein,1
csoR,bin345,DNA-Protein,1
Rv3830c,bin345,DNA-Protein,1
Rv0047c,bin346,DNA-Protein,1
Rv0273c,bin346,DNA-Protein,1
Rv0324,bin346,DNA-Protein,1
Rv0678,bin346,DNA-Protein,1
sigL,bin346,DNA-Protein,1
Rv0818,bin346,DNA-Protein,1
csoR,bin346,DNA-Protein,1
trcR,bin346,DNA-Protein,1
Rv1816,bin346,DNA-Protein,1
Rv2324,bin346,DNA-Protein,1
sigH,bin346,DNA-Protein,1
kstR,bin346,DNA-Protein,1
Rv0047c,bin347,DNA-Protein,1
Rv0081,bin347,DNA-Protein,1
Rv0324,bin347,DNA-Protein,1
Rv0494,bin347,DNA-Protein,1
Rv0678,bin347,DNA-Protein,1
trcR,bin347,DNA-Protein,1
Rv1353c,bin347,DNA-Protein,1
whiA,bin347,DNA-Protein,1
Rv2034,bin347,DNA-Protein,1
lsr2,bin347,DNA-Protein,1
Rv0023,bin348,DNA-Protein,1
Rv0047c,bin348,DNA-Protein,1
Rv0081,bin348,DNA-Protein,1
Rv0135c,bin348,DNA-Protein,1
nadR,bin348,DNA-Protein,1
Rv0302,bin348,DNA-Protein,1
Rv0324,bin348,DNA-Protein,1
Rv0678,bin348,DNA-Protein,1
phoP,bin348,DNA-Protein,1
Rv0767c,bin348,DNA-Protein,1
trcR,bin348,DNA-Protein,1
Rv1353c,bin348,DNA-Protein,1
Rv1473A,bin348,DNA-Protein,1
Rv1773c,bin348,DNA-Protein,1
cmtR,bin348,DNA-Protein,1
Rv2250c,bin348,DNA-Protein,1
Rv3173c,bin348,DNA-Protein,1
sigH,bin348,DNA-Protein,1
Rv3488,bin348,DNA-Protein,1
kstR,bin348,DNA-Protein,1
Rv3830c,bin348,DNA-Protein,1
Rv0047c,bin349,DNA-Protein,1
Rv0273c,bin349,DNA-Protein,1
csoR,bin349,DNA-Protein,1
Rv1353c,bin349,DNA-Protein,1
whiA,bin349,DNA-Protein,1
Rv1719,bin349,DNA-Protein,1
Rv1816,bin349,DNA-Protein,1
Rv1990c,bin349,DNA-Protein,1
Rv2034,bin349,DNA-Protein,1
Rv2324,bin349,DNA-Protein,1
devR,bin349,DNA-Protein,1
Rv3249c,bin349,DNA-Protein,1
Rv3488,bin349,DNA-Protein,1
Rv3736,bin349,DNA-Protein,1
espR,bin349,DNA-Protein,1
Rv0273c,bin350,DNA-Protein,1
Rv0691c,bin350,DNA-Protein,1
Rv0818,bin350,DNA-Protein,1
Rv1353c,bin350,DNA-Protein,1
whiA,bin350,DNA-Protein,1
Rv2250c,bin350,DNA-Protein,1
Rv2324,bin350,DNA-Protein,1
Rv2989,bin350,DNA-Protein,1
Rv3488,bin350,DNA-Protein,1
Rv0023,bin351,DNA-Protein,1
Rv0081,bin351,DNA-Protein,1
Rv0135c,bin351,DNA-Protein,1
Rv0302,bin351,DNA-Protein,1
Rv0324,bin351,DNA-Protein,1
Rv0691c,bin351,DNA-Protein,1
Rv1049,bin351,DNA-Protein,1
Rv1353c,bin351,DNA-Protein,1
Rv1473A,bin351,DNA-Protein,1
Rv2250c,bin351,DNA-Protein,1
sirR,bin351,DNA-Protein,1
Rv2989,bin351,DNA-Protein,1
Rv3249c,bin351,DNA-Protein,1
Rv3488,bin351,DNA-Protein,1
Rv0081,bin352,DNA-Protein,1
Rv0678,bin352,DNA-Protein,1
csoR,bin352,DNA-Protein,1
Rv1353c,bin352,DNA-Protein,1
Rv1816,bin352,DNA-Protein,1
Rv1985c,bin352,DNA-Protein,1
Rv2021c,bin352,DNA-Protein,1
Rv2250c,bin352,DNA-Protein,1
devR,bin352,DNA-Protein,1
Rv3488,bin352,DNA-Protein,1
Rv3736,bin352,DNA-Protein,1
whiB5,bin353,DNA-Protein,1
Rv0047c,bin353,DNA-Protein,1
Rv0081,bin353,DNA-Protein,1
Rv0135c,bin353,DNA-Protein,1
Rv0302,bin353,DNA-Protein,1
Rv0324,bin353,DNA-Protein,1
Rv0678,bin353,DNA-Protein,1
Rv1049,bin353,DNA-Protein,1
Rv1353c,bin353,DNA-Protein,1
whiA,bin353,DNA-Protein,1
Rv1556,bin353,DNA-Protein,1
Rv1990c,bin353,DNA-Protein,1
Rv2034,bin353,DNA-Protein,1
Rv2250c,bin353,DNA-Protein,1
Rv2324,bin353,DNA-Protein,1
Rv3736,bin353,DNA-Protein,1
Rv1353c,bin354,DNA-Protein,1
Rv3249c,bin354,DNA-Protein,1
Rv3736,bin354,DNA-Protein,1
Rv0047c,bin355,DNA-Protein,1
Rv0081,bin355,DNA-Protein,1
Rv0135c,bin355,DNA-Protein,1
Rv0302,bin355,DNA-Protein,1
Rv0324,bin355,DNA-Protein,1
Rv0494,bin355,DNA-Protein,1
Rv0678,bin355,DNA-Protein,1
Rv0767c,bin355,DNA-Protein,1
Rv1049,bin355,DNA-Protein,1
Rv2034,bin355,DNA-Protein,1
Rv2887,bin355,DNA-Protein,1
devR,bin355,DNA-Protein,1
Rv3249c,bin355,DNA-Protein,1
Rv0232,bin356,DNA-Protein,1
Rv0324,bin356,DNA-Protein,1
Rv0678,bin356,DNA-Protein,1
Rv0767c,bin356,DNA-Protein,1
trcR,bin356,DNA-Protein,1
Rv1353c,bin356,DNA-Protein,1
pyrR,bin356,DNA-Protein,1
Rv1556,bin356,DNA-Protein,1
Rv1985c,bin356,DNA-Protein,1
Rv2034,bin356,DNA-Protein,1
devR,bin356,DNA-Protein,1
Rv3160c,bin356,DNA-Protein,1
lrpA,bin356,DNA-Protein,1
Rv3557c,bin356,DNA-Protein,1
ethR,bin356,DNA-Protein,1
Rv0678,bin357,DNA-Protein,1
trcR,bin357,DNA-Protein,1
Rv1353c,bin357,DNA-Protein,1
Rv0324,bin358,DNA-Protein,1
csoR,bin358,DNA-Protein,1
Rv1049,bin358,DNA-Protein,1
sigI,bin358,DNA-Protein,1
Rv1353c,bin358,DNA-Protein,1
whiA,bin358,DNA-Protein,1
Rv1985c,bin358,DNA-Protein,1
Rv2887,bin358,DNA-Protein,1
whiB2,bin358,DNA-Protein,1
lrpA,bin358,DNA-Protein,1
whiB5,bin359,DNA-Protein,1
Rv0081,bin359,DNA-Protein,1
Rv0135c,bin359,DNA-Protein,1
Rv0494,bin359,DNA-Protein,1
Rv0678,bin359,DNA-Protein,1
Rv0691c,bin359,DNA-Protein,1
csoR,bin359,DNA-Protein,1
trcR,bin359,DNA-Protein,1
Rv1219c,bin359,DNA-Protein,1
Rv1353c,bin359,DNA-Protein,1
whiA,bin359,DNA-Protein,1
Rv1816,bin359,DNA-Protein,1
vapB15,bin359,DNA-Protein,1
Rv2011c,bin359,DNA-Protein,1
Rv2324,bin359,DNA-Protein,1
Rv3066,bin359,DNA-Protein,1
devR,bin359,DNA-Protein,1
Rv3249c,bin359,DNA-Protein,1
kstR,bin359,DNA-Protein,1
tcrX,bin359,DNA-Protein,1
espR,bin359,DNA-Protein,1
Rv0678,bin360,DNA-Protein,1
Rv1353c,bin360,DNA-Protein,1
whiA,bin360,DNA-Protein,1
Rv1473A,bin360,DNA-Protein,1
Rv1719,bin360,DNA-Protein,1
Rv2034,bin360,DNA-Protein,1
devR,bin360,DNA-Protein,1
Rv3249c,bin360,DNA-Protein,1
Rv3736,bin360,DNA-Protein,1
Rv0678,bin361,DNA-Protein,1
csoR,bin361,DNA-Protein,1
Rv3488,bin361,DNA-Protein,1
Rv0081,bin362,DNA-Protein,1
Rv0302,bin362,DNA-Protein,1
Rv0324,bin362,DNA-Protein,1
Rv1353c,bin362,DNA-Protein,1
whiA,bin362,DNA-Protein,1
Rv1990c,bin362,DNA-Protein,1
Rv2324,bin362,DNA-Protein,1
devR,bin362,DNA-Protein,1
Rv0023,bin363,DNA-Protein,1
Rv0135c,bin363,DNA-Protein,1
csoR,bin363,DNA-Protein,1
Rv1049,bin363,DNA-Protein,1
Rv3249c,bin363,DNA-Protein,1
lsr2,bin363,DNA-Protein,1
Rv0047c,bin364,DNA-Protein,1
Rv0302,bin364,DNA-Protein,1
Rv0678,bin364,DNA-Protein,1
trcR,bin364,DNA-Protein,1
Rv1353c,bin364,DNA-Protein,1
Rv1816,bin364,DNA-Protein,1
Rv1990c,bin364,DNA-Protein,1
Rv2034,bin364,DNA-Protein,1
Rv2324,bin364,DNA-Protein,1
lsr2,bin364,DNA-Protein,1
Rv3736,bin364,DNA-Protein,1
Rv0135c,bin365,DNA-Protein,1
kmtR,bin365,DNA-Protein,1
csoR,bin365,DNA-Protein,1
Rv1473A,bin365,DNA-Protein,1
Rv2011c,bin365,DNA-Protein,1
Rv2021c,bin365,DNA-Protein,1
whiB5,bin366,DNA-Protein,1
Rv0195,bin366,DNA-Protein,1
Rv0494,bin366,DNA-Protein,1
csoR,bin366,DNA-Protein,1
blaI,bin366,DNA-Protein,1
vapB15,bin366,DNA-Protein,1
Rv2034,bin366,DNA-Protein,1
Rv2250c,bin366,DNA-Protein,1
kstR,bin366,DNA-Protein,1
lsr2,bin366,DNA-Protein,1
whiB5,bin367,DNA-Protein,1
Rv0047c,bin367,DNA-Protein,1
Rv0081,bin367,DNA-Protein,1
Rv0302,bin367,DNA-Protein,1
Rv0678,bin367,DNA-Protein,1
Rv0691c,bin367,DNA-Protein,1
Rv0767c,bin367,DNA-Protein,1
csoR,bin367,DNA-Protein,1
Rv1353c,bin367,DNA-Protein,1
Rv1816,bin367,DNA-Protein,1
Rv3249c,bin367,DNA-Protein,1
kstR,bin367,DNA-Protein,1
Rv3736,bin367,DNA-Protein,1
Rv3830c,bin367,DNA-Protein,1
Rv0047c,bin368,DNA-Protein,1
Rv0273c,bin368,DNA-Protein,1
Rv0494,bin368,DNA-Protein,1
csoR,bin368,DNA-Protein,1
Rv1353c,bin368,DNA-Protein,1
whiA,bin368,DNA-Protein,1
Rv1816,bin368,DNA-Protein,1
Rv2250c,bin368,DNA-Protein,1
Rv2324,bin368,DNA-Protein,1
Rv3249c,bin368,DNA-Protein,1
Rv3736,bin368,DNA-Protein,1
Rv0047c,bin369,DNA-Protein,1
Rv0081,bin369,DNA-Protein,1
Rv0302,bin369,DNA-Protein,1
Rv0324,bin369,DNA-Protein,1
Rv1353c,bin369,DNA-Protein,1
Rv1359,bin369,DNA-Protein,1
whiA,bin369,DNA-Protein,1
Rv1473A,bin369,DNA-Protein,1
Rv1719,bin369,DNA-Protein,1
Rv1816,bin369,DNA-Protein,1
higA,bin369,DNA-Protein,1
Rv1990c,bin369,DNA-Protein,1
Rv2011c,bin369,DNA-Protein,1
Rv2021c,bin369,DNA-Protein,1
Rv2250c,bin369,DNA-Protein,1
Rv2324,bin369,DNA-Protein,1
Rv2642,bin369,DNA-Protein,1
whiB5,bin370,DNA-Protein,1
Rv0023,bin370,DNA-Protein,1
Rv0047c,bin370,DNA-Protein,1
Rv0302,bin370,DNA-Protein,1
Rv1049,bin370,DNA-Protein,1
Rv1353c,bin370,DNA-Protein,1
whiA,bin370,DNA-Protein,1
Rv1473A,bin370,DNA-Protein,1
Rv1816,bin370,DNA-Protein,1
cmtR,bin370,DNA-Protein,1
Rv2011c,bin370,DNA-Protein,1
Rv2034,bin370,DNA-Protein,1
Rv3488,bin370,DNA-Protein,1
whiB5,bin371,DNA-Protein,1
Rv0081,bin371,DNA-Protein,1
Rv0324,bin371,DNA-Protein,1
Rv0678,bin371,DNA-Protein,1
csoR,bin371,DNA-Protein,1
Rv1219c,bin371,DNA-Protein,1
Rv1353c,bin371,DNA-Protein,1
Rv1719,bin371,DNA-Protein,1
Rv1985c,bin371,DNA-Protein,1
Rv2011c,bin371,DNA-Protein,1
Rv2250c,bin371,DNA-Protein,1
Rv2989,bin371,DNA-Protein,1
Rv3173c,bin371,DNA-Protein,1
lsr2,bin371,DNA-Protein,1
espR,bin371,DNA-Protein,1
whiB5,bin372,DNA-Protein,1
Rv0023,bin372,DNA-Protein,1
Rv0047c,bin372,DNA-Protein,1
Rv0081,bin372,DNA-Protein,1
Rv0324,bin372,DNA-Protein,1
Rv0678,bin372,DNA-Protein,1
Rv0691c,bin372,DNA-Protein,1
phoP,bin372,DNA-Protein,1
csoR,bin372,DNA-Protein,1
trcR,bin372,DNA-Protein,1
Rv1674c,bin372,DNA-Protein,1
Rv1719,bin372,DNA-Protein,1
Rv1816,bin372,DNA-Protein,1
Rv1985c,bin372,DNA-Protein,1
Rv2250c,bin372,DNA-Protein,1
Rv2324,bin372,DNA-Protein,1
Rv3249c,bin372,DNA-Protein,1
Rv3488,bin372,DNA-Protein,1
kstR,bin372,DNA-Protein,1
lsr2,bin372,DNA-Protein,1
tcrX,bin372,DNA-Protein,1
Rv0081,bin373,DNA-Protein,1
csoR,bin373,DNA-Protein,1
Rv1353c,bin373,DNA-Protein,1
Rv1816,bin373,DNA-Protein,1
Rv2021c,bin373,DNA-Protein,1
Rv2034,bin373,DNA-Protein,1
Rv3488,bin373,DNA-Protein,1
Rv0081,bin374,DNA-Protein,1
csoR,bin374,DNA-Protein,1
Rv1049,bin374,DNA-Protein,1
Rv1353c,bin374,DNA-Protein,1
whiA,bin374,DNA-Protein,1
argR,bin374,DNA-Protein,1
Rv1816,bin374,DNA-Protein,1
Rv2011c,bin374,DNA-Protein,1
devR,bin374,DNA-Protein,1
Rv0678,bin375,DNA-Protein,1
whiA,bin375,DNA-Protein,1
Rv1719,bin375,DNA-Protein,1
Rv1816,bin375,DNA-Protein,1
blaI,bin375,DNA-Protein,1
Rv2011c,bin375,DNA-Protein,1
Rv0339c,bin376,DNA-Protein,1
csoR,bin376,DNA-Protein,1
Rv1990c,bin376,DNA-Protein,1
Rv0339c,bin377,DNA-Protein,1
cmtR,bin377,DNA-Protein,1
Rv0081,bin378,DNA-Protein,1
csoR,bin378,DNA-Protein,1
Rv1353c,bin378,DNA-Protein,1
cmtR,bin378,DNA-Protein,1
Rv3736,bin378,DNA-Protein,1
ethR,bin378,DNA-Protein,1
Rv0023,bin379,DNA-Protein,1
Rv0047c,bin379,DNA-Protein,1
Rv0081,bin379,DNA-Protein,1
Rv0135c,bin379,DNA-Protein,1
Rv0302,bin379,DNA-Protein,1
Rv0324,bin379,DNA-Protein,1
Rv0678,bin379,DNA-Protein,1
Rv0767c,bin379,DNA-Protein,1
mprA,bin379,DNA-Protein,1
Rv1049,bin379,DNA-Protein,1
sigI,bin379,DNA-Protein,1
Rv1556,bin379,DNA-Protein,1
Rv1985c,bin379,DNA-Protein,1
Rv2011c,bin379,DNA-Protein,1
lsr2,bin379,DNA-Protein,1
tcrX,bin379,DNA-Protein,1
ethR,bin379,DNA-Protein,1
Rv0081,bin380,DNA-Protein,1
Rv0135c,bin380,DNA-Protein,1
Rv0678,bin380,DNA-Protein,1
csoR,bin380,DNA-Protein,1
Rv1255c,bin380,DNA-Protein,1
cmr,bin380,DNA-Protein,1
Rv1816,bin380,DNA-Protein,1
cmtR,bin380,DNA-Protein,1
Rv2034,bin380,DNA-Protein,1
Rv2324,bin380,DNA-Protein,1
kstR,bin380,DNA-Protein,1
whiB5,bin381,DNA-Protein,1
Rv0081,bin381,DNA-Protein,1
Rv1219c,bin381,DNA-Protein,1
Rv1353c,bin381,DNA-Protein,1
Rv1674c,bin381,DNA-Protein,1
cmr,bin381,DNA-Protein,1
Rv1985c,bin381,DNA-Protein,1
Rv2034,bin381,DNA-Protein,1
lsr2,bin381,DNA-Protein,1
Rv0081,bin382,DNA-Protein,1
Rv0324,bin382,DNA-Protein,1
Rv1353c,bin382,DNA-Protein,1
Rv1404,bin382,DNA-Protein,1
cmtR,bin382,DNA-Protein,1
Rv2989,bin382,DNA-Protein,1
Rv3488,bin382,DNA-Protein,1
Rv0047c,bin383,DNA-Protein,1
Rv0081,bin383,DNA-Protein,1
Rv0302,bin383,DNA-Protein,1
Rv0678,bin383,DNA-Protein,1
Rv1353c,bin383,DNA-Protein,1
Rv1473A,bin383,DNA-Protein,1
Rv2034,bin383,DNA-Protein,1
Rv2324,bin383,DNA-Protein,1
Rv2989,bin383,DNA-Protein,1
Rv3488,bin383,DNA-Protein,1
Rv0081,bin384,DNA-Protein,1
Rv0324,bin384,DNA-Protein,1
tcrA,bin384,DNA-Protein,1
csoR,bin384,DNA-Protein,1
Rv1353c,bin384,DNA-Protein,1
Rv1816,bin384,DNA-Protein,1
Rv1985c,bin384,DNA-Protein,1
Rv2250c,bin384,DNA-Protein,1
mtrA,bin384,DNA-Protein,1
Rv3488,bin384,DNA-Protein,1
Rv3736,bin384,DNA-Protein,1
Rv0047c,bin385,DNA-Protein,1
Rv0302,bin385,DNA-Protein,1
Rv0324,bin385,DNA-Protein,1
cmr,bin385,DNA-Protein,1
Rv3249c,bin385,DNA-Protein,1
Rv3488,bin385,DNA-Protein,1
kstR,bin385,DNA-Protein,1
Rv0023,bin386,DNA-Protein,1
Rv0047c,bin386,DNA-Protein,1
Rv0135c,bin386,DNA-Protein,1
Rv0339c,bin386,DNA-Protein,1
tcrA,bin386,DNA-Protein,1
Rv0691c,bin386,DNA-Protein,1
trcR,bin386,DNA-Protein,1
Rv2011c,bin386,DNA-Protein,1
devR,bin386,DNA-Protein,1
Rv3249c,bin386,DNA-Protein,1
Rv3488,bin386,DNA-Protein,1
Rv0023,bin387,DNA-Protein,1
Rv0047c,bin387,DNA-Protein,1
Rv0081,bin387,DNA-Protein,1
Rv0135c,bin387,DNA-Protein,1
tcrA,bin387,DNA-Protein,1
Rv0678,bin387,DNA-Protein,1
Rv0818,bin387,DNA-Protein,1
csoR,bin387,DNA-Protein,1
trcR,bin387,DNA-Protein,1
Rv1353c,bin387,DNA-Protein,1
Rv1404,bin387,DNA-Protein,1
Rv1816,bin387,DNA-Protein,1
Rv3488,bin387,DNA-Protein,1
kstR,bin387,DNA-Protein,1
lsr2,bin387,DNA-Protein,1
Rv0081,bin388,DNA-Protein,1
Rv0302,bin388,DNA-Protein,1
tcrA,bin388,DNA-Protein,1
Rv0691c,bin388,DNA-Protein,1
Rv1353c,bin388,DNA-Protein,1
Rv2989,bin388,DNA-Protein,1
Rv3249c,bin388,DNA-Protein,1
Rv3488,bin388,DNA-Protein,1
csoR,bin389,DNA-Protein,1
Rv1719,bin389,DNA-Protein,1
Rv2034,bin389,DNA-Protein,1
Rv2250c,bin389,DNA-Protein,1
whiB5,bin390,DNA-Protein,1
Rv0081,bin390,DNA-Protein,1
Rv0324,bin390,DNA-Protein,1
trcR,bin390,DNA-Protein,1
Rv1353c,bin390,DNA-Protein,1
Rv2011c,bin390,DNA-Protein,1
Rv2034,bin390,DNA-Protein,1
Rv3488,bin390,DNA-Protein,1
Rv0023,bin391,DNA-Protein,1
Rv0081,bin391,DNA-Protein,1
Rv0324,bin391,DNA-Protein,1
csoR,bin391,DNA-Protein,1
trcR,bin391,DNA-Protein,1
Rv1353c,bin391,DNA-Protein,1
Rv3249c,bin391,DNA-Protein,1
whiB5,bin392,DNA-Protein,1
Rv0023,bin392,DNA-Protein,1
Rv0047c,bin392,DNA-Protein,1
csoR,bin392,DNA-Protein,1
Rv1353c,bin392,DNA-Protein,1
Rv1404,bin392,DNA-Protein,1
Rv1985c,bin392,DNA-Protein,1
devR,bin392,DNA-Protein,1
csoR,bin393,DNA-Protein,1
Rv1049,bin393,DNA-Protein,1
Rv1219c,bin393,DNA-Protein,1
Rv1985c,bin393,DNA-Protein,1
devR,bin393,DNA-Protein,1
kstR,bin393,DNA-Protein,1
Rv3830c,bin393,DNA-Protein,1
Rv0023,bin394,DNA-Protein,1
Rv0047c,bin394,DNA-Protein,1
Rv0081,bin394,DNA-Protein,1
Rv0576,bin394,DNA-Protein,1
Rv0678,bin394,DNA-Protein,1
Rv0691c,bin394,DNA-Protein,1
csoR,bin394,DNA-Protein,1
whiA,bin394,DNA-Protein,1
Rv1816,bin394,DNA-Protein,1
Rv1985c,bin394,DNA-Protein,1
Rv2034,bin394,DNA-Protein,1
devR,bin394,DNA-Protein,1
Rv0691c,bin395,DNA-Protein,1
csoR,bin395,DNA-Protein,1
trcR,bin395,DNA-Protein,1
Rv1049,bin395,DNA-Protein,1
Rv1353c,bin395,DNA-Protein,1
whiA,bin395,DNA-Protein,1
Rv1990c,bin395,DNA-Protein,1
Rv2250c,bin395,DNA-Protein,1
Rv0047c,bin396,DNA-Protein,1
Rv0472c,bin396,DNA-Protein,1
Rv0691c,bin396,DNA-Protein,1
whiA,bin396,DNA-Protein,1
Rv1473A,bin396,DNA-Protein,1
Rv2011c,bin396,DNA-Protein,1
devR,bin396,DNA-Protein,1
Rv0047c,bin397,DNA-Protein,1
Rv0081,bin397,DNA-Protein,1
Rv0135c,bin397,DNA-Protein,1
Rv0302,bin397,DNA-Protein,1
Rv0339c,bin397,DNA-Protein,1
Rv0465c,bin397,DNA-Protein,1
Rv0653c,bin397,DNA-Protein,1
Rv0678,bin397,DNA-Protein,1
csoR,bin397,DNA-Protein,1
sigI,bin397,DNA-Protein,1
Rv1990c,bin397,DNA-Protein,1
mtrA,bin397,DNA-Protein,1
Rv3488,bin397,DNA-Protein,1
Rv3830c,bin397,DNA-Protein,1
espR,bin397,DNA-Protein,1
Rv0023,bin398,DNA-Protein,1
Rv0081,bin398,DNA-Protein,1
Rv0324,bin398,DNA-Protein,1
Rv0339c,bin398,DNA-Protein,1
Rv0465c,bin398,DNA-Protein,1
Rv0678,bin398,DNA-Protein,1
trcR,bin398,DNA-Protein,1
Rv1353c,bin398,DNA-Protein,1
Rv2250c,bin398,DNA-Protein,1
Rv2887,bin398,DNA-Protein,1
mtrA,bin398,DNA-Protein,1
Rv3249c,bin398,DNA-Protein,1
Rv3557c,bin398,DNA-Protein,1
lsr2,bin398,DNA-Protein,1
Rv3736,bin398,DNA-Protein,1
Rv0135c,bin399,DNA-Protein,1
Rv0678,bin399,DNA-Protein,1
Rv0691c,bin399,DNA-Protein,1
csoR,bin399,DNA-Protein,1
Rv1353c,bin399,DNA-Protein,1
Rv1816,bin399,DNA-Protein,1
Rv1990c,bin399,DNA-Protein,1
Rv2034,bin399,DNA-Protein,1
Rv2887,bin399,DNA-Protein,1
Rv3249c,bin399,DNA-Protein,1
Rv3736,bin399,DNA-Protein,1
Rv0047c,bin400,DNA-Protein,1
Rv0081,bin400,DNA-Protein,1
Rv0302,bin400,DNA-Protein,1
Rv0324,bin400,DNA-Protein,1
Rv0678,bin400,DNA-Protein,1
Rv0691c,bin400,DNA-Protein,1
csoR,bin400,DNA-Protein,1
trcR,bin400,DNA-Protein,1
Rv1674c,bin400,DNA-Protein,1
Rv3488,bin400,DNA-Protein,1
lsr2,bin400,DNA-Protein,1
espR,bin400,DNA-Protein,1
Rv0081,bin401,DNA-Protein,1
csoR,bin401,DNA-Protein,1
whiA,bin401,DNA-Protein,1
Rv1473A,bin401,DNA-Protein,1
Rv2034,bin401,DNA-Protein,1
Rv2250c,bin401,DNA-Protein,1
Rv0023,bin402,DNA-Protein,1
Rv0081,bin402,DNA-Protein,1
Rv0135c,bin402,DNA-Protein,1
Rv0678,bin402,DNA-Protein,1
phoP,bin402,DNA-Protein,1
csoR,bin402,DNA-Protein,1
Rv1353c,bin402,DNA-Protein,1
Rv1719,bin402,DNA-Protein,1
Rv1773c,bin402,DNA-Protein,1
Rv1985c,bin402,DNA-Protein,1
Rv1990c,bin402,DNA-Protein,1
Rv2034,bin402,DNA-Protein,1
Rv2827c,bin402,DNA-Protein,1
mtrA,bin402,DNA-Protein,1
Rv3488,bin402,DNA-Protein,1
lsr2,bin402,DNA-Protein,1
whiB5,bin403,DNA-Protein,1
Rv0081,bin403,DNA-Protein,1
Rv0135c,bin403,DNA-Protein,1
tcrA,bin403,DNA-Protein,1
Rv0691c,bin403,DNA-Protein,1
phoP,bin403,DNA-Protein,1
Rv1049,bin403,DNA-Protein,1
Rv1255c,bin403,DNA-Protein,1
Rv1353c,bin403,DNA-Protein,1
Rv2250c,bin403,DNA-Protein,1
Rv0273c,bin404,DNA-Protein,1
tcrA,bin404,DNA-Protein,1
Rv0691c,bin404,DNA-Protein,1
csoR,bin404,DNA-Protein,1
whiA,bin404,DNA-Protein,1
Rv1719,bin404,DNA-Protein,1
Rv2250c,bin404,DNA-Protein,1
Rv2324,bin404,DNA-Protein,1
Rv3249c,bin404,DNA-Protein,1
Rv0023,bin405,DNA-Protein,1
Rv0081,bin405,DNA-Protein,1
Rv0135c,bin405,DNA-Protein,1
Rv0678,bin405,DNA-Protein,1
csoR,bin405,DNA-Protein,1
Rv1049,bin405,DNA-Protein,1
Rv1353c,bin405,DNA-Protein,1
Rv1473A,bin405,DNA-Protein,1
higA,bin405,DNA-Protein,1
Rv2250c,bin405,DNA-Protein,1
Rv3249c,bin405,DNA-Protein,1
Rv3488,bin405,DNA-Protein,1
kstR,bin405,DNA-Protein,1
lsr2,bin405,DNA-Protein,1
Rv3736,bin405,DNA-Protein,1
whiB5,bin406,DNA-Protein,1
Rv0023,bin406,DNA-Protein,1
Rv0081,bin406,DNA-Protein,1
Rv0135c,bin406,DNA-Protein,1
Rv0324,bin406,DNA-Protein,1
Rv0465c,bin406,DNA-Protein,1
Rv0678,bin406,DNA-Protein,1
Rv0691c,bin406,DNA-Protein,1
trcR,bin406,DNA-Protein,1
Rv1219c,bin406,DNA-Protein,1
Rv1353c,bin406,DNA-Protein,1
Rv1816,bin406,DNA-Protein,1
Rv1985c,bin406,DNA-Protein,1
cmtR,bin406,DNA-Protein,1
Rv2989,bin406,DNA-Protein,1
devR,bin406,DNA-Protein,1
mtrA,bin406,DNA-Protein,1
kstR,bin406,DNA-Protein,1
lsr2,bin406,DNA-Protein,1
Rv3830c,bin406,DNA-Protein,1
espR,bin406,DNA-Protein,1
whiB5,bin407,DNA-Protein,1
Rv0023,bin407,DNA-Protein,1
Rv0047c,bin407,DNA-Protein,1
Rv0081,bin407,DNA-Protein,1
oxyS,bin407,DNA-Protein,1
Rv0135c,bin407,DNA-Protein,1
Rv0158,bin407,DNA-Protein,1
Rv0324,bin407,DNA-Protein,1
tcrA,bin407,DNA-Protein,1
Rv0678,bin407,DNA-Protein,1
phoP,bin407,DNA-Protein,1
Rv0818,bin407,DNA-Protein,1
Rv0894,bin407,DNA-Protein,1
csoR,bin407,DNA-Protein,1
trcR,bin407,DNA-Protein,1
Rv1049,bin407,DNA-Protein,1
Rv1353c,bin407,DNA-Protein,1
whiA,bin407,DNA-Protein,1
Rv1473A,bin407,DNA-Protein,1
Rv1828,bin407,DNA-Protein,1
Rv1985c,bin407,DNA-Protein,1
Rv1990c,bin407,DNA-Protein,1
vapB15,bin407,DNA-Protein,1
Rv2011c,bin407,DNA-Protein,1
Rv2324,bin407,DNA-Protein,1
hrcA,bin407,DNA-Protein,1
Rv2642,bin407,DNA-Protein,1
moaR1,bin407,DNA-Protein,1
devR,bin407,DNA-Protein,1
Rv3167c,bin407,DNA-Protein,1
lsr2,bin407,DNA-Protein,1
Rv3736,bin407,DNA-Protein,1
tcrX,bin407,DNA-Protein,1
Rv0023,bin408,DNA-Protein,1
Rv0047c,bin408,DNA-Protein,1
Rv0081,bin408,DNA-Protein,1
Rv0135c,bin408,DNA-Protein,1
Rv0324,bin408,DNA-Protein,1
Rv0465c,bin408,DNA-Protein,1
tcrA,bin408,DNA-Protein,1
Rv0653c,bin408,DNA-Protein,1
Rv0678,bin408,DNA-Protein,1
Rv0691c,bin408,DNA-Protein,1
trcR,bin408,DNA-Protein,1
Rv1049,bin408,DNA-Protein,1
sigI,bin408,DNA-Protein,1
Rv1332,bin408,DNA-Protein,1
Rv1353c,bin408,DNA-Protein,1
whiA,bin408,DNA-Protein,1
Rv1473A,bin408,DNA-Protein,1
Rv1985c,bin408,DNA-Protein,1
cmtR,bin408,DNA-Protein,1
Rv2034,bin408,DNA-Protein,1
Rv2250c,bin408,DNA-Protein,1
Rv2887,bin408,DNA-Protein,1
Rv3249c,bin408,DNA-Protein,1
kstR,bin408,DNA-Protein,1
lsr2,bin408,DNA-Protein,1
Rv3736,bin408,DNA-Protein,1
whiB5,bin409,DNA-Protein,1
Rv0047c,bin409,DNA-Protein,1
Rv0081,bin409,DNA-Protein,1
Rv0324,bin409,DNA-Protein,1
Rv0465c,bin409,DNA-Protein,1
Rv0653c,bin409,DNA-Protein,1
sigL,bin409,DNA-Protein,1
Rv2021c,bin409,DNA-Protein,1
devR,bin409,DNA-Protein,1
whiB5,bin410,DNA-Protein,1
Rv0023,bin410,DNA-Protein,1
Rv0081,bin410,DNA-Protein,1
Rv0135c,bin410,DNA-Protein,1
Rv0273c,bin410,DNA-Protein,1
Rv0465c,bin410,DNA-Protein,1
Rv0494,bin410,DNA-Protein,1
tcrA,bin410,DNA-Protein,1
Rv0653c,bin410,DNA-Protein,1
Rv0678,bin410,DNA-Protein,1
Rv0691c,bin410,DNA-Protein,1
sigL,bin410,DNA-Protein,1
csoR,bin410,DNA-Protein,1
mprA,bin410,DNA-Protein,1
trcR,bin410,DNA-Protein,1
Rv1473A,bin410,DNA-Protein,1
Rv2250c,bin410,DNA-Protein,1
devR,bin410,DNA-Protein,1
sigH,bin410,DNA-Protein,1
kstR,bin410,DNA-Protein,1
Rv3736,bin410,DNA-Protein,1
Rv3830c,bin410,DNA-Protein,1
whiB5,bin411,DNA-Protein,1
Rv0047c,bin411,DNA-Protein,1
Rv0081,bin411,DNA-Protein,1
Rv0135c,bin411,DNA-Protein,1
Rv0324,bin411,DNA-Protein,1
Rv0465c,bin411,DNA-Protein,1
tcrA,bin411,DNA-Protein,1
Rv0653c,bin411,DNA-Protein,1
Rv0691c,bin411,DNA-Protein,1
csoR,bin411,DNA-Protein,1
trcR,bin411,DNA-Protein,1
Rv1473A,bin411,DNA-Protein,1
Rv1990c,bin411,DNA-Protein,1
vapB15,bin411,DNA-Protein,1
Rv2011c,bin411,DNA-Protein,1
Rv2250c,bin411,DNA-Protein,1
Rv2642,bin411,DNA-Protein,1
devR,bin411,DNA-Protein,1
kstR,bin411,DNA-Protein,1
lsr2,bin411,DNA-Protein,1
Rv3736,bin411,DNA-Protein,1
Rv3830c,bin411,DNA-Protein,1
espR,bin411,DNA-Protein,1
Rv0047c,bin412,DNA-Protein,1
Rv0081,bin412,DNA-Protein,1
Rv0135c,bin412,DNA-Protein,1
tcrA,bin412,DNA-Protein,1
Rv0681,bin412,DNA-Protein,1
Rv0767c,bin412,DNA-Protein,1
csoR,bin412,DNA-Protein,1
trcR,bin412,DNA-Protein,1
whiA,bin412,DNA-Protein,1
Rv1719,bin412,DNA-Protein,1
Rv1816,bin412,DNA-Protein,1
Rv1985c,bin412,DNA-Protein,1
Rv1990c,bin412,DNA-Protein,1
Rv2034,bin412,DNA-Protein,1
Rv2324,bin412,DNA-Protein,1
Rv2989,bin412,DNA-Protein,1
devR,bin412,DNA-Protein,1
mtrA,bin412,DNA-Protein,1
Rv3249c,bin412,DNA-Protein,1
kstR,bin412,DNA-Protein,1
Rv3736,bin412,DNA-Protein,1
Rv3830c,bin412,DNA-Protein,1
espR,bin412,DNA-Protein,1
Rv0081,bin413,DNA-Protein,1
Rv0324,bin413,DNA-Protein,1
Rv0494,bin413,DNA-Protein,1
Rv0678,bin413,DNA-Protein,1
Rv0691c,bin413,DNA-Protein,1
phoP,bin413,DNA-Protein,1
csoR,bin413,DNA-Protein,1
Rv1353c,bin413,DNA-Protein,1
whiA,bin413,DNA-Protein,1
Rv1816,bin413,DNA-Protein,1
Rv2034,bin413,DNA-Protein,1
devR,bin413,DNA-Protein,1
kstR,bin413,DNA-Protein,1
lsr2,bin413,DNA-Protein,1
Rv3830c,bin413,DNA-Protein,1
whiB5,bin414,DNA-Protein,1
Rv0047c,bin414,DNA-Protein,1
Rv0302,bin414,DNA-Protein,1
Rv0324,bin414,DNA-Protein,1
Rv0678,bin414,DNA-Protein,1
Rv0767c,bin414,DNA-Protein,1
csoR,bin414,DNA-Protein,1
trcR,bin414,DNA-Protein,1
Rv1049,bin414,DNA-Protein,1
Rv1353c,bin414,DNA-Protein,1
whiA,bin414,DNA-Protein,1
Rv1816,bin414,DNA-Protein,1
Rv1990c,bin414,DNA-Protein,1
Rv2011c,bin414,DNA-Protein,1
Rv2034,bin414,DNA-Protein,1
Rv2250c,bin414,DNA-Protein,1
Rv3066,bin414,DNA-Protein,1
devR,bin414,DNA-Protein,1
sigF,bin414,DNA-Protein,1
kstR,bin414,DNA-Protein,1
Rv0023,bin415,DNA-Protein,1
Rv0047c,bin415,DNA-Protein,1
Rv0081,bin415,DNA-Protein,1
Rv0324,bin415,DNA-Protein,1
Rv0330c,bin415,DNA-Protein,1
Rv0678,bin415,DNA-Protein,1
Rv0691c,bin415,DNA-Protein,1
Rv0767c,bin415,DNA-Protein,1
Rv1353c,bin415,DNA-Protein,1
Rv1828,bin415,DNA-Protein,1
Rv1985c,bin415,DNA-Protein,1
Rv2011c,bin415,DNA-Protein,1
Rv2324,bin415,DNA-Protein,1
Rv2989,bin415,DNA-Protein,1
devR,bin415,DNA-Protein,1
Rv3249c,bin415,DNA-Protein,1
kstR,bin415,DNA-Protein,1
lsr2,bin415,DNA-Protein,1
Rv3830c,bin415,DNA-Protein,1
espR,bin415,DNA-Protein,1
whiB5,bin416,DNA-Protein,1
Rv0047c,bin416,DNA-Protein,1
Rv0081,bin416,DNA-Protein,1
Rv0135c,bin416,DNA-Protein,1
Rv0302,bin416,DNA-Protein,1
Rv0691c,bin416,DNA-Protein,1
whiA,bin416,DNA-Protein,1
Rv1719,bin416,DNA-Protein,1
Rv1828,bin416,DNA-Protein,1
cmtR,bin416,DNA-Protein,1
Rv2021c,bin416,DNA-Protein,1
Rv2324,bin416,DNA-Protein,1
sigH,bin416,DNA-Protein,1
Rv3249c,bin416,DNA-Protein,1
Rv3736,bin416,DNA-Protein,1
ethR,bin416,DNA-Protein,1
Rv0047c,bin417,DNA-Protein,1
Rv0135c,bin417,DNA-Protein,1
Rv0465c,bin417,DNA-Protein,1
Rv0767c,bin417,DNA-Protein,1
csoR,bin417,DNA-Protein,1
Rv1473A,bin417,DNA-Protein,1
Rv1816,bin417,DNA-Protein,1
Rv1990c,bin417,DNA-Protein,1
cmtR,bin417,DNA-Protein,1
Rv2011c,bin417,DNA-Protein,1
Rv2021c,bin417,DNA-Protein,1
espR,bin417,DNA-Protein,1
Rv0047c,bin418,DNA-Protein,1
Rv0081,bin418,DNA-Protein,1
Rv0135c,bin418,DNA-Protein,1
Rv0678,bin418,DNA-Protein,1
csoR,bin418,DNA-Protein,1
trcR,bin418,DNA-Protein,1
whiA,bin418,DNA-Protein,1
Rv1990c,bin418,DNA-Protein,1
cmtR,bin418,DNA-Protein,1
Rv2021c,bin418,DNA-Protein,1
Rv2324,bin418,DNA-Protein,1
Rv2989,bin418,DNA-Protein,1
Rv3249c,bin418,DNA-Protein,1
Rv3488,bin418,DNA-Protein,1
Rv0047c,bin419,DNA-Protein,1
Rv0081,bin419,DNA-Protein,1
Rv0678,bin419,DNA-Protein,1
csoR,bin419,DNA-Protein,1
Rv1049,bin419,DNA-Protein,1
higA,bin419,DNA-Protein,1
Rv2011c,bin419,DNA-Protein,1
Rv2324,bin419,DNA-Protein,1
Rv3249c,bin419,DNA-Protein,1
sigF,bin419,DNA-Protein,1
Rv3488,bin419,DNA-Protein,1
Rv3736,bin419,DNA-Protein,1
whiB5,bin420,DNA-Protein,1
Rv0023,bin420,DNA-Protein,1
Rv0302,bin420,DNA-Protein,1
Rv0324,bin420,DNA-Protein,1
Rv0465c,bin420,DNA-Protein,1
Rv0576,bin420,DNA-Protein,1
Rv0691c,bin420,DNA-Protein,1
csoR,bin420,DNA-Protein,1
Rv1049,bin420,DNA-Protein,1
whiA,bin420,DNA-Protein,1
blaI,bin420,DNA-Protein,1
Rv2011c,bin420,DNA-Protein,1
Rv2250c,bin420,DNA-Protein,1
Rv0324,bin421,DNA-Protein,1
Rv0767c,bin421,DNA-Protein,1
trcR,bin421,DNA-Protein,1
Rv1049,bin421,DNA-Protein,1
whiA,bin421,DNA-Protein,1
Rv1473A,bin421,DNA-Protein,1
Rv1816,bin421,DNA-Protein,1
devR,bin421,DNA-Protein,1
Rv0047c,bin422,DNA-Protein,1
Rv0135c,bin422,DNA-Protein,1
Rv0678,bin422,DNA-Protein,1
trcR,bin422,DNA-Protein,1
Rv1049,bin422,DNA-Protein,1
Rv1353c,bin422,DNA-Protein,1
whiA,bin422,DNA-Protein,1
Rv1990c,bin422,DNA-Protein,1
Rv2324,bin422,DNA-Protein,1
whiB5,bin423,DNA-Protein,1
Rv0047c,bin423,DNA-Protein,1
Rv0081,bin423,DNA-Protein,1
Rv0324,bin423,DNA-Protein,1
csoR,bin423,DNA-Protein,1
Rv1353c,bin423,DNA-Protein,1
whiA,bin423,DNA-Protein,1
Rv1816,bin423,DNA-Protein,1
Rv1990c,bin423,DNA-Protein,1
Rv2021c,bin423,DNA-Protein,1
Rv3249c,bin423,DNA-Protein,1
Rv3488,bin423,DNA-Protein,1
kstR,bin423,DNA-Protein,1
Rv0135c,bin424,DNA-Protein,1
Rv0302,bin424,DNA-Protein,1
Rv0691c,bin424,DNA-Protein,1
phoP,bin424,DNA-Protein,1
csoR,bin424,DNA-Protein,1
Rv1816,bin424,DNA-Protein,1
Rv1990c,bin424,DNA-Protein,1
vapB15,bin424,DNA-Protein,1
Rv2250c,bin424,DNA-Protein,1
Rv3249c,bin424,DNA-Protein,1
Rv3488,bin424,DNA-Protein,1
kstR,bin424,DNA-Protein,1
tcrX,bin424,DNA-Protein,1
Rv0023,bin425,DNA-Protein,1
Rv0047c,bin425,DNA-Protein,1
ssb,bin425,DNA-Protein,1
Rv0081,bin425,DNA-Protein,1
Rv0135c,bin425,DNA-Protein,1
Rv0273c,bin425,DNA-Protein,1
Rv0474,bin425,DNA-Protein,1
Rv0678,bin425,DNA-Protein,1
Rv0691c,bin425,DNA-Protein,1
sigL,bin425,DNA-Protein,1
csoR,bin425,DNA-Protein,1
trcR,bin425,DNA-Protein,1
Rv1049,bin425,DNA-Protein,1
Rv1167c,bin425,DNA-Protein,1
Rv1219c,bin425,DNA-Protein,1
Rv1353c,bin425,DNA-Protein,1
Rv1395,bin425,DNA-Protein,1
whiA,bin425,DNA-Protein,1
Rv1719,bin425,DNA-Protein,1
Rv1990c,bin425,DNA-Protein,1
Rv2827c,bin425,DNA-Protein,1
Rv3160c,bin425,DNA-Protein,1
sigH,bin425,DNA-Protein,1
Rv3249c,bin425,DNA-Protein,1
sigF,bin425,DNA-Protein,1
Rv3488,bin425,DNA-Protein,1
Rv3736,bin425,DNA-Protein,1
tcrX,bin425,DNA-Protein,1
whiB6,bin425,DNA-Protein,1
Rv0047c,bin426,DNA-Protein,1
Rv0081,bin426,DNA-Protein,1
Rv0302,bin426,DNA-Protein,1
Rv0324,bin426,DNA-Protein,1
Rv0576,bin426,DNA-Protein,1
Rv0678,bin426,DNA-Protein,1
Rv0691c,bin426,DNA-Protein,1
Rv0767c,bin426,DNA-Protein,1
csoR,bin426,DNA-Protein,1
Rv1049,bin426,DNA-Protein,1
whiA,bin426,DNA-Protein,1
Rv2250c,bin426,DNA-Protein,1
Rv2324,bin426,DNA-Protein,1
Rv3249c,bin426,DNA-Protein,1
Rv3488,bin426,DNA-Protein,1
Rv3736,bin426,DNA-Protein,1
whiB5,bin427,DNA-Protein,1
Rv0047c,bin427,DNA-Protein,1
Rv0081,bin427,DNA-Protein,1
Rv0302,bin427,DNA-Protein,1
Rv0678,bin427,DNA-Protein,1
Rv0691c,bin427,DNA-Protein,1
Rv1816,bin427,DNA-Protein,1
Rv1985c,bin427,DNA-Protein,1
Rv2011c,bin427,DNA-Protein,1
Rv2324,bin427,DNA-Protein,1
zur,bin427,DNA-Protein,1
mtrA,bin427,DNA-Protein,1
Rv3736,bin427,DNA-Protein,1
Rv3830c,bin427,DNA-Protein,1
Rv0023,bin428,DNA-Protein,1
Rv0135c,bin428,DNA-Protein,1
Rv0324,bin428,DNA-Protein,1
Rv0678,bin428,DNA-Protein,1
Rv0691c,bin428,DNA-Protein,1
csoR,bin428,DNA-Protein,1
Rv1353c,bin428,DNA-Protein,1
Rv1990c,bin428,DNA-Protein,1
Rv2011c,bin428,DNA-Protein,1
Rv2250c,bin428,DNA-Protein,1
Rv2324,bin428,DNA-Protein,1
devR,bin428,DNA-Protein,1
mtrA,bin428,DNA-Protein,1
Rv3249c,bin428,DNA-Protein,1
kstR,bin428,DNA-Protein,1
lsr2,bin428,DNA-Protein,1
Rv3736,bin428,DNA-Protein,1
tcrX,bin428,DNA-Protein,1
Rv3830c,bin428,DNA-Protein,1
whiB5,bin429,DNA-Protein,1
Rv0324,bin429,DNA-Protein,1
Rv0465c,bin429,DNA-Protein,1
Rv0653c,bin429,DNA-Protein,1
Rv0678,bin429,DNA-Protein,1
trcR,bin429,DNA-Protein,1
Rv1816,bin429,DNA-Protein,1
Rv2011c,bin429,DNA-Protein,1
Rv3167c,bin429,DNA-Protein,1
Rv3249c,bin429,DNA-Protein,1
kstR,bin429,DNA-Protein,1
lsr2,bin429,DNA-Protein,1
Rv3736,bin429,DNA-Protein,1
Rv0023,bin430,DNA-Protein,1
Rv0047c,bin430,DNA-Protein,1
Rv0324,bin430,DNA-Protein,1
Rv0678,bin430,DNA-Protein,1
Rv0767c,bin430,DNA-Protein,1
csoR,bin430,DNA-Protein,1
trcR,bin430,DNA-Protein,1
Rv1049,bin430,DNA-Protein,1
Rv1990c,bin430,DNA-Protein,1
Rv2011c,bin430,DNA-Protein,1
Rv2034,bin430,DNA-Protein,1
Rv2250c,bin430,DNA-Protein,1
Rv3249c,bin430,DNA-Protein,1
lsr2,bin430,DNA-Protein,1
Rv3830c,bin430,DNA-Protein,1
whiB5,bin431,DNA-Protein,1
Rv0081,bin431,DNA-Protein,1
Rv0273c,bin431,DNA-Protein,1
Rv0302,bin431,DNA-Protein,1
Rv0494,bin431,DNA-Protein,1
Rv0678,bin431,DNA-Protein,1
csoR,bin431,DNA-Protein,1
trcR,bin431,DNA-Protein,1
Rv1049,bin431,DNA-Protein,1
Rv1353c,bin431,DNA-Protein,1
Rv1473A,bin431,DNA-Protein,1
Rv1816,bin431,DNA-Protein,1
Rv2034,bin431,DNA-Protein,1
Rv2324,bin431,DNA-Protein,1
Rv2989,bin431,DNA-Protein,1
devR,bin431,DNA-Protein,1
whiB5,bin432,DNA-Protein,1
Rv0302,bin432,DNA-Protein,1
Rv0324,bin432,DNA-Protein,1
Rv0767c,bin432,DNA-Protein,1
csoR,bin432,DNA-Protein,1
Rv1353c,bin432,DNA-Protein,1
cmtR,bin432,DNA-Protein,1
Rv2989,bin432,DNA-Protein,1
mtrA,bin432,DNA-Protein,1
Rv3249c,bin432,DNA-Protein,1
Rv3488,bin432,DNA-Protein,1
kstR,bin432,DNA-Protein,1
Rv0023,bin433,DNA-Protein,1
Rv0081,bin433,DNA-Protein,1
Rv0135c,bin433,DNA-Protein,1
Rv0302,bin433,DNA-Protein,1
Rv0324,bin433,DNA-Protein,1
Rv0465c,bin433,DNA-Protein,1
Rv0678,bin433,DNA-Protein,1
csoR,bin433,DNA-Protein,1
Rv1816,bin433,DNA-Protein,1
Rv2250c,bin433,DNA-Protein,1
Rv2324,bin433,DNA-Protein,1
Rv3488,bin433,DNA-Protein,1
kstR,bin433,DNA-Protein,1
Rv0023,bin434,DNA-Protein,1
Rv0047c,bin434,DNA-Protein,1
Rv0135c,bin434,DNA-Protein,1
Rv0465c,bin434,DNA-Protein,1
mprA,bin434,DNA-Protein,1
trcR,bin434,DNA-Protein,1
Rv1353c,bin434,DNA-Protein,1
cmtR,bin434,DNA-Protein,1
sirR,bin434,DNA-Protein,1
mtrA,bin434,DNA-Protein,1
Rv3249c,bin434,DNA-Protein,1
kstR,bin434,DNA-Protein,1
lsr2,bin434,DNA-Protein,1
Rv3830c,bin434,DNA-Protein,1
espR,bin434,DNA-Protein,1
Rv0023,bin435,DNA-Protein,1
Rv0047c,bin435,DNA-Protein,1
Rv0081,bin435,DNA-Protein,1
Rv0135c,bin435,DNA-Protein,1
Rv0273c,bin435,DNA-Protein,1
Rv0302,bin435,DNA-Protein,1
Rv0465c,bin435,DNA-Protein,1
Rv0653c,bin435,DNA-Protein,1
Rv0678,bin435,DNA-Protein,1
Rv0767c,bin435,DNA-Protein,1
csoR,bin435,DNA-Protein,1
trcR,bin435,DNA-Protein,1
Rv1255c,bin435,DNA-Protein,1
Rv1353c,bin435,DNA-Protein,1
Rv1404,bin435,DNA-Protein,1
Rv1473A,bin435,DNA-Protein,1
Rv1990c,bin435,DNA-Protein,1
cmtR,bin435,DNA-Protein,1
Rv2034,bin435,DNA-Protein,1
Rv3160c,bin435,DNA-Protein,1
sigH,bin435,DNA-Protein,1
mtrA,bin435,DNA-Protein,1
Rv3249c,bin435,DNA-Protein,1
Rv3488,bin435,DNA-Protein,1
kstR,bin435,DNA-Protein,1
Rv3736,bin435,DNA-Protein,1
tcrX,bin435,DNA-Protein,1
ethR,bin435,DNA-Protein,1
Rv0047c,bin436,DNA-Protein,1
Rv0081,bin436,DNA-Protein,1
Rv0135c,bin436,DNA-Protein,1
Rv0273c,bin436,DNA-Protein,1
Rv0324,bin436,DNA-Protein,1
Rv0465c,bin436,DNA-Protein,1
csoR,bin436,DNA-Protein,1
Rv1353c,bin436,DNA-Protein,1
whiA,bin436,DNA-Protein,1
Rv1816,bin436,DNA-Protein,1
cmtR,bin436,DNA-Protein,1
Rv2034,bin436,DNA-Protein,1
Rv3736,bin436,DNA-Protein,1
Rv0023,bin437,DNA-Protein,1
Rv0324,bin437,DNA-Protein,1
Rv0678,bin437,DNA-Protein,1
Rv0767c,bin437,DNA-Protein,1
Rv1219c,bin437,DNA-Protein,1
Rv1404,bin437,DNA-Protein,1
Rv3736,bin437,DNA-Protein,1
whiB5,bin438,DNA-Protein,1
Rv0023,bin438,DNA-Protein,1
Rv0081,bin438,DNA-Protein,1
Rv0324,bin438,DNA-Protein,1
Rv0494,bin438,DNA-Protein,1
Rv0678,bin438,DNA-Protein,1
csoR,bin438,DNA-Protein,1
trcR,bin438,DNA-Protein,1
Rv1719,bin438,DNA-Protein,1
Rv1816,bin438,DNA-Protein,1
Rv3249c,bin438,DNA-Protein,1
lsr2,bin438,DNA-Protein,1
Rv0023,bin439,DNA-Protein,1
csoR,bin439,DNA-Protein,1
trcR,bin439,DNA-Protein,1
Rv2324,bin439,DNA-Protein,1
whiB5,bin440,DNA-Protein,1
Rv0023,bin440,DNA-Protein,1
Rv0047c,bin440,DNA-Protein,1
Rv0081,bin440,DNA-Protein,1
Rv0324,bin440,DNA-Protein,1
Rv0678,bin440,DNA-Protein,1
csoR,bin440,DNA-Protein,1
Rv1353c,bin440,DNA-Protein,1
Rv1404,bin440,DNA-Protein,1
Rv1816,bin440,DNA-Protein,1
Rv2989,bin440,DNA-Protein,1
Rv3488,bin440,DNA-Protein,1
kstR,bin440,DNA-Protein,1
lsr2,bin440,DNA-Protein,1
Rv0023,bin441,DNA-Protein,1
Rv0047c,bin441,DNA-Protein,1
Rv0324,bin441,DNA-Protein,1
Rv0494,bin441,DNA-Protein,1
Rv0678,bin441,DNA-Protein,1
csoR,bin441,DNA-Protein,1
Rv1353c,bin441,DNA-Protein,1
whiA,bin441,DNA-Protein,1
Rv1816,bin441,DNA-Protein,1
higA,bin441,DNA-Protein,1
Rv1990c,bin441,DNA-Protein,1
Rv2021c,bin441,DNA-Protein,1
Rv2034,bin441,DNA-Protein,1
Rv2250c,bin441,DNA-Protein,1
pimA,bin441,DNA-Protein,1
devR,bin441,DNA-Protein,1
Rv3488,bin441,DNA-Protein,1
kstR,bin441,DNA-Protein,1
lsr2,bin441,DNA-Protein,1
whiB5,bin442,DNA-Protein,1
Rv0023,bin442,DNA-Protein,1
Rv0047c,bin442,DNA-Protein,1
Rv0081,bin442,DNA-Protein,1
Rv0324,bin442,DNA-Protein,1
Rv0494,bin442,DNA-Protein,1
tcrA,bin442,DNA-Protein,1
trcR,bin442,DNA-Protein,1
sigI,bin442,DNA-Protein,1
Rv1332,bin442,DNA-Protein,1
Rv1816,bin442,DNA-Protein,1
higA,bin442,DNA-Protein,1
mce3R,bin442,DNA-Protein,1
Rv1985c,bin442,DNA-Protein,1
Rv1990c,bin442,DNA-Protein,1
Rv2011c,bin442,DNA-Protein,1
Rv2887,bin442,DNA-Protein,1
lrpA,bin442,DNA-Protein,1
Rv3488,bin442,DNA-Protein,1
kstR,bin442,DNA-Protein,1
lsr2,bin442,DNA-Protein,1
whiB4,bin442,DNA-Protein,1
tcrX,bin442,DNA-Protein,1
ethR,bin442,DNA-Protein,1
Rv0023,bin443,DNA-Protein,1
csoR,bin443,DNA-Protein,1
Rv1219c,bin443,DNA-Protein,1
Rv1990c,bin443,DNA-Protein,1
Rv0081,bin444,DNA-Protein,1
Rv0324,bin444,DNA-Protein,1
Rv0678,bin444,DNA-Protein,1
Rv0691c,bin444,DNA-Protein,1
csoR,bin444,DNA-Protein,1
Rv1353c,bin444,DNA-Protein,1
Rv1816,bin444,DNA-Protein,1
Rv1990c,bin444,DNA-Protein,1
devR,bin444,DNA-Protein,1
Rv3488,bin444,DNA-Protein,1
whiB5,bin445,DNA-Protein,1
Rv0081,bin445,DNA-Protein,1
Rv0135c,bin445,DNA-Protein,1
Rv0158,bin445,DNA-Protein,1
Rv0302,bin445,DNA-Protein,1
Rv0324,bin445,DNA-Protein,1
Rv0678,bin445,DNA-Protein,1
Rv0691c,bin445,DNA-Protein,1
csoR,bin445,DNA-Protein,1
trcR,bin445,DNA-Protein,1
Rv1473A,bin445,DNA-Protein,1
Rv1816,bin445,DNA-Protein,1
cmtR,bin445,DNA-Protein,1
vapB15,bin445,DNA-Protein,1
Rv2011c,bin445,DNA-Protein,1
Rv2021c,bin445,DNA-Protein,1
Rv2250c,bin445,DNA-Protein,1
Rv2324,bin445,DNA-Protein,1
Rv2642,bin445,DNA-Protein,1
sirR,bin445,DNA-Protein,1
devR,bin445,DNA-Protein,1
Rv3488,bin445,DNA-Protein,1
kstR,bin445,DNA-Protein,1
Rv3830c,bin445,DNA-Protein,1
whiB5,bin446,DNA-Protein,1
Rv0023,bin446,DNA-Protein,1
Rv0047c,bin446,DNA-Protein,1
Rv0081,bin446,DNA-Protein,1
Rv0273c,bin446,DNA-Protein,1
Rv0302,bin446,DNA-Protein,1
Rv0324,bin446,DNA-Protein,1
Rv0678,bin446,DNA-Protein,1
csoR,bin446,DNA-Protein,1
Rv1353c,bin446,DNA-Protein,1
Rv1816,bin446,DNA-Protein,1
higA,bin446,DNA-Protein,1
Rv1985c,bin446,DNA-Protein,1
Rv1990c,bin446,DNA-Protein,1
cmtR,bin446,DNA-Protein,1
Rv2011c,bin446,DNA-Protein,1
sirR,bin446,DNA-Protein,1
Rv2887,bin446,DNA-Protein,1
devR,bin446,DNA-Protein,1
lsr2,bin446,DNA-Protein,1
espR,bin446,DNA-Protein,1
Rv0023,bin447,DNA-Protein,1
Rv0047c,bin447,DNA-Protein,1
Rv0081,bin447,DNA-Protein,1
Rv0302,bin447,DNA-Protein,1
Rv0324,bin447,DNA-Protein,1
Rv0465c,bin447,DNA-Protein,1
Rv0576,bin447,DNA-Protein,1
tcrA,bin447,DNA-Protein,1
Rv0678,bin447,DNA-Protein,1
Rv0691c,bin447,DNA-Protein,1
csoR,bin447,DNA-Protein,1
trcR,bin447,DNA-Protein,1
Rv1049,bin447,DNA-Protein,1
Rv1332,bin447,DNA-Protein,1
Rv1353c,bin447,DNA-Protein,1
whiA,bin447,DNA-Protein,1
Rv1719,bin447,DNA-Protein,1
Rv1816,bin447,DNA-Protein,1
Rv1985c,bin447,DNA-Protein,1
Rv1990c,bin447,DNA-Protein,1
cmtR,bin447,DNA-Protein,1
Rv2021c,bin447,DNA-Protein,1
Rv2034,bin447,DNA-Protein,1
Rv2250c,bin447,DNA-Protein,1
Rv2324,bin447,DNA-Protein,1
Rv2887,bin447,DNA-Protein,1
Rv2989,bin447,DNA-Protein,1
devR,bin447,DNA-Protein,1
mtrA,bin447,DNA-Protein,1
Rv3249c,bin447,DNA-Protein,1
Rv3488,bin447,DNA-Protein,1
kstR,bin447,DNA-Protein,1
lsr2,bin447,DNA-Protein,1
tcrX,bin447,DNA-Protein,1
Rv3830c,bin447,DNA-Protein,1
espR,bin447,DNA-Protein,1
ethR,bin447,DNA-Protein,1
Rv0023,bin448,DNA-Protein,1
Rv0047c,bin448,DNA-Protein,1
Rv0081,bin448,DNA-Protein,1
Rv0135c,bin448,DNA-Protein,1
Rv0302,bin448,DNA-Protein,1
Rv0324,bin448,DNA-Protein,1
Rv0576,bin448,DNA-Protein,1
tcrA,bin448,DNA-Protein,1
Rv0678,bin448,DNA-Protein,1
phoP,bin448,DNA-Protein,1
Rv0767c,bin448,DNA-Protein,1
csoR,bin448,DNA-Protein,1
trcR,bin448,DNA-Protein,1
Rv1353c,bin448,DNA-Protein,1
whiA,bin448,DNA-Protein,1
Rv1816,bin448,DNA-Protein,1
Rv1985c,bin448,DNA-Protein,1
Rv1990c,bin448,DNA-Protein,1
cmtR,bin448,DNA-Protein,1
Rv2011c,bin448,DNA-Protein,1
Rv2021c,bin448,DNA-Protein,1
Rv2250c,bin448,DNA-Protein,1
Rv2989,bin448,DNA-Protein,1
devR,bin448,DNA-Protein,1
Rv3249c,bin448,DNA-Protein,1
Rv3488,bin448,DNA-Protein,1
lsr2,bin448,DNA-Protein,1
Rv0023,bin449,DNA-Protein,1
Rv0324,bin449,DNA-Protein,1
Rv1353c,bin449,DNA-Protein,1
Rv1473A,bin449,DNA-Protein,1
Rv1816,bin449,DNA-Protein,1
Rv1985c,bin449,DNA-Protein,1
Rv1990c,bin449,DNA-Protein,1
Rv2034,bin449,DNA-Protein,1
devR,bin449,DNA-Protein,1
Rv3488,bin449,DNA-Protein,1
Rv0023,bin450,DNA-Protein,1
Rv0047c,bin450,DNA-Protein,1
Rv0324,bin450,DNA-Protein,1
Rv0767c,bin450,DNA-Protein,1
Rv2887,bin450,DNA-Protein,1
devR,bin450,DNA-Protein,1
Rv3249c,bin450,DNA-Protein,1
Rv3488,bin450,DNA-Protein,1
Rv0081,bin451,DNA-Protein,1
Rv0302,bin451,DNA-Protein,1
Rv0324,bin451,DNA-Protein,1
Rv0678,bin451,DNA-Protein,1
Rv1353c,bin451,DNA-Protein,1
Rv1985c,bin451,DNA-Protein,1
devR,bin451,DNA-Protein,1
Rv3488,bin451,DNA-Protein,1
Rv0023,bin452,DNA-Protein,1
Rv0081,bin452,DNA-Protein,1
Rv0324,bin452,DNA-Protein,1
Rv0653c,bin452,DNA-Protein,1
csoR,bin452,DNA-Protein,1
trcR,bin452,DNA-Protein,1
Rv1353c,bin452,DNA-Protein,1
Rv1985c,bin452,DNA-Protein,1
vapB15,bin452,DNA-Protein,1
Rv2011c,bin452,DNA-Protein,1
devR,bin452,DNA-Protein,1
Rv3830c,bin452,DNA-Protein,1
Rv0023,bin453,DNA-Protein,1
Rv0047c,bin453,DNA-Protein,1
Rv0472c,bin453,DNA-Protein,1
Rv0678,bin453,DNA-Protein,1
csoR,bin453,DNA-Protein,1
Rv1473A,bin453,DNA-Protein,1
Rv2017,bin453,DNA-Protein,1
Rv3488,bin453,DNA-Protein,1
Rv0023,bin454,DNA-Protein,1
Rv0081,bin454,DNA-Protein,1
Rv0135c,bin454,DNA-Protein,1
Rv0324,bin454,DNA-Protein,1
Rv0494,bin454,DNA-Protein,1
tcrA,bin454,DNA-Protein,1
Rv0678,bin454,DNA-Protein,1
Rv0691c,bin454,DNA-Protein,1
trcR,bin454,DNA-Protein,1
Rv1473A,bin454,DNA-Protein,1
Rv1719,bin454,DNA-Protein,1
pimA,bin454,DNA-Protein,1
devR,bin454,DNA-Protein,1
Rv3736,bin454,DNA-Protein,1
whiB5,bin455,DNA-Protein,1
Rv0324,bin455,DNA-Protein,1
tcrA,bin455,DNA-Protein,1
kmtR,bin455,DNA-Protein,1
csoR,bin455,DNA-Protein,1
Rv1219c,bin455,DNA-Protein,1
Rv1353c,bin455,DNA-Protein,1
Rv1473A,bin455,DNA-Protein,1
Rv1719,bin455,DNA-Protein,1
Rv1816,bin455,DNA-Protein,1
Rv1990c,bin455,DNA-Protein,1
Rv2034,bin455,DNA-Protein,1
Rv2989,bin455,DNA-Protein,1
kstR,bin455,DNA-Protein,1
Rv0678,bin456,DNA-Protein,1
Rv0691c,bin456,DNA-Protein,1
Rv1985c,bin456,DNA-Protein,1
Rv2250c,bin456,DNA-Protein,1
clgR,bin456,DNA-Protein,1
devR,bin456,DNA-Protein,1
whiB5,bin457,DNA-Protein,1
Rv0023,bin457,DNA-Protein,1
Rv0081,bin457,DNA-Protein,1
Rv0158,bin457,DNA-Protein,1
Rv0576,bin457,DNA-Protein,1
csoR,bin457,DNA-Protein,1
Rv1353c,bin457,DNA-Protein,1
Rv2034,bin457,DNA-Protein,1
Rv2250c,bin457,DNA-Protein,1
devR,bin457,DNA-Protein,1
kstR,bin457,DNA-Protein,1
Rv0023,bin458,DNA-Protein,1
Rv0081,bin458,DNA-Protein,1
Rv0135c,bin458,DNA-Protein,1
Rv0302,bin458,DNA-Protein,1
Rv0324,bin458,DNA-Protein,1
tcrA,bin458,DNA-Protein,1
Rv0678,bin458,DNA-Protein,1
Rv2250c,bin458,DNA-Protein,1
kstR,bin458,DNA-Protein,1
Rv0691c,bin459,DNA-Protein,1
Rv1816,bin459,DNA-Protein,1
cmtR,bin459,DNA-Protein,1
kstR,bin459,DNA-Protein,1
csoR,bin460,DNA-Protein,1
Rv1404,bin460,DNA-Protein,1
Rv1816,bin460,DNA-Protein,1
Rv3736,bin460,DNA-Protein,1
csoR,bin461,DNA-Protein,1
Rv3736,bin461,DNA-Protein,1
Rv0135c,bin462,DNA-Protein,1
Rv0678,bin462,DNA-Protein,1
Rv0691c,bin462,DNA-Protein,1
Rv0767c,bin462,DNA-Protein,1
csoR,bin462,DNA-Protein,1
Rv1990c,bin462,DNA-Protein,1
Rv3736,bin462,DNA-Protein,1
whiB5,bin463,DNA-Protein,1
Rv0047c,bin463,DNA-Protein,1
Rv0081,bin463,DNA-Protein,1
tcrA,bin463,DNA-Protein,1
Rv0678,bin463,DNA-Protein,1
Rv0691c,bin463,DNA-Protein,1
Rv0767c,bin463,DNA-Protein,1
csoR,bin463,DNA-Protein,1
Rv1049,bin463,DNA-Protein,1
Rv1816,bin463,DNA-Protein,1
zur,bin463,DNA-Protein,1
Rv3736,bin463,DNA-Protein,1
Rv0081,bin464,DNA-Protein,1
Rv0135c,bin464,DNA-Protein,1
Rv0678,bin464,DNA-Protein,1
Rv0691c,bin464,DNA-Protein,1
csoR,bin464,DNA-Protein,1
Rv1049,bin464,DNA-Protein,1
Rv1353c,bin464,DNA-Protein,1
Rv1985c,bin464,DNA-Protein,1
Rv2034,bin464,DNA-Protein,1
zur,bin464,DNA-Protein,1
Rv3488,bin464,DNA-Protein,1
lsr2,bin464,DNA-Protein,1
Rv3736,bin464,DNA-Protein,1
Rv0047c,bin465,DNA-Protein,1
Rv0494,bin465,DNA-Protein,1
Rv0678,bin465,DNA-Protein,1
csoR,bin465,DNA-Protein,1
Rv1353c,bin465,DNA-Protein,1
Rv2324,bin465,DNA-Protein,1
Rv3830c,bin465,DNA-Protein,1
whiB5,bin466,DNA-Protein,1
Rv0023,bin466,DNA-Protein,1
Rv0047c,bin466,DNA-Protein,1
Rv0081,bin466,DNA-Protein,1
Rv0135c,bin466,DNA-Protein,1
Rv0678,bin466,DNA-Protein,1
Rv1049,bin466,DNA-Protein,1
Rv1353c,bin466,DNA-Protein,1
Rv1473A,bin466,DNA-Protein,1
Rv1816,bin466,DNA-Protein,1
blaI,bin466,DNA-Protein,1
Rv2011c,bin466,DNA-Protein,1
Rv2021c,bin466,DNA-Protein,1
Rv2034,bin466,DNA-Protein,1
kstR,bin466,DNA-Protein,1
whiB5,bin467,DNA-Protein,1
Rv0047c,bin467,DNA-Protein,1
Rv0081,bin467,DNA-Protein,1
csoR,bin467,DNA-Protein,1
Rv1049,bin467,DNA-Protein,1
Rv1353c,bin467,DNA-Protein,1
whiA,bin467,DNA-Protein,1
Rv2034,bin467,DNA-Protein,1
Rv2324,bin467,DNA-Protein,1
whiB5,bin468,DNA-Protein,1
Rv0023,bin468,DNA-Protein,1
Rv0339c,bin468,DNA-Protein,1
Rv0678,bin468,DNA-Protein,1
Rv0691c,bin468,DNA-Protein,1
csoR,bin468,DNA-Protein,1
Rv1353c,bin468,DNA-Protein,1
whiA,bin468,DNA-Protein,1
Rv1816,bin468,DNA-Protein,1
cmtR,bin468,DNA-Protein,1
Rv2011c,bin468,DNA-Protein,1
Rv2034,bin468,DNA-Protein,1
Rv2250c,bin468,DNA-Protein,1
Rv2324,bin468,DNA-Protein,1
espR,bin468,DNA-Protein,1
Rv0047c,bin469,DNA-Protein,1
Rv0767c,bin469,DNA-Protein,1
csoR,bin469,DNA-Protein,1
Rv2034,bin469,DNA-Protein,1
Rv0047c,bin470,DNA-Protein,1
Rv0081,bin470,DNA-Protein,1
Rv0135c,bin470,DNA-Protein,1
Rv2011c,bin470,DNA-Protein,1
Rv3736,bin470,DNA-Protein,1
Rv0081,bin471,DNA-Protein,1
Rv0302,bin471,DNA-Protein,1
trcR,bin471,DNA-Protein,1
Rv1353c,bin471,DNA-Protein,1
Rv1816,bin471,DNA-Protein,1
Rv0047c,bin472,DNA-Protein,1
Rv0081,bin472,DNA-Protein,1
Rv0302,bin472,DNA-Protein,1
csoR,bin472,DNA-Protein,1
trcR,bin472,DNA-Protein,1
Rv1353c,bin472,DNA-Protein,1
whiA,bin472,DNA-Protein,1
Rv1985c,bin472,DNA-Protein,1
Rv3249c,bin472,DNA-Protein,1
Rv0135c,bin473,DNA-Protein,1
Rv0302,bin473,DNA-Protein,1
Rv0678,bin473,DNA-Protein,1
csoR,bin473,DNA-Protein,1
Rv1816,bin473,DNA-Protein,1
Rv1990c,bin473,DNA-Protein,1
Rv2021c,bin473,DNA-Protein,1
Rv2250c,bin473,DNA-Protein,1
Rv3736,bin473,DNA-Protein,1
whiB5,bin474,DNA-Protein,1
Rv0023,bin474,DNA-Protein,1
Rv0047c,bin474,DNA-Protein,1
Rv0067c,bin474,DNA-Protein,1
Rv0081,bin474,DNA-Protein,1
Rv0135c,bin474,DNA-Protein,1
Rv0302,bin474,DNA-Protein,1
Rv0324,bin474,DNA-Protein,1
sigK,bin474,DNA-Protein,1
Rv0474,bin474,DNA-Protein,1
tcrA,bin474,DNA-Protein,1
Rv0678,bin474,DNA-Protein,1
trcR,bin474,DNA-Protein,1
Rv1049,bin474,DNA-Protein,1
sigI,bin474,DNA-Protein,1
Rv1353c,bin474,DNA-Protein,1
Rv1404,bin474,DNA-Protein,1
Rv1460,bin474,DNA-Protein,1
Rv1719,bin474,DNA-Protein,1
Rv1985c,bin474,DNA-Protein,1
sigC,bin474,DNA-Protein,1
Rv2250c,bin474,DNA-Protein,1
Rv2506,bin474,DNA-Protein,1
Rv2887,bin474,DNA-Protein,1
Rv2989,bin474,DNA-Protein,1
devR,bin474,DNA-Protein,1
Rv3160c,bin474,DNA-Protein,1
Rv3249c,bin474,DNA-Protein,1
sigF,bin474,DNA-Protein,1
sigD,bin474,DNA-Protein,1
Rv3488,bin474,DNA-Protein,1
kstR,bin474,DNA-Protein,1
lsr2,bin474,DNA-Protein,1
crp,bin474,DNA-Protein,1
Rv3830c,bin474,DNA-Protein,1
ethR,bin474,DNA-Protein,1
Rv0023,bin475,DNA-Protein,1
Rv0047c,bin475,DNA-Protein,1
Rv0494,bin475,DNA-Protein,1
Rv0767c,bin475,DNA-Protein,1
trcR,bin475,DNA-Protein,1
Rv1049,bin475,DNA-Protein,1
Rv2250c,bin475,DNA-Protein,1
Rv2324,bin475,DNA-Protein,1
Rv3249c,bin475,DNA-Protein,1
kstR,bin475,DNA-Protein,1
espR,bin475,DNA-Protein,1
Rv0081,bin476,DNA-Protein,1
Rv0678,bin476,DNA-Protein,1
Rv0691c,bin476,DNA-Protein,1
trcR,bin476,DNA-Protein,1
whiA,bin476,DNA-Protein,1
Rv1473A,bin476,DNA-Protein,1
Rv1816,bin476,DNA-Protein,1
Rv1985c,bin476,DNA-Protein,1
Rv2250c,bin476,DNA-Protein,1
devR,bin476,DNA-Protein,1
Rv3249c,bin476,DNA-Protein,1
kstR,bin476,DNA-Protein,1
lsr2,bin476,DNA-Protein,1
Rv3736,bin476,DNA-Protein,1
Rv0081,bin477,DNA-Protein,1
phoP,bin477,DNA-Protein,1
Rv1049,bin477,DNA-Protein,1
whiB5,bin478,DNA-Protein,1
Rv0081,bin478,DNA-Protein,1
Rv0678,bin478,DNA-Protein,1
phoP,bin478,DNA-Protein,1
csoR,bin478,DNA-Protein,1
trcR,bin478,DNA-Protein,1
sirR,bin478,DNA-Protein,1
whiB4,bin478,DNA-Protein,1
Rv0047c,bin479,DNA-Protein,1
Rv0081,bin479,DNA-Protein,1
Rv0135c,bin479,DNA-Protein,1
Rv0302,bin479,DNA-Protein,1
Rv0324,bin479,DNA-Protein,1
sigK,bin479,DNA-Protein,1
trcR,bin479,DNA-Protein,1
Rv1049,bin479,DNA-Protein,1
Rv1816,bin479,DNA-Protein,1
Rv2034,bin479,DNA-Protein,1
Rv2989,bin479,DNA-Protein,1
devR,bin479,DNA-Protein,1
lsr2,bin479,DNA-Protein,1
espR,bin479,DNA-Protein,1
whiB5,bin480,DNA-Protein,1
Rv0047c,bin480,DNA-Protein,1
Rv0081,bin480,DNA-Protein,1
Rv0135c,bin480,DNA-Protein,1
tcrA,bin480,DNA-Protein,1
Rv0691c,bin480,DNA-Protein,1
phoP,bin480,DNA-Protein,1
csoR,bin480,DNA-Protein,1
trcR,bin480,DNA-Protein,1
Rv1049,bin480,DNA-Protein,1
Rv1353c,bin480,DNA-Protein,1
Rv1816,bin480,DNA-Protein,1
Rv1985c,bin480,DNA-Protein,1
Rv2034,bin480,DNA-Protein,1
Rv2250c,bin480,DNA-Protein,1
Rv2324,bin480,DNA-Protein,1
Rv2989,bin480,DNA-Protein,1
whiB2,bin480,DNA-Protein,1
whiB3,bin480,DNA-Protein,1
kstR,bin480,DNA-Protein,1
whiB4,bin480,DNA-Protein,1
Rv3830c,bin480,DNA-Protein,1
ethR,bin480,DNA-Protein,1
whiB5,bin481,DNA-Protein,1
Rv0081,bin481,DNA-Protein,1
Rv0324,bin481,DNA-Protein,1
Rv0494,bin481,DNA-Protein,1
Rv0678,bin481,DNA-Protein,1
Rv0691c,bin481,DNA-Protein,1
trcR,bin481,DNA-Protein,1
Rv1353c,bin481,DNA-Protein,1
Rv1985c,bin481,DNA-Protein,1
Rv1990c,bin481,DNA-Protein,1
Rv2021c,bin481,DNA-Protein,1
Rv2250c,bin481,DNA-Protein,1
Rv2989,bin481,DNA-Protein,1
devR,bin481,DNA-Protein,1
Rv3249c,bin481,DNA-Protein,1
espR,bin481,DNA-Protein,1
Rv0081,bin482,DNA-Protein,1
Rv0135c,bin482,DNA-Protein,1
Rv0302,bin482,DNA-Protein,1
Rv0324,bin482,DNA-Protein,1
Rv0330c,bin482,DNA-Protein,1
Rv0465c,bin482,DNA-Protein,1
Rv0474,bin482,DNA-Protein,1
Rv0576,bin482,DNA-Protein,1
tcrA,bin482,DNA-Protein,1
Rv0678,bin482,DNA-Protein,1
Rv0691c,bin482,DNA-Protein,1
phoP,bin482,DNA-Protein,1
csoR,bin482,DNA-Protein,1
trcR,bin482,DNA-Protein,1
Rv1049,bin482,DNA-Protein,1
Rv1167c,bin482,DNA-Protein,1
sigI,bin482,DNA-Protein,1
Rv1255c,bin482,DNA-Protein,1
Rv1353c,bin482,DNA-Protein,1
pyrR,bin482,DNA-Protein,1
whiA,bin482,DNA-Protein,1
Rv1473A,bin482,DNA-Protein,1
Rv1816,bin482,DNA-Protein,1
Rv1828,bin482,DNA-Protein,1
Rv1985c,bin482,DNA-Protein,1
Rv1990c,bin482,DNA-Protein,1
Rv2011c,bin482,DNA-Protein,1
sigC,bin482,DNA-Protein,1
Rv2324,bin482,DNA-Protein,1
sigA,bin482,DNA-Protein,1
Rv2989,bin482,DNA-Protein,1
Rv3050c,bin482,DNA-Protein,1
devR,bin482,DNA-Protein,1
Rv3160c,bin482,DNA-Protein,1
mtrA,bin482,DNA-Protein,1
Rv3249c,bin482,DNA-Protein,1
whiB2,bin482,DNA-Protein,1
lrpA,bin482,DNA-Protein,1
Rv3557c,bin482,DNA-Protein,1
kstR,bin482,DNA-Protein,1
lsr2,bin482,DNA-Protein,1
whiB4,bin482,DNA-Protein,1
tcrX,bin482,DNA-Protein,1
espR,bin482,DNA-Protein,1
ethR,bin482,DNA-Protein,1
whiB5,bin483,DNA-Protein,1
Rv0135c,bin483,DNA-Protein,1
csoR,bin483,DNA-Protein,1
Rv1049,bin483,DNA-Protein,1
Rv1167c,bin483,DNA-Protein,1
Rv1186c,bin483,DNA-Protein,1
Rv1473A,bin483,DNA-Protein,1
Rv1816,bin483,DNA-Protein,1
Rv1828,bin483,DNA-Protein,1
vapB15,bin483,DNA-Protein,1
csoR,bin484,DNA-Protein,1
trcR,bin484,DNA-Protein,1
Rv1353c,bin484,DNA-Protein,1
Rv2011c,bin484,DNA-Protein,1
Rv2324,bin484,DNA-Protein,1
Rv3830c,bin484,DNA-Protein,1
Rv0081,bin485,DNA-Protein,1
Rv0302,bin485,DNA-Protein,1
csoR,bin485,DNA-Protein,1
Rv1719,bin485,DNA-Protein,1
Rv1816,bin485,DNA-Protein,1
Rv2887,bin485,DNA-Protein,1
Rv3736,bin485,DNA-Protein,1
Rv0023,bin486,DNA-Protein,1
Rv0047c,bin486,DNA-Protein,1
Rv0081,bin486,DNA-Protein,1
Rv0275c,bin486,DNA-Protein,1
Rv0465c,bin486,DNA-Protein,1
Rv1049,bin486,DNA-Protein,1
Rv1816,bin486,DNA-Protein,1
Rv1985c,bin486,DNA-Protein,1
Rv1990c,bin486,DNA-Protein,1
Rv2324,bin486,DNA-Protein,1
mtrA,bin486,DNA-Protein,1
Rv3249c,bin486,DNA-Protein,1
kstR,bin486,DNA-Protein,1
Rv0081,bin487,DNA-Protein,1
Rv0135c,bin487,DNA-Protein,1
Rv0678,bin487,DNA-Protein,1
Rv0880,bin487,DNA-Protein,1
Rv1353c,bin487,DNA-Protein,1
Rv2250c,bin487,DNA-Protein,1
Rv3488,bin487,DNA-Protein,1
whiB5,bin488,DNA-Protein,1
Rv0135c,bin488,DNA-Protein,1
Rv0678,bin488,DNA-Protein,1
csoR,bin488,DNA-Protein,1
Rv1353c,bin488,DNA-Protein,1
Rv1816,bin488,DNA-Protein,1
Rv1990c,bin488,DNA-Protein,1
Rv3488,bin488,DNA-Protein,1
kstR,bin488,DNA-Protein,1
Rv0047c,bin489,DNA-Protein,1
Rv0767c,bin489,DNA-Protein,1
Rv1049,bin489,DNA-Protein,1
Rv1473A,bin489,DNA-Protein,1
Rv1816,bin489,DNA-Protein,1
Rv1990c,bin489,DNA-Protein,1
Rv2034,bin489,DNA-Protein,1
Rv3249c,bin489,DNA-Protein,1
whiB5,bin490,DNA-Protein,1
Rv0047c,bin490,DNA-Protein,1
Rv0081,bin490,DNA-Protein,1
Rv0135c,bin490,DNA-Protein,1
Rv0678,bin490,DNA-Protein,1
Rv0691c,bin490,DNA-Protein,1
Rv0767c,bin490,DNA-Protein,1
Rv1353c,bin490,DNA-Protein,1
Rv1816,bin490,DNA-Protein,1
Rv1990c,bin490,DNA-Protein,1
Rv2250c,bin490,DNA-Protein,1
Rv3488,bin490,DNA-Protein,1
Rv3736,bin490,DNA-Protein,1
whiB5,bin491,DNA-Protein,1
Rv0047c,bin491,DNA-Protein,1
Rv0880,bin491,DNA-Protein,1
csoR,bin491,DNA-Protein,1
Rv1353c,bin491,DNA-Protein,1
Rv1719,bin491,DNA-Protein,1
Rv1990c,bin491,DNA-Protein,1
cmtR,bin491,DNA-Protein,1
vapB15,bin491,DNA-Protein,1
Rv2011c,bin491,DNA-Protein,1
Rv2034,bin491,DNA-Protein,1
Rv2250c,bin491,DNA-Protein,1
devR,bin491,DNA-Protein,1
Rv3488,bin491,DNA-Protein,1
Rv0047c,bin492,DNA-Protein,1
Rv0081,bin492,DNA-Protein,1
Rv0135c,bin492,DNA-Protein,1
Rv0324,bin492,DNA-Protein,1
Rv0678,bin492,DNA-Protein,1
csoR,bin492,DNA-Protein,1
trcR,bin492,DNA-Protein,1
Rv1816,bin492,DNA-Protein,1
higA,bin492,DNA-Protein,1
cmtR,bin492,DNA-Protein,1
vapB15,bin492,DNA-Protein,1
Rv2034,bin492,DNA-Protein,1
Rv2324,bin492,DNA-Protein,1
Rv3066,bin492,DNA-Protein,1
Rv3249c,bin492,DNA-Protein,1
kstR,bin492,DNA-Protein,1
lsr2,bin492,DNA-Protein,1
tcrX,bin492,DNA-Protein,1
espR,bin492,DNA-Protein,1
Rv0047c,bin493,DNA-Protein,1
Rv0081,bin493,DNA-Protein,1
Rv0302,bin493,DNA-Protein,1
Rv0324,bin493,DNA-Protein,1
tcrA,bin493,DNA-Protein,1
Rv0678,bin493,DNA-Protein,1
Rv0691c,bin493,DNA-Protein,1
csoR,bin493,DNA-Protein,1
trcR,bin493,DNA-Protein,1
Rv1049,bin493,DNA-Protein,1
Rv1353c,bin493,DNA-Protein,1
Rv1404,bin493,DNA-Protein,1
whiA,bin493,DNA-Protein,1
Rv1816,bin493,DNA-Protein,1
Rv1990c,bin493,DNA-Protein,1
Rv2250c,bin493,DNA-Protein,1
Rv2324,bin493,DNA-Protein,1
Rv2887,bin493,DNA-Protein,1
devR,bin493,DNA-Protein,1
Rv3249c,bin493,DNA-Protein,1
kstR,bin493,DNA-Protein,1
lsr2,bin493,DNA-Protein,1
Rv0047c,bin494,DNA-Protein,1
Rv0081,bin494,DNA-Protein,1
Rv0135c,bin494,DNA-Protein,1
Rv0339c,bin494,DNA-Protein,1
Rv0678,bin494,DNA-Protein,1
Rv0691c,bin494,DNA-Protein,1
sigL,bin494,DNA-Protein,1
csoR,bin494,DNA-Protein,1
Rv1219c,bin494,DNA-Protein,1
Rv1353c,bin494,DNA-Protein,1
Rv1674c,bin494,DNA-Protein,1
Rv1719,bin494,DNA-Protein,1
Rv1985c,bin494,DNA-Protein,1
cmtR,bin494,DNA-Protein,1
Rv2011c,bin494,DNA-Protein,1
Rv2324,bin494,DNA-Protein,1
Rv2989,bin494,DNA-Protein,1
sigH,bin494,DNA-Protein,1
Rv0324,bin495,DNA-Protein,1
Rv0767c,bin495,DNA-Protein,1
csoR,bin495,DNA-Protein,1
Rv1719,bin495,DNA-Protein,1
Rv1816,bin495,DNA-Protein,1
Rv2034,bin495,DNA-Protein,1
Rv3488,bin495,DNA-Protein,1
lsr2,bin495,DNA-Protein,1
Rv0047c,bin496,DNA-Protein,1
Rv0653c,bin496,DNA-Protein,1
Rv0302,bin497,DNA-Protein,1
Rv0324,bin497,DNA-Protein,1
phoP,bin497,DNA-Protein,1
Rv0767c,bin497,DNA-Protein,1
csoR,bin497,DNA-Protein,1
Rv1353c,bin497,DNA-Protein,1
Rv1473A,bin497,DNA-Protein,1
Rv1816,bin497,DNA-Protein,1
whiB4,bin497,DNA-Protein,1
Rv3830c,bin497,DNA-Protein,1
Rv0023,bin498,DNA-Protein,1
Rv0047c,bin498,DNA-Protein,1
Rv0081,bin498,DNA-Protein,1
Rv0135c,bin498,DNA-Protein,1
Rv0678,bin498,DNA-Protein,1
Rv0691c,bin498,DNA-Protein,1
Rv1049,bin498,DNA-Protein,1
Rv1353c,bin498,DNA-Protein,1
whiA,bin498,DNA-Protein,1
Rv1473A,bin498,DNA-Protein,1
Rv1719,bin498,DNA-Protein,1
Rv1816,bin498,DNA-Protein,1
higA,bin498,DNA-Protein,1
Rv1990c,bin498,DNA-Protein,1
Rv2034,bin498,DNA-Protein,1
Rv2250c,bin498,DNA-Protein,1
Rv3249c,bin498,DNA-Protein,1
Rv3488,bin498,DNA-Protein,1
Rv3830c,bin498,DNA-Protein,1
espR,bin498,DNA-Protein,1
Rv0047c,bin499,DNA-Protein,1
Rv0081,bin499,DNA-Protein,1
Rv0324,bin499,DNA-Protein,1
Rv0678,bin499,DNA-Protein,1
trcR,bin499,DNA-Protein,1
Rv1353c,bin499,DNA-Protein,1
whiA,bin499,DNA-Protein,1
Rv1816,bin499,DNA-Protein,1
Rv2034,bin499,DNA-Protein,1
Rv2250c,bin499,DNA-Protein,1
Rv2324,bin499,DNA-Protein,1
Rv3488,bin499,DNA-Protein,1
kstR,bin499,DNA-Protein,1
Rv0302,bin500,DNA-Protein,1
Rv0339c,bin500,DNA-Protein,1
Rv0691c,bin500,DNA-Protein,1
csoR,bin500,DNA-Protein,1
Rv1049,bin500,DNA-Protein,1
Rv1719,bin500,DNA-Protein,1
Rv1990c,bin500,DNA-Protein,1
Rv2324,bin500,DNA-Protein,1
whiB1,bin500,DNA-Protein,1
Rv3736,bin500,DNA-Protein,1
espR,bin500,DNA-Protein,1
Rv0135c,bin501,DNA-Protein,1
Rv0302,bin501,DNA-Protein,1
Rv0678,bin501,DNA-Protein,1
Rv1719,bin501,DNA-Protein,1
Rv1816,bin501,DNA-Protein,1
espR,bin501,DNA-Protein,1
whiB5,bin502,DNA-Protein,1
Rv0302,bin502,DNA-Protein,1
Rv0324,bin502,DNA-Protein,1
Rv0691c,bin502,DNA-Protein,1
csoR,bin502,DNA-Protein,1
Rv1353c,bin502,DNA-Protein,1
espR,bin502,DNA-Protein,1
whiB5,bin503,DNA-Protein,1
Rv0081,bin503,DNA-Protein,1
Rv0135c,bin503,DNA-Protein,1
Rv0324,bin503,DNA-Protein,1
csoR,bin503,DNA-Protein,1
Rv1049,bin503,DNA-Protein,1
Rv1473A,bin503,DNA-Protein,1
Rv1990c,bin503,DNA-Protein,1
Rv2034,bin503,DNA-Protein,1
Rv2887,bin503,DNA-Protein,1
Rv3249c,bin503,DNA-Protein,1
Rv0023,bin504,DNA-Protein,1
Rv0047c,bin504,DNA-Protein,1
Rv0081,bin504,DNA-Protein,1
Rv0135c,bin504,DNA-Protein,1
nadR,bin504,DNA-Protein,1
Rv0273c,bin504,DNA-Protein,1
Rv0302,bin504,DNA-Protein,1
tcrA,bin504,DNA-Protein,1
Rv0678,bin504,DNA-Protein,1
phoP,bin504,DNA-Protein,1
Rv0767c,bin504,DNA-Protein,1
csoR,bin504,DNA-Protein,1
trcR,bin504,DNA-Protein,1
Rv1049,bin504,DNA-Protein,1
Rv1255c,bin504,DNA-Protein,1
Rv1816,bin504,DNA-Protein,1
Rv1985c,bin504,DNA-Protein,1
Rv2011c,bin504,DNA-Protein,1
Rv2250c,bin504,DNA-Protein,1
Rv2324,bin504,DNA-Protein,1
mtrA,bin504,DNA-Protein,1
Rv3249c,bin504,DNA-Protein,1
kstR,bin504,DNA-Protein,1
lsr2,bin504,DNA-Protein,1
tcrX,bin504,DNA-Protein,1
Rv0767c,bin505,DNA-Protein,1
Rv1049,bin505,DNA-Protein,1
Rv1816,bin505,DNA-Protein,1
Rv1990c,bin505,DNA-Protein,1
Rv2034,bin505,DNA-Protein,1
kstR,bin505,DNA-Protein,1
Rv3736,bin505,DNA-Protein,1
Rv0023,bin506,DNA-Protein,1
Rv0324,bin506,DNA-Protein,1
Rv0767c,bin506,DNA-Protein,1
Rv1353c,bin506,DNA-Protein,1
Rv1719,bin506,DNA-Protein,1
Rv1990c,bin506,DNA-Protein,1
Rv2250c,bin506,DNA-Protein,1
Rv3488,bin506,DNA-Protein,1
whiB5,bin507,DNA-Protein,1
Rv0047c,bin507,DNA-Protein,1
Rv0081,bin507,DNA-Protein,1
Rv0302,bin507,DNA-Protein,1
Rv0678,bin507,DNA-Protein,1
Rv0691c,bin507,DNA-Protein,1
Rv0767c,bin507,DNA-Protein,1
Rv1049,bin507,DNA-Protein,1
whiA,bin507,DNA-Protein,1
Rv2258c,bin507,DNA-Protein,1
lsr2,bin507,DNA-Protein,1
whiB5,bin508,DNA-Protein,1
Rv0047c,bin508,DNA-Protein,1
Rv0678,bin508,DNA-Protein,1
csoR,bin508,DNA-Protein,1
Rv1990c,bin508,DNA-Protein,1
Rv3066,bin508,DNA-Protein,1
kstR,bin508,DNA-Protein,1
Rv0023,bin509,DNA-Protein,1
Rv0081,bin509,DNA-Protein,1
tcrA,bin509,DNA-Protein,1
Rv0678,bin509,DNA-Protein,1
trcR,bin509,DNA-Protein,1
Rv1816,bin509,DNA-Protein,1
Rv3736,bin509,DNA-Protein,1
Rv0081,bin510,DNA-Protein,1
Rv0135c,bin510,DNA-Protein,1
tcrA,bin510,DNA-Protein,1
Rv0678,bin510,DNA-Protein,1
phoP,bin510,DNA-Protein,1
csoR,bin510,DNA-Protein,1
Rv1049,bin510,DNA-Protein,1
Rv1556,bin510,DNA-Protein,1
Rv1816,bin510,DNA-Protein,1
whiB1,bin510,DNA-Protein,1
Rv0081,bin511,DNA-Protein,1
tcrA,bin511,DNA-Protein,1
Rv0691c,bin511,DNA-Protein,1
Rv0767c,bin511,DNA-Protein,1
Rv0818,bin511,DNA-Protein,1
Rv1816,bin511,DNA-Protein,1
Rv0047c,bin512,DNA-Protein,1
Rv0081,bin512,DNA-Protein,1
Rv0135c,bin512,DNA-Protein,1
Rv0324,bin512,DNA-Protein,1
Rv0691c,bin512,DNA-Protein,1
trcR,bin512,DNA-Protein,1
Rv1049,bin512,DNA-Protein,1
Rv1816,bin512,DNA-Protein,1
Rv2011c,bin512,DNA-Protein,1
Rv2250c,bin512,DNA-Protein,1
Rv2282c,bin512,DNA-Protein,1
devR,bin512,DNA-Protein,1
Rv0081,bin513,DNA-Protein,1
Rv0135c,bin513,DNA-Protein,1
Rv0324,bin513,DNA-Protein,1
Rv0465c,bin513,DNA-Protein,1
Rv0678,bin513,DNA-Protein,1
Rv0691c,bin513,DNA-Protein,1
phoP,bin513,DNA-Protein,1
Rv0767c,bin513,DNA-Protein,1
csoR,bin513,DNA-Protein,1
Rv1049,bin513,DNA-Protein,1
Rv1219c,bin513,DNA-Protein,1
whiA,bin513,DNA-Protein,1
Rv1556,bin513,DNA-Protein,1
Rv1719,bin513,DNA-Protein,1
Rv1816,bin513,DNA-Protein,1
Rv1990c,bin513,DNA-Protein,1
Rv2011c,bin513,DNA-Protein,1
Rv2034,bin513,DNA-Protein,1
Rv2250c,bin513,DNA-Protein,1
kstR,bin513,DNA-Protein,1
lsr2,bin513,DNA-Protein,1
whiB4,bin513,DNA-Protein,1
Rv0023,bin514,DNA-Protein,1
Rv0302,bin514,DNA-Protein,1
Rv0678,bin514,DNA-Protein,1
Rv1353c,bin514,DNA-Protein,1
Rv1816,bin514,DNA-Protein,1
mtrA,bin514,DNA-Protein,1
Rv3488,bin514,DNA-Protein,1
kstR,bin514,DNA-Protein,1
lsr2,bin514,DNA-Protein,1
Rv3830c,bin514,DNA-Protein,1
whiB5,bin515,DNA-Protein,1
Rv0081,bin515,DNA-Protein,1
Rv0135c,bin515,DNA-Protein,1
Rv0324,bin515,DNA-Protein,1
tcrA,bin515,DNA-Protein,1
Rv0691c,bin515,DNA-Protein,1
sigL,bin515,DNA-Protein,1
Rv1255c,bin515,DNA-Protein,1
Rv1353c,bin515,DNA-Protein,1
Rv1473A,bin515,DNA-Protein,1
Rv2034,bin515,DNA-Protein,1
devR,bin515,DNA-Protein,1
sigH,bin515,DNA-Protein,1
Rv3249c,bin515,DNA-Protein,1
Rv3488,bin515,DNA-Protein,1
kstR,bin515,DNA-Protein,1
Rv3736,bin515,DNA-Protein,1
Rv0047c,bin516,DNA-Protein,1
Rv0081,bin516,DNA-Protein,1
Rv0135c,bin516,DNA-Protein,1
Rv0158,bin516,DNA-Protein,1
Rv0324,bin516,DNA-Protein,1
Rv0465c,bin516,DNA-Protein,1
Rv0576,bin516,DNA-Protein,1
Rv0678,bin516,DNA-Protein,1
phoP,bin516,DNA-Protein,1
Rv0767c,bin516,DNA-Protein,1
trcR,bin516,DNA-Protein,1
Rv1167c,bin516,DNA-Protein,1
sigI,bin516,DNA-Protein,1
Rv1332,bin516,DNA-Protein,1
Rv1816,bin516,DNA-Protein,1
Rv1985c,bin516,DNA-Protein,1
Rv1990c,bin516,DNA-Protein,1
Rv2034,bin516,DNA-Protein,1
sigC,bin516,DNA-Protein,1
Rv2324,bin516,DNA-Protein,1
devR,bin516,DNA-Protein,1
Rv3160c,bin516,DNA-Protein,1
kstR,bin516,DNA-Protein,1
lsr2,bin516,DNA-Protein,1
whiB4,bin516,DNA-Protein,1
Rv3736,bin516,DNA-Protein,1
tcrX,bin516,DNA-Protein,1
espR,bin516,DNA-Protein,1
ethR,bin516,DNA-Protein,1
whiB5,bin517,DNA-Protein,1
Rv0023,bin517,DNA-Protein,1
Rv0047c,bin517,DNA-Protein,1
Rv0081,bin517,DNA-Protein,1
Rv0135c,bin517,DNA-Protein,1
Rv0302,bin517,DNA-Protein,1
Rv0474,bin517,DNA-Protein,1
tcrA,bin517,DNA-Protein,1
Rv0678,bin517,DNA-Protein,1
csoR,bin517,DNA-Protein,1
trcR,bin517,DNA-Protein,1
Rv1049,bin517,DNA-Protein,1
Rv1353c,bin517,DNA-Protein,1
whiA,bin517,DNA-Protein,1
higA,bin517,DNA-Protein,1
Rv2324,bin517,DNA-Protein,1
Rv2887,bin517,DNA-Protein,1
devR,bin517,DNA-Protein,1
Rv3249c,bin517,DNA-Protein,1
Rv3736,bin517,DNA-Protein,1
espR,bin517,DNA-Protein,1
Rv0047c,bin518,DNA-Protein,1
Rv0135c,bin518,DNA-Protein,1
csoR,bin518,DNA-Protein,1
Rv1473A,bin518,DNA-Protein,1
cmr,bin518,DNA-Protein,1
Rv1816,bin518,DNA-Protein,1
Rv2034,bin518,DNA-Protein,1
whiB5,bin519,DNA-Protein,1
Rv0302,bin519,DNA-Protein,1
Rv1473A,bin519,DNA-Protein,1
Rv1816,bin519,DNA-Protein,1
Rv2034,bin519,DNA-Protein,1
Rv3488,bin519,DNA-Protein,1
Rv0023,bin520,DNA-Protein,1
Rv0047c,bin520,DNA-Protein,1
Rv0081,bin520,DNA-Protein,1
Rv0324,bin520,DNA-Protein,1
Rv0653c,bin520,DNA-Protein,1
Rv0678,bin520,DNA-Protein,1
Rv1353c,bin520,DNA-Protein,1
whiA,bin520,DNA-Protein,1
Rv1473A,bin520,DNA-Protein,1
Rv1674c,bin520,DNA-Protein,1
Rv1985c,bin520,DNA-Protein,1
Rv2324,bin520,DNA-Protein,1
Rv2887,bin520,DNA-Protein,1
Rv3249c,bin520,DNA-Protein,1
Rv3488,bin520,DNA-Protein,1
lsr2,bin520,DNA-Protein,1
Rv3736,bin520,DNA-Protein,1
whiB5,bin521,DNA-Protein,1
Rv0023,bin521,DNA-Protein,1
Rv0081,bin521,DNA-Protein,1
Rv0135c,bin521,DNA-Protein,1
Rv0302,bin521,DNA-Protein,1
Rv0324,bin521,DNA-Protein,1
Rv0678,bin521,DNA-Protein,1
Rv0691c,bin521,DNA-Protein,1
phoP,bin521,DNA-Protein,1
trcR,bin521,DNA-Protein,1
Rv1219c,bin521,DNA-Protein,1
Rv1353c,bin521,DNA-Protein,1
Rv1816,bin521,DNA-Protein,1
higA,bin521,DNA-Protein,1
Rv1985c,bin521,DNA-Protein,1
Rv2250c,bin521,DNA-Protein,1
whiB2,bin521,DNA-Protein,1
whiB4,bin521,DNA-Protein,1
Rv3736,bin521,DNA-Protein,1
Rv0047c,bin522,DNA-Protein,1
Rv0081,bin522,DNA-Protein,1
Rv0324,bin522,DNA-Protein,1
tcrA,bin522,DNA-Protein,1
Rv0691c,bin522,DNA-Protein,1
sigL,bin522,DNA-Protein,1
Rv0767c,bin522,DNA-Protein,1
Rv0880,bin522,DNA-Protein,1
trcR,bin522,DNA-Protein,1
Rv1049,bin522,DNA-Protein,1
Rv1219c,bin522,DNA-Protein,1
Rv1353c,bin522,DNA-Protein,1
Rv1473A,bin522,DNA-Protein,1
Rv2250c,bin522,DNA-Protein,1
Rv2989,bin522,DNA-Protein,1
sigH,bin522,DNA-Protein,1
Rv3488,bin522,DNA-Protein,1
lsr2,bin522,DNA-Protein,1
Rv0047c,bin523,DNA-Protein,1
Rv0081,bin523,DNA-Protein,1
Rv0135c,bin523,DNA-Protein,1
Rv0324,bin523,DNA-Protein,1
Rv0465c,bin523,DNA-Protein,1
Rv0576,bin523,DNA-Protein,1
Rv0678,bin523,DNA-Protein,1
Rv0691c,bin523,DNA-Protein,1
phoP,bin523,DNA-Protein,1
Rv0880,bin523,DNA-Protein,1
Rv1049,bin523,DNA-Protein,1
sigI,bin523,DNA-Protein,1
Rv1219c,bin523,DNA-Protein,1
Rv1255c,bin523,DNA-Protein,1
Rv1353c,bin523,DNA-Protein,1
Rv1404,bin523,DNA-Protein,1
Rv1473A,bin523,DNA-Protein,1
Rv1816,bin523,DNA-Protein,1
higA,bin523,DNA-Protein,1
Rv1985c,bin523,DNA-Protein,1
Rv1990c,bin523,DNA-Protein,1
Rv2011c,bin523,DNA-Protein,1
Rv2021c,bin523,DNA-Protein,1
Rv2034,bin523,DNA-Protein,1
sigC,bin523,DNA-Protein,1
Rv2324,bin523,DNA-Protein,1
Rv2887,bin523,DNA-Protein,1
Rv2989,bin523,DNA-Protein,1
devR,bin523,DNA-Protein,1
Rv3167c,bin523,DNA-Protein,1
Rv3488,bin523,DNA-Protein,1
kstR,bin523,DNA-Protein,1
lsr2,bin523,DNA-Protein,1
Rv3736,bin523,DNA-Protein,1
tcrX,bin523,DNA-Protein,1
Rv0023,bin524,DNA-Protein,1
Rv0047c,bin524,DNA-Protein,1
Rv0081,bin524,DNA-Protein,1
Rv0135c,bin524,DNA-Protein,1
Rv0302,bin524,DNA-Protein,1
Rv0324,bin524,DNA-Protein,1
Rv0653c,bin524,DNA-Protein,1
Rv0691c,bin524,DNA-Protein,1
phoP,bin524,DNA-Protein,1
csoR,bin524,DNA-Protein,1
trcR,bin524,DNA-Protein,1
Rv1049,bin524,DNA-Protein,1
Rv1353c,bin524,DNA-Protein,1
whiA,bin524,DNA-Protein,1
Rv1473A,bin524,DNA-Protein,1
Rv1816,bin524,DNA-Protein,1
Rv1990c,bin524,DNA-Protein,1
Rv2011c,bin524,DNA-Protein,1
Rv2034,bin524,DNA-Protein,1
Rv2989,bin524,DNA-Protein,1
Rv3830c,bin524,DNA-Protein,1
espR,bin524,DNA-Protein,1
whiB5,bin525,DNA-Protein,1
Rv0047c,bin525,DNA-Protein,1
Rv0081,bin525,DNA-Protein,1
Rv0135c,bin525,DNA-Protein,1
Rv0691c,bin525,DNA-Protein,1
Rv0767c,bin525,DNA-Protein,1
whiA,bin525,DNA-Protein,1
Rv1816,bin525,DNA-Protein,1
Rv1990c,bin525,DNA-Protein,1
vapB15,bin525,DNA-Protein,1
Rv2021c,bin525,DNA-Protein,1
Rv2642,bin525,DNA-Protein,1
devR,bin525,DNA-Protein,1
Rv3249c,bin525,DNA-Protein,1
Rv3488,bin525,DNA-Protein,1
Rv0047c,bin526,DNA-Protein,1
Rv0081,bin526,DNA-Protein,1
Rv0273c,bin526,DNA-Protein,1
Rv0324,bin526,DNA-Protein,1
Rv0339c,bin526,DNA-Protein,1
Rv0678,bin526,DNA-Protein,1
Rv0691c,bin526,DNA-Protein,1
phoP,bin526,DNA-Protein,1
csoR,bin526,DNA-Protein,1
Rv1353c,bin526,DNA-Protein,1
Rv1816,bin526,DNA-Protein,1
higA,bin526,DNA-Protein,1
Rv1985c,bin526,DNA-Protein,1
Rv1990c,bin526,DNA-Protein,1
cmtR,bin526,DNA-Protein,1
Rv2011c,bin526,DNA-Protein,1
Rv2034,bin526,DNA-Protein,1
Rv2250c,bin526,DNA-Protein,1
Rv2887,bin526,DNA-Protein,1
devR,bin526,DNA-Protein,1
Rv3249c,bin526,DNA-Protein,1
Rv3488,bin526,DNA-Protein,1
kstR,bin526,DNA-Protein,1
lsr2,bin526,DNA-Protein,1
Rv0081,bin527,DNA-Protein,1
Rv0135c,bin527,DNA-Protein,1
Rv0339c,bin527,DNA-Protein,1
tcrA,bin527,DNA-Protein,1
Rv0678,bin527,DNA-Protein,1
Rv0691c,bin527,DNA-Protein,1
Rv0767c,bin527,DNA-Protein,1
csoR,bin527,DNA-Protein,1
trcR,bin527,DNA-Protein,1
Rv1353c,bin527,DNA-Protein,1
whiA,bin527,DNA-Protein,1
Rv1719,bin527,DNA-Protein,1
Rv1985c,bin527,DNA-Protein,1
Rv1990c,bin527,DNA-Protein,1
sirR,bin527,DNA-Protein,1
mtrA,bin527,DNA-Protein,1
Rv3249c,bin527,DNA-Protein,1
kstR,bin527,DNA-Protein,1
lsr2,bin527,DNA-Protein,1
Rv0081,bin528,DNA-Protein,1
Rv0135c,bin528,DNA-Protein,1
Rv0273c,bin528,DNA-Protein,1
Rv0465c,bin528,DNA-Protein,1
Rv0678,bin528,DNA-Protein,1
Rv0691c,bin528,DNA-Protein,1
phoP,bin528,DNA-Protein,1
trcR,bin528,DNA-Protein,1
sigI,bin528,DNA-Protein,1
Rv1353c,bin528,DNA-Protein,1
Rv1674c,bin528,DNA-Protein,1
Rv1985c,bin528,DNA-Protein,1
sirR,bin528,DNA-Protein,1
whiB4,bin528,DNA-Protein,1
Rv0047c,bin529,DNA-Protein,1
Rv0081,bin529,DNA-Protein,1
Rv0135c,bin529,DNA-Protein,1
Rv0324,bin529,DNA-Protein,1
Rv0767c,bin529,DNA-Protein,1
csoR,bin529,DNA-Protein,1
Rv1049,bin529,DNA-Protein,1
Rv1353c,bin529,DNA-Protein,1
whiA,bin529,DNA-Protein,1
Rv1719,bin529,DNA-Protein,1
Rv1816,bin529,DNA-Protein,1
cmtR,bin529,DNA-Protein,1
Rv2250c,bin529,DNA-Protein,1
Rv2324,bin529,DNA-Protein,1
sirR,bin529,DNA-Protein,1
Rv2989,bin529,DNA-Protein,1
devR,bin529,DNA-Protein,1
Rv3488,bin529,DNA-Protein,1
kstR,bin529,DNA-Protein,1
Rv0047c,bin530,DNA-Protein,1
Rv0135c,bin530,DNA-Protein,1
Rv0273c,bin530,DNA-Protein,1
Rv0302,bin530,DNA-Protein,1
Rv0324,bin530,DNA-Protein,1
tcrA,bin530,DNA-Protein,1
Rv0678,bin530,DNA-Protein,1
Rv0691c,bin530,DNA-Protein,1
phoP,bin530,DNA-Protein,1
Rv1049,bin530,DNA-Protein,1
Rv1816,bin530,DNA-Protein,1
Rv1990c,bin530,DNA-Protein,1
Rv2011c,bin530,DNA-Protein,1
Rv2034,bin530,DNA-Protein,1
devR,bin530,DNA-Protein,1
Rv3249c,bin530,DNA-Protein,1
whiB4,bin530,DNA-Protein,1
Rv0047c,bin531,DNA-Protein,1
Rv0081,bin531,DNA-Protein,1
Rv0678,bin531,DNA-Protein,1
csoR,bin531,DNA-Protein,1
trcR,bin531,DNA-Protein,1
Rv1049,bin531,DNA-Protein,1
whiA,bin531,DNA-Protein,1
Rv1816,bin531,DNA-Protein,1
Rv1990c,bin531,DNA-Protein,1
hrcA,bin531,DNA-Protein,1
Rv2989,bin531,DNA-Protein,1
devR,bin531,DNA-Protein,1
espR,bin531,DNA-Protein,1
Rv0081,bin532,DNA-Protein,1
Rv0135c,bin532,DNA-Protein,1
Rv0324,bin532,DNA-Protein,1
Rv0678,bin532,DNA-Protein,1
phoP,bin532,DNA-Protein,1
trcR,bin532,DNA-Protein,1
whiA,bin532,DNA-Protein,1
Rv1719,bin532,DNA-Protein,1
Rv1816,bin532,DNA-Protein,1
whiB4,bin532,DNA-Protein,1
tcrX,bin532,DNA-Protein,1
Rv0135c,bin533,DNA-Protein,1
csoR,bin533,DNA-Protein,1
Rv2250c,bin533,DNA-Protein,1
Rv2324,bin533,DNA-Protein,1
Rv3736,bin533,DNA-Protein,1
Rv0047c,bin534,DNA-Protein,1
Rv0678,bin534,DNA-Protein,1
Rv0302,bin535,DNA-Protein,1
Rv0691c,bin535,DNA-Protein,1
Rv1816,bin535,DNA-Protein,1
Rv2034,bin535,DNA-Protein,1
Rv0678,bin536,DNA-Protein,1
csoR,bin536,DNA-Protein,1
Rv0081,bin537,DNA-Protein,1
Rv0302,bin537,DNA-Protein,1
Rv0324,bin537,DNA-Protein,1
Rv0494,bin537,DNA-Protein,1
tcrA,bin537,DNA-Protein,1
Rv0678,bin537,DNA-Protein,1
phoP,bin537,DNA-Protein,1
csoR,bin537,DNA-Protein,1
trcR,bin537,DNA-Protein,1
Rv1049,bin537,DNA-Protein,1
Rv1219c,bin537,DNA-Protein,1
Rv1404,bin537,DNA-Protein,1
whiA,bin537,DNA-Protein,1
Rv1816,bin537,DNA-Protein,1
Rv1985c,bin537,DNA-Protein,1
Rv2011c,bin537,DNA-Protein,1
Rv2034,bin537,DNA-Protein,1
Rv2250c,bin537,DNA-Protein,1
Rv3249c,bin537,DNA-Protein,1
whiB4,bin537,DNA-Protein,1
Rv3736,bin537,DNA-Protein,1
Rv3830c,bin537,DNA-Protein,1
Rv0047c,bin538,DNA-Protein,1
Rv0324,bin538,DNA-Protein,1
Rv1719,bin538,DNA-Protein,1
Rv1990c,bin538,DNA-Protein,1
Rv2011c,bin538,DNA-Protein,1
Rv2250c,bin538,DNA-Protein,1
Rv3249c,bin538,DNA-Protein,1
Rv3830c,bin538,DNA-Protein,1
Rv0081,bin539,DNA-Protein,1
Rv0135c,bin539,DNA-Protein,1
nadR,bin539,DNA-Protein,1
Rv0324,bin539,DNA-Protein,1
Rv0691c,bin539,DNA-Protein,1
phoP,bin539,DNA-Protein,1
trcR,bin539,DNA-Protein,1
Rv1219c,bin539,DNA-Protein,1
Rv1404,bin539,DNA-Protein,1
Rv1719,bin539,DNA-Protein,1
Rv1816,bin539,DNA-Protein,1
Rv1985c,bin539,DNA-Protein,1
Rv2011c,bin539,DNA-Protein,1
sigC,bin539,DNA-Protein,1
Rv2324,bin539,DNA-Protein,1
Rv2989,bin539,DNA-Protein,1
whiB4,bin539,DNA-Protein,1
Rv3736,bin539,DNA-Protein,1
Rv3830c,bin539,DNA-Protein,1
espR,bin539,DNA-Protein,1
Rv0047c,bin540,DNA-Protein,1
Rv0081,bin540,DNA-Protein,1
Rv0678,bin540,DNA-Protein,1
Rv0691c,bin540,DNA-Protein,1
sigL,bin540,DNA-Protein,1
csoR,bin540,DNA-Protein,1
Rv1049,bin540,DNA-Protein,1
Rv1219c,bin540,DNA-Protein,1
Rv1353c,bin540,DNA-Protein,1
Rv1473A,bin540,DNA-Protein,1
Rv1816,bin540,DNA-Protein,1
cmtR,bin540,DNA-Protein,1
Rv2011c,bin540,DNA-Protein,1
sigH,bin540,DNA-Protein,1
Rv3488,bin540,DNA-Protein,1
kstR,bin540,DNA-Protein,1
lsr2,bin540,DNA-Protein,1
Rv0047c,bin541,DNA-Protein,1
Rv0678,bin541,DNA-Protein,1
csoR,bin541,DNA-Protein,1
whiA,bin541,DNA-Protein,1
Rv1473A,bin541,DNA-Protein,1
Rv1816,bin541,DNA-Protein,1
cmtR,bin541,DNA-Protein,1
Rv2011c,bin541,DNA-Protein,1
Rv3066,bin541,DNA-Protein,1
Rv3488,bin541,DNA-Protein,1
Rv3830c,bin541,DNA-Protein,1
whiB5,bin542,DNA-Protein,1
Rv0047c,bin542,DNA-Protein,1
Rv0302,bin542,DNA-Protein,1
Rv0678,bin542,DNA-Protein,1
Rv0691c,bin542,DNA-Protein,1
Rv1353c,bin542,DNA-Protein,1
Rv1404,bin542,DNA-Protein,1
Rv2011c,bin542,DNA-Protein,1
Rv2250c,bin542,DNA-Protein,1
Rv0023,bin543,DNA-Protein,1
Rv0081,bin543,DNA-Protein,1
Rv0135c,bin543,DNA-Protein,1
Rv0324,bin543,DNA-Protein,1
Rv0576,bin543,DNA-Protein,1
Rv0691c,bin543,DNA-Protein,1
Rv1049,bin543,DNA-Protein,1
Rv1353c,bin543,DNA-Protein,1
Rv1816,bin543,DNA-Protein,1
Rv1990c,bin543,DNA-Protein,1
Rv2011c,bin543,DNA-Protein,1
Rv2034,bin543,DNA-Protein,1
Rv2506,bin543,DNA-Protein,1
lsr2,bin543,DNA-Protein,1
Rv0047c,bin544,DNA-Protein,1
Rv0081,bin544,DNA-Protein,1
Rv0302,bin544,DNA-Protein,1
Rv1816,bin544,DNA-Protein,1
devR,bin544,DNA-Protein,1
Rv3736,bin544,DNA-Protein,1
Rv0678,bin545,DNA-Protein,1
whiA,bin545,DNA-Protein,1
Rv1816,bin545,DNA-Protein,1
Rv1990c,bin545,DNA-Protein,1
Rv0047c,bin546,DNA-Protein,1
Rv0081,bin546,DNA-Protein,1
Rv0324,bin546,DNA-Protein,1
mprA,bin546,DNA-Protein,1
trcR,bin546,DNA-Protein,1
Rv1816,bin546,DNA-Protein,1
Rv2034,bin546,DNA-Protein,1
lsr2,bin546,DNA-Protein,1
Rv0081,bin547,DNA-Protein,1
Rv0324,bin547,DNA-Protein,1
Rv0494,bin547,DNA-Protein,1
Rv0678,bin547,DNA-Protein,1
Rv1353c,bin547,DNA-Protein,1
Rv1473A,bin547,DNA-Protein,1
Rv3736,bin547,DNA-Protein,1
Rv3830c,bin547,DNA-Protein,1
Rv0023,bin548,DNA-Protein,1
Rv0081,bin548,DNA-Protein,1
Rv0465c,bin548,DNA-Protein,1
tcrA,bin548,DNA-Protein,1
Rv0678,bin548,DNA-Protein,1
csoR,bin548,DNA-Protein,1
trcR,bin548,DNA-Protein,1
Rv1049,bin548,DNA-Protein,1
Rv1353c,bin548,DNA-Protein,1
Rv1990c,bin548,DNA-Protein,1
vapB15,bin548,DNA-Protein,1
Rv2034,bin548,DNA-Protein,1
sirR,bin548,DNA-Protein,1
Rv3249c,bin548,DNA-Protein,1
Rv3488,bin548,DNA-Protein,1
Rv0023,bin549,DNA-Protein,1
Rv0081,bin549,DNA-Protein,1
Rv0135c,bin549,DNA-Protein,1
Rv0678,bin549,DNA-Protein,1
csoR,bin549,DNA-Protein,1
Rv1049,bin549,DNA-Protein,1
Rv1990c,bin549,DNA-Protein,1
Rv3249c,bin549,DNA-Protein,1
Rv3488,bin549,DNA-Protein,1
espR,bin549,DNA-Protein,1
Rv0047c,bin550,DNA-Protein,1
Rv0678,bin550,DNA-Protein,1
Rv0691c,bin550,DNA-Protein,1
csoR,bin550,DNA-Protein,1
trcR,bin550,DNA-Protein,1
Rv2011c,bin550,DNA-Protein,1
Rv0023,bin551,DNA-Protein,1
Rv0047c,bin551,DNA-Protein,1
Rv0081,bin551,DNA-Protein,1
Rv0135c,bin551,DNA-Protein,1
Rv0302,bin551,DNA-Protein,1
Rv0324,bin551,DNA-Protein,1
Rv0465c,bin551,DNA-Protein,1
tcrA,bin551,DNA-Protein,1
Rv0678,bin551,DNA-Protein,1
csoR,bin551,DNA-Protein,1
Rv1219c,bin551,DNA-Protein,1
Rv1353c,bin551,DNA-Protein,1
Rv1719,bin551,DNA-Protein,1
cmtR,bin551,DNA-Protein,1
Rv2011c,bin551,DNA-Protein,1
Rv2021c,bin551,DNA-Protein,1
Rv2034,bin551,DNA-Protein,1
Rv2989,bin551,DNA-Protein,1
mtrA,bin551,DNA-Protein,1
Rv3249c,bin551,DNA-Protein,1
lrpA,bin551,DNA-Protein,1
Rv3557c,bin551,DNA-Protein,1
lsr2,bin551,DNA-Protein,1
crp,bin551,DNA-Protein,1
ethR,bin551,DNA-Protein,1
Rv0047c,bin552,DNA-Protein,1
Rv0081,bin552,DNA-Protein,1
Rv0273c,bin552,DNA-Protein,1
Rv0324,bin552,DNA-Protein,1
Rv0678,bin552,DNA-Protein,1
Rv0691c,bin552,DNA-Protein,1
Rv1049,bin552,DNA-Protein,1
Rv1255c,bin552,DNA-Protein,1
whiA,bin552,DNA-Protein,1
Rv1473A,bin552,DNA-Protein,1
Rv1985c,bin552,DNA-Protein,1
Rv2011c,bin552,DNA-Protein,1
Rv2034,bin552,DNA-Protein,1
Rv2250c,bin552,DNA-Protein,1
Rv2324,bin552,DNA-Protein,1
sigH,bin552,DNA-Protein,1
Rv3488,bin552,DNA-Protein,1
lsr2,bin552,DNA-Protein,1
Rv3830c,bin552,DNA-Protein,1
Rv0023,bin553,DNA-Protein,1
Rv0047c,bin553,DNA-Protein,1
Rv0081,bin553,DNA-Protein,1
Rv0678,bin553,DNA-Protein,1
Rv0691c,bin553,DNA-Protein,1
phoP,bin553,DNA-Protein,1
trcR,bin553,DNA-Protein,1
Rv1816,bin553,DNA-Protein,1
Rv2034,bin553,DNA-Protein,1
Rv2324,bin553,DNA-Protein,1
Rv3249c,bin553,DNA-Protein,1
Rv3488,bin553,DNA-Protein,1
Rv3736,bin553,DNA-Protein,1
Rv0023,bin554,DNA-Protein,1
Rv0081,bin554,DNA-Protein,1
Rv0135c,bin554,DNA-Protein,1
Rv0324,bin554,DNA-Protein,1
Rv0691c,bin554,DNA-Protein,1
sigL,bin554,DNA-Protein,1
trcR,bin554,DNA-Protein,1
Rv1353c,bin554,DNA-Protein,1
Rv1816,bin554,DNA-Protein,1
Rv1990c,bin554,DNA-Protein,1
Rv2034,bin554,DNA-Protein,1
devR,bin554,DNA-Protein,1
sigH,bin554,DNA-Protein,1
mtrA,bin554,DNA-Protein,1
Rv3249c,bin554,DNA-Protein,1
Rv0047c,bin555,DNA-Protein,1
Rv0678,bin555,DNA-Protein,1
Rv0691c,bin555,DNA-Protein,1
csoR,bin555,DNA-Protein,1
Rv1353c,bin555,DNA-Protein,1
whiA,bin555,DNA-Protein,1
Rv1719,bin555,DNA-Protein,1
Rv1990c,bin555,DNA-Protein,1
Rv2989,bin555,DNA-Protein,1
Rv3249c,bin555,DNA-Protein,1
Rv0023,bin556,DNA-Protein,1
Rv0047c,bin556,DNA-Protein,1
Rv0678,bin556,DNA-Protein,1
Rv0691c,bin556,DNA-Protein,1
csoR,bin556,DNA-Protein,1
trcR,bin556,DNA-Protein,1
Rv1353c,bin556,DNA-Protein,1
Rv1990c,bin556,DNA-Protein,1
Rv2887,bin556,DNA-Protein,1
whiB5,bin557,DNA-Protein,1
Rv0047c,bin557,DNA-Protein,1
Rv0135c,bin557,DNA-Protein,1
Rv0465c,bin557,DNA-Protein,1
Rv0678,bin557,DNA-Protein,1
Rv0691c,bin557,DNA-Protein,1
trcR,bin557,DNA-Protein,1
Rv1353c,bin557,DNA-Protein,1
Rv1473A,bin557,DNA-Protein,1
vapB15,bin557,DNA-Protein,1
Rv3066,bin557,DNA-Protein,1
Rv3249c,bin557,DNA-Protein,1
Rv3488,bin557,DNA-Protein,1
Rv3736,bin557,DNA-Protein,1
espR,bin557,DNA-Protein,1
whiB5,bin558,DNA-Protein,1
Rv0081,bin558,DNA-Protein,1
Rv0465c,bin558,DNA-Protein,1
csoR,bin558,DNA-Protein,1
Rv2034,bin558,DNA-Protein,1
Rv2506,bin558,DNA-Protein,1
lsr2,bin558,DNA-Protein,1
espR,bin558,DNA-Protein,1
whiB5,bin559,DNA-Protein,1
Rv0047c,bin559,DNA-Protein,1
csoR,bin559,DNA-Protein,1
Rv1353c,bin559,DNA-Protein,1
whiA,bin559,DNA-Protein,1
Rv1473A,bin559,DNA-Protein,1
Rv1816,bin559,DNA-Protein,1
Rv1985c,bin559,DNA-Protein,1
Rv2250c,bin559,DNA-Protein,1
Rv2324,bin559,DNA-Protein,1
Rv0324,bin560,DNA-Protein,1
Rv0494,bin560,DNA-Protein,1
Rv0678,bin560,DNA-Protein,1
Rv0691c,bin560,DNA-Protein,1
csoR,bin560,DNA-Protein,1
Rv1353c,bin560,DNA-Protein,1
Rv1816,bin560,DNA-Protein,1
Rv1990c,bin560,DNA-Protein,1
Rv2034,bin560,DNA-Protein,1
Rv2488c,bin560,DNA-Protein,1
whiB5,bin561,DNA-Protein,1
csoR,bin561,DNA-Protein,1
Rv1719,bin561,DNA-Protein,1
Rv2488c,bin561,DNA-Protein,1
Rv3488,bin561,DNA-Protein,1
Rv0047c,bin562,DNA-Protein,1
Rv0081,bin562,DNA-Protein,1
Rv0324,bin562,DNA-Protein,1
Rv0678,bin562,DNA-Protein,1
csoR,bin562,DNA-Protein,1
trcR,bin562,DNA-Protein,1
Rv1816,bin562,DNA-Protein,1
Rv1985c,bin562,DNA-Protein,1
Rv2034,bin562,DNA-Protein,1
Rv3488,bin562,DNA-Protein,1
kstR,bin562,DNA-Protein,1
lsr2,bin562,DNA-Protein,1
Rv3830c,bin562,DNA-Protein,1
espR,bin562,DNA-Protein,1
Rv0023,bin563,DNA-Protein,1
Rv0691c,bin563,DNA-Protein,1
Rv1816,bin563,DNA-Protein,1
Rv3249c,bin563,DNA-Protein,1
csoR,bin564,DNA-Protein,1
Rv1353c,bin564,DNA-Protein,1
Rv1816,bin564,DNA-Protein,1
Rv2250c,bin564,DNA-Protein,1
Rv0047c,bin565,DNA-Protein,1
Rv0081,bin565,DNA-Protein,1
Rv0135c,bin565,DNA-Protein,1
Rv0273c,bin565,DNA-Protein,1
Rv0678,bin565,DNA-Protein,1
Rv0691c,bin565,DNA-Protein,1
csoR,bin565,DNA-Protein,1
trcR,bin565,DNA-Protein,1
Rv1990c,bin565,DNA-Protein,1
Rv2034,bin565,DNA-Protein,1
Rv2506,bin565,DNA-Protein,1
Rv2887,bin565,DNA-Protein,1
devR,bin565,DNA-Protein,1
Rv3249c,bin565,DNA-Protein,1
whiB5,bin566,DNA-Protein,1
Rv0135c,bin566,DNA-Protein,1
Rv0678,bin566,DNA-Protein,1
Rv0691c,bin566,DNA-Protein,1
csoR,bin566,DNA-Protein,1
trcR,bin566,DNA-Protein,1
Rv1353c,bin566,DNA-Protein,1
cmtR,bin566,DNA-Protein,1
Rv2034,bin566,DNA-Protein,1
Rv2250c,bin566,DNA-Protein,1
whiB5,bin567,DNA-Protein,1
Rv0023,bin567,DNA-Protein,1
Rv0047c,bin567,DNA-Protein,1
Rv0081,bin567,DNA-Protein,1
Rv0324,bin567,DNA-Protein,1
Rv0465c,bin567,DNA-Protein,1
Rv0494,bin567,DNA-Protein,1
Rv0678,bin567,DNA-Protein,1
Rv0767c,bin567,DNA-Protein,1
trcR,bin567,DNA-Protein,1
Rv1353c,bin567,DNA-Protein,1
Rv1473A,bin567,DNA-Protein,1
Rv2250c,bin567,DNA-Protein,1
Rv3249c,bin567,DNA-Protein,1
Rv3488,bin567,DNA-Protein,1
lsr2,bin567,DNA-Protein,1
Rv3830c,bin567,DNA-Protein,1
sigM,bin567,DNA-Protein,1
Rv0047c,bin568,DNA-Protein,1
Rv0135c,bin568,DNA-Protein,1
Rv0273c,bin568,DNA-Protein,1
Rv0465c,bin568,DNA-Protein,1
Rv0653c,bin568,DNA-Protein,1
Rv0767c,bin568,DNA-Protein,1
csoR,bin568,DNA-Protein,1
Rv1255c,bin568,DNA-Protein,1
Rv1353c,bin568,DNA-Protein,1
whiA,bin568,DNA-Protein,1
Rv1473A,bin568,DNA-Protein,1
Rv2989,bin568,DNA-Protein,1
devR,bin568,DNA-Protein,1
Rv0047c,bin569,DNA-Protein,1
Rv0135c,bin569,DNA-Protein,1
csoR,bin569,DNA-Protein,1
Rv1049,bin569,DNA-Protein,1
whiA,bin569,DNA-Protein,1
Rv1816,bin569,DNA-Protein,1
vapB15,bin569,DNA-Protein,1
Rv2034,bin569,DNA-Protein,1
Rv2250c,bin569,DNA-Protein,1
whiB5,bin570,DNA-Protein,1
Rv0023,bin570,DNA-Protein,1
Rv0135c,bin570,DNA-Protein,1
Rv0302,bin570,DNA-Protein,1
Rv0678,bin570,DNA-Protein,1
Rv0691c,bin570,DNA-Protein,1
phoP,bin570,DNA-Protein,1
csoR,bin570,DNA-Protein,1
trcR,bin570,DNA-Protein,1
Rv1353c,bin570,DNA-Protein,1
whiA,bin570,DNA-Protein,1
Rv1816,bin570,DNA-Protein,1
Rv1990c,bin570,DNA-Protein,1
mtrA,bin570,DNA-Protein,1
Rv3249c,bin570,DNA-Protein,1
lsr2,bin570,DNA-Protein,1
whiB4,bin570,DNA-Protein,1
Rv3736,bin570,DNA-Protein,1
Rv0047c,bin571,DNA-Protein,1
Rv0081,bin571,DNA-Protein,1
Rv0678,bin571,DNA-Protein,1
Rv0767c,bin571,DNA-Protein,1
trcR,bin571,DNA-Protein,1
Rv1353c,bin571,DNA-Protein,1
whiA,bin571,DNA-Protein,1
Rv1719,bin571,DNA-Protein,1
Rv1990c,bin571,DNA-Protein,1
Rv2011c,bin571,DNA-Protein,1
Rv2324,bin571,DNA-Protein,1
mtrA,bin571,DNA-Protein,1
Rv3488,bin571,DNA-Protein,1
espR,bin571,DNA-Protein,1
whiB5,bin572,DNA-Protein,1
Rv0023,bin572,DNA-Protein,1
Rv0047c,bin572,DNA-Protein,1
Rv0081,bin572,DNA-Protein,1
Rv0465c,bin572,DNA-Protein,1
Rv0678,bin572,DNA-Protein,1
Rv0767c,bin572,DNA-Protein,1
whiA,bin572,DNA-Protein,1
Rv2034,bin572,DNA-Protein,1
Rv2250c,bin572,DNA-Protein,1
Rv2324,bin572,DNA-Protein,1
Rv3249c,bin572,DNA-Protein,1
Rv3736,bin572,DNA-Protein,1
Rv0081,bin573,DNA-Protein,1
Rv0135c,bin573,DNA-Protein,1
csoR,bin573,DNA-Protein,1
Rv1816,bin573,DNA-Protein,1
Rv1990c,bin573,DNA-Protein,1
Rv2250c,bin573,DNA-Protein,1
Rv2324,bin573,DNA-Protein,1
Rv0023,bin574,DNA-Protein,1
Rv0047c,bin574,DNA-Protein,1
Rv0081,bin574,DNA-Protein,1
Rv0324,bin574,DNA-Protein,1
Rv0465c,bin574,DNA-Protein,1
Rv0653c,bin574,DNA-Protein,1
Rv0678,bin574,DNA-Protein,1
Rv0691c,bin574,DNA-Protein,1
csoR,bin574,DNA-Protein,1
trcR,bin574,DNA-Protein,1
Rv1049,bin574,DNA-Protein,1
whiA,bin574,DNA-Protein,1
Rv1719,bin574,DNA-Protein,1
Rv1816,bin574,DNA-Protein,1
Rv2011c,bin574,DNA-Protein,1
Rv2021c,bin574,DNA-Protein,1
Rv2324,bin574,DNA-Protein,1
Rv2887,bin574,DNA-Protein,1
Rv3488,bin574,DNA-Protein,1
ethR,bin574,DNA-Protein,1
Rv0047c,bin575,DNA-Protein,1
Rv0081,bin575,DNA-Protein,1
Rv0302,bin575,DNA-Protein,1
Rv0494,bin575,DNA-Protein,1
Rv0691c,bin575,DNA-Protein,1
csoR,bin575,DNA-Protein,1
trcR,bin575,DNA-Protein,1
Rv1353c,bin575,DNA-Protein,1
Rv1359,bin575,DNA-Protein,1
Rv1404,bin575,DNA-Protein,1
Rv1816,bin575,DNA-Protein,1
Rv1985c,bin575,DNA-Protein,1
vapB15,bin575,DNA-Protein,1
Rv2011c,bin575,DNA-Protein,1
Rv2034,bin575,DNA-Protein,1
Rv2642,bin575,DNA-Protein,1
Rv2989,bin575,DNA-Protein,1
Rv3557c,bin575,DNA-Protein,1
lsr2,bin575,DNA-Protein,1
Rv0023,bin576,DNA-Protein,1
Rv0047c,bin576,DNA-Protein,1
Rv0081,bin576,DNA-Protein,1
Rv0302,bin576,DNA-Protein,1
sigL,bin576,DNA-Protein,1
Rv0767c,bin576,DNA-Protein,1
csoR,bin576,DNA-Protein,1
whiA,bin576,DNA-Protein,1
Rv1719,bin576,DNA-Protein,1
Rv1816,bin576,DNA-Protein,1
Rv2324,bin576,DNA-Protein,1
sigH,bin576,DNA-Protein,1
Rv3249c,bin576,DNA-Protein,1
Rv3488,bin576,DNA-Protein,1
kstR,bin576,DNA-Protein,1
Rv0047c,bin577,DNA-Protein,1
Rv0081,bin577,DNA-Protein,1
tcrA,bin577,DNA-Protein,1
Rv0678,bin577,DNA-Protein,1
Rv0691c,bin577,DNA-Protein,1
csoR,bin577,DNA-Protein,1
Rv1353c,bin577,DNA-Protein,1
whiA,bin577,DNA-Protein,1
cmtR,bin577,DNA-Protein,1
Rv2011c,bin577,DNA-Protein,1
Rv2324,bin577,DNA-Protein,1
Rv3488,bin577,DNA-Protein,1
kstR,bin577,DNA-Protein,1
espR,bin577,DNA-Protein,1
Rv0678,bin578,DNA-Protein,1
Rv0691c,bin578,DNA-Protein,1
Rv0767c,bin578,DNA-Protein,1
csoR,bin578,DNA-Protein,1
Rv1353c,bin578,DNA-Protein,1
whiA,bin578,DNA-Protein,1
Rv2250c,bin578,DNA-Protein,1
Rv3488,bin578,DNA-Protein,1
Rv0302,bin579,DNA-Protein,1
Rv0767c,bin579,DNA-Protein,1
Rv1353c,bin579,DNA-Protein,1
Rv1719,bin579,DNA-Protein,1
Rv1990c,bin579,DNA-Protein,1
Rv2250c,bin579,DNA-Protein,1
Rv3736,bin579,DNA-Protein,1
Rv0047c,bin580,DNA-Protein,1
Rv0302,bin580,DNA-Protein,1
tcrA,bin580,DNA-Protein,1
Rv0767c,bin580,DNA-Protein,1
csoR,bin580,DNA-Protein,1
Rv1990c,bin580,DNA-Protein,1
Rv2250c,bin580,DNA-Protein,1
Rv3249c,bin580,DNA-Protein,1
Rv3488,bin580,DNA-Protein,1
Rv3736,bin580,DNA-Protein,1
whiB5,bin581,DNA-Protein,1
Rv0135c,bin581,DNA-Protein,1
phoP,bin581,DNA-Protein,1
Rv0767c,bin581,DNA-Protein,1
csoR,bin581,DNA-Protein,1
Rv1353c,bin581,DNA-Protein,1
Rv1719,bin581,DNA-Protein,1
Rv2034,bin581,DNA-Protein,1
kstR,bin581,DNA-Protein,1
Rv0348,bin582,DNA-Protein,1
Rv0494,bin582,DNA-Protein,1
Rv0678,bin582,DNA-Protein,1
Rv0691c,bin582,DNA-Protein,1
phoP,bin582,DNA-Protein,1
csoR,bin582,DNA-Protein,1
Rv1353c,bin582,DNA-Protein,1
whiA,bin582,DNA-Protein,1
Rv1816,bin582,DNA-Protein,1
Rv2324,bin582,DNA-Protein,1
devR,bin582,DNA-Protein,1
Rv0047c,bin583,DNA-Protein,1
Rv0081,bin583,DNA-Protein,1
Rv0135c,bin583,DNA-Protein,1
Rv0324,bin583,DNA-Protein,1
Rv0653c,bin583,DNA-Protein,1
phoP,bin583,DNA-Protein,1
whiA,bin583,DNA-Protein,1
Rv1473A,bin583,DNA-Protein,1
Rv2011c,bin583,DNA-Protein,1
Rv2324,bin583,DNA-Protein,1
whiB4,bin583,DNA-Protein,1
Rv0047c,bin584,DNA-Protein,1
Rv0081,bin584,DNA-Protein,1
tcrA,bin584,DNA-Protein,1
phoP,bin584,DNA-Protein,1
Rv0880,bin584,DNA-Protein,1
csoR,bin584,DNA-Protein,1
trcR,bin584,DNA-Protein,1
Rv1049,bin584,DNA-Protein,1
whiA,bin584,DNA-Protein,1
Rv1719,bin584,DNA-Protein,1
Rv2011c,bin584,DNA-Protein,1
Rv2034,bin584,DNA-Protein,1
Rv2887,bin584,DNA-Protein,1
lsr2,bin584,DNA-Protein,1
whiB4,bin584,DNA-Protein,1
Rv0678,bin585,DNA-Protein,1
csoR,bin585,DNA-Protein,1
Rv1816,bin585,DNA-Protein,1
Rv2011c,bin585,DNA-Protein,1
Rv2021c,bin585,DNA-Protein,1
Rv2250c,bin585,DNA-Protein,1
devR,bin585,DNA-Protein,1
Rv0023,bin586,DNA-Protein,1
Rv0047c,bin586,DNA-Protein,1
Rv0081,bin586,DNA-Protein,1
Rv0135c,bin586,DNA-Protein,1
Rv0653c,bin586,DNA-Protein,1
phoP,bin586,DNA-Protein,1
csoR,bin586,DNA-Protein,1
Rv1219c,bin586,DNA-Protein,1
Rv1404,bin586,DNA-Protein,1
whiA,bin586,DNA-Protein,1
Rv1719,bin586,DNA-Protein,1
Rv1816,bin586,DNA-Protein,1
Rv1990c,bin586,DNA-Protein,1
vapB15,bin586,DNA-Protein,1
Rv2324,bin586,DNA-Protein,1
vapB40,bin586,DNA-Protein,1
Rv3249c,bin586,DNA-Protein,1
Rv3736,bin586,DNA-Protein,1
Rv0302,bin587,DNA-Protein,1
Rv0324,bin587,DNA-Protein,1
Rv0678,bin587,DNA-Protein,1
csoR,bin587,DNA-Protein,1
Rv1353c,bin587,DNA-Protein,1
Rv1404,bin587,DNA-Protein,1
Rv1473A,bin587,DNA-Protein,1
Rv2021c,bin587,DNA-Protein,1
Rv3066,bin587,DNA-Protein,1
devR,bin587,DNA-Protein,1
Rv3249c,bin587,DNA-Protein,1
Rv3488,bin587,DNA-Protein,1
lsr2,bin587,DNA-Protein,1
Rv0023,bin588,DNA-Protein,1
Rv0465c,bin588,DNA-Protein,1
Rv0494,bin588,DNA-Protein,1
csoR,bin588,DNA-Protein,1
Rv1719,bin588,DNA-Protein,1
Rv1816,bin588,DNA-Protein,1
Rv2324,bin588,DNA-Protein,1
Rv3249c,bin588,DNA-Protein,1
Rv3488,bin588,DNA-Protein,1
kstR,bin588,DNA-Protein,1
lsr2,bin588,DNA-Protein,1
espR,bin588,DNA-Protein,1
csoR,bin589,DNA-Protein,1
Rv0081,bin590,DNA-Protein,1
trcR,bin590,DNA-Protein,1
Rv1816,bin590,DNA-Protein,1
Rv1985c,bin590,DNA-Protein,1
Rv2034,bin590,DNA-Protein,1
pimA,bin590,DNA-Protein,1
devR,bin590,DNA-Protein,1
kstR,bin590,DNA-Protein,1
espR,bin590,DNA-Protein,1
Rv0324,bin591,DNA-Protein,1
Rv1353c,bin591,DNA-Protein,1
whiA,bin591,DNA-Protein,1
Rv1473A,bin591,DNA-Protein,1
Rv1985c,bin591,DNA-Protein,1
devR,bin591,DNA-Protein,1
whiB5,bin592,DNA-Protein,1
Rv0047c,bin592,DNA-Protein,1
Rv0081,bin592,DNA-Protein,1
Rv0135c,bin592,DNA-Protein,1
Rv0324,bin592,DNA-Protein,1
tcrA,bin592,DNA-Protein,1
Rv0767c,bin592,DNA-Protein,1
csoR,bin592,DNA-Protein,1
Rv1049,bin592,DNA-Protein,1
Rv1404,bin592,DNA-Protein,1
Rv1816,bin592,DNA-Protein,1
Rv1985c,bin592,DNA-Protein,1
Rv2011c,bin592,DNA-Protein,1
devR,bin592,DNA-Protein,1
Rv3488,bin592,DNA-Protein,1
kstR,bin592,DNA-Protein,1
lsr2,bin592,DNA-Protein,1
Rv0023,bin593,DNA-Protein,1
Rv0081,bin593,DNA-Protein,1
Rv0324,bin593,DNA-Protein,1
Rv0339c,bin593,DNA-Protein,1
Rv0678,bin593,DNA-Protein,1
phoP,bin593,DNA-Protein,1
Rv0767c,bin593,DNA-Protein,1
Rv0880,bin593,DNA-Protein,1
csoR,bin593,DNA-Protein,1
trcR,bin593,DNA-Protein,1
Rv1219c,bin593,DNA-Protein,1
Rv1255c,bin593,DNA-Protein,1
Rv1353c,bin593,DNA-Protein,1
higA,bin593,DNA-Protein,1
Rv2324,bin593,DNA-Protein,1
devR,bin593,DNA-Protein,1
whiB4,bin593,DNA-Protein,1
tcrX,bin593,DNA-Protein,1
Rv0023,bin594,DNA-Protein,1
Rv0081,bin594,DNA-Protein,1
Rv0135c,bin594,DNA-Protein,1
Rv0678,bin594,DNA-Protein,1
csoR,bin594,DNA-Protein,1
mprA,bin594,DNA-Protein,1
trcR,bin594,DNA-Protein,1
Rv1049,bin594,DNA-Protein,1
Rv1353c,bin594,DNA-Protein,1
whiA,bin594,DNA-Protein,1
cmtR,bin594,DNA-Protein,1
Rv2011c,bin594,DNA-Protein,1
Rv2250c,bin594,DNA-Protein,1
Rv2324,bin594,DNA-Protein,1
Rv3249c,bin594,DNA-Protein,1
Rv3488,bin594,DNA-Protein,1
lsr2,bin594,DNA-Protein,1
Rv0767c,bin595,DNA-Protein,1
Rv1049,bin595,DNA-Protein,1
Rv1353c,bin595,DNA-Protein,1
Rv2324,bin595,DNA-Protein,1
whiB5,bin596,DNA-Protein,1
Rv1353c,bin596,DNA-Protein,1
Rv1816,bin596,DNA-Protein,1
Rv1985c,bin596,DNA-Protein,1
Rv1990c,bin596,DNA-Protein,1
Rv2034,bin596,DNA-Protein,1
Rv2250c,bin596,DNA-Protein,1
Rv0081,bin597,DNA-Protein,1
Rv0678,bin597,DNA-Protein,1
Rv0691c,bin597,DNA-Protein,1
csoR,bin597,DNA-Protein,1
trcR,bin597,DNA-Protein,1
Rv1353c,bin597,DNA-Protein,1
whiA,bin597,DNA-Protein,1
Rv2034,bin597,DNA-Protein,1
Rv2250c,bin597,DNA-Protein,1
Rv2324,bin597,DNA-Protein,1
Rv3488,bin597,DNA-Protein,1
kstR,bin597,DNA-Protein,1
lsr2,bin597,DNA-Protein,1
espR,bin597,DNA-Protein,1
Rv0047c,bin598,DNA-Protein,1
Rv0302,bin598,DNA-Protein,1
Rv0691c,bin598,DNA-Protein,1
Rv0767c,bin598,DNA-Protein,1
Rv1353c,bin598,DNA-Protein,1
Rv2034,bin598,DNA-Protein,1
devR,bin598,DNA-Protein,1
Rv3736,bin598,DNA-Protein,1
Rv0047c,bin599,DNA-Protein,1
Rv0302,bin599,DNA-Protein,1
Rv0678,bin599,DNA-Protein,1
Rv0767c,bin599,DNA-Protein,1
csoR,bin599,DNA-Protein,1
Rv1219c,bin599,DNA-Protein,1
Rv1353c,bin599,DNA-Protein,1
Rv1473A,bin599,DNA-Protein,1
Rv2034,bin599,DNA-Protein,1
Rv3066,bin599,DNA-Protein,1
lrpA,bin599,DNA-Protein,1
Rv0678,bin600,DNA-Protein,1
csoR,bin600,DNA-Protein,1
whiA,bin600,DNA-Protein,1
cmtR,bin600,DNA-Protein,1
Rv0047c,bin601,DNA-Protein,1
Rv0324,bin601,DNA-Protein,1
Rv1353c,bin601,DNA-Protein,1
cmtR,bin601,DNA-Protein,1
whiB5,bin602,DNA-Protein,1
Rv0302,bin602,DNA-Protein,1
tcrA,bin602,DNA-Protein,1
Rv0767c,bin602,DNA-Protein,1
Rv1049,bin602,DNA-Protein,1
Rv1353c,bin602,DNA-Protein,1
Rv2250c,bin602,DNA-Protein,1
Rv2324,bin602,DNA-Protein,1
Rv3249c,bin602,DNA-Protein,1
Rv3488,bin602,DNA-Protein,1
Rv0047c,bin603,DNA-Protein,1
Rv0302,bin603,DNA-Protein,1
Rv0691c,bin603,DNA-Protein,1
csoR,bin603,DNA-Protein,1
Rv1049,bin603,DNA-Protein,1
Rv1353c,bin603,DNA-Protein,1
whiA,bin603,DNA-Protein,1
Rv1816,bin603,DNA-Protein,1
Rv2011c,bin603,DNA-Protein,1
devR,bin603,DNA-Protein,1
Rv3249c,bin603,DNA-Protein,1
lsr2,bin603,DNA-Protein,1
Rv0023,bin604,DNA-Protein,1
Rv0047c,bin604,DNA-Protein,1
Rv0081,bin604,DNA-Protein,1
Rv0135c,bin604,DNA-Protein,1
Rv0195,bin604,DNA-Protein,1
Rv0678,bin604,DNA-Protein,1
Rv0691c,bin604,DNA-Protein,1
trcR,bin604,DNA-Protein,1
Rv1353c,bin604,DNA-Protein,1
Rv1719,bin604,DNA-Protein,1
Rv1816,bin604,DNA-Protein,1
Rv1985c,bin604,DNA-Protein,1
Rv2034,bin604,DNA-Protein,1
sigA,bin604,DNA-Protein,1
Rv2989,bin604,DNA-Protein,1
Rv3488,bin604,DNA-Protein,1
kstR,bin604,DNA-Protein,1
lsr2,bin604,DNA-Protein,1
crp,bin604,DNA-Protein,1
Rv3736,bin604,DNA-Protein,1
Rv0047c,bin605,DNA-Protein,1
Rv0081,bin605,DNA-Protein,1
Rv0135c,bin605,DNA-Protein,1
Rv0494,bin605,DNA-Protein,1
Rv0678,bin605,DNA-Protein,1
Rv0691c,bin605,DNA-Protein,1
phoP,bin605,DNA-Protein,1
csoR,bin605,DNA-Protein,1
trcR,bin605,DNA-Protein,1
Rv1255c,bin605,DNA-Protein,1
whiA,bin605,DNA-Protein,1
Rv2250c,bin605,DNA-Protein,1
devR,bin605,DNA-Protein,1
sigH,bin605,DNA-Protein,1
whiB4,bin605,DNA-Protein,1
Rv3830c,bin605,DNA-Protein,1
Rv0047c,bin606,DNA-Protein,1
Rv0081,bin606,DNA-Protein,1
Rv0494,bin606,DNA-Protein,1
Rv0678,bin606,DNA-Protein,1
Rv0691c,bin606,DNA-Protein,1
csoR,bin606,DNA-Protein,1
trcR,bin606,DNA-Protein,1
Rv1255c,bin606,DNA-Protein,1
Rv1353c,bin606,DNA-Protein,1
Rv1816,bin606,DNA-Protein,1
Rv1985c,bin606,DNA-Protein,1
Rv1990c,bin606,DNA-Protein,1
Rv2324,bin606,DNA-Protein,1
Rv2989,bin606,DNA-Protein,1
devR,bin606,DNA-Protein,1
Rv3249c,bin606,DNA-Protein,1
Rv3830c,bin606,DNA-Protein,1
espR,bin606,DNA-Protein,1
whiB5,bin607,DNA-Protein,1
Rv0047c,bin607,DNA-Protein,1
Rv0081,bin607,DNA-Protein,1
Rv0135c,bin607,DNA-Protein,1
Rv0302,bin607,DNA-Protein,1
Rv0339c,bin607,DNA-Protein,1
Rv0678,bin607,DNA-Protein,1
Rv0691c,bin607,DNA-Protein,1
csoR,bin607,DNA-Protein,1
trcR,bin607,DNA-Protein,1
Rv1049,bin607,DNA-Protein,1
Rv1353c,bin607,DNA-Protein,1
Rv1816,bin607,DNA-Protein,1
Rv1985c,bin607,DNA-Protein,1
Rv1990c,bin607,DNA-Protein,1
Rv2034,bin607,DNA-Protein,1
Rv2250c,bin607,DNA-Protein,1
Rv2324,bin607,DNA-Protein,1
Rv2642,bin607,DNA-Protein,1
mtrA,bin607,DNA-Protein,1
Rv3249c,bin607,DNA-Protein,1
Rv3488,bin607,DNA-Protein,1
kstR,bin607,DNA-Protein,1
lsr2,bin607,DNA-Protein,1
whiB5,bin608,DNA-Protein,1
Rv0023,bin608,DNA-Protein,1
Rv0081,bin608,DNA-Protein,1
Rv0691c,bin608,DNA-Protein,1
phoP,bin608,DNA-Protein,1
csoR,bin608,DNA-Protein,1
trcR,bin608,DNA-Protein,1
Rv1353c,bin608,DNA-Protein,1
cmtR,bin608,DNA-Protein,1
Rv2324,bin608,DNA-Protein,1
Rv2642,bin608,DNA-Protein,1
Rv3249c,bin608,DNA-Protein,1
kstR,bin608,DNA-Protein,1
Rv0047c,bin609,DNA-Protein,1
Rv0081,bin609,DNA-Protein,1
Rv0302,bin609,DNA-Protein,1
Rv0324,bin609,DNA-Protein,1
Rv0678,bin609,DNA-Protein,1
csoR,bin609,DNA-Protein,1
Rv1219c,bin609,DNA-Protein,1
Rv1353c,bin609,DNA-Protein,1
Rv1816,bin609,DNA-Protein,1
Rv1985c,bin609,DNA-Protein,1
Rv1990c,bin609,DNA-Protein,1
Rv2324,bin609,DNA-Protein,1
lsr2,bin609,DNA-Protein,1
Rv3736,bin609,DNA-Protein,1
Rv0047c,bin610,DNA-Protein,1
Rv0081,bin610,DNA-Protein,1
Rv0135c,bin610,DNA-Protein,1
Rv0302,bin610,DNA-Protein,1
Rv0324,bin610,DNA-Protein,1
tcrA,bin610,DNA-Protein,1
csoR,bin610,DNA-Protein,1
trcR,bin610,DNA-Protein,1
Rv1049,bin610,DNA-Protein,1
Rv1353c,bin610,DNA-Protein,1
whiA,bin610,DNA-Protein,1
Rv1460,bin610,DNA-Protein,1
Rv1985c,bin610,DNA-Protein,1
Rv2324,bin610,DNA-Protein,1
Rv2506,bin610,DNA-Protein,1
Rv2989,bin610,DNA-Protein,1
Rv3249c,bin610,DNA-Protein,1
lsr2,bin610,DNA-Protein,1
Rv3736,bin610,DNA-Protein,1
tcrX,bin610,DNA-Protein,1
Rv0081,bin611,DNA-Protein,1
Rv1049,bin611,DNA-Protein,1
whiA,bin611,DNA-Protein,1
Rv1990c,bin611,DNA-Protein,1
cmtR,bin611,DNA-Protein,1
Rv2250c,bin611,DNA-Protein,1
Rv3249c,bin611,DNA-Protein,1
Rv0047c,bin612,DNA-Protein,1
Rv0081,bin612,DNA-Protein,1
Rv0135c,bin612,DNA-Protein,1
Rv0302,bin612,DNA-Protein,1
Rv0324,bin612,DNA-Protein,1
Rv0678,bin612,DNA-Protein,1
trcR,bin612,DNA-Protein,1
Rv1049,bin612,DNA-Protein,1
Rv1353c,bin612,DNA-Protein,1
whiA,bin612,DNA-Protein,1
Rv1828,bin612,DNA-Protein,1
Rv1985c,bin612,DNA-Protein,1
Rv2011c,bin612,DNA-Protein,1
Rv2034,bin612,DNA-Protein,1
Rv3736,bin612,DNA-Protein,1
Rv0302,bin613,DNA-Protein,1
Rv0678,bin613,DNA-Protein,1
csoR,bin613,DNA-Protein,1
Rv1353c,bin613,DNA-Protein,1
Rv1816,bin613,DNA-Protein,1
Rv1990c,bin613,DNA-Protein,1
Rv2250c,bin613,DNA-Protein,1
Rv2887,bin613,DNA-Protein,1
devR,bin613,DNA-Protein,1
Rv0023,bin614,DNA-Protein,1
Rv0081,bin614,DNA-Protein,1
Rv0302,bin614,DNA-Protein,1
Rv0767c,bin614,DNA-Protein,1
csoR,bin614,DNA-Protein,1
whiA,bin614,DNA-Protein,1
Rv1719,bin614,DNA-Protein,1
Rv1816,bin614,DNA-Protein,1
Rv0023,bin615,DNA-Protein,1
Rv0047c,bin615,DNA-Protein,1
Rv0576,bin615,DNA-Protein,1
Rv0767c,bin615,DNA-Protein,1
Rv1353c,bin615,DNA-Protein,1
Rv1990c,bin615,DNA-Protein,1
vapB42,bin615,DNA-Protein,1
mtrA,bin615,DNA-Protein,1
Rv3488,bin615,DNA-Protein,1
Rv0081,bin616,DNA-Protein,1
Rv0324,bin616,DNA-Protein,1
Rv0678,bin616,DNA-Protein,1
phoP,bin616,DNA-Protein,1
trcR,bin616,DNA-Protein,1
Rv1049,bin616,DNA-Protein,1
sigI,bin616,DNA-Protein,1
whiA,bin616,DNA-Protein,1
Rv1674c,bin616,DNA-Protein,1
Rv1985c,bin616,DNA-Protein,1
Rv1990c,bin616,DNA-Protein,1
Rv2011c,bin616,DNA-Protein,1
Rv2887,bin616,DNA-Protein,1
Rv3488,bin616,DNA-Protein,1
lsr2,bin616,DNA-Protein,1
whiB4,bin616,DNA-Protein,1
tcrX,bin616,DNA-Protein,1
Rv0081,bin617,DNA-Protein,1
tcrA,bin617,DNA-Protein,1
csoR,bin617,DNA-Protein,1
trcR,bin617,DNA-Protein,1
Rv1353c,bin617,DNA-Protein,1
whiA,bin617,DNA-Protein,1
Rv1816,bin617,DNA-Protein,1
Rv1985c,bin617,DNA-Protein,1
whiB2,bin617,DNA-Protein,1
Rv3488,bin617,DNA-Protein,1
Rv0023,bin618,DNA-Protein,1
Rv0047c,bin618,DNA-Protein,1
Rv0081,bin618,DNA-Protein,1
Rv0324,bin618,DNA-Protein,1
Rv0576,bin618,DNA-Protein,1
tcrA,bin618,DNA-Protein,1
Rv0678,bin618,DNA-Protein,1
Rv0691c,bin618,DNA-Protein,1
phoP,bin618,DNA-Protein,1
trcR,bin618,DNA-Protein,1
Rv1255c,bin618,DNA-Protein,1
Rv1353c,bin618,DNA-Protein,1
Rv1985c,bin618,DNA-Protein,1
Rv1990c,bin618,DNA-Protein,1
Rv2034,bin618,DNA-Protein,1
Rv2250c,bin618,DNA-Protein,1
Rv2324,bin618,DNA-Protein,1
Rv2779c,bin618,DNA-Protein,1
Rv2989,bin618,DNA-Protein,1
devR,bin618,DNA-Protein,1
Rv3249c,bin618,DNA-Protein,1
lrpA,bin618,DNA-Protein,1
Rv3488,bin618,DNA-Protein,1
lsr2,bin618,DNA-Protein,1
whiB4,bin618,DNA-Protein,1
tcrX,bin618,DNA-Protein,1
ethR,bin618,DNA-Protein,1
Rv0047c,bin619,DNA-Protein,1
Rv0081,bin619,DNA-Protein,1
Rv0135c,bin619,DNA-Protein,1
Rv0302,bin619,DNA-Protein,1
tcrA,bin619,DNA-Protein,1
Rv0678,bin619,DNA-Protein,1
Rv0691c,bin619,DNA-Protein,1
csoR,bin619,DNA-Protein,1
Rv1049,bin619,DNA-Protein,1
Rv1353c,bin619,DNA-Protein,1
whiA,bin619,DNA-Protein,1
Rv1816,bin619,DNA-Protein,1
Rv1990c,bin619,DNA-Protein,1
Rv2324,bin619,DNA-Protein,1
Rv2887,bin619,DNA-Protein,1
devR,bin619,DNA-Protein,1
whiB1,bin619,DNA-Protein,1
Rv3249c,bin619,DNA-Protein,1
Rv3736,bin619,DNA-Protein,1
Rv3830c,bin619,DNA-Protein,1
espR,bin619,DNA-Protein,1
Rv0047c,bin620,DNA-Protein,1
tcrA,bin620,DNA-Protein,1
Rv0678,bin620,DNA-Protein,1
sigL,bin620,DNA-Protein,1
Rv1816,bin620,DNA-Protein,1
higA,bin620,DNA-Protein,1
Rv1990c,bin620,DNA-Protein,1
cmtR,bin620,DNA-Protein,1
Rv2034,bin620,DNA-Protein,1
sigH,bin620,DNA-Protein,1
Rv3249c,bin620,DNA-Protein,1
Rv0081,bin621,DNA-Protein,1
Rv0135c,bin621,DNA-Protein,1
Rv0302,bin621,DNA-Protein,1
Rv0678,bin621,DNA-Protein,1
Rv1353c,bin621,DNA-Protein,1
Rv2034,bin621,DNA-Protein,1
Rv3249c,bin621,DNA-Protein,1
whiB5,bin622,DNA-Protein,1
Rv0324,bin622,DNA-Protein,1
Rv0339c,bin622,DNA-Protein,1
Rv0678,bin622,DNA-Protein,1
Rv0767c,bin622,DNA-Protein,1
csoR,bin622,DNA-Protein,1
Rv1353c,bin622,DNA-Protein,1
Rv1473A,bin622,DNA-Protein,1
Rv1816,bin622,DNA-Protein,1
Rv2011c,bin622,DNA-Protein,1
Rv2324,bin622,DNA-Protein,1
devR,bin622,DNA-Protein,1
Rv3488,bin622,DNA-Protein,1
kstR,bin622,DNA-Protein,1
Rv0081,bin623,DNA-Protein,1
Rv0302,bin623,DNA-Protein,1
Rv0324,bin623,DNA-Protein,1
Rv0494,bin623,DNA-Protein,1
Rv0678,bin623,DNA-Protein,1
Rv1473A,bin623,DNA-Protein,1
Rv2324,bin623,DNA-Protein,1
devR,bin623,DNA-Protein,1
Rv3488,bin623,DNA-Protein,1
kstR,bin623,DNA-Protein,1
Rv0047c,bin624,DNA-Protein,1
Rv0081,bin624,DNA-Protein,1
Rv0324,bin624,DNA-Protein,1
Rv0678,bin624,DNA-Protein,1
Rv1353c,bin624,DNA-Protein,1
Rv1816,bin624,DNA-Protein,1
Rv1985c,bin624,DNA-Protein,1
lsr2,bin624,DNA-Protein,1
Rv0081,bin625,DNA-Protein,1
Rv0324,bin625,DNA-Protein,1
Rv1985c,bin625,DNA-Protein,1
devR,bin625,DNA-Protein,1
Rv3830c,bin625,DNA-Protein,1
Rv0324,bin626,DNA-Protein,1
Rv0678,bin626,DNA-Protein,1
trcR,bin626,DNA-Protein,1
Rv1255c,bin626,DNA-Protein,1
Rv1473A,bin626,DNA-Protein,1
Rv2034,bin626,DNA-Protein,1
devR,bin626,DNA-Protein,1
kstR,bin626,DNA-Protein,1
whiB5,bin627,DNA-Protein,1
Rv0047c,bin627,DNA-Protein,1
Rv0081,bin627,DNA-Protein,1
Rv0324,bin627,DNA-Protein,1
Rv1353c,bin627,DNA-Protein,1
kstR,bin627,DNA-Protein,1
Rv0081,bin628,DNA-Protein,1
Rv0678,bin628,DNA-Protein,1
trcR,bin628,DNA-Protein,1
Rv1353c,bin628,DNA-Protein,1
Rv1404,bin628,DNA-Protein,1
whiA,bin628,DNA-Protein,1
Rv1816,bin628,DNA-Protein,1
Rv1985c,bin628,DNA-Protein,1
Rv2827c,bin628,DNA-Protein,1
lsr2,bin628,DNA-Protein,1
csoR,bin629,DNA-Protein,1
Rv1816,bin629,DNA-Protein,1
kstR,bin629,DNA-Protein,1
tcrA,bin630,DNA-Protein,1
Rv0691c,bin630,DNA-Protein,1
csoR,bin630,DNA-Protein,1
trcR,bin630,DNA-Protein,1
Rv1049,bin630,DNA-Protein,1
Rv1255c,bin630,DNA-Protein,1
Rv1353c,bin630,DNA-Protein,1
whiA,bin630,DNA-Protein,1
Rv1473A,bin630,DNA-Protein,1
Rv1816,bin630,DNA-Protein,1
Rv1990c,bin630,DNA-Protein,1
vapB15,bin630,DNA-Protein,1
Rv2034,bin630,DNA-Protein,1
Rv2989,bin630,DNA-Protein,1
Rv3249c,bin630,DNA-Protein,1
kstR,bin630,DNA-Protein,1
espR,bin630,DNA-Protein,1
Rv0047c,bin631,DNA-Protein,1
Rv0135c,bin631,DNA-Protein,1
Rv0678,bin631,DNA-Protein,1
Rv0767c,bin631,DNA-Protein,1
csoR,bin631,DNA-Protein,1
trcR,bin631,DNA-Protein,1
Rv1353c,bin631,DNA-Protein,1
whiA,bin631,DNA-Protein,1
Rv1816,bin631,DNA-Protein,1
devR,bin631,DNA-Protein,1
Rv0023,bin632,DNA-Protein,1
Rv0047c,bin632,DNA-Protein,1
Rv0767c,bin632,DNA-Protein,1
csoR,bin632,DNA-Protein,1
Rv3488,bin632,DNA-Protein,1
kstR,bin632,DNA-Protein,1
Rv0302,bin633,DNA-Protein,1
Rv0691c,bin633,DNA-Protein,1
csoR,bin633,DNA-Protein,1
Rv1353c,bin633,DNA-Protein,1
Rv1816,bin633,DNA-Protein,1
sigF,bin633,DNA-Protein,1
Rv0302,bin634,DNA-Protein,1
Rv1049,bin634,DNA-Protein,1
Rv1719,bin634,DNA-Protein,1
Rv2021c,bin634,DNA-Protein,1
Rv0678,bin635,DNA-Protein,1
Rv0691c,bin635,DNA-Protein,1
Rv1255c,bin635,DNA-Protein,1
higA,bin635,DNA-Protein,1
Rv2034,bin635,DNA-Protein,1
Rv0135c,bin636,DNA-Protein,1
Rv0273c,bin636,DNA-Protein,1
Rv0653c,bin636,DNA-Protein,1
Rv1049,bin636,DNA-Protein,1
Rv1353c,bin636,DNA-Protein,1
whiA,bin636,DNA-Protein,1
Rv1473A,bin636,DNA-Protein,1
Rv1719,bin636,DNA-Protein,1
Rv1816,bin636,DNA-Protein,1
Rv1985c,bin636,DNA-Protein,1
Rv2011c,bin636,DNA-Protein,1
Rv2021c,bin636,DNA-Protein,1
Rv2034,bin636,DNA-Protein,1
Rv2250c,bin636,DNA-Protein,1
devR,bin636,DNA-Protein,1
mtrA,bin636,DNA-Protein,1
Rv3249c,bin636,DNA-Protein,1
Rv0135c,bin637,DNA-Protein,1
Rv1152,bin637,DNA-Protein,1
whiA,bin637,DNA-Protein,1
Rv1473A,bin637,DNA-Protein,1
Rv1828,bin637,DNA-Protein,1
Rv2011c,bin637,DNA-Protein,1
Rv2250c,bin637,DNA-Protein,1
Rv2324,bin637,DNA-Protein,1
devR,bin637,DNA-Protein,1
Rv3249c,bin637,DNA-Protein,1
Rv0081,bin638,DNA-Protein,1
Rv0135c,bin638,DNA-Protein,1
Rv0302,bin638,DNA-Protein,1
Rv0324,bin638,DNA-Protein,1
Rv0678,bin638,DNA-Protein,1
Rv0767c,bin638,DNA-Protein,1
Rv1556,bin638,DNA-Protein,1
Rv2011c,bin638,DNA-Protein,1
Rv2034,bin638,DNA-Protein,1
Rv3249c,bin638,DNA-Protein,1
kstR,bin638,DNA-Protein,1
Rv0023,bin639,DNA-Protein,1
Rv0081,bin639,DNA-Protein,1
Rv0135c,bin639,DNA-Protein,1
tcrA,bin639,DNA-Protein,1
Rv0678,bin639,DNA-Protein,1
Rv0691c,bin639,DNA-Protein,1
csoR,bin639,DNA-Protein,1
Rv1219c,bin639,DNA-Protein,1
Rv1353c,bin639,DNA-Protein,1
whiA,bin639,DNA-Protein,1
Rv1473A,bin639,DNA-Protein,1
Rv1556,bin639,DNA-Protein,1
Rv1816,bin639,DNA-Protein,1
Rv2011c,bin639,DNA-Protein,1
Rv2250c,bin639,DNA-Protein,1
Rv2642,bin639,DNA-Protein,1
mtrA,bin639,DNA-Protein,1
sigF,bin639,DNA-Protein,1
tcrX,bin639,DNA-Protein,1
Rv0047c,bin640,DNA-Protein,1
Rv0767c,bin640,DNA-Protein,1
Rv1353c,bin640,DNA-Protein,1
Rv1674c,bin640,DNA-Protein,1
Rv1816,bin640,DNA-Protein,1
Rv2034,bin640,DNA-Protein,1
Rv2887,bin640,DNA-Protein,1
devR,bin640,DNA-Protein,1
Rv3249c,bin640,DNA-Protein,1
Rv0081,bin641,DNA-Protein,1
Rv0135c,bin641,DNA-Protein,1
Rv0302,bin641,DNA-Protein,1
Rv0678,bin641,DNA-Protein,1
Rv0691c,bin641,DNA-Protein,1
phoP,bin641,DNA-Protein,1
csoR,bin641,DNA-Protein,1
trcR,bin641,DNA-Protein,1
Rv1353c,bin641,DNA-Protein,1
Rv1828,bin641,DNA-Protein,1
Rv2021c,bin641,DNA-Protein,1
Rv2034,bin641,DNA-Protein,1
Rv3249c,bin641,DNA-Protein,1
espR,bin641,DNA-Protein,1
whiB5,bin642,DNA-Protein,1
csoR,bin642,DNA-Protein,1
Rv1353c,bin642,DNA-Protein,1
Rv3488,bin642,DNA-Protein,1
whiB5,bin643,DNA-Protein,1
Rv0023,bin643,DNA-Protein,1
Rv0047c,bin643,DNA-Protein,1
Rv0081,bin643,DNA-Protein,1
Rv0302,bin643,DNA-Protein,1
Rv0324,bin643,DNA-Protein,1
tcrA,bin643,DNA-Protein,1
Rv0678,bin643,DNA-Protein,1
phoP,bin643,DNA-Protein,1
trcR,bin643,DNA-Protein,1
Rv1049,bin643,DNA-Protein,1
Rv1353c,bin643,DNA-Protein,1
Rv1473A,bin643,DNA-Protein,1
Rv1816,bin643,DNA-Protein,1
Rv2034,bin643,DNA-Protein,1
Rv2250c,bin643,DNA-Protein,1
Rv2887,bin643,DNA-Protein,1
Rv2989,bin643,DNA-Protein,1
Rv3249c,bin643,DNA-Protein,1
whiB2,bin643,DNA-Protein,1
kstR,bin643,DNA-Protein,1
whiB4,bin643,DNA-Protein,1
whiB5,bin644,DNA-Protein,1
Rv0047c,bin644,DNA-Protein,1
Rv0302,bin644,DNA-Protein,1
Rv0324,bin644,DNA-Protein,1
Rv0465c,bin644,DNA-Protein,1
trcR,bin644,DNA-Protein,1
Rv1219c,bin644,DNA-Protein,1
Rv1816,bin644,DNA-Protein,1
Rv2034,bin644,DNA-Protein,1
devR,bin644,DNA-Protein,1
Rv3249c,bin644,DNA-Protein,1
kstR,bin644,DNA-Protein,1
Rv3736,bin644,DNA-Protein,1
Rv0195,bin645,DNA-Protein,1
Rv0302,bin645,DNA-Protein,1
Rv1353c,bin645,DNA-Protein,1
Rv2912c,bin645,DNA-Protein,1
devR,bin645,DNA-Protein,1
csoR,bin646,DNA-Protein,1
Rv1219c,bin646,DNA-Protein,1
Rv2034,bin646,DNA-Protein,1
Rv3249c,bin646,DNA-Protein,1
ethR,bin646,DNA-Protein,1
whiB5,bin647,DNA-Protein,1
Rv0047c,bin647,DNA-Protein,1
Rv0081,bin647,DNA-Protein,1
Rv0135c,bin647,DNA-Protein,1
Rv0678,bin647,DNA-Protein,1
trcR,bin647,DNA-Protein,1
Rv1219c,bin647,DNA-Protein,1
whiA,bin647,DNA-Protein,1
Rv1816,bin647,DNA-Protein,1
Rv1985c,bin647,DNA-Protein,1
Rv1990c,bin647,DNA-Protein,1
Rv2034,bin647,DNA-Protein,1
whiB4,bin647,DNA-Protein,1
Rv3736,bin647,DNA-Protein,1
Rv0023,bin648,DNA-Protein,1
Rv0678,bin648,DNA-Protein,1
csoR,bin648,DNA-Protein,1
Rv1816,bin648,DNA-Protein,1
Rv2034,bin648,DNA-Protein,1
Rv2250c,bin648,DNA-Protein,1
devR,bin648,DNA-Protein,1
Rv3488,bin648,DNA-Protein,1
kstR,bin648,DNA-Protein,1
Rv0081,bin649,DNA-Protein,1
Rv0135c,bin649,DNA-Protein,1
Rv0273c,bin649,DNA-Protein,1
Rv0324,bin649,DNA-Protein,1
Rv0678,bin649,DNA-Protein,1
phoP,bin649,DNA-Protein,1
csoR,bin649,DNA-Protein,1
trcR,bin649,DNA-Protein,1
Rv1049,bin649,DNA-Protein,1
Rv1219c,bin649,DNA-Protein,1
Rv1353c,bin649,DNA-Protein,1
whiA,bin649,DNA-Protein,1
Rv1719,bin649,DNA-Protein,1
Rv1816,bin649,DNA-Protein,1
Rv1990c,bin649,DNA-Protein,1
Rv2011c,bin649,DNA-Protein,1
Rv2034,bin649,DNA-Protein,1
sigC,bin649,DNA-Protein,1
Rv3488,bin649,DNA-Protein,1
whiB4,bin649,DNA-Protein,1
Rv3736,bin649,DNA-Protein,1
Rv3830c,bin649,DNA-Protein,1
espR,bin649,DNA-Protein,1
Rv0302,bin650,DNA-Protein,1
Rv1353c,bin650,DNA-Protein,1
Rv3488,bin650,DNA-Protein,1
kstR,bin650,DNA-Protein,1
phoP,bin651,DNA-Protein,1
Rv1719,bin651,DNA-Protein,1
Rv1816,bin651,DNA-Protein,1
Rv0135c,bin652,DNA-Protein,1
csoR,bin652,DNA-Protein,1
whiA,bin652,DNA-Protein,1
Rv1473A,bin652,DNA-Protein,1
Rv1556,bin652,DNA-Protein,1
Rv1816,bin652,DNA-Protein,1
Rv0081,bin653,DNA-Protein,1
Rv0767c,bin653,DNA-Protein,1
Rv1353c,bin653,DNA-Protein,1
Rv2034,bin653,DNA-Protein,1
whiB5,bin654,DNA-Protein,1
Rv0023,bin654,DNA-Protein,1
Rv0047c,bin654,DNA-Protein,1
Rv0135c,bin654,DNA-Protein,1
Rv0678,bin654,DNA-Protein,1
Rv0767c,bin654,DNA-Protein,1
Rv1049,bin654,DNA-Protein,1
Rv1353c,bin654,DNA-Protein,1
Rv1816,bin654,DNA-Protein,1
cmtR,bin654,DNA-Protein,1
Rv2011c,bin654,DNA-Protein,1
Rv3249c,bin654,DNA-Protein,1
Rv0023,bin655,DNA-Protein,1
Rv0047c,bin655,DNA-Protein,1
Rv0081,bin655,DNA-Protein,1
Rv0135c,bin655,DNA-Protein,1
Rv0273c,bin655,DNA-Protein,1
Rv0302,bin655,DNA-Protein,1
Rv0465c,bin655,DNA-Protein,1
Rv0653c,bin655,DNA-Protein,1
phoP,bin655,DNA-Protein,1
Rv0767c,bin655,DNA-Protein,1
Rv1049,bin655,DNA-Protein,1
Rv1353c,bin655,DNA-Protein,1
whiA,bin655,DNA-Protein,1
Rv2250c,bin655,DNA-Protein,1
Rv2324,bin655,DNA-Protein,1
Rv2989,bin655,DNA-Protein,1
mtrA,bin655,DNA-Protein,1
Rv3249c,bin655,DNA-Protein,1
Rv3488,bin655,DNA-Protein,1
kstR,bin655,DNA-Protein,1
whiB4,bin655,DNA-Protein,1
Rv3736,bin655,DNA-Protein,1
espR,bin655,DNA-Protein,1
whiB5,bin656,DNA-Protein,1
Rv0081,bin656,DNA-Protein,1
Rv0135c,bin656,DNA-Protein,1
Rv0324,bin656,DNA-Protein,1
Rv0494,bin656,DNA-Protein,1
Rv0576,bin656,DNA-Protein,1
Rv0678,bin656,DNA-Protein,1
Rv0767c,bin656,DNA-Protein,1
trcR,bin656,DNA-Protein,1
whiA,bin656,DNA-Protein,1
Rv1719,bin656,DNA-Protein,1
Rv1816,bin656,DNA-Protein,1
Rv2034,bin656,DNA-Protein,1
Rv3066,bin656,DNA-Protein,1
devR,bin656,DNA-Protein,1
Rv3488,bin656,DNA-Protein,1
kstR,bin656,DNA-Protein,1
Rv0023,bin657,DNA-Protein,1
Rv0047c,bin657,DNA-Protein,1
Rv0081,bin657,DNA-Protein,1
Rv0158,bin657,DNA-Protein,1
Rv0678,bin657,DNA-Protein,1
Rv0691c,bin657,DNA-Protein,1
csoR,bin657,DNA-Protein,1
Rv1049,bin657,DNA-Protein,1
Rv1816,bin657,DNA-Protein,1
Rv1990c,bin657,DNA-Protein,1
cmtR,bin657,DNA-Protein,1
vapB15,bin657,DNA-Protein,1
Rv2034,bin657,DNA-Protein,1
Rv2324,bin657,DNA-Protein,1
hrcA,bin657,DNA-Protein,1
Rv2506,bin657,DNA-Protein,1
Rv2642,bin657,DNA-Protein,1
tcrX,bin657,DNA-Protein,1
Rv3830c,bin657,DNA-Protein,1
espR,bin657,DNA-Protein,1
whiB5,bin658,DNA-Protein,1
Rv0081,bin658,DNA-Protein,1
Rv0302,bin658,DNA-Protein,1
Rv0324,bin658,DNA-Protein,1
Rv0678,bin658,DNA-Protein,1
Rv0691c,bin658,DNA-Protein,1
csoR,bin658,DNA-Protein,1
mprA,bin658,DNA-Protein,1
trcR,bin658,DNA-Protein,1
Rv1719,bin658,DNA-Protein,1
Rv1816,bin658,DNA-Protein,1
Rv2034,bin658,DNA-Protein,1
Rv2324,bin658,DNA-Protein,1
Rv3249c,bin658,DNA-Protein,1
Rv0047c,bin659,DNA-Protein,1
Rv0081,bin659,DNA-Protein,1
Rv0135c,bin659,DNA-Protein,1
Rv0302,bin659,DNA-Protein,1
csoR,bin659,DNA-Protein,1
Rv1049,bin659,DNA-Protein,1
Rv1255c,bin659,DNA-Protein,1
Rv1353c,bin659,DNA-Protein,1
whiA,bin659,DNA-Protein,1
Rv1719,bin659,DNA-Protein,1
Rv1816,bin659,DNA-Protein,1
Rv1990c,bin659,DNA-Protein,1
cmtR,bin659,DNA-Protein,1
Rv2250c,bin659,DNA-Protein,1
Rv3249c,bin659,DNA-Protein,1
Rv3736,bin659,DNA-Protein,1
Rv3830c,bin659,DNA-Protein,1
Rv0023,bin660,DNA-Protein,1
Rv0081,bin660,DNA-Protein,1
Rv0135c,bin660,DNA-Protein,1
Rv0324,bin660,DNA-Protein,1
Rv0576,bin660,DNA-Protein,1
tcrA,bin660,DNA-Protein,1
Rv0678,bin660,DNA-Protein,1
csoR,bin660,DNA-Protein,1
Rv1049,bin660,DNA-Protein,1
Rv1353c,bin660,DNA-Protein,1
whiA,bin660,DNA-Protein,1
Rv1985c,bin660,DNA-Protein,1
Rv3488,bin660,DNA-Protein,1
lsr2,bin660,DNA-Protein,1
tcrX,bin660,DNA-Protein,1
espR,bin660,DNA-Protein,1
Rv0023,bin661,DNA-Protein,1
Rv0047c,bin661,DNA-Protein,1
Rv0081,bin661,DNA-Protein,1
Rv0135c,bin661,DNA-Protein,1
nadR,bin661,DNA-Protein,1
Rv0273c,bin661,DNA-Protein,1
Rv0302,bin661,DNA-Protein,1
Rv0324,bin661,DNA-Protein,1
Rv0465c,bin661,DNA-Protein,1
tcrA,bin661,DNA-Protein,1
Rv0678,bin661,DNA-Protein,1
Rv0691c,bin661,DNA-Protein,1
phoP,bin661,DNA-Protein,1
Rv0880,bin661,DNA-Protein,1
trcR,bin661,DNA-Protein,1
Rv1049,bin661,DNA-Protein,1
Rv1167c,bin661,DNA-Protein,1
Rv1255c,bin661,DNA-Protein,1
Rv1353c,bin661,DNA-Protein,1
whiA,bin661,DNA-Protein,1
Rv1816,bin661,DNA-Protein,1
Rv1985c,bin661,DNA-Protein,1
cmtR,bin661,DNA-Protein,1
Rv2011c,bin661,DNA-Protein,1
sigC,bin661,DNA-Protein,1
Rv2989,bin661,DNA-Protein,1
devR,bin661,DNA-Protein,1
mtrA,bin661,DNA-Protein,1
Rv3249c,bin661,DNA-Protein,1
whiB2,bin661,DNA-Protein,1
Rv3488,bin661,DNA-Protein,1
lsr2,bin661,DNA-Protein,1
whiB4,bin661,DNA-Protein,1
tcrX,bin661,DNA-Protein,1
espR,bin661,DNA-Protein,1
Rv0023,bin662,DNA-Protein,1
Rv0081,bin662,DNA-Protein,1
Rv0324,bin662,DNA-Protein,1
Rv0465c,bin662,DNA-Protein,1
Rv0678,bin662,DNA-Protein,1
csoR,bin662,DNA-Protein,1
Rv1049,bin662,DNA-Protein,1
Rv1404,bin662,DNA-Protein,1
Rv1473A,bin662,DNA-Protein,1
Rv1816,bin662,DNA-Protein,1
Rv2011c,bin662,DNA-Protein,1
Rv2034,bin662,DNA-Protein,1
kstR,bin662,DNA-Protein,1
espR,bin662,DNA-Protein,1
Rv0047c,bin663,DNA-Protein,1
Rv0081,bin663,DNA-Protein,1
Rv0135c,bin663,DNA-Protein,1
Rv0324,bin663,DNA-Protein,1
Rv0465c,bin663,DNA-Protein,1
Rv0678,bin663,DNA-Protein,1
Rv0880,bin663,DNA-Protein,1
csoR,bin663,DNA-Protein,1
trcR,bin663,DNA-Protein,1
whiA,bin663,DNA-Protein,1
Rv1473A,bin663,DNA-Protein,1
Rv1985c,bin663,DNA-Protein,1
Rv2912c,bin663,DNA-Protein,1
mtrA,bin663,DNA-Protein,1
Rv3249c,bin663,DNA-Protein,1
Rv3488,bin663,DNA-Protein,1
kstR,bin663,DNA-Protein,1
Rv0023,bin664,DNA-Protein,1
Rv0047c,bin664,DNA-Protein,1
Rv0081,bin664,DNA-Protein,1
csoR,bin664,DNA-Protein,1
trcR,bin664,DNA-Protein,1
whiA,bin664,DNA-Protein,1
Rv1719,bin664,DNA-Protein,1
Rv1816,bin664,DNA-Protein,1
Rv1985c,bin664,DNA-Protein,1
Rv2021c,bin664,DNA-Protein,1
Rv2887,bin664,DNA-Protein,1
Rv2989,bin664,DNA-Protein,1
devR,bin664,DNA-Protein,1
Rv3488,bin664,DNA-Protein,1
lsr2,bin664,DNA-Protein,1
Rv3736,bin664,DNA-Protein,1
Rv0023,bin665,DNA-Protein,1
Rv0047c,bin665,DNA-Protein,1
Rv0081,bin665,DNA-Protein,1
Rv0324,bin665,DNA-Protein,1
Rv0678,bin665,DNA-Protein,1
trcR,bin665,DNA-Protein,1
Rv1353c,bin665,DNA-Protein,1
Rv1473A,bin665,DNA-Protein,1
Rv2989,bin665,DNA-Protein,1
kstR,bin665,DNA-Protein,1
Rv3736,bin665,DNA-Protein,1
Rv0047c,bin666,DNA-Protein,1
Rv0081,bin666,DNA-Protein,1
Rv0324,bin666,DNA-Protein,1
Rv0678,bin666,DNA-Protein,1
phoP,bin666,DNA-Protein,1
csoR,bin666,DNA-Protein,1
trcR,bin666,DNA-Protein,1
whiA,bin666,DNA-Protein,1
Rv1985c,bin666,DNA-Protein,1
Rv1990c,bin666,DNA-Protein,1
cmtR,bin666,DNA-Protein,1
Rv2011c,bin666,DNA-Protein,1
Rv2250c,bin666,DNA-Protein,1
Rv2324,bin666,DNA-Protein,1
Rv3736,bin666,DNA-Protein,1
Rv0023,bin667,DNA-Protein,1
Rv0047c,bin667,DNA-Protein,1
Rv0135c,bin667,DNA-Protein,1
Rv0767c,bin667,DNA-Protein,1
trcR,bin667,DNA-Protein,1
Rv1816,bin667,DNA-Protein,1
Rv2011c,bin667,DNA-Protein,1
Rv3249c,bin667,DNA-Protein,1
Rv3736,bin667,DNA-Protein,1
whiB5,bin668,DNA-Protein,1
Rv0047c,bin668,DNA-Protein,1
Rv0653c,bin668,DNA-Protein,1
whiA,bin668,DNA-Protein,1
Rv2011c,bin668,DNA-Protein,1
Rv2034,bin668,DNA-Protein,1
Rv2324,bin668,DNA-Protein,1
Rv3249c,bin668,DNA-Protein,1
Rv3488,bin668,DNA-Protein,1
Rv0081,bin669,DNA-Protein,1
Rv0135c,bin669,DNA-Protein,1
Rv0302,bin669,DNA-Protein,1
Rv0691c,bin669,DNA-Protein,1
Rv0767c,bin669,DNA-Protein,1
trcR,bin669,DNA-Protein,1
Rv1049,bin669,DNA-Protein,1
Rv1353c,bin669,DNA-Protein,1
Rv1473A,bin669,DNA-Protein,1
Rv1816,bin669,DNA-Protein,1
Rv2250c,bin669,DNA-Protein,1
Rv2989,bin669,DNA-Protein,1
Rv3249c,bin669,DNA-Protein,1
Rv3488,bin669,DNA-Protein,1
Rv0023,bin670,DNA-Protein,1
Rv0081,bin670,DNA-Protein,1
Rv0135c,bin670,DNA-Protein,1
Rv0302,bin670,DNA-Protein,1
phoP,bin670,DNA-Protein,1
trcR,bin670,DNA-Protein,1
Rv1049,bin670,DNA-Protein,1
whiA,bin670,DNA-Protein,1
Rv1719,bin670,DNA-Protein,1
Rv1990c,bin670,DNA-Protein,1
Rv2034,bin670,DNA-Protein,1
Rv2324,bin670,DNA-Protein,1
zur,bin670,DNA-Protein,1
Rv2989,bin670,DNA-Protein,1
Rv3488,bin670,DNA-Protein,1
Rv0135c,bin671,DNA-Protein,1
Rv0302,bin671,DNA-Protein,1
csoR,bin671,DNA-Protein,1
Rv1473A,bin671,DNA-Protein,1
Rv2324,bin671,DNA-Protein,1
Rv3249c,bin671,DNA-Protein,1
Rv3736,bin671,DNA-Protein,1
Rv0047c,bin672,DNA-Protein,1
Rv0324,bin672,DNA-Protein,1
tcrA,bin672,DNA-Protein,1
Rv0678,bin672,DNA-Protein,1
Rv0691c,bin672,DNA-Protein,1
Rv1353c,bin672,DNA-Protein,1
whiA,bin672,DNA-Protein,1
whiB5,bin673,DNA-Protein,1
Rv0081,bin673,DNA-Protein,1
Rv0691c,bin673,DNA-Protein,1
Rv1353c,bin673,DNA-Protein,1
Rv1473A,bin673,DNA-Protein,1
blaI,bin673,DNA-Protein,1
Rv1990c,bin673,DNA-Protein,1
devR,bin673,DNA-Protein,1
Rv3249c,bin673,DNA-Protein,1
lsr2,bin673,DNA-Protein,1
Rv0047c,bin674,DNA-Protein,1
Rv0081,bin674,DNA-Protein,1
Rv0302,bin674,DNA-Protein,1
Rv0324,bin674,DNA-Protein,1
Rv0494,bin674,DNA-Protein,1
tcrA,bin674,DNA-Protein,1
Rv0691c,bin674,DNA-Protein,1
csoR,bin674,DNA-Protein,1
trcR,bin674,DNA-Protein,1
Rv1353c,bin674,DNA-Protein,1
whiA,bin674,DNA-Protein,1
Rv1990c,bin674,DNA-Protein,1
Rv2250c,bin674,DNA-Protein,1
devR,bin674,DNA-Protein,1
kstR,bin674,DNA-Protein,1
Rv3736,bin674,DNA-Protein,1
Rv0047c,bin675,DNA-Protein,1
Rv0135c,bin675,DNA-Protein,1
csoR,bin675,DNA-Protein,1
Rv1049,bin675,DNA-Protein,1
Rv1816,bin675,DNA-Protein,1
Rv1990c,bin675,DNA-Protein,1
Rv2324,bin675,DNA-Protein,1
Rv3249c,bin675,DNA-Protein,1
Rv3736,bin675,DNA-Protein,1
Rv0023,bin676,DNA-Protein,1
Rv0081,bin676,DNA-Protein,1
Rv0324,bin676,DNA-Protein,1
Rv0678,bin676,DNA-Protein,1
Rv0767c,bin676,DNA-Protein,1
trcR,bin676,DNA-Protein,1
Rv1404,bin676,DNA-Protein,1
whiA,bin676,DNA-Protein,1
Rv1985c,bin676,DNA-Protein,1
Rv1990c,bin676,DNA-Protein,1
Rv2034,bin676,DNA-Protein,1
Rv2250c,bin676,DNA-Protein,1
Rv3488,bin676,DNA-Protein,1
kstR,bin676,DNA-Protein,1
lsr2,bin676,DNA-Protein,1
tcrX,bin676,DNA-Protein,1
Rv3830c,bin676,DNA-Protein,1
espR,bin676,DNA-Protein,1
Rv0023,bin677,DNA-Protein,1
Rv0081,bin677,DNA-Protein,1
Rv0135c,bin677,DNA-Protein,1
Rv0465c,bin677,DNA-Protein,1
Rv0474,bin677,DNA-Protein,1
tcrA,bin677,DNA-Protein,1
Rv0678,bin677,DNA-Protein,1
Rv0691c,bin677,DNA-Protein,1
Rv0767c,bin677,DNA-Protein,1
trcR,bin677,DNA-Protein,1
Rv1255c,bin677,DNA-Protein,1
Rv1353c,bin677,DNA-Protein,1
Rv1404,bin677,DNA-Protein,1
whiA,bin677,DNA-Protein,1
Rv1985c,bin677,DNA-Protein,1
Rv2011c,bin677,DNA-Protein,1
Rv2034,bin677,DNA-Protein,1
Rv2887,bin677,DNA-Protein,1
Rv2989,bin677,DNA-Protein,1
Rv3058c,bin677,DNA-Protein,1
sigH,bin677,DNA-Protein,1
kstR,bin677,DNA-Protein,1
lsr2,bin677,DNA-Protein,1
whiB4,bin677,DNA-Protein,1
tcrX,bin677,DNA-Protein,1
Rv3830c,bin677,DNA-Protein,1
ethR,bin677,DNA-Protein,1
whiB5,bin678,DNA-Protein,1
Rv0047c,bin678,DNA-Protein,1
Rv0081,bin678,DNA-Protein,1
Rv0238,bin678,DNA-Protein,1
Rv0678,bin678,DNA-Protein,1
Rv0691c,bin678,DNA-Protein,1
Rv0767c,bin678,DNA-Protein,1
trcR,bin678,DNA-Protein,1
Rv1049,bin678,DNA-Protein,1
Rv1353c,bin678,DNA-Protein,1
whiA,bin678,DNA-Protein,1
Rv1473A,bin678,DNA-Protein,1
Rv1816,bin678,DNA-Protein,1
Rv2021c,bin678,DNA-Protein,1
Rv2034,bin678,DNA-Protein,1
Rv3488,bin678,DNA-Protein,1
kstR,bin678,DNA-Protein,1
whiB5,bin679,DNA-Protein,1
Rv0047c,bin679,DNA-Protein,1
Rv0653c,bin679,DNA-Protein,1
Rv0691c,bin679,DNA-Protein,1
csoR,bin679,DNA-Protein,1
Rv1353c,bin679,DNA-Protein,1
Rv1828,bin679,DNA-Protein,1
higA,bin679,DNA-Protein,1
Rv1990c,bin679,DNA-Protein,1
Rv2011c,bin679,DNA-Protein,1
Rv2324,bin679,DNA-Protein,1
Rv2887,bin679,DNA-Protein,1
Rv3736,bin679,DNA-Protein,1
Rv0047c,bin680,DNA-Protein,1
tcrA,bin680,DNA-Protein,1
Rv0691c,bin680,DNA-Protein,1
Rv0767c,bin680,DNA-Protein,1
csoR,bin680,DNA-Protein,1
trcR,bin680,DNA-Protein,1
whiA,bin680,DNA-Protein,1
Rv1816,bin680,DNA-Protein,1
cmtR,bin680,DNA-Protein,1
Rv2011c,bin680,DNA-Protein,1
Rv2034,bin680,DNA-Protein,1
Rv2324,bin680,DNA-Protein,1
Rv3488,bin680,DNA-Protein,1
Rv3736,bin680,DNA-Protein,1
Rv0081,bin681,DNA-Protein,1
Rv0135c,bin681,DNA-Protein,1
csoR,bin681,DNA-Protein,1
Rv1353c,bin681,DNA-Protein,1
Rv1473A,bin681,DNA-Protein,1
Rv1816,bin681,DNA-Protein,1
Rv1828,bin681,DNA-Protein,1
Rv1990c,bin681,DNA-Protein,1
Rv2011c,bin681,DNA-Protein,1
Rv2250c,bin681,DNA-Protein,1
Rv2324,bin681,DNA-Protein,1
sirR,bin681,DNA-Protein,1
sigH,bin681,DNA-Protein,1
Rv3249c,bin681,DNA-Protein,1
Rv0081,bin682,DNA-Protein,1
Rv0135c,bin682,DNA-Protein,1
Rv0302,bin682,DNA-Protein,1
tcrA,bin682,DNA-Protein,1
Rv0678,bin682,DNA-Protein,1
phoP,bin682,DNA-Protein,1
Rv0880,bin682,DNA-Protein,1
csoR,bin682,DNA-Protein,1
trcR,bin682,DNA-Protein,1
Rv1353c,bin682,DNA-Protein,1
Rv1816,bin682,DNA-Protein,1
Rv2011c,bin682,DNA-Protein,1
Rv2250c,bin682,DNA-Protein,1
Rv2324,bin682,DNA-Protein,1
devR,bin682,DNA-Protein,1
Rv3249c,bin682,DNA-Protein,1
Rv3488,bin682,DNA-Protein,1
kstR,bin682,DNA-Protein,1
whiB4,bin682,DNA-Protein,1
espR,bin682,DNA-Protein,1
Rv0023,bin683,DNA-Protein,1
Rv0047c,bin683,DNA-Protein,1
Rv0081,bin683,DNA-Protein,1
Rv0135c,bin683,DNA-Protein,1
Rv0302,bin683,DNA-Protein,1
Rv0324,bin683,DNA-Protein,1
Rv0678,bin683,DNA-Protein,1
csoR,bin683,DNA-Protein,1
Rv1049,bin683,DNA-Protein,1
Rv1255c,bin683,DNA-Protein,1
Rv1353c,bin683,DNA-Protein,1
whiA,bin683,DNA-Protein,1
Rv1473A,bin683,DNA-Protein,1
Rv1816,bin683,DNA-Protein,1
blaI,bin683,DNA-Protein,1
Rv2324,bin683,DNA-Protein,1
Rv3050c,bin683,DNA-Protein,1
sigH,bin683,DNA-Protein,1
Rv3249c,bin683,DNA-Protein,1
kstR,bin683,DNA-Protein,1
Rv3736,bin683,DNA-Protein,1
tcrX,bin683,DNA-Protein,1
espR,bin683,DNA-Protein,1
Rv0023,bin684,DNA-Protein,1
Rv0047c,bin684,DNA-Protein,1
Rv0081,bin684,DNA-Protein,1
Rv0135c,bin684,DNA-Protein,1
Rv0302,bin684,DNA-Protein,1
Rv0324,bin684,DNA-Protein,1
Rv0691c,bin684,DNA-Protein,1
trcR,bin684,DNA-Protein,1
Rv1049,bin684,DNA-Protein,1
Rv1353c,bin684,DNA-Protein,1
Rv1990c,bin684,DNA-Protein,1
Rv2011c,bin684,DNA-Protein,1
Rv2250c,bin684,DNA-Protein,1
Rv3249c,bin684,DNA-Protein,1
Rv3488,bin684,DNA-Protein,1
kstR,bin684,DNA-Protein,1
whiB5,bin685,DNA-Protein,1
Rv0047c,bin685,DNA-Protein,1
Rv0081,bin685,DNA-Protein,1
Rv0302,bin685,DNA-Protein,1
Rv0465c,bin685,DNA-Protein,1
Rv0678,bin685,DNA-Protein,1
csoR,bin685,DNA-Protein,1
trcR,bin685,DNA-Protein,1
Rv1049,bin685,DNA-Protein,1
Rv1353c,bin685,DNA-Protein,1
Rv1816,bin685,DNA-Protein,1
Rv1990c,bin685,DNA-Protein,1
Rv2034,bin685,DNA-Protein,1
Rv2250c,bin685,DNA-Protein,1
Rv3060c,bin685,DNA-Protein,1
Rv3249c,bin685,DNA-Protein,1
Rv3488,bin685,DNA-Protein,1
kstR,bin685,DNA-Protein,1
Rv0324,bin686,DNA-Protein,1
Rv0691c,bin686,DNA-Protein,1
Rv0767c,bin686,DNA-Protein,1
csoR,bin686,DNA-Protein,1
trcR,bin686,DNA-Protein,1
whiA,bin686,DNA-Protein,1
Rv1816,bin686,DNA-Protein,1
Rv1990c,bin686,DNA-Protein,1
cmtR,bin686,DNA-Protein,1
Rv2034,bin686,DNA-Protein,1
devR,bin686,DNA-Protein,1
Rv0023,bin687,DNA-Protein,1
Rv0047c,bin687,DNA-Protein,1
Rv0081,bin687,DNA-Protein,1
Rv0135c,bin687,DNA-Protein,1
Rv0324,bin687,DNA-Protein,1
Rv0465c,bin687,DNA-Protein,1
Rv0678,bin687,DNA-Protein,1
Rv0691c,bin687,DNA-Protein,1
Rv0767c,bin687,DNA-Protein,1
csoR,bin687,DNA-Protein,1
trcR,bin687,DNA-Protein,1
Rv1255c,bin687,DNA-Protein,1
Rv1353c,bin687,DNA-Protein,1
Rv1719,bin687,DNA-Protein,1
Rv1816,bin687,DNA-Protein,1
Rv1990c,bin687,DNA-Protein,1
Rv2324,bin687,DNA-Protein,1
pimA,bin687,DNA-Protein,1
Rv3066,bin687,DNA-Protein,1
devR,bin687,DNA-Protein,1
Rv3249c,bin687,DNA-Protein,1
espR,bin687,DNA-Protein,1
Rv0081,bin688,DNA-Protein,1
csoR,bin688,DNA-Protein,1
Rv1049,bin688,DNA-Protein,1
whiA,bin688,DNA-Protein,1
Rv1816,bin688,DNA-Protein,1
Rv1985c,bin688,DNA-Protein,1
Rv1990c,bin688,DNA-Protein,1
Rv2011c,bin688,DNA-Protein,1
Rv3249c,bin688,DNA-Protein,1
Rv3488,bin688,DNA-Protein,1
Rv0302,bin689,DNA-Protein,1
Rv0767c,bin689,DNA-Protein,1
csoR,bin689,DNA-Protein,1
Rv1353c,bin689,DNA-Protein,1
whiA,bin689,DNA-Protein,1
Rv1816,bin689,DNA-Protein,1
Rv0678,bin690,DNA-Protein,1
csoR,bin690,DNA-Protein,1
Rv1219c,bin690,DNA-Protein,1
Rv1816,bin690,DNA-Protein,1
higA,bin690,DNA-Protein,1
virS,bin690,DNA-Protein,1
devR,bin690,DNA-Protein,1
Rv3736,bin690,DNA-Protein,1
whiB5,bin691,DNA-Protein,1
Rv0324,bin691,DNA-Protein,1
Rv0494,bin691,DNA-Protein,1
Rv0678,bin691,DNA-Protein,1
Rv0691c,bin691,DNA-Protein,1
csoR,bin691,DNA-Protein,1
Rv1719,bin691,DNA-Protein,1
Rv2989,bin691,DNA-Protein,1
devR,bin691,DNA-Protein,1
Rv0023,bin692,DNA-Protein,1
Rv0678,bin692,DNA-Protein,1
csoR,bin692,DNA-Protein,1
Rv1353c,bin692,DNA-Protein,1
Rv1990c,bin692,DNA-Protein,1
devR,bin692,DNA-Protein,1
Rv0023,bin693,DNA-Protein,1
Rv0081,bin693,DNA-Protein,1
Rv0494,bin693,DNA-Protein,1
Rv0678,bin693,DNA-Protein,1
Rv0691c,bin693,DNA-Protein,1
trcR,bin693,DNA-Protein,1
Rv1353c,bin693,DNA-Protein,1
whiA,bin693,DNA-Protein,1
Rv1816,bin693,DNA-Protein,1
Rv1985c,bin693,DNA-Protein,1
Rv2021c,bin693,DNA-Protein,1
Rv2324,bin693,DNA-Protein,1
Rv2887,bin693,DNA-Protein,1
Rv3095,bin693,DNA-Protein,1
devR,bin693,DNA-Protein,1
Rv3249c,bin693,DNA-Protein,1
lsr2,bin693,DNA-Protein,1
Rv0023,bin694,DNA-Protein,1
Rv0081,bin694,DNA-Protein,1
Rv0302,bin694,DNA-Protein,1
Rv0465c,bin694,DNA-Protein,1
Rv0494,bin694,DNA-Protein,1
Rv0576,bin694,DNA-Protein,1
Rv0678,bin694,DNA-Protein,1
Rv0691c,bin694,DNA-Protein,1
sigL,bin694,DNA-Protein,1
Rv0767c,bin694,DNA-Protein,1
csoR,bin694,DNA-Protein,1
trcR,bin694,DNA-Protein,1
Rv1255c,bin694,DNA-Protein,1
Rv1353c,bin694,DNA-Protein,1
whiA,bin694,DNA-Protein,1
Rv1990c,bin694,DNA-Protein,1
Rv2011c,bin694,DNA-Protein,1
Rv2250c,bin694,DNA-Protein,1
Rv2324,bin694,DNA-Protein,1
Rv2989,bin694,DNA-Protein,1
devR,bin694,DNA-Protein,1
sigH,bin694,DNA-Protein,1
kstR,bin694,DNA-Protein,1
lsr2,bin694,DNA-Protein,1
whiB5,bin695,DNA-Protein,1
Rv0023,bin695,DNA-Protein,1
Rv0047c,bin695,DNA-Protein,1
Rv0135c,bin695,DNA-Protein,1
Rv0273c,bin695,DNA-Protein,1
Rv0302,bin695,DNA-Protein,1
Rv0465c,bin695,DNA-Protein,1
csoR,bin695,DNA-Protein,1
trcR,bin695,DNA-Protein,1
Rv1049,bin695,DNA-Protein,1
Rv1353c,bin695,DNA-Protein,1
Rv1473A,bin695,DNA-Protein,1
Rv1990c,bin695,DNA-Protein,1
Rv2011c,bin695,DNA-Protein,1
Rv2250c,bin695,DNA-Protein,1
Rv2989,bin695,DNA-Protein,1
Rv3488,bin695,DNA-Protein,1
Rv3736,bin695,DNA-Protein,1
Rv0023,bin696,DNA-Protein,1
Rv0047c,bin696,DNA-Protein,1
Rv0081,bin696,DNA-Protein,1
Rv0135c,bin696,DNA-Protein,1
Rv0273c,bin696,DNA-Protein,1
Rv0324,bin696,DNA-Protein,1
Rv0465c,bin696,DNA-Protein,1
tcrA,bin696,DNA-Protein,1
Rv0678,bin696,DNA-Protein,1
Rv0691c,bin696,DNA-Protein,1
Rv0767c,bin696,DNA-Protein,1
trcR,bin696,DNA-Protein,1
sigI,bin696,DNA-Protein,1
Rv1353c,bin696,DNA-Protein,1
Rv1473A,bin696,DNA-Protein,1
Rv1719,bin696,DNA-Protein,1
Rv1985c,bin696,DNA-Protein,1
Rv2011c,bin696,DNA-Protein,1
Rv2034,bin696,DNA-Protein,1
sigA,bin696,DNA-Protein,1
Rv2887,bin696,DNA-Protein,1
Rv3066,bin696,DNA-Protein,1
mtrA,bin696,DNA-Protein,1
Rv3249c,bin696,DNA-Protein,1
Rv3488,bin696,DNA-Protein,1
kstR,bin696,DNA-Protein,1
lsr2,bin696,DNA-Protein,1
Rv3736,bin696,DNA-Protein,1
tcrX,bin696,DNA-Protein,1
Rv0081,bin697,DNA-Protein,1
Rv0135c,bin697,DNA-Protein,1
Rv0302,bin697,DNA-Protein,1
Rv0324,bin697,DNA-Protein,1
tcrA,bin697,DNA-Protein,1
Rv0678,bin697,DNA-Protein,1
Rv0691c,bin697,DNA-Protein,1
sigL,bin697,DNA-Protein,1
Rv0767c,bin697,DNA-Protein,1
trcR,bin697,DNA-Protein,1
Rv1353c,bin697,DNA-Protein,1
Rv1359,bin697,DNA-Protein,1
whiA,bin697,DNA-Protein,1
Rv1719,bin697,DNA-Protein,1
Rv1816,bin697,DNA-Protein,1
Rv1990c,bin697,DNA-Protein,1
Rv2011c,bin697,DNA-Protein,1
Rv2250c,bin697,DNA-Protein,1
devR,bin697,DNA-Protein,1
Rv3249c,bin697,DNA-Protein,1
Rv0047c,bin698,DNA-Protein,1
Rv0081,bin698,DNA-Protein,1
Rv0135c,bin698,DNA-Protein,1
Rv0275c,bin698,DNA-Protein,1
Rv0324,bin698,DNA-Protein,1
Rv0465c,bin698,DNA-Protein,1
Rv0678,bin698,DNA-Protein,1
Rv0691c,bin698,DNA-Protein,1
phoP,bin698,DNA-Protein,1
Rv0767c,bin698,DNA-Protein,1
csoR,bin698,DNA-Protein,1
trcR,bin698,DNA-Protein,1
Rv1219c,bin698,DNA-Protein,1
Rv1353c,bin698,DNA-Protein,1
whiA,bin698,DNA-Protein,1
Rv1473A,bin698,DNA-Protein,1
Rv1816,bin698,DNA-Protein,1
Rv2250c,bin698,DNA-Protein,1
moaR1,bin698,DNA-Protein,1
devR,bin698,DNA-Protein,1
lsr2,bin698,DNA-Protein,1
Rv3736,bin698,DNA-Protein,1
Rv0023,bin699,DNA-Protein,1
Rv0047c,bin699,DNA-Protein,1
Rv0081,bin699,DNA-Protein,1
Rv0324,bin699,DNA-Protein,1
Rv0767c,bin699,DNA-Protein,1
Rv1353c,bin699,DNA-Protein,1
Rv1816,bin699,DNA-Protein,1
Rv1985c,bin699,DNA-Protein,1
Rv2034,bin699,DNA-Protein,1
sigC,bin699,DNA-Protein,1
Rv2324,bin699,DNA-Protein,1
Rv2887,bin699,DNA-Protein,1
devR,bin699,DNA-Protein,1
Rv3249c,bin699,DNA-Protein,1
kstR,bin699,DNA-Protein,1
Rv0472c,bin700,DNA-Protein,1
tcrA,bin700,DNA-Protein,1
Rv1353c,bin700,DNA-Protein,1
Rv1985c,bin700,DNA-Protein,1
Rv2011c,bin700,DNA-Protein,1
Rv2324,bin700,DNA-Protein,1
devR,bin700,DNA-Protein,1
Rv0047c,bin701,DNA-Protein,1
Rv0081,bin701,DNA-Protein,1
Rv0678,bin701,DNA-Protein,1
Rv0691c,bin701,DNA-Protein,1
phoP,bin701,DNA-Protein,1
csoR,bin701,DNA-Protein,1
trcR,bin701,DNA-Protein,1
Rv1049,bin701,DNA-Protein,1
Rv1353c,bin701,DNA-Protein,1
Rv1473A,bin701,DNA-Protein,1
Rv1985c,bin701,DNA-Protein,1
cmtR,bin701,DNA-Protein,1
Rv2034,bin701,DNA-Protein,1
Rv2324,bin701,DNA-Protein,1
Rv3066,bin701,DNA-Protein,1
devR,bin701,DNA-Protein,1
whiB4,bin701,DNA-Protein,1
tcrX,bin701,DNA-Protein,1
whiB5,bin702,DNA-Protein,1
Rv0023,bin702,DNA-Protein,1
Rv0047c,bin702,DNA-Protein,1
Rv0081,bin702,DNA-Protein,1
Rv0238,bin702,DNA-Protein,1
Rv0324,bin702,DNA-Protein,1
Rv0465c,bin702,DNA-Protein,1
Rv0494,bin702,DNA-Protein,1
Rv0678,bin702,DNA-Protein,1
Rv0767c,bin702,DNA-Protein,1
trcR,bin702,DNA-Protein,1
cmtR,bin702,DNA-Protein,1
vapB15,bin702,DNA-Protein,1
Rv2250c,bin702,DNA-Protein,1
Rv2642,bin702,DNA-Protein,1
Rv2887,bin702,DNA-Protein,1
Rv3066,bin702,DNA-Protein,1
devR,bin702,DNA-Protein,1
lsr2,bin702,DNA-Protein,1
Rv3736,bin702,DNA-Protein,1
Rv0047c,bin703,DNA-Protein,1
Rv0081,bin703,DNA-Protein,1
Rv0465c,bin703,DNA-Protein,1
Rv0494,bin703,DNA-Protein,1
Rv0678,bin703,DNA-Protein,1
Rv0767c,bin703,DNA-Protein,1
csoR,bin703,DNA-Protein,1
mprA,bin703,DNA-Protein,1
trcR,bin703,DNA-Protein,1
Rv1353c,bin703,DNA-Protein,1
Rv1816,bin703,DNA-Protein,1
Rv1985c,bin703,DNA-Protein,1
Rv2324,bin703,DNA-Protein,1
Rv2989,bin703,DNA-Protein,1
lsr2,bin703,DNA-Protein,1
tcrX,bin703,DNA-Protein,1
espR,bin703,DNA-Protein,1
Rv0023,bin704,DNA-Protein,1
Rv0081,bin704,DNA-Protein,1
Rv0135c,bin704,DNA-Protein,1
Rv0678,bin704,DNA-Protein,1
csoR,bin704,DNA-Protein,1
whiA,bin704,DNA-Protein,1
Rv2011c,bin704,DNA-Protein,1
Rv2324,bin704,DNA-Protein,1
Rv3249c,bin704,DNA-Protein,1
kstR,bin704,DNA-Protein,1
lsr2,bin704,DNA-Protein,1
whiB5,bin705,DNA-Protein,1
Rv0023,bin705,DNA-Protein,1
Rv0047c,bin705,DNA-Protein,1
Rv0081,bin705,DNA-Protein,1
Rv0691c,bin705,DNA-Protein,1
phoP,bin705,DNA-Protein,1
Rv0767c,bin705,DNA-Protein,1
Rv1353c,bin705,DNA-Protein,1
Rv1404,bin705,DNA-Protein,1
Rv1473A,bin705,DNA-Protein,1
Rv2034,bin705,DNA-Protein,1
Rv2250c,bin705,DNA-Protein,1
Rv3249c,bin705,DNA-Protein,1
espR,bin705,DNA-Protein,1
Rv0023,bin706,DNA-Protein,1
Rv0081,bin706,DNA-Protein,1
Rv0135c,bin706,DNA-Protein,1
Rv0678,bin706,DNA-Protein,1
csoR,bin706,DNA-Protein,1
trcR,bin706,DNA-Protein,1
Rv1049,bin706,DNA-Protein,1
Rv1353c,bin706,DNA-Protein,1
whiA,bin706,DNA-Protein,1
Rv1985c,bin706,DNA-Protein,1
mtrA,bin706,DNA-Protein,1
Rv3249c,bin706,DNA-Protein,1
lsr2,bin706,DNA-Protein,1
espR,bin706,DNA-Protein,1
whiB5,bin707,DNA-Protein,1
Rv0047c,bin707,DNA-Protein,1
Rv0081,bin707,DNA-Protein,1
Rv0302,bin707,DNA-Protein,1
Rv0678,bin707,DNA-Protein,1
csoR,bin707,DNA-Protein,1
Rv1353c,bin707,DNA-Protein,1
Rv1990c,bin707,DNA-Protein,1
cmtR,bin707,DNA-Protein,1
Rv2034,bin707,DNA-Protein,1
Rv2506,bin707,DNA-Protein,1
Rv2887,bin707,DNA-Protein,1
Rv3160c,bin707,DNA-Protein,1
moxR3,bin707,DNA-Protein,1
Rv3249c,bin707,DNA-Protein,1
tcrX,bin707,DNA-Protein,1
whiB5,bin708,DNA-Protein,1
Rv0081,bin708,DNA-Protein,1
Rv1816,bin708,DNA-Protein,1
cmtR,bin708,DNA-Protein,1
Rv3488,bin708,DNA-Protein,1
Rv0302,bin709,DNA-Protein,1
Rv0324,bin709,DNA-Protein,1
csoR,bin709,DNA-Protein,1
trcR,bin709,DNA-Protein,1
Rv1353c,bin709,DNA-Protein,1
Rv1816,bin709,DNA-Protein,1
Rv1985c,bin709,DNA-Protein,1
Rv2034,bin709,DNA-Protein,1
Rv2250c,bin709,DNA-Protein,1
Rv3173c,bin709,DNA-Protein,1
mtrA,bin709,DNA-Protein,1
Rv0023,bin710,DNA-Protein,1
Rv0081,bin710,DNA-Protein,1
Rv0302,bin710,DNA-Protein,1
Rv0324,bin710,DNA-Protein,1
Rv0678,bin710,DNA-Protein,1
Rv0767c,bin710,DNA-Protein,1
trcR,bin710,DNA-Protein,1
Rv1353c,bin710,DNA-Protein,1
whiA,bin710,DNA-Protein,1
Rv1990c,bin710,DNA-Protein,1
cmtR,bin710,DNA-Protein,1
Rv2989,bin710,DNA-Protein,1
devR,bin710,DNA-Protein,1
Rv3173c,bin710,DNA-Protein,1
Rv3249c,bin710,DNA-Protein,1
lsr2,bin710,DNA-Protein,1
Rv3736,bin710,DNA-Protein,1
Rv3830c,bin710,DNA-Protein,1
Rv0047c,bin711,DNA-Protein,1
Rv0081,bin711,DNA-Protein,1
Rv0135c,bin711,DNA-Protein,1
Rv0324,bin711,DNA-Protein,1
Rv0494,bin711,DNA-Protein,1
Rv0767c,bin711,DNA-Protein,1
Rv1353c,bin711,DNA-Protein,1
higA,bin711,DNA-Protein,1
Rv1990c,bin711,DNA-Protein,1
cmtR,bin711,DNA-Protein,1
Rv2250c,bin711,DNA-Protein,1
Rv2642,bin711,DNA-Protein,1
Rv2989,bin711,DNA-Protein,1
devR,bin711,DNA-Protein,1
Rv3183,bin711,DNA-Protein,1
Rv0042c,bin712,DNA-Protein,1
Rv0047c,bin712,DNA-Protein,1
Rv0081,bin712,DNA-Protein,1
Rv0324,bin712,DNA-Protein,1
Rv0465c,bin712,DNA-Protein,1
Rv0691c,bin712,DNA-Protein,1
Rv0767c,bin712,DNA-Protein,1
Rv0880,bin712,DNA-Protein,1
trcR,bin712,DNA-Protein,1
Rv1404,bin712,DNA-Protein,1
Rv1473A,bin712,DNA-Protein,1
Rv1816,bin712,DNA-Protein,1
Rv1985c,bin712,DNA-Protein,1
Rv1990c,bin712,DNA-Protein,1
cmtR,bin712,DNA-Protein,1
Rv2034,bin712,DNA-Protein,1
Rv2324,bin712,DNA-Protein,1
devR,bin712,DNA-Protein,1
Rv3488,bin712,DNA-Protein,1
lsr2,bin712,DNA-Protein,1
ethR,bin712,DNA-Protein,1
Rv0023,bin713,DNA-Protein,1
Rv0047c,bin713,DNA-Protein,1
Rv0081,bin713,DNA-Protein,1
Rv0135c,bin713,DNA-Protein,1
Rv0324,bin713,DNA-Protein,1
Rv0678,bin713,DNA-Protein,1
Rv0691c,bin713,DNA-Protein,1
Rv0767c,bin713,DNA-Protein,1
csoR,bin713,DNA-Protein,1
trcR,bin713,DNA-Protein,1
Rv1049,bin713,DNA-Protein,1
Rv1219c,bin713,DNA-Protein,1
Rv1353c,bin713,DNA-Protein,1
whiA,bin713,DNA-Protein,1
Rv1473A,bin713,DNA-Protein,1
Rv1816,bin713,DNA-Protein,1
cmtR,bin713,DNA-Protein,1
Rv2021c,bin713,DNA-Protein,1
Rv2324,bin713,DNA-Protein,1
kstR,bin713,DNA-Protein,1
lsr2,bin713,DNA-Protein,1
Rv3736,bin713,DNA-Protein,1
tcrX,bin713,DNA-Protein,1
Rv0023,bin714,DNA-Protein,1
Rv0047c,bin714,DNA-Protein,1
Rv0135c,bin714,DNA-Protein,1
Rv0324,bin714,DNA-Protein,1
Rv0678,bin714,DNA-Protein,1
phoP,bin714,DNA-Protein,1
Rv0767c,bin714,DNA-Protein,1
csoR,bin714,DNA-Protein,1
whiA,bin714,DNA-Protein,1
Rv1473A,bin714,DNA-Protein,1
Rv1816,bin714,DNA-Protein,1
Rv1990c,bin714,DNA-Protein,1
Rv2011c,bin714,DNA-Protein,1
Rv2250c,bin714,DNA-Protein,1
devR,bin714,DNA-Protein,1
Rv3249c,bin714,DNA-Protein,1
Rv3830c,bin714,DNA-Protein,1
Rv0047c,bin715,DNA-Protein,1
Rv0081,bin715,DNA-Protein,1
Rv0324,bin715,DNA-Protein,1
Rv0465c,bin715,DNA-Protein,1
Rv0678,bin715,DNA-Protein,1
Rv0767c,bin715,DNA-Protein,1
trcR,bin715,DNA-Protein,1
Rv1219c,bin715,DNA-Protein,1
Rv1353c,bin715,DNA-Protein,1
whiA,bin715,DNA-Protein,1
Rv1473A,bin715,DNA-Protein,1
Rv1816,bin715,DNA-Protein,1
Rv1990c,bin715,DNA-Protein,1
Rv2324,bin715,DNA-Protein,1
Rv3249c,bin715,DNA-Protein,1
whiB5,bin716,DNA-Protein,1
csoR,bin716,DNA-Protein,1
Rv1049,bin716,DNA-Protein,1
Rv1353c,bin716,DNA-Protein,1
Rv1990c,bin716,DNA-Protein,1
cmtR,bin716,DNA-Protein,1
Rv2021c,bin716,DNA-Protein,1
Rv2034,bin716,DNA-Protein,1
Rv0023,bin717,DNA-Protein,1
Rv0047c,bin717,DNA-Protein,1
Rv0081,bin717,DNA-Protein,1
Rv0302,bin717,DNA-Protein,1
csoR,bin717,DNA-Protein,1
Rv1353c,bin717,DNA-Protein,1
Rv1556,bin717,DNA-Protein,1
Rv1719,bin717,DNA-Protein,1
Rv2034,bin717,DNA-Protein,1
Rv2324,bin717,DNA-Protein,1
sigH,bin717,DNA-Protein,1
Rv0047c,bin718,DNA-Protein,1
Rv0081,bin718,DNA-Protein,1
Rv0691c,bin718,DNA-Protein,1
trcR,bin718,DNA-Protein,1
Rv1353c,bin718,DNA-Protein,1
whiA,bin718,DNA-Protein,1
Rv1816,bin718,DNA-Protein,1
vapB15,bin718,DNA-Protein,1
Rv2034,bin718,DNA-Protein,1
Rv2250c,bin718,DNA-Protein,1
Rv2324,bin718,DNA-Protein,1
Rv2642,bin718,DNA-Protein,1
Rv3249c,bin718,DNA-Protein,1
Rv3488,bin718,DNA-Protein,1
lsr2,bin718,DNA-Protein,1
Rv3736,bin718,DNA-Protein,1
tcrX,bin718,DNA-Protein,1
espR,bin718,DNA-Protein,1
whiB5,bin719,DNA-Protein,1
Rv0023,bin719,DNA-Protein,1
Rv0047c,bin719,DNA-Protein,1
Rv0324,bin719,DNA-Protein,1
Rv0653c,bin719,DNA-Protein,1
Rv0678,bin719,DNA-Protein,1
csoR,bin719,DNA-Protein,1
Rv1049,bin719,DNA-Protein,1
Rv1353c,bin719,DNA-Protein,1
Rv1816,bin719,DNA-Protein,1
cmtR,bin719,DNA-Protein,1
Rv3249c,bin719,DNA-Protein,1
lsr2,bin719,DNA-Protein,1
Rv3736,bin719,DNA-Protein,1
Rv0023,bin720,DNA-Protein,1
Rv0047c,bin720,DNA-Protein,1
Rv0081,bin720,DNA-Protein,1
Rv0135c,bin720,DNA-Protein,1
Rv0324,bin720,DNA-Protein,1
Rv0576,bin720,DNA-Protein,1
Rv0678,bin720,DNA-Protein,1
phoP,bin720,DNA-Protein,1
trcR,bin720,DNA-Protein,1
Rv1219c,bin720,DNA-Protein,1
Rv1473A,bin720,DNA-Protein,1
Rv1816,bin720,DNA-Protein,1
Rv1985c,bin720,DNA-Protein,1
cmtR,bin720,DNA-Protein,1
Rv2011c,bin720,DNA-Protein,1
Rv2034,bin720,DNA-Protein,1
sigC,bin720,DNA-Protein,1
Rv2250c,bin720,DNA-Protein,1
Rv2324,bin720,DNA-Protein,1
Rv2887,bin720,DNA-Protein,1
Rv2989,bin720,DNA-Protein,1
Rv3160c,bin720,DNA-Protein,1
sigH,bin720,DNA-Protein,1
Rv3249c,bin720,DNA-Protein,1
kstR,bin720,DNA-Protein,1
lsr2,bin720,DNA-Protein,1
whiB4,bin720,DNA-Protein,1
tcrX,bin720,DNA-Protein,1
Rv0135c,bin721,DNA-Protein,1
Rv0691c,bin721,DNA-Protein,1
Rv0767c,bin721,DNA-Protein,1
csoR,bin721,DNA-Protein,1
trcR,bin721,DNA-Protein,1
Rv1049,bin721,DNA-Protein,1
Rv1353c,bin721,DNA-Protein,1
whiA,bin721,DNA-Protein,1
Rv2887,bin721,DNA-Protein,1
kstR,bin721,DNA-Protein,1
Rv0023,bin722,DNA-Protein,1
Rv0047c,bin722,DNA-Protein,1
Rv0081,bin722,DNA-Protein,1
Rv0135c,bin722,DNA-Protein,1
Rv0653c,bin722,DNA-Protein,1
Rv0678,bin722,DNA-Protein,1
Rv0767c,bin722,DNA-Protein,1
Rv0818,bin722,DNA-Protein,1
Rv1019,bin722,DNA-Protein,1
trcR,bin722,DNA-Protein,1
Rv1353c,bin722,DNA-Protein,1
Rv1473A,bin722,DNA-Protein,1
Rv1990c,bin722,DNA-Protein,1
Rv2011c,bin722,DNA-Protein,1
Rv2034,bin722,DNA-Protein,1
Rv2887,bin722,DNA-Protein,1
devR,bin722,DNA-Protein,1
Rv3830c,bin722,DNA-Protein,1
Rv0023,bin723,DNA-Protein,1
Rv0047c,bin723,DNA-Protein,1
Rv0324,bin723,DNA-Protein,1
Rv0465c,bin723,DNA-Protein,1
Rv0691c,bin723,DNA-Protein,1
csoR,bin723,DNA-Protein,1
trcR,bin723,DNA-Protein,1
Rv1219c,bin723,DNA-Protein,1
Rv1353c,bin723,DNA-Protein,1
Rv1473A,bin723,DNA-Protein,1
Rv1719,bin723,DNA-Protein,1
Rv2034,bin723,DNA-Protein,1
Rv2324,bin723,DNA-Protein,1
devR,bin723,DNA-Protein,1
lsr2,bin723,DNA-Protein,1
Rv0047c,bin724,DNA-Protein,1
Rv0081,bin724,DNA-Protein,1
Rv0302,bin724,DNA-Protein,1
Rv0653c,bin724,DNA-Protein,1
Rv0678,bin724,DNA-Protein,1
trcR,bin724,DNA-Protein,1
Rv1049,bin724,DNA-Protein,1
Rv1219c,bin724,DNA-Protein,1
Rv1473A,bin724,DNA-Protein,1
Rv1719,bin724,DNA-Protein,1
Rv1990c,bin724,DNA-Protein,1
Rv2034,bin724,DNA-Protein,1
Rv2324,bin724,DNA-Protein,1
Rv2989,bin724,DNA-Protein,1
espR,bin724,DNA-Protein,1
Rv0275c,bin725,DNA-Protein,1
Rv0302,bin725,DNA-Protein,1
Rv0678,bin725,DNA-Protein,1
Rv0691c,bin725,DNA-Protein,1
csoR,bin725,DNA-Protein,1
trcR,bin725,DNA-Protein,1
Rv1816,bin725,DNA-Protein,1
Rv1990c,bin725,DNA-Protein,1
Rv2021c,bin725,DNA-Protein,1
Rv2250c,bin725,DNA-Protein,1
Rv2324,bin725,DNA-Protein,1
mtrA,bin725,DNA-Protein,1
kstR,bin725,DNA-Protein,1
Rv3736,bin725,DNA-Protein,1
Rv3830c,bin725,DNA-Protein,1
Rv0047c,bin726,DNA-Protein,1
Rv0081,bin726,DNA-Protein,1
Rv0135c,bin726,DNA-Protein,1
Rv0324,bin726,DNA-Protein,1
Rv0348,bin726,DNA-Protein,1
Rv0653c,bin726,DNA-Protein,1
Rv0678,bin726,DNA-Protein,1
Rv0880,bin726,DNA-Protein,1
Rv1049,bin726,DNA-Protein,1
Rv1353c,bin726,DNA-Protein,1
whiA,bin726,DNA-Protein,1
Rv1816,bin726,DNA-Protein,1
Rv1990c,bin726,DNA-Protein,1
Rv2011c,bin726,DNA-Protein,1
Rv2324,bin726,DNA-Protein,1
devR,bin726,DNA-Protein,1
mtrA,bin726,DNA-Protein,1
Rv3249c,bin726,DNA-Protein,1
tcrX,bin726,DNA-Protein,1
Rv3830c,bin726,DNA-Protein,1
Rv0023,bin727,DNA-Protein,1
Rv0047c,bin727,DNA-Protein,1
Rv0081,bin727,DNA-Protein,1
Rv0324,bin727,DNA-Protein,1
Rv0678,bin727,DNA-Protein,1
csoR,bin727,DNA-Protein,1
trcR,bin727,DNA-Protein,1
Rv1255c,bin727,DNA-Protein,1
Rv1353c,bin727,DNA-Protein,1
Rv1816,bin727,DNA-Protein,1
Rv1985c,bin727,DNA-Protein,1
Rv2324,bin727,DNA-Protein,1
devR,bin727,DNA-Protein,1
Rv3249c,bin727,DNA-Protein,1
Rv3488,bin727,DNA-Protein,1
kstR,bin727,DNA-Protein,1
lsr2,bin727,DNA-Protein,1
Rv3736,bin727,DNA-Protein,1
tcrX,bin727,DNA-Protein,1
whiB5,bin728,DNA-Protein,1
Rv0135c,bin728,DNA-Protein,1
Rv0324,bin728,DNA-Protein,1
Rv0678,bin728,DNA-Protein,1
csoR,bin728,DNA-Protein,1
Rv1049,bin728,DNA-Protein,1
whiA,bin728,DNA-Protein,1
Rv1816,bin728,DNA-Protein,1
Rv1990c,bin728,DNA-Protein,1
vapB15,bin728,DNA-Protein,1
Rv2011c,bin728,DNA-Protein,1
Rv0023,bin729,DNA-Protein,1
Rv0047c,bin729,DNA-Protein,1
Rv0081,bin729,DNA-Protein,1
Rv0678,bin729,DNA-Protein,1
Rv0691c,bin729,DNA-Protein,1
Rv0767c,bin729,DNA-Protein,1
csoR,bin729,DNA-Protein,1
trcR,bin729,DNA-Protein,1
Rv1353c,bin729,DNA-Protein,1
Rv1404,bin729,DNA-Protein,1
cmtR,bin729,DNA-Protein,1
Rv2250c,bin729,DNA-Protein,1
lsr2,bin729,DNA-Protein,1
whiB5,bin730,DNA-Protein,1
Rv0135c,bin730,DNA-Protein,1
Rv0302,bin730,DNA-Protein,1
Rv0678,bin730,DNA-Protein,1
Rv0691c,bin730,DNA-Protein,1
Rv1473A,bin730,DNA-Protein,1
Rv2011c,bin730,DNA-Protein,1
Rv2250c,bin730,DNA-Protein,1
Rv2324,bin730,DNA-Protein,1
Rv2887,bin730,DNA-Protein,1
Rv3249c,bin730,DNA-Protein,1
Rv0023,bin731,DNA-Protein,1
Rv0047c,bin731,DNA-Protein,1
Rv0081,bin731,DNA-Protein,1
Rv0324,bin731,DNA-Protein,1
Rv0465c,bin731,DNA-Protein,1
Rv0691c,bin731,DNA-Protein,1
trcR,bin731,DNA-Protein,1
Rv1186c,bin731,DNA-Protein,1
Rv1473A,bin731,DNA-Protein,1
Rv1816,bin731,DNA-Protein,1
Rv1985c,bin731,DNA-Protein,1
cmtR,bin731,DNA-Protein,1
Rv2250c,bin731,DNA-Protein,1
Rv2324,bin731,DNA-Protein,1
Rv2887,bin731,DNA-Protein,1
devR,bin731,DNA-Protein,1
Rv3488,bin731,DNA-Protein,1
kstR,bin731,DNA-Protein,1
lsr2,bin731,DNA-Protein,1
tcrX,bin731,DNA-Protein,1
ethR,bin731,DNA-Protein,1
Rv0047c,bin732,DNA-Protein,1
Rv0135c,bin732,DNA-Protein,1
Rv0273c,bin732,DNA-Protein,1
Rv0678,bin732,DNA-Protein,1
csoR,bin732,DNA-Protein,1
Rv1353c,bin732,DNA-Protein,1
Rv1719,bin732,DNA-Protein,1
Rv1816,bin732,DNA-Protein,1
Rv2887,bin732,DNA-Protein,1
Rv3249c,bin732,DNA-Protein,1
Rv0023,bin733,DNA-Protein,1
Rv0081,bin733,DNA-Protein,1
Rv0678,bin733,DNA-Protein,1
Rv0691c,bin733,DNA-Protein,1
csoR,bin733,DNA-Protein,1
Rv1353c,bin733,DNA-Protein,1
Rv1473A,bin733,DNA-Protein,1
Rv1990c,bin733,DNA-Protein,1
Rv2034,bin733,DNA-Protein,1
Rv2324,bin733,DNA-Protein,1
Rv3066,bin733,DNA-Protein,1
mtrA,bin733,DNA-Protein,1
Rv3488,bin733,DNA-Protein,1
Rv3736,bin733,DNA-Protein,1
Rv0023,bin734,DNA-Protein,1
Rv0081,bin734,DNA-Protein,1
Rv0324,bin734,DNA-Protein,1
Rv0678,bin734,DNA-Protein,1
Rv0691c,bin734,DNA-Protein,1
csoR,bin734,DNA-Protein,1
whiA,bin734,DNA-Protein,1
Rv1473A,bin734,DNA-Protein,1
whiB1,bin734,DNA-Protein,1
sigF,bin734,DNA-Protein,1
whiB5,bin735,DNA-Protein,1
Rv0023,bin735,DNA-Protein,1
Rv0047c,bin735,DNA-Protein,1
Rv0081,bin735,DNA-Protein,1
Rv0302,bin735,DNA-Protein,1
Rv0324,bin735,DNA-Protein,1
trcR,bin735,DNA-Protein,1
sigI,bin735,DNA-Protein,1
Rv1719,bin735,DNA-Protein,1
Rv1985c,bin735,DNA-Protein,1
Rv2011c,bin735,DNA-Protein,1
Rv2324,bin735,DNA-Protein,1
pimA,bin735,DNA-Protein,1
devR,bin735,DNA-Protein,1
lrpA,bin735,DNA-Protein,1
lsr2,bin735,DNA-Protein,1
tcrX,bin735,DNA-Protein,1
ethR,bin735,DNA-Protein,1
Rv0047c,bin736,DNA-Protein,1
Rv0135c,bin736,DNA-Protein,1
Rv0302,bin736,DNA-Protein,1
Rv0678,bin736,DNA-Protein,1
trcR,bin736,DNA-Protein,1
Rv1473A,bin736,DNA-Protein,1
Rv1990c,bin736,DNA-Protein,1
Rv2011c,bin736,DNA-Protein,1
Rv2021c,bin736,DNA-Protein,1
Rv2989,bin736,DNA-Protein,1
devR,bin736,DNA-Protein,1
Rv3830c,bin736,DNA-Protein,1
Rv0324,bin737,DNA-Protein,1
Rv0678,bin737,DNA-Protein,1
Rv0691c,bin737,DNA-Protein,1
Rv0767c,bin737,DNA-Protein,1
csoR,bin737,DNA-Protein,1
whiA,bin737,DNA-Protein,1
Rv1990c,bin737,DNA-Protein,1
Rv2011c,bin737,DNA-Protein,1
kstR,bin737,DNA-Protein,1
Rv3736,bin737,DNA-Protein,1
Rv0302,bin738,DNA-Protein,1
Rv0324,bin738,DNA-Protein,1
Rv0465c,bin738,DNA-Protein,1
Rv0494,bin738,DNA-Protein,1
Rv0678,bin738,DNA-Protein,1
Rv1816,bin738,DNA-Protein,1
Rv2034,bin738,DNA-Protein,1
Rv0273c,bin739,DNA-Protein,1
Rv0691c,bin739,DNA-Protein,1
csoR,bin739,DNA-Protein,1
Rv1719,bin739,DNA-Protein,1
Rv2034,bin739,DNA-Protein,1
Rv2989,bin739,DNA-Protein,1
Rv3488,bin739,DNA-Protein,1
Rv3736,bin739,DNA-Protein,1
Rv0047c,bin740,DNA-Protein,1
Rv0081,bin740,DNA-Protein,1
Rv0302,bin740,DNA-Protein,1
Rv0653c,bin740,DNA-Protein,1
Rv0691c,bin740,DNA-Protein,1
Rv1049,bin740,DNA-Protein,1
Rv1353c,bin740,DNA-Protein,1
Rv1816,bin740,DNA-Protein,1
Rv1990c,bin740,DNA-Protein,1
Rv2011c,bin740,DNA-Protein,1
Rv2034,bin740,DNA-Protein,1
Rv2324,bin740,DNA-Protein,1
Rv3736,bin740,DNA-Protein,1
Rv0023,bin741,DNA-Protein,1
Rv0135c,bin741,DNA-Protein,1
Rv0302,bin741,DNA-Protein,1
Rv0691c,bin741,DNA-Protein,1
phoP,bin741,DNA-Protein,1
trcR,bin741,DNA-Protein,1
Rv1049,bin741,DNA-Protein,1
Rv1990c,bin741,DNA-Protein,1
Rv2034,bin741,DNA-Protein,1
Rv2250c,bin741,DNA-Protein,1
devR,bin741,DNA-Protein,1
Rv3249c,bin741,DNA-Protein,1
whiB4,bin741,DNA-Protein,1
whiB5,bin742,DNA-Protein,1
Rv0081,bin742,DNA-Protein,1
Rv0465c,bin742,DNA-Protein,1
Rv0678,bin742,DNA-Protein,1
csoR,bin742,DNA-Protein,1
Rv2021c,bin742,DNA-Protein,1
Rv2324,bin742,DNA-Protein,1
Rv3249c,bin742,DNA-Protein,1
kstR,bin742,DNA-Protein,1
Rv0023,bin743,DNA-Protein,1
Rv0302,bin743,DNA-Protein,1
csoR,bin743,DNA-Protein,1
trcR,bin743,DNA-Protein,1
Rv1404,bin743,DNA-Protein,1
Rv1990c,bin743,DNA-Protein,1
cmtR,bin743,DNA-Protein,1
csoR,bin744,DNA-Protein,1
Rv1049,bin744,DNA-Protein,1
Rv2011c,bin744,DNA-Protein,1
Rv2250c,bin744,DNA-Protein,1
Rv2324,bin744,DNA-Protein,1
Rv2989,bin744,DNA-Protein,1
Rv0023,bin745,DNA-Protein,1
Rv0081,bin745,DNA-Protein,1
Rv0135c,bin745,DNA-Protein,1
Rv0678,bin745,DNA-Protein,1
csoR,bin745,DNA-Protein,1
Rv1719,bin745,DNA-Protein,1
Rv1990c,bin745,DNA-Protein,1
Rv2034,bin745,DNA-Protein,1
devR,bin745,DNA-Protein,1
Rv3249c,bin745,DNA-Protein,1
Rv3334,bin745,DNA-Protein,1
lsr2,bin745,DNA-Protein,1
Rv0023,bin746,DNA-Protein,1
Rv0135c,bin746,DNA-Protein,1
csoR,bin746,DNA-Protein,1
trcR,bin746,DNA-Protein,1
Rv3488,bin746,DNA-Protein,1
kstR,bin746,DNA-Protein,1
Rv0135c,bin747,DNA-Protein,1
Rv0273c,bin747,DNA-Protein,1
Rv0324,bin747,DNA-Protein,1
Rv0330c,bin747,DNA-Protein,1
Rv0465c,bin747,DNA-Protein,1
Rv1049,bin747,DNA-Protein,1
Rv1219c,bin747,DNA-Protein,1
Rv1353c,bin747,DNA-Protein,1
whiA,bin747,DNA-Protein,1
Rv1719,bin747,DNA-Protein,1
Rv1816,bin747,DNA-Protein,1
vapB15,bin747,DNA-Protein,1
Rv2034,bin747,DNA-Protein,1
Rv2506,bin747,DNA-Protein,1
sirR,bin747,DNA-Protein,1
Rv2989,bin747,DNA-Protein,1
mtrA,bin747,DNA-Protein,1
Rv3488,bin747,DNA-Protein,1
kstR,bin747,DNA-Protein,1
Rv3736,bin747,DNA-Protein,1
tcrX,bin747,DNA-Protein,1
espR,bin747,DNA-Protein,1
Rv0047c,bin748,DNA-Protein,1
Rv0081,bin748,DNA-Protein,1
Rv0135c,bin748,DNA-Protein,1
Rv0302,bin748,DNA-Protein,1
Rv0339c,bin748,DNA-Protein,1
Rv0465c,bin748,DNA-Protein,1
Rv0474,bin748,DNA-Protein,1
phoP,bin748,DNA-Protein,1
trcR,bin748,DNA-Protein,1
Rv1219c,bin748,DNA-Protein,1
Rv1353c,bin748,DNA-Protein,1
whiA,bin748,DNA-Protein,1
Rv1460,bin748,DNA-Protein,1
Rv1985c,bin748,DNA-Protein,1
sirR,bin748,DNA-Protein,1
Rv2989,bin748,DNA-Protein,1
Rv3160c,bin748,DNA-Protein,1
Rv3488,bin748,DNA-Protein,1
lsr2,bin748,DNA-Protein,1
Rv3736,bin748,DNA-Protein,1
espR,bin748,DNA-Protein,1
ethR,bin748,DNA-Protein,1
Rv0081,bin749,DNA-Protein,1
Rv0158,bin749,DNA-Protein,1
Rv0339c,bin749,DNA-Protein,1
Rv0678,bin749,DNA-Protein,1
Rv0691c,bin749,DNA-Protein,1
csoR,bin749,DNA-Protein,1
trcR,bin749,DNA-Protein,1
Rv1049,bin749,DNA-Protein,1
Rv1219c,bin749,DNA-Protein,1
Rv2021c,bin749,DNA-Protein,1
Rv2034,bin749,DNA-Protein,1
Rv2324,bin749,DNA-Protein,1
mtrA,bin749,DNA-Protein,1
kstR,bin749,DNA-Protein,1
lsr2,bin749,DNA-Protein,1
espR,bin749,DNA-Protein,1
Rv0023,bin750,DNA-Protein,1
Rv0047c,bin750,DNA-Protein,1
Rv0081,bin750,DNA-Protein,1
Rv0135c,bin750,DNA-Protein,1
Rv0324,bin750,DNA-Protein,1
trcR,bin750,DNA-Protein,1
Rv1473A,bin750,DNA-Protein,1
Rv2034,bin750,DNA-Protein,1
Rv2324,bin750,DNA-Protein,1
sirR,bin750,DNA-Protein,1
Rv2887,bin750,DNA-Protein,1
Rv2989,bin750,DNA-Protein,1
Rv3488,bin750,DNA-Protein,1
kstR,bin750,DNA-Protein,1
Rv3736,bin750,DNA-Protein,1
Rv0042c,bin751,DNA-Protein,1
Rv0081,bin751,DNA-Protein,1
Rv0135c,bin751,DNA-Protein,1
Rv0302,bin751,DNA-Protein,1
Rv0324,bin751,DNA-Protein,1
Rv0339c,bin751,DNA-Protein,1
Rv0465c,bin751,DNA-Protein,1
Rv0474,bin751,DNA-Protein,1
tcrA,bin751,DNA-Protein,1
Rv0678,bin751,DNA-Protein,1
phoP,bin751,DNA-Protein,1
Rv0880,bin751,DNA-Protein,1
csoR,bin751,DNA-Protein,1
Rv1219c,bin751,DNA-Protein,1
Rv1460,bin751,DNA-Protein,1
Rv1556,bin751,DNA-Protein,1
Rv1828,bin751,DNA-Protein,1
Rv1985c,bin751,DNA-Protein,1
cmtR,bin751,DNA-Protein,1
sirR,bin751,DNA-Protein,1
Rv2989,bin751,DNA-Protein,1
Rv3160c,bin751,DNA-Protein,1
sigH,bin751,DNA-Protein,1
Rv3249c,bin751,DNA-Protein,1
sigF,bin751,DNA-Protein,1
Rv3488,bin751,DNA-Protein,1
kstR,bin751,DNA-Protein,1
lsr2,bin751,DNA-Protein,1
Rv3736,bin751,DNA-Protein,1
tcrX,bin751,DNA-Protein,1
espR,bin751,DNA-Protein,1
ethR,bin751,DNA-Protein,1
whiB5,bin752,DNA-Protein,1
Rv0023,bin752,DNA-Protein,1
Rv0081,bin752,DNA-Protein,1
oxyS,bin752,DNA-Protein,1
Rv0302,bin752,DNA-Protein,1
Rv0324,bin752,DNA-Protein,1
Rv0339c,bin752,DNA-Protein,1
Rv0653c,bin752,DNA-Protein,1
Rv0678,bin752,DNA-Protein,1
csoR,bin752,DNA-Protein,1
Rv1359,bin752,DNA-Protein,1
whiA,bin752,DNA-Protein,1
Rv1473A,bin752,DNA-Protein,1
Rv1816,bin752,DNA-Protein,1
vapB15,bin752,DNA-Protein,1
Rv2011c,bin752,DNA-Protein,1
hrcA,bin752,DNA-Protein,1
Rv2642,bin752,DNA-Protein,1
sirR,bin752,DNA-Protein,1
Rv2989,bin752,DNA-Protein,1
devR,bin752,DNA-Protein,1
Rv3249c,bin752,DNA-Protein,1
Rv3736,bin752,DNA-Protein,1
tcrX,bin752,DNA-Protein,1
Rv0023,bin753,DNA-Protein,1
Rv0047c,bin753,DNA-Protein,1
Rv0081,bin753,DNA-Protein,1
Rv0135c,bin753,DNA-Protein,1
Rv0324,bin753,DNA-Protein,1
Rv0339c,bin753,DNA-Protein,1
Rv0465c,bin753,DNA-Protein,1
Rv0678,bin753,DNA-Protein,1
Rv0691c,bin753,DNA-Protein,1
csoR,bin753,DNA-Protein,1
Rv1219c,bin753,DNA-Protein,1
Rv1556,bin753,DNA-Protein,1
Rv1828,bin753,DNA-Protein,1
Rv1990c,bin753,DNA-Protein,1
vapB15,bin753,DNA-Protein,1
Rv2324,bin753,DNA-Protein,1
sirR,bin753,DNA-Protein,1
Rv3830c,bin753,DNA-Protein,1
espR,bin753,DNA-Protein,1
Rv0047c,bin754,DNA-Protein,1
Rv0081,bin754,DNA-Protein,1
Rv0339c,bin754,DNA-Protein,1
Rv0678,bin754,DNA-Protein,1
phoP,bin754,DNA-Protein,1
csoR,bin754,DNA-Protein,1
mprA,bin754,DNA-Protein,1
trcR,bin754,DNA-Protein,1
Rv1219c,bin754,DNA-Protein,1
Rv1990c,bin754,DNA-Protein,1
Rv2034,bin754,DNA-Protein,1
Rv3066,bin754,DNA-Protein,1
devR,bin754,DNA-Protein,1
sigH,bin754,DNA-Protein,1
mtrA,bin754,DNA-Protein,1
tcrX,bin754,DNA-Protein,1
Rv3830c,bin754,DNA-Protein,1
whiB5,bin755,DNA-Protein,1
Rv0135c,bin755,DNA-Protein,1
Rv0324,bin755,DNA-Protein,1
csoR,bin755,DNA-Protein,1
trcR,bin755,DNA-Protein,1
Rv1049,bin755,DNA-Protein,1
Rv1719,bin755,DNA-Protein,1
Rv2011c,bin755,DNA-Protein,1
Rv3488,bin755,DNA-Protein,1
Rv1049,bin756,DNA-Protein,1
Rv1990c,bin756,DNA-Protein,1
espR,bin756,DNA-Protein,1
Rv0081,bin757,DNA-Protein,1
Rv1404,bin757,DNA-Protein,1
whiA,bin757,DNA-Protein,1
Rv1990c,bin757,DNA-Protein,1
Rv2034,bin757,DNA-Protein,1
Rv0047c,bin758,DNA-Protein,1
Rv0465c,bin758,DNA-Protein,1
trcR,bin758,DNA-Protein,1
Rv1353c,bin758,DNA-Protein,1
Rv1404,bin758,DNA-Protein,1
Rv1473A,bin758,DNA-Protein,1
Rv1719,bin758,DNA-Protein,1
cmtR,bin758,DNA-Protein,1
Rv2324,bin758,DNA-Protein,1
Rv2642,bin758,DNA-Protein,1
whiB3,bin758,DNA-Protein,1
kstR,bin758,DNA-Protein,1
Rv3736,bin758,DNA-Protein,1
Rv0023,bin759,DNA-Protein,1
Rv0042c,bin759,DNA-Protein,1
Rv0047c,bin759,DNA-Protein,1
Rv0081,bin759,DNA-Protein,1
Rv0273c,bin759,DNA-Protein,1
Rv0324,bin759,DNA-Protein,1
Rv0465c,bin759,DNA-Protein,1
Rv0691c,bin759,DNA-Protein,1
Rv0880,bin759,DNA-Protein,1
trcR,bin759,DNA-Protein,1
Rv1353c,bin759,DNA-Protein,1
Rv1404,bin759,DNA-Protein,1
Rv1473A,bin759,DNA-Protein,1
Rv1816,bin759,DNA-Protein,1
Rv1990c,bin759,DNA-Protein,1
Rv2011c,bin759,DNA-Protein,1
Rv2034,bin759,DNA-Protein,1
Rv2250c,bin759,DNA-Protein,1
Rv2506,bin759,DNA-Protein,1
Rv3249c,bin759,DNA-Protein,1
Rv3488,bin759,DNA-Protein,1
espR,bin759,DNA-Protein,1
Rv0023,bin760,DNA-Protein,1
Rv0081,bin760,DNA-Protein,1
Rv0135c,bin760,DNA-Protein,1
Rv0302,bin760,DNA-Protein,1
Rv0324,bin760,DNA-Protein,1
Rv0465c,bin760,DNA-Protein,1
Rv0576,bin760,DNA-Protein,1
tcrA,bin760,DNA-Protein,1
Rv0691c,bin760,DNA-Protein,1
phoP,bin760,DNA-Protein,1
trcR,bin760,DNA-Protein,1
Rv1049,bin760,DNA-Protein,1
sigI,bin760,DNA-Protein,1
Rv1255c,bin760,DNA-Protein,1
Rv1332,bin760,DNA-Protein,1
Rv1353c,bin760,DNA-Protein,1
Rv1816,bin760,DNA-Protein,1
Rv1985c,bin760,DNA-Protein,1
Rv2011c,bin760,DNA-Protein,1
sigC,bin760,DNA-Protein,1
Rv2250c,bin760,DNA-Protein,1
Rv2887,bin760,DNA-Protein,1
Rv3066,bin760,DNA-Protein,1
devR,bin760,DNA-Protein,1
Rv3249c,bin760,DNA-Protein,1
lsr2,bin760,DNA-Protein,1
whiB4,bin760,DNA-Protein,1
tcrX,bin760,DNA-Protein,1
ethR,bin760,DNA-Protein,1
Rv0047c,bin761,DNA-Protein,1
Rv0324,bin761,DNA-Protein,1
Rv0678,bin761,DNA-Protein,1
Rv0818,bin761,DNA-Protein,1
csoR,bin761,DNA-Protein,1
Rv1353c,bin761,DNA-Protein,1
Rv1473A,bin761,DNA-Protein,1
Rv1719,bin761,DNA-Protein,1
Rv2324,bin761,DNA-Protein,1
Rv2642,bin761,DNA-Protein,1
devR,bin761,DNA-Protein,1
Rv0135c,bin762,DNA-Protein,1
csoR,bin762,DNA-Protein,1
trcR,bin762,DNA-Protein,1
whiA,bin762,DNA-Protein,1
Rv2779c,bin762,DNA-Protein,1
Rv0081,bin763,DNA-Protein,1
Rv0767c,bin763,DNA-Protein,1
Rv0880,bin763,DNA-Protein,1
csoR,bin763,DNA-Protein,1
trcR,bin763,DNA-Protein,1
Rv1353c,bin763,DNA-Protein,1
whiA,bin763,DNA-Protein,1
Rv2989,bin763,DNA-Protein,1
Rv3830c,bin763,DNA-Protein,1
Rv0023,bin764,DNA-Protein,1
Rv0081,bin764,DNA-Protein,1
Rv0135c,bin764,DNA-Protein,1
Rv0324,bin764,DNA-Protein,1
csoR,bin764,DNA-Protein,1
whiA,bin764,DNA-Protein,1
Rv1473A,bin764,DNA-Protein,1
Rv2034,bin764,DNA-Protein,1
lsr2,bin764,DNA-Protein,1
Rv3736,bin764,DNA-Protein,1
Rv0047c,bin765,DNA-Protein,1
Rv0081,bin765,DNA-Protein,1
Rv0135c,bin765,DNA-Protein,1
Rv0273c,bin765,DNA-Protein,1
Rv0576,bin765,DNA-Protein,1
Rv0678,bin765,DNA-Protein,1
Rv0691c,bin765,DNA-Protein,1
Rv0767c,bin765,DNA-Protein,1
whiA,bin765,DNA-Protein,1
Rv1719,bin765,DNA-Protein,1
Rv1816,bin765,DNA-Protein,1
Rv2021c,bin765,DNA-Protein,1
Rv2034,bin765,DNA-Protein,1
Rv2324,bin765,DNA-Protein,1
Rv3736,bin765,DNA-Protein,1
espR,bin765,DNA-Protein,1
Rv0047c,bin766,DNA-Protein,1
Rv0081,bin766,DNA-Protein,1
Rv0324,bin766,DNA-Protein,1
Rv0678,bin766,DNA-Protein,1
Rv0691c,bin766,DNA-Protein,1
csoR,bin766,DNA-Protein,1
trcR,bin766,DNA-Protein,1
Rv1353c,bin766,DNA-Protein,1
Rv1816,bin766,DNA-Protein,1
vapB15,bin766,DNA-Protein,1
Rv2250c,bin766,DNA-Protein,1
Rv2887,bin766,DNA-Protein,1
Rv3249c,bin766,DNA-Protein,1
Rv3405c,bin766,DNA-Protein,1
tcrX,bin766,DNA-Protein,1
Rv0042c,bin767,DNA-Protein,1
Rv0047c,bin767,DNA-Protein,1
Rv0081,bin767,DNA-Protein,1
oxyS,bin767,DNA-Protein,1
Rv0135c,bin767,DNA-Protein,1
Rv0158,bin767,DNA-Protein,1
Rv0273c,bin767,DNA-Protein,1
Rv0302,bin767,DNA-Protein,1
tcrA,bin767,DNA-Protein,1
Rv0678,bin767,DNA-Protein,1
Rv0691c,bin767,DNA-Protein,1
phoP,bin767,DNA-Protein,1
trcR,bin767,DNA-Protein,1
whiA,bin767,DNA-Protein,1
Rv1473A,bin767,DNA-Protein,1
Rv1985c,bin767,DNA-Protein,1
vapB15,bin767,DNA-Protein,1
Rv2011c,bin767,DNA-Protein,1
Rv2324,bin767,DNA-Protein,1
Rv2506,bin767,DNA-Protein,1
Rv2642,bin767,DNA-Protein,1
Rv2989,bin767,DNA-Protein,1
moaR1,bin767,DNA-Protein,1
sigD,bin767,DNA-Protein,1
Rv3488,bin767,DNA-Protein,1
lsr2,bin767,DNA-Protein,1
whiB4,bin767,DNA-Protein,1
tcrX,bin767,DNA-Protein,1
espR,bin767,DNA-Protein,1
csoR,bin768,DNA-Protein,1
Rv1049,bin768,DNA-Protein,1
Rv1353c,bin768,DNA-Protein,1
whiA,bin768,DNA-Protein,1
Rv1990c,bin768,DNA-Protein,1
hrcA,bin768,DNA-Protein,1
groEL1,bin768,DNA-Protein,1
Rv0047c,bin769,DNA-Protein,1
Rv0081,bin769,DNA-Protein,1
Rv0135c,bin769,DNA-Protein,1
Rv0273c,bin769,DNA-Protein,1
Rv0324,bin769,DNA-Protein,1
Rv0339c,bin769,DNA-Protein,1
Rv0678,bin769,DNA-Protein,1
trcR,bin769,DNA-Protein,1
sigI,bin769,DNA-Protein,1
Rv1332,bin769,DNA-Protein,1
Rv1353c,bin769,DNA-Protein,1
Rv1404,bin769,DNA-Protein,1
whiA,bin769,DNA-Protein,1
Rv1816,bin769,DNA-Protein,1
Rv1985c,bin769,DNA-Protein,1
Rv1990c,bin769,DNA-Protein,1
cmtR,bin769,DNA-Protein,1
Rv2011c,bin769,DNA-Protein,1
Rv2887,bin769,DNA-Protein,1
Rv2912c,bin769,DNA-Protein,1
kstR,bin769,DNA-Protein,1
lsr2,bin769,DNA-Protein,1
Rv0047c,bin770,DNA-Protein,1
Rv0081,bin770,DNA-Protein,1
Rv0135c,bin770,DNA-Protein,1
Rv0465c,bin770,DNA-Protein,1
Rv0494,bin770,DNA-Protein,1
Rv0576,bin770,DNA-Protein,1
Rv0678,bin770,DNA-Protein,1
phoP,bin770,DNA-Protein,1
trcR,bin770,DNA-Protein,1
Rv1152,bin770,DNA-Protein,1
whiA,bin770,DNA-Protein,1
cmtR,bin770,DNA-Protein,1
vapB15,bin770,DNA-Protein,1
Rv2011c,bin770,DNA-Protein,1
Rv2506,bin770,DNA-Protein,1
Rv2642,bin770,DNA-Protein,1
Rv3167c,bin770,DNA-Protein,1
whiB3,bin770,DNA-Protein,1
Rv3488,bin770,DNA-Protein,1
kstR,bin770,DNA-Protein,1
lsr2,bin770,DNA-Protein,1
Rv3736,bin770,DNA-Protein,1
Rv0047c,bin771,DNA-Protein,1
Rv0324,bin771,DNA-Protein,1
Rv0691c,bin771,DNA-Protein,1
csoR,bin771,DNA-Protein,1
Rv1353c,bin771,DNA-Protein,1
Rv1990c,bin771,DNA-Protein,1
Rv2324,bin771,DNA-Protein,1
Rv3488,bin771,DNA-Protein,1
Rv0302,bin772,DNA-Protein,1
Rv0324,bin772,DNA-Protein,1
csoR,bin772,DNA-Protein,1
trcR,bin772,DNA-Protein,1
whiA,bin772,DNA-Protein,1
Rv1719,bin772,DNA-Protein,1
Rv2011c,bin772,DNA-Protein,1
Rv2989,bin772,DNA-Protein,1
Rv0023,bin773,DNA-Protein,1
Rv0047c,bin773,DNA-Protein,1
Rv0081,bin773,DNA-Protein,1
Rv0135c,bin773,DNA-Protein,1
Rv0195,bin773,DNA-Protein,1
Rv0678,bin773,DNA-Protein,1
Rv0691c,bin773,DNA-Protein,1
csoR,bin773,DNA-Protein,1
Rv1353c,bin773,DNA-Protein,1
whiA,bin773,DNA-Protein,1
Rv1816,bin773,DNA-Protein,1
Rv1990c,bin773,DNA-Protein,1
cmtR,bin773,DNA-Protein,1
Rv2011c,bin773,DNA-Protein,1
Rv2034,bin773,DNA-Protein,1
Rv2324,bin773,DNA-Protein,1
Rv3249c,bin773,DNA-Protein,1
Rv3736,bin773,DNA-Protein,1
Rv3830c,bin773,DNA-Protein,1
Rv1674c,bin774,DNA-Protein,1
Rv1990c,bin774,DNA-Protein,1
whiB5,bin775,DNA-Protein,1
Rv0678,bin775,DNA-Protein,1
Rv0691c,bin775,DNA-Protein,1
trcR,bin775,DNA-Protein,1
Rv1816,bin775,DNA-Protein,1
Rv2011c,bin775,DNA-Protein,1
Rv2021c,bin775,DNA-Protein,1
Rv2034,bin775,DNA-Protein,1
Rv2324,bin775,DNA-Protein,1
ethR,bin775,DNA-Protein,1
Rv0081,bin776,DNA-Protein,1
Rv0339c,bin776,DNA-Protein,1
Rv0678,bin776,DNA-Protein,1
Rv0691c,bin776,DNA-Protein,1
csoR,bin776,DNA-Protein,1
trcR,bin776,DNA-Protein,1
Rv1219c,bin776,DNA-Protein,1
Rv1473A,bin776,DNA-Protein,1
Rv1719,bin776,DNA-Protein,1
Rv1816,bin776,DNA-Protein,1
Rv1985c,bin776,DNA-Protein,1
Rv2011c,bin776,DNA-Protein,1
Rv2021c,bin776,DNA-Protein,1
Rv2034,bin776,DNA-Protein,1
Rv2250c,bin776,DNA-Protein,1
devR,bin776,DNA-Protein,1
Rv3160c,bin776,DNA-Protein,1
Rv3488,bin776,DNA-Protein,1
tcrX,bin776,DNA-Protein,1
Rv3830c,bin776,DNA-Protein,1
ssb,bin777,DNA-Protein,1
Rv0135c,bin777,DNA-Protein,1
Rv0474,bin777,DNA-Protein,1
Rv0691c,bin777,DNA-Protein,1
Rv0891c,bin777,DNA-Protein,1
csoR,bin777,DNA-Protein,1
Rv1049,bin777,DNA-Protein,1
Rv1353c,bin777,DNA-Protein,1
Rv1816,bin777,DNA-Protein,1
Rv1985c,bin777,DNA-Protein,1
Rv2011c,bin777,DNA-Protein,1
Rv2827c,bin777,DNA-Protein,1
Rv2887,bin777,DNA-Protein,1
whiB1,bin777,DNA-Protein,1
Rv3488,bin777,DNA-Protein,1
espR,bin777,DNA-Protein,1
whiB5,bin778,DNA-Protein,1
Rv0135c,bin778,DNA-Protein,1
Rv0302,bin778,DNA-Protein,1
Rv0339c,bin778,DNA-Protein,1
Rv0678,bin778,DNA-Protein,1
Rv3249c,bin778,DNA-Protein,1
Rv3488,bin778,DNA-Protein,1
kstR,bin778,DNA-Protein,1
Rv0023,bin779,DNA-Protein,1
Rv0042c,bin779,DNA-Protein,1
Rv0047c,bin779,DNA-Protein,1
Rv0081,bin779,DNA-Protein,1
Rv0135c,bin779,DNA-Protein,1
Rv0302,bin779,DNA-Protein,1
tcrA,bin779,DNA-Protein,1
Rv0691c,bin779,DNA-Protein,1
phoP,bin779,DNA-Protein,1
trcR,bin779,DNA-Protein,1
Rv1049,bin779,DNA-Protein,1
whiA,bin779,DNA-Protein,1
Rv1473A,bin779,DNA-Protein,1
Rv1985c,bin779,DNA-Protein,1
Rv1990c,bin779,DNA-Protein,1
Rv2011c,bin779,DNA-Protein,1
Rv2034,bin779,DNA-Protein,1
Rv2324,bin779,DNA-Protein,1
Rv2887,bin779,DNA-Protein,1
Rv3173c,bin779,DNA-Protein,1
Rv3249c,bin779,DNA-Protein,1
Rv3405c,bin779,DNA-Protein,1
Rv3488,bin779,DNA-Protein,1
kstR,bin779,DNA-Protein,1
lsr2,bin779,DNA-Protein,1
whiB4,bin779,DNA-Protein,1
Rv3736,bin779,DNA-Protein,1
whiB5,bin780,DNA-Protein,1
Rv0081,bin780,DNA-Protein,1
Rv0135c,bin780,DNA-Protein,1
Rv0302,bin780,DNA-Protein,1
Rv0678,bin780,DNA-Protein,1
Rv0767c,bin780,DNA-Protein,1
csoR,bin780,DNA-Protein,1
trcR,bin780,DNA-Protein,1
Rv1395,bin780,DNA-Protein,1
whiA,bin780,DNA-Protein,1
Rv1674c,bin780,DNA-Protein,1
Rv1816,bin780,DNA-Protein,1
vapB15,bin780,DNA-Protein,1
Rv2011c,bin780,DNA-Protein,1
Rv2034,bin780,DNA-Protein,1
Rv2642,bin780,DNA-Protein,1
Rv3160c,bin780,DNA-Protein,1
Rv3249c,bin780,DNA-Protein,1
Rv0047c,bin781,DNA-Protein,1
Rv0273c,bin781,DNA-Protein,1
Rv0465c,bin781,DNA-Protein,1
phoP,bin781,DNA-Protein,1
trcR,bin781,DNA-Protein,1
Rv1049,bin781,DNA-Protein,1
Rv1353c,bin781,DNA-Protein,1
Rv1473A,bin781,DNA-Protein,1
cmtR,bin781,DNA-Protein,1
Rv2011c,bin781,DNA-Protein,1
Rv2034,bin781,DNA-Protein,1
Rv2324,bin781,DNA-Protein,1
Rv3249c,bin781,DNA-Protein,1
Rv3488,bin781,DNA-Protein,1
whiB4,bin781,DNA-Protein,1
oxyS,bin782,DNA-Protein,1
Rv0135c,bin782,DNA-Protein,1
Rv0275c,bin782,DNA-Protein,1
Rv0302,bin782,DNA-Protein,1
Rv0324,bin782,DNA-Protein,1
Rv0678,bin782,DNA-Protein,1
phoP,bin782,DNA-Protein,1
Rv0767c,bin782,DNA-Protein,1
csoR,bin782,DNA-Protein,1
trcR,bin782,DNA-Protein,1
Rv1049,bin782,DNA-Protein,1
Rv1353c,bin782,DNA-Protein,1
Rv1990c,bin782,DNA-Protein,1
Rv2021c,bin782,DNA-Protein,1
Rv2034,bin782,DNA-Protein,1
Rv3249c,bin782,DNA-Protein,1
Rv3488,bin782,DNA-Protein,1
kstR,bin782,DNA-Protein,1
lsr2,bin782,DNA-Protein,1
whiB4,bin782,DNA-Protein,1
Rv3830c,bin782,DNA-Protein,1
espR,bin782,DNA-Protein,1
whiB5,bin783,DNA-Protein,1
Rv0023,bin783,DNA-Protein,1
Rv0047c,bin783,DNA-Protein,1
Rv0081,bin783,DNA-Protein,1
Rv0135c,bin783,DNA-Protein,1
Rv0324,bin783,DNA-Protein,1
Rv0691c,bin783,DNA-Protein,1
Rv0767c,bin783,DNA-Protein,1
csoR,bin783,DNA-Protein,1
Rv1049,bin783,DNA-Protein,1
Rv1353c,bin783,DNA-Protein,1
Rv1473A,bin783,DNA-Protein,1
Rv1816,bin783,DNA-Protein,1
vapB15,bin783,DNA-Protein,1
Rv2034,bin783,DNA-Protein,1
Rv2324,bin783,DNA-Protein,1
devR,bin783,DNA-Protein,1
Rv3488,bin783,DNA-Protein,1
kstR,bin783,DNA-Protein,1
lsr2,bin783,DNA-Protein,1
Rv0023,bin784,DNA-Protein,1
Rv0047c,bin784,DNA-Protein,1
Rv0081,bin784,DNA-Protein,1
Rv0324,bin784,DNA-Protein,1
Rv0576,bin784,DNA-Protein,1
Rv0691c,bin784,DNA-Protein,1
trcR,bin784,DNA-Protein,1
Rv1353c,bin784,DNA-Protein,1
whiA,bin784,DNA-Protein,1
Rv1473A,bin784,DNA-Protein,1
Rv1816,bin784,DNA-Protein,1
Rv1985c,bin784,DNA-Protein,1
Rv2034,bin784,DNA-Protein,1
Rv2250c,bin784,DNA-Protein,1
Rv2324,bin784,DNA-Protein,1
Rv2887,bin784,DNA-Protein,1
kstR,bin784,DNA-Protein,1
lsr2,bin784,DNA-Protein,1
espR,bin784,DNA-Protein,1
Rv0023,bin785,DNA-Protein,1
Rv0047c,bin785,DNA-Protein,1
Rv0081,bin785,DNA-Protein,1
Rv0135c,bin785,DNA-Protein,1
Rv0273c,bin785,DNA-Protein,1
Rv0324,bin785,DNA-Protein,1
Rv0678,bin785,DNA-Protein,1
phoP,bin785,DNA-Protein,1
csoR,bin785,DNA-Protein,1
mprA,bin785,DNA-Protein,1
Rv1719,bin785,DNA-Protein,1
Rv1816,bin785,DNA-Protein,1
Rv1990c,bin785,DNA-Protein,1
cmtR,bin785,DNA-Protein,1
Rv2324,bin785,DNA-Protein,1
Rv2989,bin785,DNA-Protein,1
Rv3066,bin785,DNA-Protein,1
Rv3249c,bin785,DNA-Protein,1
Rv3488,bin785,DNA-Protein,1
kstR,bin785,DNA-Protein,1
lsr2,bin785,DNA-Protein,1
whiB4,bin785,DNA-Protein,1
Rv0691c,bin786,DNA-Protein,1
csoR,bin786,DNA-Protein,1
Rv1353c,bin786,DNA-Protein,1
whiA,bin786,DNA-Protein,1
Rv2034,bin786,DNA-Protein,1
Rv2324,bin786,DNA-Protein,1
Rv0023,bin787,DNA-Protein,1
Rv0047c,bin787,DNA-Protein,1
Rv0135c,bin787,DNA-Protein,1
trcR,bin787,DNA-Protein,1
Rv2324,bin787,DNA-Protein,1
whiB5,bin788,DNA-Protein,1
Rv0047c,bin788,DNA-Protein,1
Rv0135c,bin788,DNA-Protein,1
Rv0324,bin788,DNA-Protein,1
Rv0653c,bin788,DNA-Protein,1
Rv0691c,bin788,DNA-Protein,1
csoR,bin788,DNA-Protein,1
Rv1353c,bin788,DNA-Protein,1
Rv1816,bin788,DNA-Protein,1
cmtR,bin788,DNA-Protein,1
Rv2250c,bin788,DNA-Protein,1
Rv2324,bin788,DNA-Protein,1
Rv2642,bin788,DNA-Protein,1
Rv2989,bin788,DNA-Protein,1
Rv3249c,bin788,DNA-Protein,1
lsr2,bin788,DNA-Protein,1
tcrX,bin788,DNA-Protein,1
Rv0081,bin790,DNA-Protein,1
Rv0135c,bin790,DNA-Protein,1
Rv1990c,bin790,DNA-Protein,1
Rv0678,bin791,DNA-Protein,1
Rv0681,bin791,DNA-Protein,1
Rv1353c,bin791,DNA-Protein,1
Rv1473A,bin791,DNA-Protein,1
Rv3249c,bin791,DNA-Protein,1
kstR,bin791,DNA-Protein,1
Rv0135c,bin792,DNA-Protein,1
Rv0681,bin792,DNA-Protein,1
Rv0691c,bin792,DNA-Protein,1
Rv1049,bin792,DNA-Protein,1
Rv1353c,bin792,DNA-Protein,1
Rv1990c,bin792,DNA-Protein,1
Rv2250c,bin792,DNA-Protein,1
Rv2324,bin792,DNA-Protein,1
Rv3066,bin792,DNA-Protein,1
Rv3249c,bin792,DNA-Protein,1
kstR,bin792,DNA-Protein,1
Rv3736,bin792,DNA-Protein,1
Rv0023,bin793,DNA-Protein,1
Rv0047c,bin793,DNA-Protein,1
Rv0081,bin793,DNA-Protein,1
Rv0324,bin793,DNA-Protein,1
Rv0678,bin793,DNA-Protein,1
Rv0767c,bin793,DNA-Protein,1
Rv1353c,bin793,DNA-Protein,1
Rv1473A,bin793,DNA-Protein,1
Rv1816,bin793,DNA-Protein,1
Rv1990c,bin793,DNA-Protein,1
Rv2250c,bin793,DNA-Protein,1
devR,bin793,DNA-Protein,1
Rv3249c,bin793,DNA-Protein,1
kstR,bin793,DNA-Protein,1
Rv0023,bin794,DNA-Protein,1
Rv0047c,bin794,DNA-Protein,1
Rv0081,bin794,DNA-Protein,1
Rv0576,bin794,DNA-Protein,1
Rv0681,bin794,DNA-Protein,1
Rv0691c,bin794,DNA-Protein,1
phoP,bin794,DNA-Protein,1
Rv0767c,bin794,DNA-Protein,1
trcR,bin794,DNA-Protein,1
Rv1219c,bin794,DNA-Protein,1
Rv1255c,bin794,DNA-Protein,1
Rv1353c,bin794,DNA-Protein,1
Rv1404,bin794,DNA-Protein,1
Rv1473A,bin794,DNA-Protein,1
Rv1985c,bin794,DNA-Protein,1
Rv1990c,bin794,DNA-Protein,1
cmtR,bin794,DNA-Protein,1
Rv2011c,bin794,DNA-Protein,1
Rv2021c,bin794,DNA-Protein,1
Rv2034,bin794,DNA-Protein,1
Rv2250c,bin794,DNA-Protein,1
Rv2324,bin794,DNA-Protein,1
Rv2887,bin794,DNA-Protein,1
mtrA,bin794,DNA-Protein,1
Rv3249c,bin794,DNA-Protein,1
kstR,bin794,DNA-Protein,1
lsr2,bin794,DNA-Protein,1
whiB4,bin794,DNA-Protein,1
Rv3736,bin794,DNA-Protein,1
Rv0047c,bin795,DNA-Protein,1
Rv0135c,bin795,DNA-Protein,1
Rv0653c,bin795,DNA-Protein,1
Rv0691c,bin795,DNA-Protein,1
csoR,bin795,DNA-Protein,1
Rv1473A,bin795,DNA-Protein,1
Rv1816,bin795,DNA-Protein,1
Rv1990c,bin795,DNA-Protein,1
Rv2011c,bin795,DNA-Protein,1
Rv2021c,bin795,DNA-Protein,1
Rv2989,bin795,DNA-Protein,1
Rv3249c,bin795,DNA-Protein,1
lsr2,bin795,DNA-Protein,1
Rv0324,bin796,DNA-Protein,1
Rv0678,bin796,DNA-Protein,1
Rv0767c,bin796,DNA-Protein,1
Rv1473A,bin796,DNA-Protein,1
Rv3249c,bin796,DNA-Protein,1
Rv3488,bin796,DNA-Protein,1
kstR,bin796,DNA-Protein,1
Rv0081,bin797,DNA-Protein,1
Rv1353c,bin797,DNA-Protein,1
Rv2034,bin797,DNA-Protein,1
Rv3488,bin797,DNA-Protein,1
Rv3736,bin797,DNA-Protein,1
Rv0081,bin798,DNA-Protein,1
Rv0324,bin798,DNA-Protein,1
Rv0678,bin798,DNA-Protein,1
Rv0681,bin798,DNA-Protein,1
Rv1816,bin798,DNA-Protein,1
Rv2034,bin798,DNA-Protein,1
Rv2989,bin798,DNA-Protein,1
devR,bin798,DNA-Protein,1
Rv3249c,bin798,DNA-Protein,1
Rv3557c,bin798,DNA-Protein,1
kstR,bin798,DNA-Protein,1
Rv0081,bin799,DNA-Protein,1
whiA,bin799,DNA-Protein,1
Rv2034,bin799,DNA-Protein,1
Rv3249c,bin799,DNA-Protein,1
Rv0302,bin800,DNA-Protein,1
Rv0678,bin800,DNA-Protein,1
Rv1167c,bin800,DNA-Protein,1
Rv1353c,bin800,DNA-Protein,1
whiA,bin800,DNA-Protein,1
Rv1719,bin800,DNA-Protein,1
Rv2324,bin800,DNA-Protein,1
devR,bin800,DNA-Protein,1
Rv3249c,bin800,DNA-Protein,1
Rv3488,bin800,DNA-Protein,1
Rv3557c,bin800,DNA-Protein,1
Rv3736,bin800,DNA-Protein,1
whiB5,bin801,DNA-Protein,1
Rv0302,bin801,DNA-Protein,1
Rv1353c,bin801,DNA-Protein,1
Rv2034,bin801,DNA-Protein,1
Rv3557c,bin801,DNA-Protein,1
whiB5,bin802,DNA-Protein,1
Rv2011c,bin802,DNA-Protein,1
Rv3249c,bin802,DNA-Protein,1
Rv0081,bin803,DNA-Protein,1
Rv0135c,bin803,DNA-Protein,1
Rv0678,bin803,DNA-Protein,1
Rv0681,bin803,DNA-Protein,1
trcR,bin803,DNA-Protein,1
Rv1353c,bin803,DNA-Protein,1
Rv1985c,bin803,DNA-Protein,1
devR,bin803,DNA-Protein,1
kstR,bin803,DNA-Protein,1
lsr2,bin803,DNA-Protein,1
whiB5,bin804,DNA-Protein,1
Rv0023,bin804,DNA-Protein,1
Rv0047c,bin804,DNA-Protein,1
Rv0081,bin804,DNA-Protein,1
Rv0302,bin804,DNA-Protein,1
Rv0324,bin804,DNA-Protein,1
Rv0348,bin804,DNA-Protein,1
Rv0465c,bin804,DNA-Protein,1
Rv0674,bin804,DNA-Protein,1
phoP,bin804,DNA-Protein,1
csoR,bin804,DNA-Protein,1
Rv1019,bin804,DNA-Protein,1
trcR,bin804,DNA-Protein,1
Rv1255c,bin804,DNA-Protein,1
Rv1353c,bin804,DNA-Protein,1
Rv1404,bin804,DNA-Protein,1
Rv1990c,bin804,DNA-Protein,1
Rv2324,bin804,DNA-Protein,1
kstR,bin804,DNA-Protein,1
lsr2,bin804,DNA-Protein,1
tcrX,bin804,DNA-Protein,1
Rv3830c,bin804,DNA-Protein,1
ssb,bin805,DNA-Protein,1
Rv0324,bin805,DNA-Protein,1
Rv0653c,bin805,DNA-Protein,1
Rv0691c,bin805,DNA-Protein,1
csoR,bin805,DNA-Protein,1
Rv1049,bin805,DNA-Protein,1
Rv1353c,bin805,DNA-Protein,1
whiA,bin805,DNA-Protein,1
Rv1473A,bin805,DNA-Protein,1
Rv1816,bin805,DNA-Protein,1
Rv1990c,bin805,DNA-Protein,1
Rv2021c,bin805,DNA-Protein,1
Rv2250c,bin805,DNA-Protein,1
Rv2324,bin805,DNA-Protein,1
Rv3249c,bin805,DNA-Protein,1
lsr2,bin805,DNA-Protein,1
Rv0081,bin806,DNA-Protein,1
Rv0576,bin806,DNA-Protein,1
csoR,bin806,DNA-Protein,1
Rv1049,bin806,DNA-Protein,1
Rv1255c,bin806,DNA-Protein,1
Rv1353c,bin806,DNA-Protein,1
Rv1816,bin806,DNA-Protein,1
Rv2021c,bin806,DNA-Protein,1
Rv2034,bin806,DNA-Protein,1
Rv2250c,bin806,DNA-Protein,1
Rv2324,bin806,DNA-Protein,1
devR,bin806,DNA-Protein,1
mtrA,bin806,DNA-Protein,1
Rv3249c,bin806,DNA-Protein,1
kstR,bin806,DNA-Protein,1
Rv3830c,bin806,DNA-Protein,1
espR,bin806,DNA-Protein,1
whiB5,bin807,DNA-Protein,1
Rv0047c,bin807,DNA-Protein,1
Rv0302,bin807,DNA-Protein,1
Rv0691c,bin807,DNA-Protein,1
csoR,bin807,DNA-Protein,1
trcR,bin807,DNA-Protein,1
whiA,bin807,DNA-Protein,1
Rv1816,bin807,DNA-Protein,1
Rv2324,bin807,DNA-Protein,1
Rv2506,bin807,DNA-Protein,1
whiB2,bin807,DNA-Protein,1
Rv0047c,bin808,DNA-Protein,1
Rv0691c,bin808,DNA-Protein,1
Rv1049,bin808,DNA-Protein,1
Rv1816,bin808,DNA-Protein,1
Rv2021c,bin808,DNA-Protein,1
Rv2034,bin808,DNA-Protein,1
devR,bin808,DNA-Protein,1
Rv0023,bin809,DNA-Protein,1
Rv0047c,bin809,DNA-Protein,1
Rv0081,bin809,DNA-Protein,1
Rv0158,bin809,DNA-Protein,1
Rv0324,bin809,DNA-Protein,1
Rv0474,bin809,DNA-Protein,1
Rv0678,bin809,DNA-Protein,1
Rv0691c,bin809,DNA-Protein,1
phoP,bin809,DNA-Protein,1
trcR,bin809,DNA-Protein,1
Rv1353c,bin809,DNA-Protein,1
Rv1404,bin809,DNA-Protein,1
Rv1460,bin809,DNA-Protein,1
Rv1816,bin809,DNA-Protein,1
Rv1985c,bin809,DNA-Protein,1
Rv1990c,bin809,DNA-Protein,1
cmtR,bin809,DNA-Protein,1
Rv2011c,bin809,DNA-Protein,1
Rv2034,bin809,DNA-Protein,1
Rv2250c,bin809,DNA-Protein,1
Rv2324,bin809,DNA-Protein,1
pimA,bin809,DNA-Protein,1
Rv2642,bin809,DNA-Protein,1
Rv2887,bin809,DNA-Protein,1
Rv2989,bin809,DNA-Protein,1
Rv3160c,bin809,DNA-Protein,1
Rv3249c,bin809,DNA-Protein,1
Rv3488,bin809,DNA-Protein,1
kstR,bin809,DNA-Protein,1
lsr2,bin809,DNA-Protein,1
whiB4,bin809,DNA-Protein,1
Rv3736,bin809,DNA-Protein,1
tcrX,bin809,DNA-Protein,1
Rv0047c,bin810,DNA-Protein,1
Rv0135c,bin810,DNA-Protein,1
Rv0678,bin810,DNA-Protein,1
csoR,bin810,DNA-Protein,1
Rv1049,bin810,DNA-Protein,1
Rv1353c,bin810,DNA-Protein,1
whiA,bin810,DNA-Protein,1
Rv1816,bin810,DNA-Protein,1
Rv3736,bin810,DNA-Protein,1
Rv3830c,bin810,DNA-Protein,1
Rv0047c,bin811,DNA-Protein,1
Rv0081,bin811,DNA-Protein,1
Rv0135c,bin811,DNA-Protein,1
tcrA,bin811,DNA-Protein,1
Rv0678,bin811,DNA-Protein,1
Rv0880,bin811,DNA-Protein,1
csoR,bin811,DNA-Protein,1
trcR,bin811,DNA-Protein,1
Rv1049,bin811,DNA-Protein,1
Rv1219c,bin811,DNA-Protein,1
Rv1719,bin811,DNA-Protein,1
Rv1816,bin811,DNA-Protein,1
vapB15,bin811,DNA-Protein,1
Rv2034,bin811,DNA-Protein,1
Rv2324,bin811,DNA-Protein,1
Rv3488,bin811,DNA-Protein,1
lsr2,bin811,DNA-Protein,1
Rv3736,bin811,DNA-Protein,1
Rv0023,bin812,DNA-Protein,1
Rv0047c,bin812,DNA-Protein,1
Rv0081,bin812,DNA-Protein,1
oxyS,bin812,DNA-Protein,1
Rv0135c,bin812,DNA-Protein,1
Rv0158,bin812,DNA-Protein,1
nadR,bin812,DNA-Protein,1
Rv0275c,bin812,DNA-Protein,1
Rv0324,bin812,DNA-Protein,1
Rv0465c,bin812,DNA-Protein,1
Rv0474,bin812,DNA-Protein,1
Rv0576,bin812,DNA-Protein,1
Rv0653c,bin812,DNA-Protein,1
Rv0678,bin812,DNA-Protein,1
Rv0691c,bin812,DNA-Protein,1
phoP,bin812,DNA-Protein,1
csoR,bin812,DNA-Protein,1
trcR,bin812,DNA-Protein,1
Rv1049,bin812,DNA-Protein,1
Rv1353c,bin812,DNA-Protein,1
Rv1404,bin812,DNA-Protein,1
whiA,bin812,DNA-Protein,1
Rv1473A,bin812,DNA-Protein,1
Rv1773c,bin812,DNA-Protein,1
Rv1816,bin812,DNA-Protein,1
Rv1985c,bin812,DNA-Protein,1
cmtR,bin812,DNA-Protein,1
Rv2011c,bin812,DNA-Protein,1
Rv2034,bin812,DNA-Protein,1
sigC,bin812,DNA-Protein,1
Rv2324,bin812,DNA-Protein,1
Rv2887,bin812,DNA-Protein,1
Rv3050c,bin812,DNA-Protein,1
moaR1,bin812,DNA-Protein,1
devR,bin812,DNA-Protein,1
Rv3160c,bin812,DNA-Protein,1
Rv3173c,bin812,DNA-Protein,1
sigF,bin812,DNA-Protein,1
Rv3405c,bin812,DNA-Protein,1
sigD,bin812,DNA-Protein,1
Rv3488,bin812,DNA-Protein,1
kstR,bin812,DNA-Protein,1
lsr2,bin812,DNA-Protein,1
crp,bin812,DNA-Protein,1
whiB4,bin812,DNA-Protein,1
espR,bin812,DNA-Protein,1
whiB6,bin812,DNA-Protein,1
Rv0023,bin813,DNA-Protein,1
Rv0047c,bin813,DNA-Protein,1
Rv0081,bin813,DNA-Protein,1
Rv0273c,bin813,DNA-Protein,1
Rv0324,bin813,DNA-Protein,1
Rv0465c,bin813,DNA-Protein,1
Rv0678,bin813,DNA-Protein,1
Rv0767c,bin813,DNA-Protein,1
Rv1049,bin813,DNA-Protein,1
Rv1255c,bin813,DNA-Protein,1
Rv1353c,bin813,DNA-Protein,1
Rv1719,bin813,DNA-Protein,1
Rv1816,bin813,DNA-Protein,1
Rv1990c,bin813,DNA-Protein,1
Rv2989,bin813,DNA-Protein,1
Rv3249c,bin813,DNA-Protein,1
kstR,bin813,DNA-Protein,1
lsr2,bin813,DNA-Protein,1
Rv3736,bin813,DNA-Protein,1
Rv0047c,bin814,DNA-Protein,1
Rv0691c,bin814,DNA-Protein,1
trcR,bin814,DNA-Protein,1
Rv1219c,bin814,DNA-Protein,1
Rv1353c,bin814,DNA-Protein,1
Rv1719,bin814,DNA-Protein,1
Rv2011c,bin814,DNA-Protein,1
Rv2324,bin814,DNA-Protein,1
Rv3249c,bin814,DNA-Protein,1
Rv3488,bin814,DNA-Protein,1
whiB5,bin815,DNA-Protein,1
Rv0023,bin815,DNA-Protein,1
Rv0081,bin815,DNA-Protein,1
Rv0767c,bin815,DNA-Protein,1
csoR,bin815,DNA-Protein,1
trcR,bin815,DNA-Protein,1
Rv1049,bin815,DNA-Protein,1
Rv1816,bin815,DNA-Protein,1
Rv1990c,bin815,DNA-Protein,1
Rv2250c,bin815,DNA-Protein,1
kstR,bin815,DNA-Protein,1
whiB5,bin816,DNA-Protein,1
Rv0081,bin816,DNA-Protein,1
Rv0135c,bin816,DNA-Protein,1
Rv0302,bin816,DNA-Protein,1
Rv0324,bin816,DNA-Protein,1
csoR,bin816,DNA-Protein,1
Rv1049,bin816,DNA-Protein,1
Rv1985c,bin816,DNA-Protein,1
Rv1990c,bin816,DNA-Protein,1
Rv2011c,bin816,DNA-Protein,1
Rv0023,bin817,DNA-Protein,1
Rv0081,bin817,DNA-Protein,1
Rv0302,bin817,DNA-Protein,1
Rv0494,bin817,DNA-Protein,1
Rv0691c,bin817,DNA-Protein,1
csoR,bin817,DNA-Protein,1
Rv1219c,bin817,DNA-Protein,1
Rv1353c,bin817,DNA-Protein,1
Rv1719,bin817,DNA-Protein,1
Rv1816,bin817,DNA-Protein,1
Rv2021c,bin817,DNA-Protein,1
Rv2324,bin817,DNA-Protein,1
devR,bin817,DNA-Protein,1
mtrA,bin817,DNA-Protein,1
Rv3249c,bin817,DNA-Protein,1
Rv3736,bin817,DNA-Protein,1
Rv0023,bin818,DNA-Protein,1
Rv0047c,bin818,DNA-Protein,1
Rv0135c,bin818,DNA-Protein,1
Rv0339c,bin818,DNA-Protein,1
Rv0678,bin818,DNA-Protein,1
trcR,bin818,DNA-Protein,1
Rv1167c,bin818,DNA-Protein,1
Rv1353c,bin818,DNA-Protein,1
Rv1556,bin818,DNA-Protein,1
Rv1816,bin818,DNA-Protein,1
higA,bin818,DNA-Protein,1
Rv2642,bin818,DNA-Protein,1
whiB3,bin818,DNA-Protein,1
Rv0339c,bin819,DNA-Protein,1
trcR,bin819,DNA-Protein,1
Rv2989,bin819,DNA-Protein,1
Rv0047c,bin820,DNA-Protein,1
Rv0081,bin820,DNA-Protein,1
Rv0135c,bin820,DNA-Protein,1
Rv0339c,bin820,DNA-Protein,1
Rv0576,bin820,DNA-Protein,1
Rv0678,bin820,DNA-Protein,1
Rv0767c,bin820,DNA-Protein,1
kmtR,bin820,DNA-Protein,1
csoR,bin820,DNA-Protein,1
trcR,bin820,DNA-Protein,1
Rv1049,bin820,DNA-Protein,1
Rv1353c,bin820,DNA-Protein,1
whiA,bin820,DNA-Protein,1
Rv1719,bin820,DNA-Protein,1
Rv1816,bin820,DNA-Protein,1
Rv2034,bin820,DNA-Protein,1
Rv2250c,bin820,DNA-Protein,1
Rv2324,bin820,DNA-Protein,1
Rv2887,bin820,DNA-Protein,1
Rv2989,bin820,DNA-Protein,1
Rv3066,bin820,DNA-Protein,1
Rv3249c,bin820,DNA-Protein,1
Rv3736,bin820,DNA-Protein,1
espR,bin820,DNA-Protein,1
Rv0081,bin821,DNA-Protein,1
Rv0302,bin821,DNA-Protein,1
tcrA,bin821,DNA-Protein,1
Rv0678,bin821,DNA-Protein,1
phoP,bin821,DNA-Protein,1
Rv0767c,bin821,DNA-Protein,1
trcR,bin821,DNA-Protein,1
Rv1049,bin821,DNA-Protein,1
whiA,bin821,DNA-Protein,1
Rv1816,bin821,DNA-Protein,1
Rv2160c,bin821,DNA-Protein,1
Rv3173c,bin821,DNA-Protein,1
Rv3405c,bin821,DNA-Protein,1
lsr2,bin821,DNA-Protein,1
espR,bin821,DNA-Protein,1
Rv0302,bin822,DNA-Protein,1
Rv0691c,bin822,DNA-Protein,1
Rv0767c,bin822,DNA-Protein,1
csoR,bin822,DNA-Protein,1
Rv1816,bin822,DNA-Protein,1
Rv0047c,bin823,DNA-Protein,1
Rv0691c,bin823,DNA-Protein,1
csoR,bin823,DNA-Protein,1
trcR,bin823,DNA-Protein,1
Rv1353c,bin823,DNA-Protein,1
Rv1990c,bin823,DNA-Protein,1
Rv2011c,bin823,DNA-Protein,1
Rv2324,bin823,DNA-Protein,1
Rv3736,bin823,DNA-Protein,1
Rv0081,bin824,DNA-Protein,1
Rv0678,bin824,DNA-Protein,1
Rv0691c,bin824,DNA-Protein,1
Rv0880,bin824,DNA-Protein,1
Rv1049,bin824,DNA-Protein,1
whiA,bin824,DNA-Protein,1
Rv1990c,bin824,DNA-Protein,1
Rv2011c,bin824,DNA-Protein,1
Rv2034,bin824,DNA-Protein,1
Rv3160c,bin824,DNA-Protein,1
Rv3173c,bin824,DNA-Protein,1
mtrA,bin824,DNA-Protein,1
Rv3405c,bin824,DNA-Protein,1
Rv0023,bin825,DNA-Protein,1
Rv0047c,bin825,DNA-Protein,1
Rv0081,bin825,DNA-Protein,1
Rv0135c,bin825,DNA-Protein,1
Rv0324,bin825,DNA-Protein,1
Rv0576,bin825,DNA-Protein,1
Rv0678,bin825,DNA-Protein,1
Rv0691c,bin825,DNA-Protein,1
trcR,bin825,DNA-Protein,1
Rv1049,bin825,DNA-Protein,1
Rv1353c,bin825,DNA-Protein,1
Rv1473A,bin825,DNA-Protein,1
Rv1719,bin825,DNA-Protein,1
Rv1816,bin825,DNA-Protein,1
vapB15,bin825,DNA-Protein,1
Rv2011c,bin825,DNA-Protein,1
Rv2034,bin825,DNA-Protein,1
Rv2250c,bin825,DNA-Protein,1
Rv2887,bin825,DNA-Protein,1
mtrA,bin825,DNA-Protein,1
Rv3249c,bin825,DNA-Protein,1
Rv3488,bin825,DNA-Protein,1
kstR,bin825,DNA-Protein,1
lsr2,bin825,DNA-Protein,1
crp,bin825,DNA-Protein,1
tcrX,bin825,DNA-Protein,1
espR,bin825,DNA-Protein,1
Rv0047c,bin826,DNA-Protein,1
Rv0081,bin826,DNA-Protein,1
Rv0135c,bin826,DNA-Protein,1
Rv0324,bin826,DNA-Protein,1
Rv0691c,bin826,DNA-Protein,1
phoP,bin826,DNA-Protein,1
csoR,bin826,DNA-Protein,1
trcR,bin826,DNA-Protein,1
Rv1049,bin826,DNA-Protein,1
whiA,bin826,DNA-Protein,1
cmr,bin826,DNA-Protein,1
Rv1719,bin826,DNA-Protein,1
Rv1816,bin826,DNA-Protein,1
Rv2011c,bin826,DNA-Protein,1
Rv2021c,bin826,DNA-Protein,1
Rv2034,bin826,DNA-Protein,1
Rv2250c,bin826,DNA-Protein,1
Rv2324,bin826,DNA-Protein,1
whiB3,bin826,DNA-Protein,1
kstR,bin826,DNA-Protein,1
whiB4,bin826,DNA-Protein,1
Rv3736,bin826,DNA-Protein,1
Rv0135c,bin827,DNA-Protein,1
Rv0339c,bin827,DNA-Protein,1
Rv0691c,bin827,DNA-Protein,1
csoR,bin827,DNA-Protein,1
Rv1990c,bin827,DNA-Protein,1
Rv2034,bin827,DNA-Protein,1
Rv3249c,bin827,DNA-Protein,1
kstR,bin827,DNA-Protein,1
whiB5,bin828,DNA-Protein,1
Rv0023,bin828,DNA-Protein,1
Rv0047c,bin828,DNA-Protein,1
Rv0081,bin828,DNA-Protein,1
Rv0324,bin828,DNA-Protein,1
csoR,bin828,DNA-Protein,1
Rv1353c,bin828,DNA-Protein,1
whiA,bin828,DNA-Protein,1
Rv1816,bin828,DNA-Protein,1
Rv3249c,bin828,DNA-Protein,1
Rv0023,bin829,DNA-Protein,1
Rv0047c,bin829,DNA-Protein,1
Rv0081,bin829,DNA-Protein,1
Rv0678,bin829,DNA-Protein,1
csoR,bin829,DNA-Protein,1
trcR,bin829,DNA-Protein,1
Rv1353c,bin829,DNA-Protein,1
Rv1985c,bin829,DNA-Protein,1
Rv2034,bin829,DNA-Protein,1
kstR,bin829,DNA-Protein,1
lsr2,bin829,DNA-Protein,1
Rv0047c,bin830,DNA-Protein,1
Rv0339c,bin830,DNA-Protein,1
Rv0678,bin830,DNA-Protein,1
csoR,bin830,DNA-Protein,1
Rv1816,bin830,DNA-Protein,1
Rv3249c,bin830,DNA-Protein,1
Rv3736,bin830,DNA-Protein,1
Rv0047c,bin831,DNA-Protein,1
Rv0081,bin831,DNA-Protein,1
Rv0135c,bin831,DNA-Protein,1
Rv0302,bin831,DNA-Protein,1
Rv0324,bin831,DNA-Protein,1
Rv0339c,bin831,DNA-Protein,1
tcrA,bin831,DNA-Protein,1
phoP,bin831,DNA-Protein,1
csoR,bin831,DNA-Protein,1
trcR,bin831,DNA-Protein,1
Rv1255c,bin831,DNA-Protein,1
Rv1353c,bin831,DNA-Protein,1
Rv1816,bin831,DNA-Protein,1
Rv1990c,bin831,DNA-Protein,1
Rv2250c,bin831,DNA-Protein,1
Rv2989,bin831,DNA-Protein,1
Rv3249c,bin831,DNA-Protein,1
kstR,bin831,DNA-Protein,1
whiB4,bin831,DNA-Protein,1
Rv3736,bin831,DNA-Protein,1
tcrX,bin831,DNA-Protein,1
Rv0135c,bin832,DNA-Protein,1
Rv0678,bin832,DNA-Protein,1
csoR,bin832,DNA-Protein,1
Rv1049,bin832,DNA-Protein,1
Rv1353c,bin832,DNA-Protein,1
whiA,bin832,DNA-Protein,1
Rv1816,bin832,DNA-Protein,1
Rv2034,bin832,DNA-Protein,1
Rv2250c,bin832,DNA-Protein,1
Rv3488,bin832,DNA-Protein,1
whiB5,bin833,DNA-Protein,1
Rv0047c,bin833,DNA-Protein,1
Rv0081,bin833,DNA-Protein,1
Rv0678,bin833,DNA-Protein,1
csoR,bin833,DNA-Protein,1
Rv1049,bin833,DNA-Protein,1
Rv1219c,bin833,DNA-Protein,1
whiA,bin833,DNA-Protein,1
Rv1473A,bin833,DNA-Protein,1
Rv1816,bin833,DNA-Protein,1
Rv1990c,bin833,DNA-Protein,1
Rv2250c,bin833,DNA-Protein,1
Rv2989,bin833,DNA-Protein,1
mtrA,bin833,DNA-Protein,1
Rv3249c,bin833,DNA-Protein,1
kstR,bin833,DNA-Protein,1
espR,bin833,DNA-Protein,1
Rv0273c,bin834,DNA-Protein,1
Rv0465c,bin834,DNA-Protein,1
Rv0653c,bin834,DNA-Protein,1
Rv0691c,bin834,DNA-Protein,1
Rv1049,bin834,DNA-Protein,1
Rv1473A,bin834,DNA-Protein,1
Rv2034,bin834,DNA-Protein,1
Rv2324,bin834,DNA-Protein,1
Rv3167c,bin834,DNA-Protein,1
kstR,bin834,DNA-Protein,1
espR,bin834,DNA-Protein,1
whiB5,bin835,DNA-Protein,1
Rv0047c,bin835,DNA-Protein,1
Rv0081,bin835,DNA-Protein,1
Rv0135c,bin835,DNA-Protein,1
Rv0158,bin835,DNA-Protein,1
Rv0302,bin835,DNA-Protein,1
Rv0678,bin835,DNA-Protein,1
Rv0691c,bin835,DNA-Protein,1
Rv0767c,bin835,DNA-Protein,1
trcR,bin835,DNA-Protein,1
Rv1353c,bin835,DNA-Protein,1
whiA,bin835,DNA-Protein,1
Rv1719,bin835,DNA-Protein,1
Rv1816,bin835,DNA-Protein,1
Rv1990c,bin835,DNA-Protein,1
cmtR,bin835,DNA-Protein,1
Rv2034,bin835,DNA-Protein,1
Rv2250c,bin835,DNA-Protein,1
Rv2506,bin835,DNA-Protein,1
kstR,bin835,DNA-Protein,1
lsr2,bin835,DNA-Protein,1
tcrX,bin835,DNA-Protein,1
espR,bin835,DNA-Protein,1
whiB5,bin836,DNA-Protein,1
Rv0023,bin836,DNA-Protein,1
Rv0047c,bin836,DNA-Protein,1
Rv0081,bin836,DNA-Protein,1
Rv0135c,bin836,DNA-Protein,1
trcR,bin836,DNA-Protein,1
Rv1353c,bin836,DNA-Protein,1
Rv1990c,bin836,DNA-Protein,1
cmtR,bin836,DNA-Protein,1
Rv2021c,bin836,DNA-Protein,1
Rv2250c,bin836,DNA-Protein,1
Rv2324,bin836,DNA-Protein,1
Rv3488,bin836,DNA-Protein,1
kstR,bin836,DNA-Protein,1
Rv3736,bin836,DNA-Protein,1
Rv0081,bin837,DNA-Protein,1
Rv0678,bin837,DNA-Protein,1
Rv1990c,bin837,DNA-Protein,1
Rv2021c,bin837,DNA-Protein,1
Rv2989,bin837,DNA-Protein,1
Rv3249c,bin837,DNA-Protein,1
kstR,bin837,DNA-Protein,1
lsr2,bin837,DNA-Protein,1
Rv0081,bin838,DNA-Protein,1
Rv0324,bin838,DNA-Protein,1
Rv0678,bin838,DNA-Protein,1
Rv0691c,bin838,DNA-Protein,1
Rv0767c,bin838,DNA-Protein,1
csoR,bin838,DNA-Protein,1
trcR,bin838,DNA-Protein,1
Rv1473A,bin838,DNA-Protein,1
Rv1816,bin838,DNA-Protein,1
higA,bin838,DNA-Protein,1
Rv1990c,bin838,DNA-Protein,1
Rv2034,bin838,DNA-Protein,1
Rv2324,bin838,DNA-Protein,1
sirR,bin838,DNA-Protein,1
devR,bin838,DNA-Protein,1
Rv3488,bin838,DNA-Protein,1
kstR,bin838,DNA-Protein,1
lsr2,bin838,DNA-Protein,1
Rv3736,bin838,DNA-Protein,1
Rv3830c,bin838,DNA-Protein,1
Rv0023,bin839,DNA-Protein,1
Rv0042c,bin839,DNA-Protein,1
Rv0047c,bin839,DNA-Protein,1
Rv0081,bin839,DNA-Protein,1
Rv0273c,bin839,DNA-Protein,1
Rv0324,bin839,DNA-Protein,1
Rv0653c,bin839,DNA-Protein,1
Rv0678,bin839,DNA-Protein,1
Rv0691c,bin839,DNA-Protein,1
Rv0767c,bin839,DNA-Protein,1
Rv0880,bin839,DNA-Protein,1
csoR,bin839,DNA-Protein,1
trcR,bin839,DNA-Protein,1
Rv1219c,bin839,DNA-Protein,1
Rv1353c,bin839,DNA-Protein,1
Rv1404,bin839,DNA-Protein,1
whiA,bin839,DNA-Protein,1
Rv1816,bin839,DNA-Protein,1
higA,bin839,DNA-Protein,1
Rv1985c,bin839,DNA-Protein,1
Rv2011c,bin839,DNA-Protein,1
Rv2034,bin839,DNA-Protein,1
Rv2250c,bin839,DNA-Protein,1
Rv2324,bin839,DNA-Protein,1
devR,bin839,DNA-Protein,1
Rv3249c,bin839,DNA-Protein,1
kstR,bin839,DNA-Protein,1
lsr2,bin839,DNA-Protein,1
Rv3736,bin839,DNA-Protein,1
Rv3830c,bin839,DNA-Protein,1
Rv0023,bin840,DNA-Protein,1
Rv0047c,bin840,DNA-Protein,1
Rv0081,bin840,DNA-Protein,1
Rv0135c,bin840,DNA-Protein,1
Rv0302,bin840,DNA-Protein,1
Rv0324,bin840,DNA-Protein,1
Rv0678,bin840,DNA-Protein,1
Rv0691c,bin840,DNA-Protein,1
phoP,bin840,DNA-Protein,1
trcR,bin840,DNA-Protein,1
Rv1049,bin840,DNA-Protein,1
sigI,bin840,DNA-Protein,1
Rv1353c,bin840,DNA-Protein,1
Rv1404,bin840,DNA-Protein,1
whiA,bin840,DNA-Protein,1
Rv1473A,bin840,DNA-Protein,1
Rv1816,bin840,DNA-Protein,1
Rv1985c,bin840,DNA-Protein,1
Rv1990c,bin840,DNA-Protein,1
cmtR,bin840,DNA-Protein,1
Rv2011c,bin840,DNA-Protein,1
Rv2034,bin840,DNA-Protein,1
Rv2324,bin840,DNA-Protein,1
pimA,bin840,DNA-Protein,1
Rv2989,bin840,DNA-Protein,1
Rv3488,bin840,DNA-Protein,1
lsr2,bin840,DNA-Protein,1
nmtR,bin840,DNA-Protein,1
tcrX,bin840,DNA-Protein,1
Rv3830c,bin840,DNA-Protein,1
ethR,bin840,DNA-Protein,1
Rv0081,bin841,DNA-Protein,1
Rv0324,bin841,DNA-Protein,1
Rv0678,bin841,DNA-Protein,1
Rv0767c,bin841,DNA-Protein,1
csoR,bin841,DNA-Protein,1
trcR,bin841,DNA-Protein,1
Rv1049,bin841,DNA-Protein,1
Rv1353c,bin841,DNA-Protein,1
Rv1816,bin841,DNA-Protein,1
Rv1990c,bin841,DNA-Protein,1
Rv2324,bin841,DNA-Protein,1
Rv2506,bin841,DNA-Protein,1
kstR,bin841,DNA-Protein,1
tcrX,bin841,DNA-Protein,1
Rv3830c,bin841,DNA-Protein,1
Rv0043c,bin842,DNA-Protein,1
Rv0047c,bin842,DNA-Protein,1
Rv0081,bin842,DNA-Protein,1
Rv0273c,bin842,DNA-Protein,1
Rv0302,bin842,DNA-Protein,1
Rv0576,bin842,DNA-Protein,1
Rv0678,bin842,DNA-Protein,1
csoR,bin842,DNA-Protein,1
trcR,bin842,DNA-Protein,1
Rv1255c,bin842,DNA-Protein,1
whiA,bin842,DNA-Protein,1
Rv1473A,bin842,DNA-Protein,1
Rv2011c,bin842,DNA-Protein,1
Rv2250c,bin842,DNA-Protein,1
Rv2887,bin842,DNA-Protein,1
sigF,bin842,DNA-Protein,1
kstR,bin842,DNA-Protein,1
Rv0023,bin843,DNA-Protein,1
Rv0047c,bin843,DNA-Protein,1
Rv0081,bin843,DNA-Protein,1
Rv0324,bin843,DNA-Protein,1
phoP,bin843,DNA-Protein,1
csoR,bin843,DNA-Protein,1
trcR,bin843,DNA-Protein,1
Rv1353c,bin843,DNA-Protein,1
whiA,bin843,DNA-Protein,1
Rv1816,bin843,DNA-Protein,1
Rv1985c,bin843,DNA-Protein,1
Rv2324,bin843,DNA-Protein,1
Rv2989,bin843,DNA-Protein,1
devR,bin843,DNA-Protein,1
kstR,bin843,DNA-Protein,1
whiB4,bin843,DNA-Protein,1
Rv3736,bin843,DNA-Protein,1
tcrX,bin843,DNA-Protein,1
Rv0023,bin844,DNA-Protein,1
Rv0047c,bin844,DNA-Protein,1
Rv0081,bin844,DNA-Protein,1
Rv0135c,bin844,DNA-Protein,1
Rv0302,bin844,DNA-Protein,1
Rv0691c,bin844,DNA-Protein,1
csoR,bin844,DNA-Protein,1
whiA,bin844,DNA-Protein,1
Rv2324,bin844,DNA-Protein,1
devR,bin844,DNA-Protein,1
Rv3557c,bin844,DNA-Protein,1
Rv3830c,bin844,DNA-Protein,1
Rv0047c,bin845,DNA-Protein,1
Rv0273c,bin845,DNA-Protein,1
Rv0302,bin845,DNA-Protein,1
Rv0494,bin845,DNA-Protein,1
Rv0653c,bin845,DNA-Protein,1
csoR,bin845,DNA-Protein,1
Rv1353c,bin845,DNA-Protein,1
Rv1719,bin845,DNA-Protein,1
higA,bin845,DNA-Protein,1
devR,bin845,DNA-Protein,1
Rv0023,bin846,DNA-Protein,1
Rv0047c,bin846,DNA-Protein,1
Rv0081,bin846,DNA-Protein,1
Rv0302,bin846,DNA-Protein,1
Rv0324,bin846,DNA-Protein,1
Rv0678,bin846,DNA-Protein,1
Rv0691c,bin846,DNA-Protein,1
phoP,bin846,DNA-Protein,1
csoR,bin846,DNA-Protein,1
Rv1049,bin846,DNA-Protein,1
Rv1255c,bin846,DNA-Protein,1
whiA,bin846,DNA-Protein,1
Rv1473A,bin846,DNA-Protein,1
Rv1773c,bin846,DNA-Protein,1
higA,bin846,DNA-Protein,1
Rv1990c,bin846,DNA-Protein,1
vapB15,bin846,DNA-Protein,1
Rv2011c,bin846,DNA-Protein,1
Rv2324,bin846,DNA-Protein,1
kstR,bin846,DNA-Protein,1
lsr2,bin846,DNA-Protein,1
whiB4,bin846,DNA-Protein,1
espR,bin846,DNA-Protein,1
whiB6,bin846,DNA-Protein,1
Rv0023,bin847,DNA-Protein,1
Rv0047c,bin847,DNA-Protein,1
Rv0081,bin847,DNA-Protein,1
Rv0135c,bin847,DNA-Protein,1
Rv0302,bin847,DNA-Protein,1
Rv0324,bin847,DNA-Protein,1
Rv0494,bin847,DNA-Protein,1
Rv0678,bin847,DNA-Protein,1
Rv0691c,bin847,DNA-Protein,1
Rv0767c,bin847,DNA-Protein,1
csoR,bin847,DNA-Protein,1
Rv1049,bin847,DNA-Protein,1
Rv1816,bin847,DNA-Protein,1
Rv1990c,bin847,DNA-Protein,1
Rv2250c,bin847,DNA-Protein,1
Rv2324,bin847,DNA-Protein,1
Rv2989,bin847,DNA-Protein,1
Rv3249c,bin847,DNA-Protein,1
kstR,bin847,DNA-Protein,1
lsr2,bin847,DNA-Protein,1
Rv3736,bin847,DNA-Protein,1
Rv3830c,bin847,DNA-Protein,1
whiB5,bin848,DNA-Protein,1
Rv0135c,bin848,DNA-Protein,1
Rv0767c,bin848,DNA-Protein,1
Rv1816,bin848,DNA-Protein,1
Rv2034,bin848,DNA-Protein,1
Rv2324,bin848,DNA-Protein,1
devR,bin848,DNA-Protein,1
Rv3249c,bin848,DNA-Protein,1
Rv3736,bin848,DNA-Protein,1
whiB5,bin849,DNA-Protein,1
Rv0135c,bin849,DNA-Protein,1
Rv0302,bin849,DNA-Protein,1
Rv0767c,bin849,DNA-Protein,1
csoR,bin849,DNA-Protein,1
Rv2034,bin849,DNA-Protein,1
Rv2250c,bin849,DNA-Protein,1
Rv2324,bin849,DNA-Protein,1
Rv3488,bin849,DNA-Protein,1
kstR,bin849,DNA-Protein,1
Rv3830c,bin849,DNA-Protein,1
whiB5,bin850,DNA-Protein,1
Rv0135c,bin850,DNA-Protein,1
Rv0302,bin850,DNA-Protein,1
Rv0465c,bin850,DNA-Protein,1
csoR,bin850,DNA-Protein,1
trcR,bin850,DNA-Protein,1
Rv1719,bin850,DNA-Protein,1
Rv1816,bin850,DNA-Protein,1
Rv1990c,bin850,DNA-Protein,1
tcrX,bin850,DNA-Protein,1
Rv0047c,bin851,DNA-Protein,1
Rv0081,bin851,DNA-Protein,1
Rv0135c,bin851,DNA-Protein,1
Rv0302,bin851,DNA-Protein,1
Rv0324,bin851,DNA-Protein,1
Rv0678,bin851,DNA-Protein,1
Rv0767c,bin851,DNA-Protein,1
csoR,bin851,DNA-Protein,1
trcR,bin851,DNA-Protein,1
Rv1353c,bin851,DNA-Protein,1
whiA,bin851,DNA-Protein,1
Rv1985c,bin851,DNA-Protein,1
Rv1990c,bin851,DNA-Protein,1
Rv2011c,bin851,DNA-Protein,1
Rv2021c,bin851,DNA-Protein,1
Rv2324,bin851,DNA-Protein,1
Rv3488,bin851,DNA-Protein,1
Rv0047c,bin852,DNA-Protein,1
Rv0135c,bin852,DNA-Protein,1
Rv0302,bin852,DNA-Protein,1
Rv0324,bin852,DNA-Protein,1
Rv1049,bin852,DNA-Protein,1
whiA,bin852,DNA-Protein,1
vapB15,bin852,DNA-Protein,1
Rv2011c,bin852,DNA-Protein,1
Rv2034,bin852,DNA-Protein,1
Rv2250c,bin852,DNA-Protein,1
Rv3249c,bin852,DNA-Protein,1
kstR,bin852,DNA-Protein,1
tcrX,bin852,DNA-Protein,1
Rv0081,bin853,DNA-Protein,1
oxyS,bin853,DNA-Protein,1
Rv0135c,bin853,DNA-Protein,1
Rv0158,bin853,DNA-Protein,1
Rv0273c,bin853,DNA-Protein,1
Rv0377,bin853,DNA-Protein,1
Rv0678,bin853,DNA-Protein,1
csoR,bin853,DNA-Protein,1
trcR,bin853,DNA-Protein,1
Rv1049,bin853,DNA-Protein,1
Rv1219c,bin853,DNA-Protein,1
whiA,bin853,DNA-Protein,1
Rv1719,bin853,DNA-Protein,1
Rv1990c,bin853,DNA-Protein,1
vapB15,bin853,DNA-Protein,1
hrcA,bin853,DNA-Protein,1
Rv2642,bin853,DNA-Protein,1
moaR1,bin853,DNA-Protein,1
Rv3167c,bin853,DNA-Protein,1
whiB3,bin853,DNA-Protein,1
Rv3488,bin853,DNA-Protein,1
kstR,bin853,DNA-Protein,1
lsr2,bin853,DNA-Protein,1
tcrX,bin853,DNA-Protein,1
espR,bin853,DNA-Protein,1
Rv0047c,bin854,DNA-Protein,1
Rv0081,bin854,DNA-Protein,1
Rv0135c,bin854,DNA-Protein,1
Rv0158,bin854,DNA-Protein,1
Rv0324,bin854,DNA-Protein,1
Rv0330c,bin854,DNA-Protein,1
Rv0691c,bin854,DNA-Protein,1
phoP,bin854,DNA-Protein,1
Rv0767c,bin854,DNA-Protein,1
csoR,bin854,DNA-Protein,1
Rv1049,bin854,DNA-Protein,1
Rv1353c,bin854,DNA-Protein,1
whiA,bin854,DNA-Protein,1
Rv1473A,bin854,DNA-Protein,1
vapB15,bin854,DNA-Protein,1
Rv2011c,bin854,DNA-Protein,1
Rv2034,bin854,DNA-Protein,1
sigC,bin854,DNA-Protein,1
Rv2250c,bin854,DNA-Protein,1
Rv2642,bin854,DNA-Protein,1
Rv3173c,bin854,DNA-Protein,1
Rv3488,bin854,DNA-Protein,1
whiB4,bin854,DNA-Protein,1
tcrX,bin854,DNA-Protein,1
espR,bin854,DNA-Protein,1
Rv0047c,bin855,DNA-Protein,1
Rv0081,bin855,DNA-Protein,1
Rv0302,bin855,DNA-Protein,1
tcrA,bin855,DNA-Protein,1
Rv0653c,bin855,DNA-Protein,1
Rv0678,bin855,DNA-Protein,1
Rv0767c,bin855,DNA-Protein,1
trcR,bin855,DNA-Protein,1
Rv1353c,bin855,DNA-Protein,1
Rv1816,bin855,DNA-Protein,1
Rv2011c,bin855,DNA-Protein,1
Rv3160c,bin855,DNA-Protein,1
mtrA,bin855,DNA-Protein,1
Rv3488,bin855,DNA-Protein,1
kstR,bin855,DNA-Protein,1
lsr2,bin855,DNA-Protein,1
Rv3736,bin855,DNA-Protein,1
Rv3830c,bin855,DNA-Protein,1
Rv0081,bin856,DNA-Protein,1
Rv0135c,bin856,DNA-Protein,1
tcrA,bin856,DNA-Protein,1
Rv0678,bin856,DNA-Protein,1
Rv0691c,bin856,DNA-Protein,1
phoP,bin856,DNA-Protein,1
csoR,bin856,DNA-Protein,1
trcR,bin856,DNA-Protein,1
Rv1404,bin856,DNA-Protein,1
whiA,bin856,DNA-Protein,1
Rv1816,bin856,DNA-Protein,1
Rv2011c,bin856,DNA-Protein,1
Rv2034,bin856,DNA-Protein,1
devR,bin856,DNA-Protein,1
Rv3488,bin856,DNA-Protein,1
lsr2,bin856,DNA-Protein,1
Rv3736,bin856,DNA-Protein,1
espR,bin856,DNA-Protein,1
whiB5,bin857,DNA-Protein,1
Rv0047c,bin857,DNA-Protein,1
Rv0081,bin857,DNA-Protein,1
Rv0135c,bin857,DNA-Protein,1
Rv0324,bin857,DNA-Protein,1
Rv0691c,bin857,DNA-Protein,1
Rv0767c,bin857,DNA-Protein,1
csoR,bin857,DNA-Protein,1
Rv1353c,bin857,DNA-Protein,1
Rv1473A,bin857,DNA-Protein,1
Rv1816,bin857,DNA-Protein,1
Rv1985c,bin857,DNA-Protein,1
Rv2034,bin857,DNA-Protein,1
Rv2989,bin857,DNA-Protein,1
kstR,bin857,DNA-Protein,1
lsr2,bin857,DNA-Protein,1
Rv0047c,bin858,DNA-Protein,1
Rv0135c,bin858,DNA-Protein,1
Rv0273c,bin858,DNA-Protein,1
Rv0324,bin858,DNA-Protein,1
tcrA,bin858,DNA-Protein,1
Rv0653c,bin858,DNA-Protein,1
Rv0678,bin858,DNA-Protein,1
Rv0691c,bin858,DNA-Protein,1
sigL,bin858,DNA-Protein,1
phoP,bin858,DNA-Protein,1
trcR,bin858,DNA-Protein,1
sigI,bin858,DNA-Protein,1
Rv1255c,bin858,DNA-Protein,1
Rv1287,bin858,DNA-Protein,1
Rv1353c,bin858,DNA-Protein,1
Rv1404,bin858,DNA-Protein,1
Rv1556,bin858,DNA-Protein,1
Rv1719,bin858,DNA-Protein,1
Rv1816,bin858,DNA-Protein,1
Rv1985c,bin858,DNA-Protein,1
Rv1990c,bin858,DNA-Protein,1
Rv2034,bin858,DNA-Protein,1
sigC,bin858,DNA-Protein,1
Rv2250c,bin858,DNA-Protein,1
Rv2324,bin858,DNA-Protein,1
Rv2887,bin858,DNA-Protein,1
Rv3160c,bin858,DNA-Protein,1
sigH,bin858,DNA-Protein,1
mtrA,bin858,DNA-Protein,1
Rv3488,bin858,DNA-Protein,1
Rv3557c,bin858,DNA-Protein,1
kstR,bin858,DNA-Protein,1
lsr2,bin858,DNA-Protein,1
whiB4,bin858,DNA-Protein,1
tcrX,bin858,DNA-Protein,1
ethR,bin858,DNA-Protein,1
Rv0023,bin859,DNA-Protein,1
Rv0047c,bin859,DNA-Protein,1
Rv0081,bin859,DNA-Protein,1
Rv0135c,bin859,DNA-Protein,1
Rv0465c,bin859,DNA-Protein,1
Rv0653c,bin859,DNA-Protein,1
Rv0678,bin859,DNA-Protein,1
Rv0691c,bin859,DNA-Protein,1
trcR,bin859,DNA-Protein,1
Rv1353c,bin859,DNA-Protein,1
whiA,bin859,DNA-Protein,1
Rv1719,bin859,DNA-Protein,1
Rv1816,bin859,DNA-Protein,1
Rv1985c,bin859,DNA-Protein,1
Rv1990c,bin859,DNA-Protein,1
Rv2034,bin859,DNA-Protein,1
sigC,bin859,DNA-Protein,1
Rv2324,bin859,DNA-Protein,1
devR,bin859,DNA-Protein,1
mtrA,bin859,DNA-Protein,1
Rv3249c,bin859,DNA-Protein,1
Rv3488,bin859,DNA-Protein,1
kstR,bin859,DNA-Protein,1
lsr2,bin859,DNA-Protein,1
Rv3736,bin859,DNA-Protein,1
Rv3830c,bin859,DNA-Protein,1
espR,bin859,DNA-Protein,1
whiB5,bin860,DNA-Protein,1
Rv0135c,bin860,DNA-Protein,1
Rv0324,bin860,DNA-Protein,1
Rv0678,bin860,DNA-Protein,1
phoP,bin860,DNA-Protein,1
csoR,bin860,DNA-Protein,1
trcR,bin860,DNA-Protein,1
Rv1049,bin860,DNA-Protein,1
Rv1353c,bin860,DNA-Protein,1
whiA,bin860,DNA-Protein,1
Rv1816,bin860,DNA-Protein,1
Rv1990c,bin860,DNA-Protein,1
Rv2011c,bin860,DNA-Protein,1
Rv2324,bin860,DNA-Protein,1
Rv2912c,bin860,DNA-Protein,1
Rv3488,bin860,DNA-Protein,1
whiB4,bin860,DNA-Protein,1
espR,bin860,DNA-Protein,1
Rv0023,bin861,DNA-Protein,1
Rv0047c,bin861,DNA-Protein,1
Rv0081,bin861,DNA-Protein,1
Rv0135c,bin861,DNA-Protein,1
Rv0324,bin861,DNA-Protein,1
Rv0465c,bin861,DNA-Protein,1
tcrA,bin861,DNA-Protein,1
Rv0691c,bin861,DNA-Protein,1
phoP,bin861,DNA-Protein,1
trcR,bin861,DNA-Protein,1
Rv1049,bin861,DNA-Protein,1
sigI,bin861,DNA-Protein,1
Rv1287,bin861,DNA-Protein,1
Rv1353c,bin861,DNA-Protein,1
Rv1460,bin861,DNA-Protein,1
Rv1816,bin861,DNA-Protein,1
Rv1985c,bin861,DNA-Protein,1
Rv2011c,bin861,DNA-Protein,1
Rv2034,bin861,DNA-Protein,1
Rv2250c,bin861,DNA-Protein,1
Rv2324,bin861,DNA-Protein,1
devR,bin861,DNA-Protein,1
Rv3249c,bin861,DNA-Protein,1
sigF,bin861,DNA-Protein,1
lrpA,bin861,DNA-Protein,1
kstR,bin861,DNA-Protein,1
lsr2,bin861,DNA-Protein,1
whiB4,bin861,DNA-Protein,1
espR,bin861,DNA-Protein,1
ethR,bin861,DNA-Protein,1
Rv0023,bin862,DNA-Protein,1
Rv0047c,bin862,DNA-Protein,1
Rv0081,bin862,DNA-Protein,1
Rv0324,bin862,DNA-Protein,1
Rv0678,bin862,DNA-Protein,1
csoR,bin862,DNA-Protein,1
Rv1990c,bin862,DNA-Protein,1
cmtR,bin862,DNA-Protein,1
Rv3249c,bin862,DNA-Protein,1
Rv3488,bin862,DNA-Protein,1
kstR,bin862,DNA-Protein,1
Rv3830c,bin862,DNA-Protein,1
Rv3833,bin862,DNA-Protein,1
Rv0135c,bin863,DNA-Protein,1
Rv0494,bin863,DNA-Protein,1
csoR,bin863,DNA-Protein,1
trcR,bin863,DNA-Protein,1
Rv1353c,bin863,DNA-Protein,1
Rv2034,bin863,DNA-Protein,1
Rv2324,bin863,DNA-Protein,1
kstR,bin863,DNA-Protein,1
Rv0081,bin864,DNA-Protein,1
Rv0135c,bin864,DNA-Protein,1
Rv0302,bin864,DNA-Protein,1
Rv0324,bin864,DNA-Protein,1
Rv0465c,bin864,DNA-Protein,1
Rv0678,bin864,DNA-Protein,1
Rv0691c,bin864,DNA-Protein,1
phoP,bin864,DNA-Protein,1
trcR,bin864,DNA-Protein,1
Rv1049,bin864,DNA-Protein,1
Rv1219c,bin864,DNA-Protein,1
Rv1816,bin864,DNA-Protein,1
Rv1985c,bin864,DNA-Protein,1
Rv1990c,bin864,DNA-Protein,1
vapB15,bin864,DNA-Protein,1
Rv2011c,bin864,DNA-Protein,1
Rv2250c,bin864,DNA-Protein,1
Rv2642,bin864,DNA-Protein,1
Rv2989,bin864,DNA-Protein,1
devR,bin864,DNA-Protein,1
Rv3488,bin864,DNA-Protein,1
kstR,bin864,DNA-Protein,1
lsr2,bin864,DNA-Protein,1
tcrX,bin864,DNA-Protein,1
Rv0047c,bin865,DNA-Protein,1
Rv0081,bin865,DNA-Protein,1
Rv0324,bin865,DNA-Protein,1
tcrA,bin865,DNA-Protein,1
Rv0678,bin865,DNA-Protein,1
phoP,bin865,DNA-Protein,1
csoR,bin865,DNA-Protein,1
trcR,bin865,DNA-Protein,1
Rv1049,bin865,DNA-Protein,1
Rv1353c,bin865,DNA-Protein,1
Rv1473A,bin865,DNA-Protein,1
Rv1674c,bin865,DNA-Protein,1
Rv1816,bin865,DNA-Protein,1
Rv1990c,bin865,DNA-Protein,1
vapB15,bin865,DNA-Protein,1
Rv2011c,bin865,DNA-Protein,1
Rv2250c,bin865,DNA-Protein,1
Rv2324,bin865,DNA-Protein,1
sirR,bin865,DNA-Protein,1
kstR,bin865,DNA-Protein,1
lsr2,bin865,DNA-Protein,1
whiB4,bin865,DNA-Protein,1
whiB5,bin866,DNA-Protein,1
Rv0081,bin866,DNA-Protein,1
Rv0135c,bin866,DNA-Protein,1
Rv0324,bin866,DNA-Protein,1
Rv0678,bin866,DNA-Protein,1
Rv0691c,bin866,DNA-Protein,1
Rv1049,bin866,DNA-Protein,1
Rv1353c,bin866,DNA-Protein,1
Rv1816,bin866,DNA-Protein,1
higA,bin866,DNA-Protein,1
Rv1990c,bin866,DNA-Protein,1
Rv2250c,bin866,DNA-Protein,1
Rv2324,bin866,DNA-Protein,1
devR,bin866,DNA-Protein,1
mtrA,bin866,DNA-Protein,1
Rv3249c,bin866,DNA-Protein,1
Rv3488,bin866,DNA-Protein,1
Rv3736,bin866,DNA-Protein,1
Rv3830c,bin866,DNA-Protein,1
espR,bin866,DNA-Protein,1
ethR,bin866,DNA-Protein,1
whiB5,bin867,DNA-Protein,1
Rv0047c,bin867,DNA-Protein,1
Rv0135c,bin867,DNA-Protein,1
Rv0302,bin867,DNA-Protein,1
Rv0767c,bin867,DNA-Protein,1
trcR,bin867,DNA-Protein,1
Rv1719,bin867,DNA-Protein,1
Rv1816,bin867,DNA-Protein,1
Rv2034,bin867,DNA-Protein,1
Rv3249c,bin867,DNA-Protein,1
whiB3,bin867,DNA-Protein,1
kstR,bin867,DNA-Protein,1
lsr2,bin867,DNA-Protein,1
tcrX,bin867,DNA-Protein,1
Rv0023,bin868,DNA-Protein,1
Rv0047c,bin868,DNA-Protein,1
Rv0081,bin868,DNA-Protein,1
Rv0135c,bin868,DNA-Protein,1
Rv0195,bin868,DNA-Protein,1
Rv0678,bin868,DNA-Protein,1
phoP,bin868,DNA-Protein,1
Rv0767c,bin868,DNA-Protein,1
trcR,bin868,DNA-Protein,1
Rv1049,bin868,DNA-Protein,1
Rv1353c,bin868,DNA-Protein,1
Rv1404,bin868,DNA-Protein,1
whiA,bin868,DNA-Protein,1
Rv1816,bin868,DNA-Protein,1
cmtR,bin868,DNA-Protein,1
Rv2011c,bin868,DNA-Protein,1
Rv2324,bin868,DNA-Protein,1
devR,bin868,DNA-Protein,1
Rv3249c,bin868,DNA-Protein,1
whiB4,bin868,DNA-Protein,1
Rv3736,bin868,DNA-Protein,1
tcrX,bin868,DNA-Protein,1
Rv0023,bin869,DNA-Protein,1
Rv0081,bin869,DNA-Protein,1
Rv0135c,bin869,DNA-Protein,1
Rv0302,bin869,DNA-Protein,1
Rv0324,bin869,DNA-Protein,1
Rv0678,bin869,DNA-Protein,1
phoP,bin869,DNA-Protein,1
Rv1049,bin869,DNA-Protein,1
Rv1167c,bin869,DNA-Protein,1
Rv1353c,bin869,DNA-Protein,1
whiA,bin869,DNA-Protein,1
Rv1556,bin869,DNA-Protein,1
Rv1816,bin869,DNA-Protein,1
Rv2011c,bin869,DNA-Protein,1
Rv2324,bin869,DNA-Protein,1
Rv3249c,bin869,DNA-Protein,1
lsr2,bin869,DNA-Protein,1
Rv3736,bin869,DNA-Protein,1
tcrX,bin869,DNA-Protein,1
Rv3830c,bin869,DNA-Protein,1
espR,bin869,DNA-Protein,1
whiB5,bin870,DNA-Protein,1
Rv0047c,bin870,DNA-Protein,1
Rv0081,bin870,DNA-Protein,1
Rv0302,bin870,DNA-Protein,1
Rv0324,bin870,DNA-Protein,1
tcrA,bin870,DNA-Protein,1
Rv0678,bin870,DNA-Protein,1
Rv0691c,bin870,DNA-Protein,1
phoP,bin870,DNA-Protein,1
Rv0767c,bin870,DNA-Protein,1
trcR,bin870,DNA-Protein,1
Rv1049,bin870,DNA-Protein,1
Rv1473A,bin870,DNA-Protein,1
Rv1816,bin870,DNA-Protein,1
Rv2011c,bin870,DNA-Protein,1
Rv2250c,bin870,DNA-Protein,1
Rv2989,bin870,DNA-Protein,1
Rv3249c,bin870,DNA-Protein,1
Rv3488,bin870,DNA-Protein,1
whiB4,bin870,DNA-Protein,1
Rv0023,bin871,DNA-Protein,1
Rv0047c,bin871,DNA-Protein,1
Rv0081,bin871,DNA-Protein,1
Rv0135c,bin871,DNA-Protein,1
Rv0302,bin871,DNA-Protein,1
Rv0339c,bin871,DNA-Protein,1
Rv0474,bin871,DNA-Protein,1
tcrA,bin871,DNA-Protein,1
Rv0678,bin871,DNA-Protein,1
Rv0691c,bin871,DNA-Protein,1
Rv0767c,bin871,DNA-Protein,1
trcR,bin871,DNA-Protein,1
Rv1049,bin871,DNA-Protein,1
Rv1255c,bin871,DNA-Protein,1
Rv1353c,bin871,DNA-Protein,1
Rv1985c,bin871,DNA-Protein,1
Rv2011c,bin871,DNA-Protein,1
sigC,bin871,DNA-Protein,1
Rv2250c,bin871,DNA-Protein,1
Rv2324,bin871,DNA-Protein,1
Rv2989,bin871,DNA-Protein,1
Rv3066,bin871,DNA-Protein,1
Rv3160c,bin871,DNA-Protein,1
Rv3488,bin871,DNA-Protein,1
kstR,bin871,DNA-Protein,1
lsr2,bin871,DNA-Protein,1
Rv3736,bin871,DNA-Protein,1
tcrX,bin871,DNA-Protein,1
ethR,bin871,DNA-Protein,1
whiB6,bin871,DNA-Protein,1
whiB5,bin872,DNA-Protein,1
Rv0047c,bin872,DNA-Protein,1
Rv0081,bin872,DNA-Protein,1
Rv0465c,bin872,DNA-Protein,1
Rv0474,bin872,DNA-Protein,1
Rv0678,bin872,DNA-Protein,1
Rv0691c,bin872,DNA-Protein,1
Rv0880,bin872,DNA-Protein,1
csoR,bin872,DNA-Protein,1
trcR,bin872,DNA-Protein,1
Rv1049,bin872,DNA-Protein,1
sigI,bin872,DNA-Protein,1
whiA,bin872,DNA-Protein,1
Rv1674c,bin872,DNA-Protein,1
Rv1816,bin872,DNA-Protein,1
Rv1985c,bin872,DNA-Protein,1
vapB15,bin872,DNA-Protein,1
Rv2011c,bin872,DNA-Protein,1
sigC,bin872,DNA-Protein,1
Rv2250c,bin872,DNA-Protein,1
Rv2887,bin872,DNA-Protein,1
Rv2989,bin872,DNA-Protein,1
Rv3050c,bin872,DNA-Protein,1
Rv3160c,bin872,DNA-Protein,1
Rv3488,bin872,DNA-Protein,1
kstR,bin872,DNA-Protein,1
lsr2,bin872,DNA-Protein,1
tcrX,bin872,DNA-Protein,1
Rv3830c,bin872,DNA-Protein,1
ethR,bin872,DNA-Protein,1
Rv0047c,bin873,DNA-Protein,1
Rv0081,bin873,DNA-Protein,1
Rv0135c,bin873,DNA-Protein,1
Rv0324,bin873,DNA-Protein,1
Rv0678,bin873,DNA-Protein,1
Rv0691c,bin873,DNA-Protein,1
phoP,bin873,DNA-Protein,1
Rv0767c,bin873,DNA-Protein,1
csoR,bin873,DNA-Protein,1
Rv1353c,bin873,DNA-Protein,1
Rv1404,bin873,DNA-Protein,1
Rv1473A,bin873,DNA-Protein,1
Rv1719,bin873,DNA-Protein,1
Rv1816,bin873,DNA-Protein,1
Rv1985c,bin873,DNA-Protein,1
Rv2034,bin873,DNA-Protein,1
Rv2250c,bin873,DNA-Protein,1
Rv2324,bin873,DNA-Protein,1
Rv3249c,bin873,DNA-Protein,1
Rv3488,bin873,DNA-Protein,1
kstR,bin873,DNA-Protein,1
lsr2,bin873,DNA-Protein,1
Rv3736,bin873,DNA-Protein,1
Rv3830c,bin873,DNA-Protein,1
whiB6,bin873,DNA-Protein,1
Rv0135c,bin874,DNA-Protein,1
Rv0302,bin874,DNA-Protein,1
Rv0339c,bin874,DNA-Protein,1
csoR,bin874,DNA-Protein,1
trcR,bin874,DNA-Protein,1
Rv1353c,bin874,DNA-Protein,1
Rv1719,bin874,DNA-Protein,1
Rv2011c,bin874,DNA-Protein,1
kstR,bin874,DNA-Protein,1
Rv0023,bin875,DNA-Protein,1
Rv0047c,bin875,DNA-Protein,1
Rv0081,bin875,DNA-Protein,1
Rv0135c,bin875,DNA-Protein,1
Rv0324,bin875,DNA-Protein,1
tcrA,bin875,DNA-Protein,1
Rv0891c,bin875,DNA-Protein,1
csoR,bin875,DNA-Protein,1
trcR,bin875,DNA-Protein,1
whiA,bin875,DNA-Protein,1
Rv1816,bin875,DNA-Protein,1
blaI,bin875,DNA-Protein,1
Rv1985c,bin875,DNA-Protein,1
Rv2011c,bin875,DNA-Protein,1
Rv2034,bin875,DNA-Protein,1
sigC,bin875,DNA-Protein,1
Rv2324,bin875,DNA-Protein,1
Rv3050c,bin875,DNA-Protein,1
lsr2,bin875,DNA-Protein,1
Rv3736,bin875,DNA-Protein,1
espR,bin875,DNA-Protein,1
whiB5,bin876,DNA-Protein,1
Rv0023,bin876,DNA-Protein,1
Rv0081,bin876,DNA-Protein,1
Rv0324,bin876,DNA-Protein,1
Rv0678,bin876,DNA-Protein,1
csoR,bin876,DNA-Protein,1
mprA,bin876,DNA-Protein,1
trcR,bin876,DNA-Protein,1
whiA,bin876,DNA-Protein,1
Rv2034,bin876,DNA-Protein,1
Rv2250c,bin876,DNA-Protein,1
Rv3488,bin876,DNA-Protein,1
kstR,bin876,DNA-Protein,1
Rv0081,bin877,DNA-Protein,1
Rv0135c,bin877,DNA-Protein,1
Rv0302,bin877,DNA-Protein,1
Rv0691c,bin877,DNA-Protein,1
csoR,bin877,DNA-Protein,1
Rv1473A,bin877,DNA-Protein,1
Rv3736,bin877,DNA-Protein,1
Rv0023,bin878,DNA-Protein,1
Rv0047c,bin878,DNA-Protein,1
Rv0081,bin878,DNA-Protein,1
Rv0232,bin878,DNA-Protein,1
Rv0273c,bin878,DNA-Protein,1
Rv0302,bin878,DNA-Protein,1
Rv0324,bin878,DNA-Protein,1
sigK,bin878,DNA-Protein,1
Rv0494,bin878,DNA-Protein,1
Rv0576,bin878,DNA-Protein,1
tcrA,bin878,DNA-Protein,1
phoP,bin878,DNA-Protein,1
csoR,bin878,DNA-Protein,1
trcR,bin878,DNA-Protein,1
Rv1049,bin878,DNA-Protein,1
Rv1151c,bin878,DNA-Protein,1
Rv1255c,bin878,DNA-Protein,1
Rv1353c,bin878,DNA-Protein,1
whiA,bin878,DNA-Protein,1
Rv1460,bin878,DNA-Protein,1
Rv1626,bin878,DNA-Protein,1
Rv1719,bin878,DNA-Protein,1
Rv1828,bin878,DNA-Protein,1
Rv1985c,bin878,DNA-Protein,1
Rv1990c,bin878,DNA-Protein,1
Rv2034,bin878,DNA-Protein,1
sigC,bin878,DNA-Protein,1
Rv2250c,bin878,DNA-Protein,1
Rv2324,bin878,DNA-Protein,1
Rv2506,bin878,DNA-Protein,1
Rv2989,bin878,DNA-Protein,1
devR,bin878,DNA-Protein,1
Rv3160c,bin878,DNA-Protein,1
Rv3249c,bin878,DNA-Protein,1
sigF,bin878,DNA-Protein,1
sigD,bin878,DNA-Protein,1
Rv3488,bin878,DNA-Protein,1
lsr2,bin878,DNA-Protein,1
whiB4,bin878,DNA-Protein,1
tcrX,bin878,DNA-Protein,1
espR,bin878,DNA-Protein,1
ethR,bin878,DNA-Protein,1
Rv0047c,bin879,DNA-Protein,1
Rv0081,bin879,DNA-Protein,1
Rv0135c,bin879,DNA-Protein,1
Rv0691c,bin879,DNA-Protein,1
csoR,bin879,DNA-Protein,1
mprA,bin879,DNA-Protein,1
Rv1353c,bin879,DNA-Protein,1
Rv1816,bin879,DNA-Protein,1
whiB1,bin879,DNA-Protein,1
sigM,bin879,DNA-Protein,1
Rv0494,bin880,DNA-Protein,1
Rv0691c,bin880,DNA-Protein,1
Rv0767c,bin880,DNA-Protein,1
csoR,bin880,DNA-Protein,1
Rv1816,bin880,DNA-Protein,1
Rv2011c,bin880,DNA-Protein,1
Rv2324,bin880,DNA-Protein,1
Rv3066,bin880,DNA-Protein,1
Rv0047c,bin881,DNA-Protein,1
Rv0081,bin881,DNA-Protein,1
Rv0135c,bin881,DNA-Protein,1
Rv0302,bin881,DNA-Protein,1
Rv0678,bin881,DNA-Protein,1
Rv0691c,bin881,DNA-Protein,1
csoR,bin881,DNA-Protein,1
Rv1353c,bin881,DNA-Protein,1
whiA,bin881,DNA-Protein,1
Rv1473A,bin881,DNA-Protein,1
Rv1556,bin881,DNA-Protein,1
Rv1719,bin881,DNA-Protein,1
Rv2034,bin881,DNA-Protein,1
Rv2324,bin881,DNA-Protein,1
sigH,bin881,DNA-Protein,1
whiB2,bin881,DNA-Protein,1
Rv3488,bin881,DNA-Protein,1
whiB5,bin882,DNA-Protein,1
Rv0023,bin882,DNA-Protein,1
Rv0047c,bin882,DNA-Protein,1
Rv0081,bin882,DNA-Protein,1
Rv0135c,bin882,DNA-Protein,1
Rv0273c,bin882,DNA-Protein,1
Rv0302,bin882,DNA-Protein,1
Rv0324,bin882,DNA-Protein,1
Rv0494,bin882,DNA-Protein,1
Rv0691c,bin882,DNA-Protein,1
csoR,bin882,DNA-Protein,1
trcR,bin882,DNA-Protein,1
Rv1049,bin882,DNA-Protein,1
Rv1353c,bin882,DNA-Protein,1
Rv1404,bin882,DNA-Protein,1
whiA,bin882,DNA-Protein,1
cmr,bin882,DNA-Protein,1
Rv1719,bin882,DNA-Protein,1
Rv1816,bin882,DNA-Protein,1
Rv1985c,bin882,DNA-Protein,1
vapB15,bin882,DNA-Protein,1
Rv2011c,bin882,DNA-Protein,1
Rv2034,bin882,DNA-Protein,1
Rv2250c,bin882,DNA-Protein,1
hrcA,bin882,DNA-Protein,1
Rv2779c,bin882,DNA-Protein,1
Rv2989,bin882,DNA-Protein,1
moaR1,bin882,DNA-Protein,1
devR,bin882,DNA-Protein,1
Rv3249c,bin882,DNA-Protein,1
Rv3488,bin882,DNA-Protein,1
kstR,bin882,DNA-Protein,1
lsr2,bin882,DNA-Protein,1
espR,bin882,DNA-Protein,1
Rv0047c,bin883,DNA-Protein,1
Rv0081,bin883,DNA-Protein,1
Rv0135c,bin883,DNA-Protein,1
Rv0275c,bin883,DNA-Protein,1
tcrA,bin883,DNA-Protein,1
Rv0653c,bin883,DNA-Protein,1
Rv0678,bin883,DNA-Protein,1
Rv0691c,bin883,DNA-Protein,1
trcR,bin883,DNA-Protein,1
Rv1049,bin883,DNA-Protein,1
Rv1167c,bin883,DNA-Protein,1
Rv1255c,bin883,DNA-Protein,1
Rv1353c,bin883,DNA-Protein,1
whiA,bin883,DNA-Protein,1
Rv1626,bin883,DNA-Protein,1
Rv1773c,bin883,DNA-Protein,1
blaI,bin883,DNA-Protein,1
furA,bin883,DNA-Protein,1
Rv1985c,bin883,DNA-Protein,1
Rv2034,bin883,DNA-Protein,1
Rv2250c,bin883,DNA-Protein,1
Rv2324,bin883,DNA-Protein,1
Rv3050c,bin883,DNA-Protein,1
Rv3066,bin883,DNA-Protein,1
devR,bin883,DNA-Protein,1
Rv3405c,bin883,DNA-Protein,1
tcrX,bin883,DNA-Protein,1
espR,bin883,DNA-Protein,1
dnaA,bin60,DNA-Protein,1
dnaA,bin84,DNA-Protein,1
dnaA,bin113,DNA-Protein,1
dnaA,bin161,DNA-Protein,1
dnaA,bin173,DNA-Protein,1
dnaA,bin215,DNA-Protein,1
dnaA,bin235,DNA-Protein,1
dnaA,bin273,DNA-Protein,1
dnaA,bin291,DNA-Protein,1
dnaA,bin310,DNA-Protein,1
dnaA,bin382,DNA-Protein,1
dnaA,bin410,DNA-Protein,1
dnaA,bin420,DNA-Protein,1
dnaA,bin447,DNA-Protein,1
dnaA,bin448,DNA-Protein,1
dnaA,bin452,DNA-Protein,1
dnaA,bin457,DNA-Protein,1
dnaA,bin618,DNA-Protein,1
dnaA,bin670,DNA-Protein,1
dnaA,bin688,DNA-Protein,1
dnaA,bin707,DNA-Protein,1
dnaA,bin710,DNA-Protein,1
dnaA,bin729,DNA-Protein,1
dnaA,bin731,DNA-Protein,1
dnaA,bin735,DNA-Protein,1
dnaA,bin763,DNA-Protein,1
dnaA,bin785,DNA-Protein,1
dnaA,bin806,DNA-Protein,1
dnaA,bin809,DNA-Protein,1
dnaA,bin820,DNA-Protein,1
dnaA,bin825,DNA-Protein,1
dnaA,bin862,DNA-Protein,1
whiB5,bin113,DNA-Protein,1
whiB5,bin137,DNA-Protein,1
whiB5,bin161,DNA-Protein,1
whiB5,bin178,DNA-Protein,1
whiB5,bin310,DNA-Protein,1
whiB5,bin379,DNA-Protein,1
whiB5,bin382,DNA-Protein,1
whiB5,bin447,DNA-Protein,1
whiB5,bin452,DNA-Protein,1
whiB5,bin590,DNA-Protein,1
whiB5,bin618,DNA-Protein,1
whiB5,bin710,DNA-Protein,1
whiB5,bin727,DNA-Protein,1
whiB5,bin785,DNA-Protein,1
whiB5,bin806,DNA-Protein,1
whiB5,bin809,DNA-Protein,1
whiB5,bin820,DNA-Protein,1
whiB5,bin825,DNA-Protein,1
whiB5,bin862,DNA-Protein,1
Rv0042c,bin883,DNA-Protein,1
Rv0042c,bin6,DNA-Protein,1
Rv0042c,bin56,DNA-Protein,1
Rv0042c,bin60,DNA-Protein,1
Rv0042c,bin68,DNA-Protein,1
Rv0042c,bin80,DNA-Protein,1
Rv0042c,bin84,DNA-Protein,1
Rv0042c,bin155,DNA-Protein,1
Rv0042c,bin178,DNA-Protein,1
Rv0042c,bin198,DNA-Protein,1
Rv0042c,bin225,DNA-Protein,1
Rv0042c,bin263,DNA-Protein,1
Rv0042c,bin268,DNA-Protein,1
Rv0042c,bin277,DNA-Protein,1
Rv0042c,bin291,DNA-Protein,1
Rv0042c,bin310,DNA-Protein,1
Rv0042c,bin317,DNA-Protein,1
Rv0042c,bin342,DNA-Protein,1
Rv0042c,bin379,DNA-Protein,1
Rv0042c,bin382,DNA-Protein,1
Rv0042c,bin386,DNA-Protein,1
Rv0042c,bin387,DNA-Protein,1
Rv0042c,bin402,DNA-Protein,1
Rv0042c,bin408,DNA-Protein,1
Rv0042c,bin420,DNA-Protein,1
Rv0042c,bin438,DNA-Protein,1
Rv0042c,bin442,DNA-Protein,1
Rv0042c,bin447,DNA-Protein,1
Rv0042c,bin452,DNA-Protein,1
Rv0042c,bin485,DNA-Protein,1
Rv0042c,bin487,DNA-Protein,1
Rv0042c,bin567,DNA-Protein,1
Rv0042c,bin571,DNA-Protein,1
Rv0042c,bin688,DNA-Protein,1
Rv0042c,bin690,DNA-Protein,1
Rv0042c,bin709,DNA-Protein,1
Rv0042c,bin710,DNA-Protein,1
Rv0042c,bin711,DNA-Protein,1
Rv0042c,bin729,DNA-Protein,1
Rv0042c,bin735,DNA-Protein,1
Rv0042c,bin785,DNA-Protein,1
Rv0042c,bin804,DNA-Protein,1
Rv0042c,bin806,DNA-Protein,1
Rv0042c,bin812,DNA-Protein,1
Rv0042c,bin820,DNA-Protein,1
Rv0042c,bin825,DNA-Protein,1
Rv0042c,bin835,DNA-Protein,1
Rv0042c,bin840,DNA-Protein,1
Rv0042c,bin845,DNA-Protein,1
Rv0043c,bin128,DNA-Protein,1
Rv0043c,bin386,DNA-Protein,1
Rv0043c,bin452,DNA-Protein,1
Rv0043c,bin567,DNA-Protein,1
Rv0043c,bin670,DNA-Protein,1
Rv0043c,bin707,DNA-Protein,1
Rv0043c,bin710,DNA-Protein,1
Rv0043c,bin729,DNA-Protein,1
Rv0043c,bin735,DNA-Protein,1
Rv0043c,bin825,DNA-Protein,1
Rv0067c,bin18,DNA-Protein,1
Rv0067c,bin161,DNA-Protein,1
Rv0067c,bin236,DNA-Protein,1
Rv0067c,bin273,DNA-Protein,1
Rv0067c,bin277,DNA-Protein,1
Rv0067c,bin383,DNA-Protein,1
Rv0067c,bin386,DNA-Protein,1
Rv0067c,bin590,DNA-Protein,1
Rv0067c,bin594,DNA-Protein,1
Rv0067c,bin604,DNA-Protein,1
Rv0067c,bin618,DNA-Protein,1
Rv0067c,bin774,DNA-Protein,1
Rv0067c,bin804,DNA-Protein,1
Rv0067c,bin825,DNA-Protein,1
Rv0078,bin883,DNA-Protein,1
Rv0078,bin30,DNA-Protein,1
Rv0078,bin56,DNA-Protein,1
Rv0078,bin58,DNA-Protein,1
Rv0078,bin273,DNA-Protein,1
Rv0078,bin283,DNA-Protein,1
Rv0078,bin523,DNA-Protein,1
Rv0078,bin583,DNA-Protein,1
Rv0078,bin594,DNA-Protein,1
Rv0078,bin618,DNA-Protein,1
Rv0078,bin710,DNA-Protein,1
Rv0078,bin728,DNA-Protein,1
Rv0078,bin729,DNA-Protein,1
Rv0078,bin770,DNA-Protein,1
Rv0078,bin825,DNA-Protein,1
Rv0078,bin858,DNA-Protein,1
Rv0078,bin863,DNA-Protein,1
Rv0081,bin27,DNA-Protein,1
Rv0081,bin30,DNA-Protein,1
Rv0081,bin173,DNA-Protein,1
Rv0081,bin219,DNA-Protein,1
Rv0081,bin291,DNA-Protein,1
Rv0081,bin386,DNA-Protein,1
Rv0081,bin420,DNA-Protein,1
Rv0081,bin432,DNA-Protein,1
Rv0081,bin709,DNA-Protein,1
Rv0081,bin741,DNA-Protein,1
Rv0081,bin863,DNA-Protein,1
oxyS,bin18,DNA-Protein,1
oxyS,bin56,DNA-Protein,1
oxyS,bin178,DNA-Protein,1
oxyS,bin184,DNA-Protein,1
oxyS,bin273,DNA-Protein,1
oxyS,bin291,DNA-Protein,1
oxyS,bin310,DNA-Protein,1
oxyS,bin382,DNA-Protein,1
oxyS,bin432,DNA-Protein,1
oxyS,bin447,DNA-Protein,1
oxyS,bin448,DNA-Protein,1
oxyS,bin452,DNA-Protein,1
oxyS,bin457,DNA-Protein,1
oxyS,bin567,DNA-Protein,1
oxyS,bin594,DNA-Protein,1
oxyS,bin618,DNA-Protein,1
oxyS,bin670,DNA-Protein,1
oxyS,bin688,DNA-Protein,1
oxyS,bin710,DNA-Protein,1
oxyS,bin722,DNA-Protein,1
oxyS,bin729,DNA-Protein,1
oxyS,bin785,DNA-Protein,1
oxyS,bin806,DNA-Protein,1
oxyS,bin809,DNA-Protein,1
oxyS,bin820,DNA-Protein,1
oxyS,bin825,DNA-Protein,1
oxyS,bin845,DNA-Protein,1
oxyS,bin862,DNA-Protein,1
Rv0135c,bin60,DNA-Protein,1
Rv0135c,bin84,DNA-Protein,1
Rv0135c,bin96,DNA-Protein,1
Rv0135c,bin173,DNA-Protein,1
Rv0135c,bin188,DNA-Protein,1
Rv0135c,bin382,DNA-Protein,1
Rv0135c,bin442,DNA-Protein,1
Rv0135c,bin452,DNA-Protein,1
Rv0135c,bin709,DNA-Protein,1
Rv0135c,bin729,DNA-Protein,1
Rv0135c,bin735,DNA-Protein,1
Rv0135c,bin862,DNA-Protein,1
Rv0144,bin21,DNA-Protein,1
Rv0144,bin67,DNA-Protein,1
Rv0144,bin84,DNA-Protein,1
Rv0144,bin96,DNA-Protein,1
Rv0144,bin113,DNA-Protein,1
Rv0144,bin173,DNA-Protein,1
Rv0144,bin273,DNA-Protein,1
Rv0144,bin290,DNA-Protein,1
Rv0144,bin291,DNA-Protein,1
Rv0144,bin386,DNA-Protein,1
Rv0144,bin389,DNA-Protein,1
Rv0144,bin402,DNA-Protein,1
Rv0144,bin431,DNA-Protein,1
Rv0144,bin457,DNA-Protein,1
Rv0144,bin468,DNA-Protein,1
Rv0144,bin565,DNA-Protein,1
Rv0144,bin594,DNA-Protein,1
Rv0144,bin618,DNA-Protein,1
Rv0144,bin649,DNA-Protein,1
Rv0144,bin672,DNA-Protein,1
Rv0144,bin678,DNA-Protein,1
Rv0144,bin710,DNA-Protein,1
Rv0144,bin714,DNA-Protein,1
Rv0144,bin729,DNA-Protein,1
Rv0144,bin735,DNA-Protein,1
Rv0144,bin763,DNA-Protein,1
Rv0144,bin785,DNA-Protein,1
Rv0144,bin809,DNA-Protein,1
Rv0144,bin812,DNA-Protein,1
Rv0144,bin820,DNA-Protein,1
Rv0144,bin825,DNA-Protein,1
Rv0144,bin845,DNA-Protein,1
Rv0144,bin862,DNA-Protein,1
Rv0144,bin872,DNA-Protein,1
Rv0158,bin883,DNA-Protein,1
Rv0158,bin6,DNA-Protein,1
Rv0158,bin31,DNA-Protein,1
Rv0158,bin60,DNA-Protein,1
Rv0158,bin69,DNA-Protein,1
Rv0158,bin84,DNA-Protein,1
Rv0158,bin141,DNA-Protein,1
Rv0158,bin155,DNA-Protein,1
Rv0158,bin157,DNA-Protein,1
Rv0158,bin173,DNA-Protein,1
Rv0158,bin178,DNA-Protein,1
Rv0158,bin184,DNA-Protein,1
Rv0158,bin204,DNA-Protein,1
Rv0158,bin263,DNA-Protein,1
Rv0158,bin273,DNA-Protein,1
Rv0158,bin291,DNA-Protein,1
Rv0158,bin347,DNA-Protein,1
Rv0158,bin362,DNA-Protein,1
Rv0158,bin382,DNA-Protein,1
Rv0158,bin383,DNA-Protein,1
Rv0158,bin447,DNA-Protein,1
Rv0158,bin452,DNA-Protein,1
Rv0158,bin510,DNA-Protein,1
Rv0158,bin523,DNA-Protein,1
Rv0158,bin581,DNA-Protein,1
Rv0158,bin590,DNA-Protein,1
Rv0158,bin593,DNA-Protein,1
Rv0158,bin594,DNA-Protein,1
Rv0158,bin617,DNA-Protein,1
Rv0158,bin618,DNA-Protein,1
Rv0158,bin670,DNA-Protein,1
Rv0158,bin683,DNA-Protein,1
Rv0158,bin709,DNA-Protein,1
Rv0158,bin710,DNA-Protein,1
Rv0158,bin729,DNA-Protein,1
Rv0158,bin731,DNA-Protein,1
Rv0158,bin735,DNA-Protein,1
Rv0158,bin769,DNA-Protein,1
Rv0158,bin800,DNA-Protein,1
Rv0158,bin806,DNA-Protein,1
Rv0158,bin818,DNA-Protein,1
Rv0158,bin820,DNA-Protein,1
Rv0158,bin825,DNA-Protein,1
Rv0158,bin834,DNA-Protein,1
Rv0158,bin862,DNA-Protein,1
Rv0158,bin869,DNA-Protein,1
Rv0165c,bin883,DNA-Protein,1
Rv0165c,bin6,DNA-Protein,1
Rv0165c,bin30,DNA-Protein,1
Rv0165c,bin40,DNA-Protein,1
Rv0165c,bin60,DNA-Protein,1
Rv0165c,bin68,DNA-Protein,1
Rv0165c,bin69,DNA-Protein,1
Rv0165c,bin155,DNA-Protein,1
Rv0165c,bin161,DNA-Protein,1
Rv0165c,bin178,DNA-Protein,1
Rv0165c,bin188,DNA-Protein,1
Rv0165c,bin235,DNA-Protein,1
Rv0165c,bin268,DNA-Protein,1
Rv0165c,bin273,DNA-Protein,1
Rv0165c,bin310,DNA-Protein,1
Rv0165c,bin315,DNA-Protein,1
Rv0165c,bin382,DNA-Protein,1
Rv0165c,bin386,DNA-Protein,1
Rv0165c,bin420,DNA-Protein,1
Rv0165c,bin432,DNA-Protein,1
Rv0165c,bin442,DNA-Protein,1
Rv0165c,bin447,DNA-Protein,1
Rv0165c,bin452,DNA-Protein,1
Rv0165c,bin457,DNA-Protein,1
Rv0165c,bin523,DNA-Protein,1
Rv0165c,bin565,DNA-Protein,1
Rv0165c,bin571,DNA-Protein,1
Rv0165c,bin581,DNA-Protein,1
Rv0165c,bin618,DNA-Protein,1
Rv0165c,bin628,DNA-Protein,1
Rv0165c,bin670,DNA-Protein,1
Rv0165c,bin683,DNA-Protein,1
Rv0165c,bin688,DNA-Protein,1
Rv0165c,bin690,DNA-Protein,1
Rv0165c,bin710,DNA-Protein,1
Rv0165c,bin714,DNA-Protein,1
Rv0165c,bin722,DNA-Protein,1
Rv0165c,bin729,DNA-Protein,1
Rv0165c,bin806,DNA-Protein,1
Rv0165c,bin809,DNA-Protein,1
Rv0165c,bin820,DNA-Protein,1
Rv0165c,bin825,DNA-Protein,1
Rv0165c,bin862,DNA-Protein,1
sigG,bin56,DNA-Protein,1
sigG,bin60,DNA-Protein,1
sigG,bin67,DNA-Protein,1
sigG,bin78,DNA-Protein,1
sigG,bin79,DNA-Protein,1
sigG,bin80,DNA-Protein,1
sigG,bin84,DNA-Protein,1
sigG,bin155,DNA-Protein,1
sigG,bin178,DNA-Protein,1
sigG,bin184,DNA-Protein,1
sigG,bin225,DNA-Protein,1
sigG,bin268,DNA-Protein,1
sigG,bin273,DNA-Protein,1
sigG,bin277,DNA-Protein,1
sigG,bin291,DNA-Protein,1
sigG,bin335,DNA-Protein,1
sigG,bin379,DNA-Protein,1
sigG,bin382,DNA-Protein,1
sigG,bin420,DNA-Protein,1
sigG,bin452,DNA-Protein,1
sigG,bin457,DNA-Protein,1
sigG,bin485,DNA-Protein,1
sigG,bin523,DNA-Protein,1
sigG,bin565,DNA-Protein,1
sigG,bin590,DNA-Protein,1
sigG,bin594,DNA-Protein,1
sigG,bin618,DNA-Protein,1
sigG,bin670,DNA-Protein,1
sigG,bin690,DNA-Protein,1
sigG,bin710,DNA-Protein,1
sigG,bin722,DNA-Protein,1
sigG,bin729,DNA-Protein,1
sigG,bin735,DNA-Protein,1
sigG,bin785,DNA-Protein,1
sigG,bin806,DNA-Protein,1
sigG,bin809,DNA-Protein,1
sigG,bin812,DNA-Protein,1
sigG,bin820,DNA-Protein,1
sigG,bin825,DNA-Protein,1
sigG,bin862,DNA-Protein,1
Rv0195,bin883,DNA-Protein,1
Rv0195,bin56,DNA-Protein,1
Rv0195,bin60,DNA-Protein,1
Rv0195,bin78,DNA-Protein,1
Rv0195,bin84,DNA-Protein,1
Rv0195,bin155,DNA-Protein,1
Rv0195,bin161,DNA-Protein,1
Rv0195,bin173,DNA-Protein,1
Rv0195,bin178,DNA-Protein,1
Rv0195,bin225,DNA-Protein,1
Rv0195,bin273,DNA-Protein,1
Rv0195,bin277,DNA-Protein,1
Rv0195,bin291,DNA-Protein,1
Rv0195,bin310,DNA-Protein,1
Rv0195,bin382,DNA-Protein,1
Rv0195,bin386,DNA-Protein,1
Rv0195,bin420,DNA-Protein,1
Rv0195,bin447,DNA-Protein,1
Rv0195,bin452,DNA-Protein,1
Rv0195,bin478,DNA-Protein,1
Rv0195,bin523,DNA-Protein,1
Rv0195,bin565,DNA-Protein,1
Rv0195,bin590,DNA-Protein,1
Rv0195,bin618,DNA-Protein,1
Rv0195,bin670,DNA-Protein,1
Rv0195,bin707,DNA-Protein,1
Rv0195,bin710,DNA-Protein,1
Rv0195,bin729,DNA-Protein,1
Rv0195,bin731,DNA-Protein,1
Rv0195,bin735,DNA-Protein,1
Rv0195,bin806,DNA-Protein,1
Rv0195,bin809,DNA-Protein,1
Rv0195,bin812,DNA-Protein,1
Rv0195,bin820,DNA-Protein,1
Rv0195,bin825,DNA-Protein,1
Rv0195,bin835,DNA-Protein,1
Rv0195,bin862,DNA-Protein,1
Rv0196,bin60,DNA-Protein,1
Rv0196,bin68,DNA-Protein,1
Rv0196,bin106,DNA-Protein,1
Rv0196,bin113,DNA-Protein,1
Rv0196,bin155,DNA-Protein,1
Rv0196,bin161,DNA-Protein,1
Rv0196,bin174,DNA-Protein,1
Rv0196,bin178,DNA-Protein,1
Rv0196,bin198,DNA-Protein,1
Rv0196,bin215,DNA-Protein,1
Rv0196,bin273,DNA-Protein,1
Rv0196,bin379,DNA-Protein,1
Rv0196,bin382,DNA-Protein,1
Rv0196,bin386,DNA-Protein,1
Rv0196,bin432,DNA-Protein,1
Rv0196,bin442,DNA-Protein,1
Rv0196,bin447,DNA-Protein,1
Rv0196,bin452,DNA-Protein,1
Rv0196,bin523,DNA-Protein,1
Rv0196,bin565,DNA-Protein,1
Rv0196,bin581,DNA-Protein,1
Rv0196,bin618,DNA-Protein,1
Rv0196,bin707,DNA-Protein,1
Rv0196,bin710,DNA-Protein,1
Rv0196,bin729,DNA-Protein,1
Rv0196,bin735,DNA-Protein,1
Rv0196,bin825,DNA-Protein,1
Rv0196,bin862,DNA-Protein,1
nadR,bin6,DNA-Protein,1
nadR,bin29,DNA-Protein,1
nadR,bin60,DNA-Protein,1
nadR,bin68,DNA-Protein,1
nadR,bin69,DNA-Protein,1
nadR,bin77,DNA-Protein,1
nadR,bin79,DNA-Protein,1
nadR,bin84,DNA-Protein,1
nadR,bin113,DNA-Protein,1
nadR,bin155,DNA-Protein,1
nadR,bin156,DNA-Protein,1
nadR,bin161,DNA-Protein,1
nadR,bin184,DNA-Protein,1
nadR,bin187,DNA-Protein,1
nadR,bin188,DNA-Protein,1
nadR,bin268,DNA-Protein,1
nadR,bin273,DNA-Protein,1
nadR,bin291,DNA-Protein,1
nadR,bin310,DNA-Protein,1
nadR,bin349,DNA-Protein,1
nadR,bin379,DNA-Protein,1
nadR,bin386,DNA-Protein,1
nadR,bin389,DNA-Protein,1
nadR,bin420,DNA-Protein,1
nadR,bin432,DNA-Protein,1
nadR,bin438,DNA-Protein,1
nadR,bin447,DNA-Protein,1
nadR,bin452,DNA-Protein,1
nadR,bin473,DNA-Protein,1
nadR,bin503,DNA-Protein,1
nadR,bin571,DNA-Protein,1
nadR,bin590,DNA-Protein,1
nadR,bin677,DNA-Protein,1
nadR,bin687,DNA-Protein,1
nadR,bin690,DNA-Protein,1
nadR,bin707,DNA-Protein,1
nadR,bin709,DNA-Protein,1
nadR,bin710,DNA-Protein,1
nadR,bin714,DNA-Protein,1
nadR,bin722,DNA-Protein,1
nadR,bin735,DNA-Protein,1
nadR,bin760,DNA-Protein,1
nadR,bin775,DNA-Protein,1
nadR,bin804,DNA-Protein,1
nadR,bin806,DNA-Protein,1
nadR,bin809,DNA-Protein,1
nadR,bin811,DNA-Protein,1
nadR,bin825,DNA-Protein,1
nadR,bin862,DNA-Protein,1
Rv0232,bin6,DNA-Protein,1
Rv0232,bin7,DNA-Protein,1
Rv0232,bin56,DNA-Protein,1
Rv0232,bin60,DNA-Protein,1
Rv0232,bin80,DNA-Protein,1
Rv0232,bin84,DNA-Protein,1
Rv0232,bin107,DNA-Protein,1
Rv0232,bin175,DNA-Protein,1
Rv0232,bin184,DNA-Protein,1
Rv0232,bin198,DNA-Protein,1
Rv0232,bin215,DNA-Protein,1
Rv0232,bin216,DNA-Protein,1
Rv0232,bin223,DNA-Protein,1
Rv0232,bin235,DNA-Protein,1
Rv0232,bin266,DNA-Protein,1
Rv0232,bin273,DNA-Protein,1
Rv0232,bin277,DNA-Protein,1
Rv0232,bin288,DNA-Protein,1
Rv0232,bin291,DNA-Protein,1
Rv0232,bin292,DNA-Protein,1
Rv0232,bin310,DNA-Protein,1
Rv0232,bin379,DNA-Protein,1
Rv0232,bin392,DNA-Protein,1
Rv0232,bin400,DNA-Protein,1
Rv0232,bin410,DNA-Protein,1
Rv0232,bin432,DNA-Protein,1
Rv0232,bin442,DNA-Protein,1
Rv0232,bin457,DNA-Protein,1
Rv0232,bin489,DNA-Protein,1
Rv0232,bin517,DNA-Protein,1
Rv0232,bin521,DNA-Protein,1
Rv0232,bin562,DNA-Protein,1
Rv0232,bin571,DNA-Protein,1
Rv0232,bin572,DNA-Protein,1
Rv0232,bin611,DNA-Protein,1
Rv0232,bin622,DNA-Protein,1
Rv0232,bin649,DNA-Protein,1
Rv0232,bin667,DNA-Protein,1
Rv0232,bin698,DNA-Protein,1
Rv0232,bin710,DNA-Protein,1
Rv0232,bin722,DNA-Protein,1
Rv0232,bin735,DNA-Protein,1
Rv0232,bin785,DNA-Protein,1
Rv0232,bin788,DNA-Protein,1
Rv0232,bin798,DNA-Protein,1
Rv0232,bin806,DNA-Protein,1
Rv0232,bin809,DNA-Protein,1
Rv0232,bin834,DNA-Protein,1
Rv0232,bin835,DNA-Protein,1
Rv0232,bin841,DNA-Protein,1
Rv0232,bin851,DNA-Protein,1
Rv0232,bin863,DNA-Protein,1
Rv0238,bin56,DNA-Protein,1
Rv0238,bin113,DNA-Protein,1
Rv0238,bin178,DNA-Protein,1
Rv0238,bin273,DNA-Protein,1
Rv0238,bin382,DNA-Protein,1
Rv0238,bin386,DNA-Protein,1
Rv0238,bin432,DNA-Protein,1
Rv0238,bin452,DNA-Protein,1
Rv0238,bin565,DNA-Protein,1
Rv0238,bin567,DNA-Protein,1
Rv0238,bin590,DNA-Protein,1
Rv0238,bin618,DNA-Protein,1
Rv0238,bin628,DNA-Protein,1
Rv0238,bin670,DNA-Protein,1
Rv0238,bin690,DNA-Protein,1
Rv0238,bin707,DNA-Protein,1
Rv0238,bin710,DNA-Protein,1
Rv0238,bin729,DNA-Protein,1
Rv0238,bin735,DNA-Protein,1
Rv0238,bin812,DNA-Protein,1
Rv0238,bin825,DNA-Protein,1
Rv0238,bin862,DNA-Protein,1
Rv0260c,bin883,DNA-Protein,1
Rv0260c,bin7,DNA-Protein,1
Rv0260c,bin56,DNA-Protein,1
Rv0260c,bin60,DNA-Protein,1
Rv0260c,bin106,DNA-Protein,1
Rv0260c,bin161,DNA-Protein,1
Rv0260c,bin215,DNA-Protein,1
Rv0260c,bin268,DNA-Protein,1
Rv0260c,bin273,DNA-Protein,1
Rv0260c,bin310,DNA-Protein,1
Rv0260c,bin386,DNA-Protein,1
Rv0260c,bin389,DNA-Protein,1
Rv0260c,bin452,DNA-Protein,1
Rv0260c,bin457,DNA-Protein,1
Rv0260c,bin527,DNA-Protein,1
Rv0260c,bin565,DNA-Protein,1
Rv0260c,bin567,DNA-Protein,1
Rv0260c,bin594,DNA-Protein,1
Rv0260c,bin618,DNA-Protein,1
Rv0260c,bin707,DNA-Protein,1
Rv0260c,bin710,DNA-Protein,1
Rv0260c,bin785,DNA-Protein,1
Rv0260c,bin809,DNA-Protein,1
Rv0260c,bin812,DNA-Protein,1
Rv0273c,bin883,DNA-Protein,1
Rv0273c,bin68,DNA-Protein,1
Rv0273c,bin79,DNA-Protein,1
Rv0273c,bin80,DNA-Protein,1
Rv0273c,bin110,DNA-Protein,1
Rv0273c,bin155,DNA-Protein,1
Rv0273c,bin161,DNA-Protein,1
Rv0273c,bin178,DNA-Protein,1
Rv0273c,bin184,DNA-Protein,1
Rv0273c,bin187,DNA-Protein,1
Rv0273c,bin188,DNA-Protein,1
Rv0273c,bin268,DNA-Protein,1
Rv0273c,bin273,DNA-Protein,1
Rv0273c,bin379,DNA-Protein,1
Rv0273c,bin382,DNA-Protein,1
Rv0273c,bin386,DNA-Protein,1
Rv0273c,bin432,DNA-Protein,1
Rv0273c,bin438,DNA-Protein,1
Rv0273c,bin442,DNA-Protein,1
Rv0273c,bin447,DNA-Protein,1
Rv0273c,bin448,DNA-Protein,1
Rv0273c,bin457,DNA-Protein,1
Rv0273c,bin567,DNA-Protein,1
Rv0273c,bin571,DNA-Protein,1
Rv0273c,bin581,DNA-Protein,1
Rv0273c,bin594,DNA-Protein,1
Rv0273c,bin618,DNA-Protein,1
Rv0273c,bin639,DNA-Protein,1
Rv0273c,bin670,DNA-Protein,1
Rv0273c,bin682,DNA-Protein,1
Rv0273c,bin683,DNA-Protein,1
Rv0273c,bin709,DNA-Protein,1
Rv0273c,bin710,DNA-Protein,1
Rv0273c,bin722,DNA-Protein,1
Rv0273c,bin729,DNA-Protein,1
Rv0273c,bin735,DNA-Protein,1
Rv0273c,bin804,DNA-Protein,1
Rv0273c,bin806,DNA-Protein,1
Rv0273c,bin812,DNA-Protein,1
Rv0273c,bin825,DNA-Protein,1
Rv0273c,bin835,DNA-Protein,1
Rv0273c,bin862,DNA-Protein,1
Rv0273c,bin863,DNA-Protein,1
Rv0275c,bin80,DNA-Protein,1
Rv0275c,bin84,DNA-Protein,1
Rv0275c,bin106,DNA-Protein,1
Rv0275c,bin161,DNA-Protein,1
Rv0275c,bin170,DNA-Protein,1
Rv0275c,bin188,DNA-Protein,1
Rv0275c,bin284,DNA-Protein,1
Rv0275c,bin285,DNA-Protein,1
Rv0275c,bin291,DNA-Protein,1
Rv0275c,bin342,DNA-Protein,1
Rv0275c,bin357,DNA-Protein,1
Rv0275c,bin438,DNA-Protein,1
Rv0275c,bin452,DNA-Protein,1
Rv0275c,bin498,DNA-Protein,1
Rv0275c,bin523,DNA-Protein,1
Rv0275c,bin537,DNA-Protein,1
Rv0275c,bin565,DNA-Protein,1
Rv0275c,bin567,DNA-Protein,1
Rv0275c,bin594,DNA-Protein,1
Rv0275c,bin630,DNA-Protein,1
Rv0275c,bin670,DNA-Protein,1
Rv0275c,bin709,DNA-Protein,1
Rv0275c,bin710,DNA-Protein,1
Rv0275c,bin722,DNA-Protein,1
Rv0275c,bin735,DNA-Protein,1
Rv0275c,bin785,DNA-Protein,1
Rv0275c,bin791,DNA-Protein,1
Rv0275c,bin806,DNA-Protein,1
Rv0275c,bin809,DNA-Protein,1
Rv0275c,bin820,DNA-Protein,1
Rv0275c,bin845,DNA-Protein,1
Rv0275c,bin862,DNA-Protein,1
Rv0275c,bin882,DNA-Protein,1
Rv0302,bin18,DNA-Protein,1
Rv0302,bin56,DNA-Protein,1
Rv0302,bin100,DNA-Protein,1
Rv0302,bin178,DNA-Protein,1
Rv0302,bin220,DNA-Protein,1
Rv0302,bin249,DNA-Protein,1
Rv0302,bin457,DNA-Protein,1
Rv0302,bin567,DNA-Protein,1
Rv0302,bin618,DNA-Protein,1
Rv0302,bin806,DNA-Protein,1
Rv0302,bin809,DNA-Protein,1
Rv0302,bin825,DNA-Protein,1
Rv0302,bin862,DNA-Protein,1
Rv0324,bin184,DNA-Protein,1
Rv0324,bin268,DNA-Protein,1
Rv0324,bin273,DNA-Protein,1
Rv0324,bin317,DNA-Protein,1
Rv0324,bin386,DNA-Protein,1
Rv0324,bin478,DNA-Protein,1
Rv0324,bin565,DNA-Protein,1
Rv0324,bin571,DNA-Protein,1
Rv0324,bin590,DNA-Protein,1
Rv0324,bin628,DNA-Protein,1
Rv0324,bin670,DNA-Protein,1
Rv0324,bin722,DNA-Protein,1
Rv0324,bin729,DNA-Protein,1
Rv0324,bin806,DNA-Protein,1
Rv0324,bin820,DNA-Protein,1
Rv0324,bin835,DNA-Protein,1
Rv0324,bin845,DNA-Protein,1
Rv0328,bin73,DNA-Protein,1
Rv0328,bin184,DNA-Protein,1
Rv0328,bin235,DNA-Protein,1
Rv0328,bin273,DNA-Protein,1
Rv0328,bin305,DNA-Protein,1
Rv0328,bin347,DNA-Protein,1
Rv0328,bin372,DNA-Protein,1
Rv0328,bin379,DNA-Protein,1
Rv0328,bin447,DNA-Protein,1
Rv0328,bin523,DNA-Protein,1
Rv0328,bin618,DNA-Protein,1
Rv0328,bin707,DNA-Protein,1
Rv0328,bin710,DNA-Protein,1
Rv0328,bin731,DNA-Protein,1
Rv0328,bin806,DNA-Protein,1
Rv0328,bin820,DNA-Protein,1
Rv0328,bin862,DNA-Protein,1
Rv0339c,bin883,DNA-Protein,1
Rv0339c,bin30,DNA-Protein,1
Rv0339c,bin68,DNA-Protein,1
Rv0339c,bin78,DNA-Protein,1
Rv0339c,bin84,DNA-Protein,1
Rv0339c,bin113,DNA-Protein,1
Rv0339c,bin161,DNA-Protein,1
Rv0339c,bin173,DNA-Protein,1
Rv0339c,bin178,DNA-Protein,1
Rv0339c,bin184,DNA-Protein,1
Rv0339c,bin187,DNA-Protein,1
Rv0339c,bin189,DNA-Protein,1
Rv0339c,bin196,DNA-Protein,1
Rv0339c,bin273,DNA-Protein,1
Rv0339c,bin291,DNA-Protein,1
Rv0339c,bin344,DNA-Protein,1
Rv0339c,bin347,DNA-Protein,1
Rv0339c,bin372,DNA-Protein,1
Rv0339c,bin379,DNA-Protein,1
Rv0339c,bin382,DNA-Protein,1
Rv0339c,bin389,DNA-Protein,1
Rv0339c,bin446,DNA-Protein,1
Rv0339c,bin447,DNA-Protein,1
Rv0339c,bin452,DNA-Protein,1
Rv0339c,bin457,DNA-Protein,1
Rv0339c,bin487,DNA-Protein,1
Rv0339c,bin510,DNA-Protein,1
Rv0339c,bin581,DNA-Protein,1
Rv0339c,bin618,DNA-Protein,1
Rv0339c,bin670,DNA-Protein,1
Rv0339c,bin688,DNA-Protein,1
Rv0339c,bin707,DNA-Protein,1
Rv0339c,bin708,DNA-Protein,1
Rv0339c,bin710,DNA-Protein,1
Rv0339c,bin729,DNA-Protein,1
Rv0339c,bin735,DNA-Protein,1
Rv0339c,bin785,DNA-Protein,1
Rv0339c,bin806,DNA-Protein,1
Rv0339c,bin809,DNA-Protein,1
Rv0339c,bin812,DNA-Protein,1
Rv0339c,bin833,DNA-Protein,1
Rv0339c,bin840,DNA-Protein,1
Rv0339c,bin862,DNA-Protein,1
Rv0339c,bin876,DNA-Protein,1
Rv0348,bin18,DNA-Protein,1
Rv0348,bin273,DNA-Protein,1
Rv0348,bin523,DNA-Protein,1
Rv0348,bin618,DNA-Protein,1
Rv0348,bin707,DNA-Protein,1
Rv0348,bin806,DNA-Protein,1
hspR,bin240,DNA-Protein,1
hspR,bin273,DNA-Protein,1
hspR,bin457,DNA-Protein,1
hspR,bin594,DNA-Protein,1
hspR,bin707,DNA-Protein,1
hspR,bin773,DNA-Protein,1
hspR,bin806,DNA-Protein,1
Rv0377,bin6,DNA-Protein,1
Rv0377,bin56,DNA-Protein,1
Rv0377,bin60,DNA-Protein,1
Rv0377,bin80,DNA-Protein,1
Rv0377,bin161,DNA-Protein,1
Rv0377,bin178,DNA-Protein,1
Rv0377,bin273,DNA-Protein,1
Rv0377,bin291,DNA-Protein,1
Rv0377,bin310,DNA-Protein,1
Rv0377,bin353,DNA-Protein,1
Rv0377,bin379,DNA-Protein,1
Rv0377,bin382,DNA-Protein,1
Rv0377,bin386,DNA-Protein,1
Rv0377,bin389,DNA-Protein,1
Rv0377,bin447,DNA-Protein,1
Rv0377,bin448,DNA-Protein,1
Rv0377,bin452,DNA-Protein,1
Rv0377,bin457,DNA-Protein,1
Rv0377,bin567,DNA-Protein,1
Rv0377,bin571,DNA-Protein,1
Rv0377,bin590,DNA-Protein,1
Rv0377,bin670,DNA-Protein,1
Rv0377,bin677,DNA-Protein,1
Rv0377,bin690,DNA-Protein,1
Rv0377,bin707,DNA-Protein,1
Rv0377,bin710,DNA-Protein,1
Rv0377,bin729,DNA-Protein,1
Rv0377,bin731,DNA-Protein,1
Rv0377,bin735,DNA-Protein,1
Rv0377,bin763,DNA-Protein,1
Rv0377,bin785,DNA-Protein,1
Rv0377,bin798,DNA-Protein,1
Rv0377,bin806,DNA-Protein,1
Rv0377,bin809,DNA-Protein,1
Rv0377,bin812,DNA-Protein,1
Rv0377,bin820,DNA-Protein,1
Rv0377,bin825,DNA-Protein,1
Rv0377,bin835,DNA-Protein,1
Rv0377,bin862,DNA-Protein,1
sigK,bin883,DNA-Protein,1
sigK,bin18,DNA-Protein,1
sigK,bin78,DNA-Protein,1
sigK,bin84,DNA-Protein,1
sigK,bin155,DNA-Protein,1
sigK,bin161,DNA-Protein,1
sigK,bin273,DNA-Protein,1
sigK,bin291,DNA-Protein,1
sigK,bin310,DNA-Protein,1
sigK,bin379,DNA-Protein,1
sigK,bin382,DNA-Protein,1
sigK,bin386,DNA-Protein,1
sigK,bin420,DNA-Protein,1
sigK,bin432,DNA-Protein,1
sigK,bin448,DNA-Protein,1
sigK,bin452,DNA-Protein,1
sigK,bin457,DNA-Protein,1
sigK,bin467,DNA-Protein,1
sigK,bin618,DNA-Protein,1
sigK,bin710,DNA-Protein,1
sigK,bin729,DNA-Protein,1
sigK,bin735,DNA-Protein,1
sigK,bin763,DNA-Protein,1
sigK,bin785,DNA-Protein,1
sigK,bin806,DNA-Protein,1
sigK,bin809,DNA-Protein,1
sigK,bin820,DNA-Protein,1
sigK,bin825,DNA-Protein,1
sigK,bin835,DNA-Protein,1
sigK,bin862,DNA-Protein,1
Rv0452,bin60,DNA-Protein,1
Rv0452,bin84,DNA-Protein,1
Rv0452,bin178,DNA-Protein,1
Rv0452,bin235,DNA-Protein,1
Rv0452,bin268,DNA-Protein,1
Rv0452,bin273,DNA-Protein,1
Rv0452,bin291,DNA-Protein,1
Rv0452,bin310,DNA-Protein,1
Rv0452,bin386,DNA-Protein,1
Rv0452,bin438,DNA-Protein,1
Rv0452,bin447,DNA-Protein,1
Rv0452,bin452,DNA-Protein,1
Rv0452,bin457,DNA-Protein,1
Rv0452,bin618,DNA-Protein,1
Rv0452,bin707,DNA-Protein,1
Rv0452,bin710,DNA-Protein,1
Rv0452,bin729,DNA-Protein,1
Rv0452,bin731,DNA-Protein,1
Rv0452,bin735,DNA-Protein,1
Rv0452,bin806,DNA-Protein,1
Rv0452,bin822,DNA-Protein,1
Rv0452,bin862,DNA-Protein,1
Rv0472c,bin883,DNA-Protein,1
Rv0472c,bin56,DNA-Protein,1
Rv0472c,bin60,DNA-Protein,1
Rv0472c,bin68,DNA-Protein,1
Rv0472c,bin84,DNA-Protein,1
Rv0472c,bin113,DNA-Protein,1
Rv0472c,bin155,DNA-Protein,1
Rv0472c,bin273,DNA-Protein,1
Rv0472c,bin291,DNA-Protein,1
Rv0472c,bin310,DNA-Protein,1
Rv0472c,bin379,DNA-Protein,1
Rv0472c,bin420,DNA-Protein,1
Rv0472c,bin452,DNA-Protein,1
Rv0472c,bin457,DNA-Protein,1
Rv0472c,bin523,DNA-Protein,1
Rv0472c,bin565,DNA-Protein,1
Rv0472c,bin571,DNA-Protein,1
Rv0472c,bin594,DNA-Protein,1
Rv0472c,bin618,DNA-Protein,1
Rv0472c,bin670,DNA-Protein,1
Rv0472c,bin709,DNA-Protein,1
Rv0472c,bin710,DNA-Protein,1
Rv0472c,bin729,DNA-Protein,1
Rv0472c,bin735,DNA-Protein,1
Rv0472c,bin785,DNA-Protein,1
Rv0472c,bin806,DNA-Protein,1
Rv0472c,bin812,DNA-Protein,1
Rv0472c,bin825,DNA-Protein,1
Rv0472c,bin835,DNA-Protein,1
Rv0472c,bin862,DNA-Protein,1
Rv0474,bin883,DNA-Protein,1
Rv0474,bin6,DNA-Protein,1
Rv0474,bin18,DNA-Protein,1
Rv0474,bin30,DNA-Protein,1
Rv0474,bin56,DNA-Protein,1
Rv0474,bin60,DNA-Protein,1
Rv0474,bin68,DNA-Protein,1
Rv0474,bin104,DNA-Protein,1
Rv0474,bin155,DNA-Protein,1
Rv0474,bin173,DNA-Protein,1
Rv0474,bin178,DNA-Protein,1
Rv0474,bin184,DNA-Protein,1
Rv0474,bin188,DNA-Protein,1
Rv0474,bin268,DNA-Protein,1
Rv0474,bin273,DNA-Protein,1
Rv0474,bin379,DNA-Protein,1
Rv0474,bin432,DNA-Protein,1
Rv0474,bin438,DNA-Protein,1
Rv0474,bin448,DNA-Protein,1
Rv0474,bin452,DNA-Protein,1
Rv0474,bin523,DNA-Protein,1
Rv0474,bin565,DNA-Protein,1
Rv0474,bin590,DNA-Protein,1
Rv0474,bin594,DNA-Protein,1
Rv0474,bin618,DNA-Protein,1
Rv0474,bin707,DNA-Protein,1
Rv0474,bin710,DNA-Protein,1
Rv0474,bin729,DNA-Protein,1
Rv0474,bin735,DNA-Protein,1
Rv0474,bin746,DNA-Protein,1
Rv0474,bin785,DNA-Protein,1
Rv0474,bin806,DNA-Protein,1
Rv0474,bin825,DNA-Protein,1
Rv0474,bin835,DNA-Protein,1
Rv0474,bin862,DNA-Protein,1
Rv0474,bin868,DNA-Protein,1
Rv0485,bin67,DNA-Protein,1
Rv0485,bin80,DNA-Protein,1
Rv0485,bin161,DNA-Protein,1
Rv0485,bin173,DNA-Protein,1
Rv0485,bin178,DNA-Protein,1
Rv0485,bin268,DNA-Protein,1
Rv0485,bin273,DNA-Protein,1
Rv0485,bin291,DNA-Protein,1
Rv0485,bin310,DNA-Protein,1
Rv0485,bin371,DNA-Protein,1
Rv0485,bin382,DNA-Protein,1
Rv0485,bin383,DNA-Protein,1
Rv0485,bin452,DNA-Protein,1
Rv0485,bin457,DNA-Protein,1
Rv0485,bin565,DNA-Protein,1
Rv0485,bin670,DNA-Protein,1
Rv0485,bin710,DNA-Protein,1
Rv0485,bin729,DNA-Protein,1
Rv0485,bin731,DNA-Protein,1
Rv0485,bin806,DNA-Protein,1
Rv0485,bin809,DNA-Protein,1
Rv0485,bin835,DNA-Protein,1
regX3,bin6,DNA-Protein,1
regX3,bin68,DNA-Protein,1
regX3,bin80,DNA-Protein,1
regX3,bin155,DNA-Protein,1
regX3,bin161,DNA-Protein,1
regX3,bin173,DNA-Protein,1
regX3,bin317,DNA-Protein,1
regX3,bin372,DNA-Protein,1
regX3,bin379,DNA-Protein,1
regX3,bin382,DNA-Protein,1
regX3,bin386,DNA-Protein,1
regX3,bin442,DNA-Protein,1
regX3,bin447,DNA-Protein,1
regX3,bin452,DNA-Protein,1
regX3,bin457,DNA-Protein,1
regX3,bin523,DNA-Protein,1
regX3,bin565,DNA-Protein,1
regX3,bin567,DNA-Protein,1
regX3,bin571,DNA-Protein,1
regX3,bin581,DNA-Protein,1
regX3,bin594,DNA-Protein,1
regX3,bin618,DNA-Protein,1
regX3,bin688,DNA-Protein,1
regX3,bin710,DNA-Protein,1
regX3,bin806,DNA-Protein,1
regX3,bin820,DNA-Protein,1
regX3,bin825,DNA-Protein,1
regX3,bin835,DNA-Protein,1
regX3,bin862,DNA-Protein,1
Rv0494,bin6,DNA-Protein,1
Rv0494,bin7,DNA-Protein,1
Rv0494,bin56,DNA-Protein,1
Rv0494,bin60,DNA-Protein,1
Rv0494,bin84,DNA-Protein,1
Rv0494,bin113,DNA-Protein,1
Rv0494,bin155,DNA-Protein,1
Rv0494,bin161,DNA-Protein,1
Rv0494,bin173,DNA-Protein,1
Rv0494,bin178,DNA-Protein,1
Rv0494,bin268,DNA-Protein,1
Rv0494,bin273,DNA-Protein,1
Rv0494,bin277,DNA-Protein,1
Rv0494,bin292,DNA-Protein,1
Rv0494,bin310,DNA-Protein,1
Rv0494,bin432,DNA-Protein,1
Rv0494,bin447,DNA-Protein,1
Rv0494,bin452,DNA-Protein,1
Rv0494,bin457,DNA-Protein,1
Rv0494,bin590,DNA-Protein,1
Rv0494,bin594,DNA-Protein,1
Rv0494,bin670,DNA-Protein,1
Rv0494,bin683,DNA-Protein,1
Rv0494,bin707,DNA-Protein,1
Rv0494,bin710,DNA-Protein,1
Rv0494,bin722,DNA-Protein,1
Rv0494,bin735,DNA-Protein,1
Rv0494,bin785,DNA-Protein,1
Rv0494,bin806,DNA-Protein,1
Rv0494,bin809,DNA-Protein,1
Rv0494,bin812,DNA-Protein,1
Rv0494,bin820,DNA-Protein,1
Rv0494,bin825,DNA-Protein,1
Rv0494,bin835,DNA-Protein,1
Rv0494,bin862,DNA-Protein,1
Rv0552,bin883,DNA-Protein,1
Rv0552,bin18,DNA-Protein,1
Rv0552,bin56,DNA-Protein,1
Rv0552,bin60,DNA-Protein,1
Rv0552,bin137,DNA-Protein,1
Rv0552,bin155,DNA-Protein,1
Rv0552,bin161,DNA-Protein,1
Rv0552,bin178,DNA-Protein,1
Rv0552,bin273,DNA-Protein,1
Rv0552,bin291,DNA-Protein,1
Rv0552,bin379,DNA-Protein,1
Rv0552,bin382,DNA-Protein,1
Rv0552,bin383,DNA-Protein,1
Rv0552,bin410,DNA-Protein,1
Rv0552,bin432,DNA-Protein,1
Rv0552,bin447,DNA-Protein,1
Rv0552,bin457,DNA-Protein,1
Rv0552,bin576,DNA-Protein,1
Rv0552,bin590,DNA-Protein,1
Rv0552,bin618,DNA-Protein,1
Rv0552,bin670,DNA-Protein,1
Rv0552,bin689,DNA-Protein,1
Rv0552,bin710,DNA-Protein,1
Rv0552,bin727,DNA-Protein,1
Rv0552,bin729,DNA-Protein,1
Rv0552,bin731,DNA-Protein,1
Rv0552,bin735,DNA-Protein,1
Rv0552,bin785,DNA-Protein,1
Rv0552,bin806,DNA-Protein,1
Rv0552,bin809,DNA-Protein,1
Rv0552,bin812,DNA-Protein,1
Rv0552,bin820,DNA-Protein,1
Rv0552,bin825,DNA-Protein,1
Rv0552,bin835,DNA-Protein,1
Rv0552,bin862,DNA-Protein,1
Rv0576,bin883,DNA-Protein,1
Rv0576,bin56,DNA-Protein,1
Rv0576,bin78,DNA-Protein,1
Rv0576,bin84,DNA-Protein,1
Rv0576,bin178,DNA-Protein,1
Rv0576,bin184,DNA-Protein,1
Rv0576,bin291,DNA-Protein,1
Rv0576,bin432,DNA-Protein,1
Rv0576,bin452,DNA-Protein,1
Rv0576,bin710,DNA-Protein,1
Rv0576,bin729,DNA-Protein,1
Rv0576,bin735,DNA-Protein,1
Rv0576,bin809,DNA-Protein,1
Rv0586,bin18,DNA-Protein,1
Rv0586,bin178,DNA-Protein,1
Rv0586,bin184,DNA-Protein,1
Rv0586,bin273,DNA-Protein,1
Rv0586,bin291,DNA-Protein,1
Rv0586,bin310,DNA-Protein,1
Rv0586,bin386,DNA-Protein,1
Rv0586,bin387,DNA-Protein,1
Rv0586,bin447,DNA-Protein,1
Rv0586,bin452,DNA-Protein,1
Rv0586,bin670,DNA-Protein,1
Rv0586,bin707,DNA-Protein,1
Rv0586,bin710,DNA-Protein,1
Rv0586,bin809,DNA-Protein,1
Rv0586,bin812,DNA-Protein,1
Rv0586,bin825,DNA-Protein,1
Rv0586,bin835,DNA-Protein,1
Rv0586,bin862,DNA-Protein,1
tcrA,bin56,DNA-Protein,1
tcrA,bin78,DNA-Protein,1
tcrA,bin215,DNA-Protein,1
tcrA,bin379,DNA-Protein,1
tcrA,bin420,DNA-Protein,1
tcrA,bin452,DNA-Protein,1
tcrA,bin457,DNA-Protein,1
tcrA,bin567,DNA-Protein,1
tcrA,bin710,DNA-Protein,1
tcrA,bin711,DNA-Protein,1
tcrA,bin735,DNA-Protein,1
tcrA,bin806,DNA-Protein,1
tcrA,bin825,DNA-Protein,1
Rv0650,bin883,DNA-Protein,1
Rv0650,bin60,DNA-Protein,1
Rv0650,bin161,DNA-Protein,1
Rv0650,bin173,DNA-Protein,1
Rv0650,bin178,DNA-Protein,1
Rv0650,bin184,DNA-Protein,1
Rv0650,bin215,DNA-Protein,1
Rv0650,bin273,DNA-Protein,1
Rv0650,bin310,DNA-Protein,1
Rv0650,bin379,DNA-Protein,1
Rv0650,bin382,DNA-Protein,1
Rv0650,bin420,DNA-Protein,1
Rv0650,bin452,DNA-Protein,1
Rv0650,bin457,DNA-Protein,1
Rv0650,bin576,DNA-Protein,1
Rv0650,bin618,DNA-Protein,1
Rv0650,bin670,DNA-Protein,1
Rv0650,bin710,DNA-Protein,1
Rv0650,bin735,DNA-Protein,1
Rv0650,bin785,DNA-Protein,1
Rv0650,bin806,DNA-Protein,1
Rv0650,bin812,DNA-Protein,1
Rv0650,bin820,DNA-Protein,1
Rv0650,bin825,DNA-Protein,1
Rv0650,bin862,DNA-Protein,1
Rv0653c,bin178,DNA-Protein,1
Rv0653c,bin268,DNA-Protein,1
Rv0653c,bin273,DNA-Protein,1
Rv0653c,bin277,DNA-Protein,1
Rv0653c,bin291,DNA-Protein,1
Rv0653c,bin342,DNA-Protein,1
Rv0653c,bin347,DNA-Protein,1
Rv0653c,bin372,DNA-Protein,1
Rv0653c,bin590,DNA-Protein,1
Rv0653c,bin618,DNA-Protein,1
Rv0653c,bin638,DNA-Protein,1
Rv0653c,bin673,DNA-Protein,1
Rv0653c,bin709,DNA-Protein,1
Rv0653c,bin820,DNA-Protein,1
Rv0653c,bin825,DNA-Protein,1
Rv0653c,bin840,DNA-Protein,1
Rv0653c,bin862,DNA-Protein,1
Rv0653c,bin881,DNA-Protein,1
Rv0681,bin270,DNA-Protein,1
Rv0681,bin741,DNA-Protein,1
Rv0681,bin862,DNA-Protein,1
Rv0691c,bin57,DNA-Protein,1
Rv0691c,bin72,DNA-Protein,1
Rv0691c,bin143,DNA-Protein,1
Rv0691c,bin158,DNA-Protein,1
Rv0691c,bin173,DNA-Protein,1
Rv0691c,bin175,DNA-Protein,1
Rv0691c,bin249,DNA-Protein,1
Rv0691c,bin289,DNA-Protein,1
Rv0691c,bin298,DNA-Protein,1
Rv0691c,bin308,DNA-Protein,1
Rv0691c,bin315,DNA-Protein,1
Rv0691c,bin342,DNA-Protein,1
Rv0691c,bin355,DNA-Protein,1
Rv0691c,bin368,DNA-Protein,1
Rv0691c,bin402,DNA-Protein,1
Rv0691c,bin465,DNA-Protein,1
Rv0691c,bin469,DNA-Protein,1
Rv0691c,bin470,DNA-Protein,1
Rv0691c,bin504,DNA-Protein,1
Rv0691c,bin567,DNA-Protein,1
Rv0691c,bin584,DNA-Protein,1
Rv0691c,bin617,DNA-Protein,1
Rv0691c,bin620,DNA-Protein,1
Rv0691c,bin638,DNA-Protein,1
Rv0691c,bin644,DNA-Protein,1
Rv0691c,bin676,DNA-Protein,1
Rv0691c,bin683,DNA-Protein,1
Rv0691c,bin735,DNA-Protein,1
Rv0691c,bin772,DNA-Protein,1
Rv0691c,bin804,DNA-Protein,1
Rv0691c,bin816,DNA-Protein,1
Rv0691c,bin820,DNA-Protein,1
Rv0691c,bin862,DNA-Protein,1
Rv0691c,bin875,DNA-Protein,1
sigL,bin18,DNA-Protein,1
sigL,bin60,DNA-Protein,1
sigL,bin84,DNA-Protein,1
sigL,bin178,DNA-Protein,1
sigL,bin215,DNA-Protein,1
sigL,bin382,DNA-Protein,1
sigL,bin386,DNA-Protein,1
sigL,bin389,DNA-Protein,1
sigL,bin420,DNA-Protein,1
sigL,bin447,DNA-Protein,1
sigL,bin452,DNA-Protein,1
sigL,bin590,DNA-Protein,1
sigL,bin594,DNA-Protein,1
sigL,bin618,DNA-Protein,1
sigL,bin670,DNA-Protein,1
sigL,bin707,DNA-Protein,1
sigL,bin710,DNA-Protein,1
sigL,bin731,DNA-Protein,1
sigL,bin735,DNA-Protein,1
sigL,bin809,DNA-Protein,1
sigL,bin812,DNA-Protein,1
sigL,bin820,DNA-Protein,1
sigL,bin825,DNA-Protein,1
sigL,bin862,DNA-Protein,1
Rv0737,bin113,DNA-Protein,1
Rv0737,bin155,DNA-Protein,1
Rv0737,bin161,DNA-Protein,1
Rv0737,bin178,DNA-Protein,1
Rv0737,bin273,DNA-Protein,1
Rv0737,bin310,DNA-Protein,1
Rv0737,bin379,DNA-Protein,1
Rv0737,bin420,DNA-Protein,1
Rv0737,bin432,DNA-Protein,1
Rv0737,bin447,DNA-Protein,1
Rv0737,bin457,DNA-Protein,1
Rv0737,bin576,DNA-Protein,1
Rv0737,bin594,DNA-Protein,1
Rv0737,bin618,DNA-Protein,1
Rv0737,bin670,DNA-Protein,1
Rv0737,bin707,DNA-Protein,1
Rv0737,bin710,DNA-Protein,1
Rv0737,bin735,DNA-Protein,1
Rv0737,bin782,DNA-Protein,1
Rv0737,bin809,DNA-Protein,1
Rv0737,bin812,DNA-Protein,1
Rv0737,bin820,DNA-Protein,1
Rv0744c,bin883,DNA-Protein,1
Rv0744c,bin60,DNA-Protein,1
Rv0744c,bin67,DNA-Protein,1
Rv0744c,bin84,DNA-Protein,1
Rv0744c,bin161,DNA-Protein,1
Rv0744c,bin178,DNA-Protein,1
Rv0744c,bin215,DNA-Protein,1
Rv0744c,bin273,DNA-Protein,1
Rv0744c,bin310,DNA-Protein,1
Rv0744c,bin382,DNA-Protein,1
Rv0744c,bin386,DNA-Protein,1
Rv0744c,bin447,DNA-Protein,1
Rv0744c,bin452,DNA-Protein,1
Rv0744c,bin590,DNA-Protein,1
Rv0744c,bin618,DNA-Protein,1
Rv0744c,bin670,DNA-Protein,1
Rv0744c,bin707,DNA-Protein,1
Rv0744c,bin710,DNA-Protein,1
Rv0744c,bin731,DNA-Protein,1
Rv0744c,bin735,DNA-Protein,1
Rv0744c,bin785,DNA-Protein,1
Rv0744c,bin806,DNA-Protein,1
Rv0744c,bin809,DNA-Protein,1
Rv0744c,bin812,DNA-Protein,1
Rv0744c,bin820,DNA-Protein,1
Rv0744c,bin825,DNA-Protein,1
Rv0744c,bin862,DNA-Protein,1
phoP,bin14,DNA-Protein,1
phoP,bin30,DNA-Protein,1
phoP,bin62,DNA-Protein,1
phoP,bin133,DNA-Protein,1
phoP,bin180,DNA-Protein,1
phoP,bin187,DNA-Protein,1
phoP,bin258,DNA-Protein,1
phoP,bin261,DNA-Protein,1
phoP,bin268,DNA-Protein,1
phoP,bin273,DNA-Protein,1
phoP,bin326,DNA-Protein,1
phoP,bin379,DNA-Protein,1
phoP,bin381,DNA-Protein,1
phoP,bin386,DNA-Protein,1
phoP,bin396,DNA-Protein,1
phoP,bin432,DNA-Protein,1
phoP,bin442,DNA-Protein,1
phoP,bin456,DNA-Protein,1
phoP,bin594,DNA-Protein,1
phoP,bin596,DNA-Protein,1
phoP,bin683,DNA-Protein,1
phoP,bin690,DNA-Protein,1
phoP,bin707,DNA-Protein,1
phoP,bin708,DNA-Protein,1
phoP,bin722,DNA-Protein,1
phoP,bin729,DNA-Protein,1
phoP,bin803,DNA-Protein,1
phoP,bin825,DNA-Protein,1
phoP,bin835,DNA-Protein,1
phoP,bin839,DNA-Protein,1
Rv0792c,bin106,DNA-Protein,1
Rv0792c,bin184,DNA-Protein,1
Rv0792c,bin268,DNA-Protein,1
Rv0792c,bin273,DNA-Protein,1
Rv0792c,bin277,DNA-Protein,1
Rv0792c,bin402,DNA-Protein,1
Rv0792c,bin447,DNA-Protein,1
Rv0792c,bin567,DNA-Protein,1
Rv0792c,bin670,DNA-Protein,1
Rv0792c,bin686,DNA-Protein,1
Rv0792c,bin688,DNA-Protein,1
Rv0792c,bin709,DNA-Protein,1
Rv0792c,bin729,DNA-Protein,1
Rv0792c,bin785,DNA-Protein,1
Rv0792c,bin814,DNA-Protein,1
Rv0792c,bin825,DNA-Protein,1
Rv0792c,bin835,DNA-Protein,1
Rv0818,bin883,DNA-Protein,1
Rv0818,bin18,DNA-Protein,1
Rv0818,bin56,DNA-Protein,1
Rv0818,bin161,DNA-Protein,1
Rv0818,bin173,DNA-Protein,1
Rv0818,bin273,DNA-Protein,1
Rv0818,bin277,DNA-Protein,1
Rv0818,bin382,DNA-Protein,1
Rv0818,bin383,DNA-Protein,1
Rv0818,bin386,DNA-Protein,1
Rv0818,bin420,DNA-Protein,1
Rv0818,bin432,DNA-Protein,1
Rv0818,bin447,DNA-Protein,1
Rv0818,bin452,DNA-Protein,1
Rv0818,bin577,DNA-Protein,1
Rv0818,bin618,DNA-Protein,1
Rv0818,bin670,DNA-Protein,1
Rv0818,bin707,DNA-Protein,1
Rv0818,bin710,DNA-Protein,1
Rv0818,bin729,DNA-Protein,1
Rv0818,bin731,DNA-Protein,1
Rv0818,bin735,DNA-Protein,1
Rv0818,bin763,DNA-Protein,1
Rv0818,bin781,DNA-Protein,1
Rv0818,bin785,DNA-Protein,1
Rv0818,bin809,DNA-Protein,1
Rv0818,bin812,DNA-Protein,1
Rv0818,bin820,DNA-Protein,1
Rv0818,bin825,DNA-Protein,1
Rv0818,bin835,DNA-Protein,1
phoY2,bin18,DNA-Protein,1
phoY2,bin35,DNA-Protein,1
phoY2,bin44,DNA-Protein,1
phoY2,bin79,DNA-Protein,1
phoY2,bin115,DNA-Protein,1
phoY2,bin178,DNA-Protein,1
phoY2,bin224,DNA-Protein,1
phoY2,bin273,DNA-Protein,1
phoY2,bin382,DNA-Protein,1
phoY2,bin383,DNA-Protein,1
phoY2,bin413,DNA-Protein,1
phoY2,bin452,DNA-Protein,1
phoY2,bin590,DNA-Protein,1
phoY2,bin594,DNA-Protein,1
phoY2,bin606,DNA-Protein,1
phoY2,bin707,DNA-Protein,1
phoY2,bin714,DNA-Protein,1
phoY2,bin806,DNA-Protein,1
phoY2,bin820,DNA-Protein,1
phoY2,bin854,DNA-Protein,1
phoY2,bin862,DNA-Protein,1
Rv0823c,bin883,DNA-Protein,1
Rv0823c,bin18,DNA-Protein,1
Rv0823c,bin56,DNA-Protein,1
Rv0823c,bin80,DNA-Protein,1
Rv0823c,bin84,DNA-Protein,1
Rv0823c,bin137,DNA-Protein,1
Rv0823c,bin178,DNA-Protein,1
Rv0823c,bin183,DNA-Protein,1
Rv0823c,bin215,DNA-Protein,1
Rv0823c,bin273,DNA-Protein,1
Rv0823c,bin382,DNA-Protein,1
Rv0823c,bin383,DNA-Protein,1
Rv0823c,bin386,DNA-Protein,1
Rv0823c,bin447,DNA-Protein,1
Rv0823c,bin452,DNA-Protein,1
Rv0823c,bin457,DNA-Protein,1
Rv0823c,bin537,DNA-Protein,1
Rv0823c,bin565,DNA-Protein,1
Rv0823c,bin590,DNA-Protein,1
Rv0823c,bin618,DNA-Protein,1
Rv0823c,bin670,DNA-Protein,1
Rv0823c,bin707,DNA-Protein,1
Rv0823c,bin710,DNA-Protein,1
Rv0823c,bin727,DNA-Protein,1
Rv0823c,bin735,DNA-Protein,1
Rv0823c,bin763,DNA-Protein,1
Rv0823c,bin790,DNA-Protein,1
Rv0823c,bin806,DNA-Protein,1
Rv0823c,bin809,DNA-Protein,1
Rv0823c,bin812,DNA-Protein,1
Rv0823c,bin820,DNA-Protein,1
Rv0823c,bin825,DNA-Protein,1
Rv0823c,bin835,DNA-Protein,1
Rv0823c,bin840,DNA-Protein,1
Rv0823c,bin862,DNA-Protein,1
Rv0825c,bin883,DNA-Protein,1
Rv0825c,bin18,DNA-Protein,1
Rv0825c,bin27,DNA-Protein,1
Rv0825c,bin137,DNA-Protein,1
Rv0825c,bin148,DNA-Protein,1
Rv0825c,bin161,DNA-Protein,1
Rv0825c,bin178,DNA-Protein,1
Rv0825c,bin182,DNA-Protein,1
Rv0825c,bin188,DNA-Protein,1
Rv0825c,bin238,DNA-Protein,1
Rv0825c,bin266,DNA-Protein,1
Rv0825c,bin268,DNA-Protein,1
Rv0825c,bin273,DNA-Protein,1
Rv0825c,bin291,DNA-Protein,1
Rv0825c,bin295,DNA-Protein,1
Rv0825c,bin347,DNA-Protein,1
Rv0825c,bin386,DNA-Protein,1
Rv0825c,bin420,DNA-Protein,1
Rv0825c,bin446,DNA-Protein,1
Rv0825c,bin448,DNA-Protein,1
Rv0825c,bin459,DNA-Protein,1
Rv0825c,bin590,DNA-Protein,1
Rv0825c,bin618,DNA-Protein,1
Rv0825c,bin641,DNA-Protein,1
Rv0825c,bin647,DNA-Protein,1
Rv0825c,bin670,DNA-Protein,1
Rv0825c,bin678,DNA-Protein,1
Rv0825c,bin690,DNA-Protein,1
Rv0825c,bin697,DNA-Protein,1
Rv0825c,bin707,DNA-Protein,1
Rv0825c,bin710,DNA-Protein,1
Rv0825c,bin727,DNA-Protein,1
Rv0825c,bin729,DNA-Protein,1
Rv0825c,bin731,DNA-Protein,1
Rv0825c,bin735,DNA-Protein,1
Rv0825c,bin771,DNA-Protein,1
Rv0825c,bin791,DNA-Protein,1
Rv0825c,bin812,DNA-Protein,1
Rv0825c,bin825,DNA-Protein,1
Rv0825c,bin843,DNA-Protein,1
Rv0825c,bin862,DNA-Protein,1
Rv0827c,bin883,DNA-Protein,1
Rv0827c,bin6,DNA-Protein,1
Rv0827c,bin18,DNA-Protein,1
Rv0827c,bin48,DNA-Protein,1
Rv0827c,bin60,DNA-Protein,1
Rv0827c,bin69,DNA-Protein,1
Rv0827c,bin76,DNA-Protein,1
Rv0827c,bin79,DNA-Protein,1
Rv0827c,bin84,DNA-Protein,1
Rv0827c,bin113,DNA-Protein,1
Rv0827c,bin147,DNA-Protein,1
Rv0827c,bin161,DNA-Protein,1
Rv0827c,bin173,DNA-Protein,1
Rv0827c,bin178,DNA-Protein,1
Rv0827c,bin184,DNA-Protein,1
Rv0827c,bin188,DNA-Protein,1
Rv0827c,bin215,DNA-Protein,1
Rv0827c,bin235,DNA-Protein,1
Rv0827c,bin263,DNA-Protein,1
Rv0827c,bin273,DNA-Protein,1
Rv0827c,bin291,DNA-Protein,1
Rv0827c,bin310,DNA-Protein,1
Rv0827c,bin382,DNA-Protein,1
Rv0827c,bin383,DNA-Protein,1
Rv0827c,bin389,DNA-Protein,1
Rv0827c,bin400,DNA-Protein,1
Rv0827c,bin438,DNA-Protein,1
Rv0827c,bin452,DNA-Protein,1
Rv0827c,bin457,DNA-Protein,1
Rv0827c,bin523,DNA-Protein,1
Rv0827c,bin565,DNA-Protein,1
Rv0827c,bin567,DNA-Protein,1
Rv0827c,bin571,DNA-Protein,1
Rv0827c,bin594,DNA-Protein,1
Rv0827c,bin618,DNA-Protein,1
Rv0827c,bin670,DNA-Protein,1
Rv0827c,bin695,DNA-Protein,1
Rv0827c,bin707,DNA-Protein,1
Rv0827c,bin708,DNA-Protein,1
Rv0827c,bin710,DNA-Protein,1
Rv0827c,bin714,DNA-Protein,1
Rv0827c,bin729,DNA-Protein,1
Rv0827c,bin735,DNA-Protein,1
Rv0827c,bin765,DNA-Protein,1
Rv0827c,bin785,DNA-Protein,1
Rv0827c,bin806,DNA-Protein,1
Rv0827c,bin809,DNA-Protein,1
Rv0827c,bin812,DNA-Protein,1
Rv0827c,bin820,DNA-Protein,1
Rv0827c,bin825,DNA-Protein,1
Rv0827c,bin862,DNA-Protein,1
Rv0827c,bin863,DNA-Protein,1
narL,bin84,DNA-Protein,1
narL,bin161,DNA-Protein,1
narL,bin178,DNA-Protein,1
narL,bin215,DNA-Protein,1
narL,bin273,DNA-Protein,1
narL,bin420,DNA-Protein,1
narL,bin452,DNA-Protein,1
narL,bin457,DNA-Protein,1
narL,bin594,DNA-Protein,1
narL,bin618,DNA-Protein,1
narL,bin670,DNA-Protein,1
narL,bin729,DNA-Protein,1
narL,bin806,DNA-Protein,1
narL,bin809,DNA-Protein,1
narL,bin812,DNA-Protein,1
narL,bin820,DNA-Protein,1
narL,bin825,DNA-Protein,1
narL,bin862,DNA-Protein,1
Rv0880,bin883,DNA-Protein,1
Rv0880,bin18,DNA-Protein,1
Rv0880,bin56,DNA-Protein,1
Rv0880,bin113,DNA-Protein,1
Rv0880,bin155,DNA-Protein,1
Rv0880,bin215,DNA-Protein,1
Rv0880,bin382,DNA-Protein,1
Rv0880,bin389,DNA-Protein,1
Rv0880,bin410,DNA-Protein,1
Rv0880,bin447,DNA-Protein,1
Rv0880,bin452,DNA-Protein,1
Rv0880,bin590,DNA-Protein,1
Rv0880,bin594,DNA-Protein,1
Rv0880,bin618,DNA-Protein,1
Rv0880,bin670,DNA-Protein,1
Rv0880,bin707,DNA-Protein,1
Rv0880,bin710,DNA-Protein,1
Rv0880,bin729,DNA-Protein,1
Rv0880,bin735,DNA-Protein,1
Rv0880,bin785,DNA-Protein,1
Rv0880,bin806,DNA-Protein,1
Rv0880,bin809,DNA-Protein,1
Rv0880,bin812,DNA-Protein,1
Rv0880,bin820,DNA-Protein,1
Rv0880,bin825,DNA-Protein,1
Rv0880,bin835,DNA-Protein,1
Rv0880,bin862,DNA-Protein,1
Rv0891c,bin84,DNA-Protein,1
Rv0891c,bin161,DNA-Protein,1
Rv0891c,bin178,DNA-Protein,1
Rv0891c,bin235,DNA-Protein,1
Rv0891c,bin273,DNA-Protein,1
Rv0891c,bin291,DNA-Protein,1
Rv0891c,bin379,DNA-Protein,1
Rv0891c,bin382,DNA-Protein,1
Rv0891c,bin420,DNA-Protein,1
Rv0891c,bin457,DNA-Protein,1
Rv0891c,bin523,DNA-Protein,1
Rv0891c,bin567,DNA-Protein,1
Rv0891c,bin594,DNA-Protein,1
Rv0891c,bin618,DNA-Protein,1
Rv0891c,bin710,DNA-Protein,1
Rv0891c,bin806,DNA-Protein,1
Rv0891c,bin820,DNA-Protein,1
Rv0891c,bin835,DNA-Protein,1
Rv0891c,bin862,DNA-Protein,1
Rv0894,bin6,DNA-Protein,1
Rv0894,bin56,DNA-Protein,1
Rv0894,bin84,DNA-Protein,1
Rv0894,bin140,DNA-Protein,1
Rv0894,bin155,DNA-Protein,1
Rv0894,bin161,DNA-Protein,1
Rv0894,bin178,DNA-Protein,1
Rv0894,bin184,DNA-Protein,1
Rv0894,bin215,DNA-Protein,1
Rv0894,bin273,DNA-Protein,1
Rv0894,bin291,DNA-Protein,1
Rv0894,bin382,DNA-Protein,1
Rv0894,bin386,DNA-Protein,1
Rv0894,bin432,DNA-Protein,1
Rv0894,bin452,DNA-Protein,1
Rv0894,bin457,DNA-Protein,1
Rv0894,bin565,DNA-Protein,1
Rv0894,bin567,DNA-Protein,1
Rv0894,bin590,DNA-Protein,1
Rv0894,bin618,DNA-Protein,1
Rv0894,bin670,DNA-Protein,1
Rv0894,bin707,DNA-Protein,1
Rv0894,bin710,DNA-Protein,1
Rv0894,bin729,DNA-Protein,1
Rv0894,bin731,DNA-Protein,1
Rv0894,bin735,DNA-Protein,1
Rv0894,bin785,DNA-Protein,1
Rv0894,bin806,DNA-Protein,1
Rv0894,bin809,DNA-Protein,1
Rv0894,bin812,DNA-Protein,1
Rv0894,bin825,DNA-Protein,1
Rv0894,bin851,DNA-Protein,1
Rv0894,bin862,DNA-Protein,1
Rv0967,bin56,DNA-Protein,1
Rv0967,bin173,DNA-Protein,1
Rv0967,bin178,DNA-Protein,1
Rv0967,bin184,DNA-Protein,1
Rv0967,bin235,DNA-Protein,1
Rv0967,bin273,DNA-Protein,1
Rv0967,bin291,DNA-Protein,1
Rv0967,bin317,DNA-Protein,1
Rv0967,bin321,DNA-Protein,1
Rv0967,bin457,DNA-Protein,1
Rv0967,bin594,DNA-Protein,1
Rv0967,bin670,DNA-Protein,1
Rv0967,bin690,DNA-Protein,1
Rv0967,bin707,DNA-Protein,1
Rv0967,bin710,DNA-Protein,1
Rv0967,bin729,DNA-Protein,1
Rv0967,bin731,DNA-Protein,1
Rv0967,bin735,DNA-Protein,1
Rv0967,bin806,DNA-Protein,1
Rv0967,bin809,DNA-Protein,1
Rv0967,bin812,DNA-Protein,1
Rv0967,bin825,DNA-Protein,1
Rv0967,bin862,DNA-Protein,1
mprA,bin155,DNA-Protein,1
mprA,bin178,DNA-Protein,1
mprA,bin215,DNA-Protein,1
mprA,bin273,DNA-Protein,1
mprA,bin382,DNA-Protein,1
mprA,bin386,DNA-Protein,1
mprA,bin420,DNA-Protein,1
mprA,bin432,DNA-Protein,1
mprA,bin447,DNA-Protein,1
mprA,bin452,DNA-Protein,1
mprA,bin457,DNA-Protein,1
mprA,bin571,DNA-Protein,1
mprA,bin590,DNA-Protein,1
mprA,bin618,DNA-Protein,1
mprA,bin670,DNA-Protein,1
mprA,bin710,DNA-Protein,1
mprA,bin731,DNA-Protein,1
mprA,bin735,DNA-Protein,1
mprA,bin806,DNA-Protein,1
mprA,bin809,DNA-Protein,1
mprA,bin820,DNA-Protein,1
mprA,bin825,DNA-Protein,1
mprA,bin835,DNA-Protein,1
mprA,bin862,DNA-Protein,1
mprA,bin865,DNA-Protein,1
Rv1019,bin18,DNA-Protein,1
Rv1019,bin178,DNA-Protein,1
Rv1019,bin273,DNA-Protein,1
Rv1019,bin386,DNA-Protein,1
Rv1019,bin452,DNA-Protein,1
Rv1019,bin590,DNA-Protein,1
Rv1019,bin618,DNA-Protein,1
Rv1019,bin670,DNA-Protein,1
Rv1019,bin707,DNA-Protein,1
Rv1019,bin710,DNA-Protein,1
Rv1019,bin731,DNA-Protein,1
Rv1019,bin825,DNA-Protein,1
Rv1019,bin862,DNA-Protein,1
kdpE,bin16,DNA-Protein,1
kdpE,bin24,DNA-Protein,1
kdpE,bin178,DNA-Protein,1
kdpE,bin432,DNA-Protein,1
kdpE,bin452,DNA-Protein,1
kdpE,bin594,DNA-Protein,1
kdpE,bin670,DNA-Protein,1
kdpE,bin707,DNA-Protein,1
kdpE,bin729,DNA-Protein,1
kdpE,bin735,DNA-Protein,1
kdpE,bin806,DNA-Protein,1
kdpE,bin812,DNA-Protein,1
kdpE,bin825,DNA-Protein,1
kdpE,bin863,DNA-Protein,1
trcR,bin84,DNA-Protein,1
trcR,bin178,DNA-Protein,1
trcR,bin379,DNA-Protein,1
trcR,bin382,DNA-Protein,1
trcR,bin420,DNA-Protein,1
trcR,bin432,DNA-Protein,1
trcR,bin457,DNA-Protein,1
trcR,bin707,DNA-Protein,1
trcR,bin785,DNA-Protein,1
trcR,bin806,DNA-Protein,1
trcR,bin862,DNA-Protein,1
Rv1049,bin18,DNA-Protein,1
Rv1049,bin173,DNA-Protein,1
Rv1049,bin178,DNA-Protein,1
Rv1049,bin182,DNA-Protein,1
Rv1049,bin273,DNA-Protein,1
Rv1049,bin452,DNA-Protein,1
Rv1049,bin457,DNA-Protein,1
Rv1049,bin618,DNA-Protein,1
Rv1049,bin710,DNA-Protein,1
Rv1049,bin729,DNA-Protein,1
Rv1049,bin785,DNA-Protein,1
Rv1049,bin809,DNA-Protein,1
Rv1049,bin862,DNA-Protein,1
Rv1129c,bin883,DNA-Protein,1
Rv1129c,bin60,DNA-Protein,1
Rv1129c,bin161,DNA-Protein,1
Rv1129c,bin178,DNA-Protein,1
Rv1129c,bin273,DNA-Protein,1
Rv1129c,bin310,DNA-Protein,1
Rv1129c,bin379,DNA-Protein,1
Rv1129c,bin382,DNA-Protein,1
Rv1129c,bin386,DNA-Protein,1
Rv1129c,bin389,DNA-Protein,1
Rv1129c,bin413,DNA-Protein,1
Rv1129c,bin420,DNA-Protein,1
Rv1129c,bin432,DNA-Protein,1
Rv1129c,bin452,DNA-Protein,1
Rv1129c,bin567,DNA-Protein,1
Rv1129c,bin670,DNA-Protein,1
Rv1129c,bin707,DNA-Protein,1
Rv1129c,bin710,DNA-Protein,1
Rv1129c,bin729,DNA-Protein,1
Rv1129c,bin735,DNA-Protein,1
Rv1129c,bin806,DNA-Protein,1
Rv1129c,bin809,DNA-Protein,1
Rv1129c,bin812,DNA-Protein,1
Rv1129c,bin820,DNA-Protein,1
Rv1129c,bin825,DNA-Protein,1
Rv1129c,bin862,DNA-Protein,1
Rv1151c,bin84,DNA-Protein,1
Rv1151c,bin113,DNA-Protein,1
Rv1151c,bin161,DNA-Protein,1
Rv1151c,bin184,DNA-Protein,1
Rv1151c,bin273,DNA-Protein,1
Rv1151c,bin379,DNA-Protein,1
Rv1151c,bin382,DNA-Protein,1
Rv1151c,bin590,DNA-Protein,1
Rv1151c,bin659,DNA-Protein,1
Rv1151c,bin670,DNA-Protein,1
Rv1151c,bin707,DNA-Protein,1
Rv1151c,bin710,DNA-Protein,1
Rv1151c,bin729,DNA-Protein,1
Rv1151c,bin735,DNA-Protein,1
Rv1151c,bin803,DNA-Protein,1
Rv1151c,bin809,DNA-Protein,1
Rv1151c,bin812,DNA-Protein,1
Rv1151c,bin825,DNA-Protein,1
Rv1151c,bin862,DNA-Protein,1
Rv1152,bin60,DNA-Protein,1
Rv1152,bin68,DNA-Protein,1
Rv1152,bin80,DNA-Protein,1
Rv1152,bin84,DNA-Protein,1
Rv1152,bin161,DNA-Protein,1
Rv1152,bin173,DNA-Protein,1
Rv1152,bin178,DNA-Protein,1
Rv1152,bin184,DNA-Protein,1
Rv1152,bin188,DNA-Protein,1
Rv1152,bin215,DNA-Protein,1
Rv1152,bin225,DNA-Protein,1
Rv1152,bin235,DNA-Protein,1
Rv1152,bin268,DNA-Protein,1
Rv1152,bin273,DNA-Protein,1
Rv1152,bin317,DNA-Protein,1
Rv1152,bin379,DNA-Protein,1
Rv1152,bin386,DNA-Protein,1
Rv1152,bin389,DNA-Protein,1
Rv1152,bin438,DNA-Protein,1
Rv1152,bin447,DNA-Protein,1
Rv1152,bin452,DNA-Protein,1
Rv1152,bin457,DNA-Protein,1
Rv1152,bin523,DNA-Protein,1
Rv1152,bin565,DNA-Protein,1
Rv1152,bin571,DNA-Protein,1
Rv1152,bin618,DNA-Protein,1
Rv1152,bin670,DNA-Protein,1
Rv1152,bin683,DNA-Protein,1
Rv1152,bin710,DNA-Protein,1
Rv1152,bin722,DNA-Protein,1
Rv1152,bin729,DNA-Protein,1
Rv1152,bin735,DNA-Protein,1
Rv1152,bin763,DNA-Protein,1
Rv1152,bin806,DNA-Protein,1
Rv1152,bin809,DNA-Protein,1
Rv1152,bin812,DNA-Protein,1
Rv1152,bin820,DNA-Protein,1
Rv1152,bin862,DNA-Protein,1
Rv1152,bin863,DNA-Protein,1
sigI,bin883,DNA-Protein,1
sigI,bin18,DNA-Protein,1
sigI,bin30,DNA-Protein,1
sigI,bin44,DNA-Protein,1
sigI,bin79,DNA-Protein,1
sigI,bin161,DNA-Protein,1
sigI,bin173,DNA-Protein,1
sigI,bin178,DNA-Protein,1
sigI,bin215,DNA-Protein,1
sigI,bin256,DNA-Protein,1
sigI,bin273,DNA-Protein,1
sigI,bin291,DNA-Protein,1
sigI,bin386,DNA-Protein,1
sigI,bin415,DNA-Protein,1
sigI,bin447,DNA-Protein,1
sigI,bin448,DNA-Protein,1
sigI,bin452,DNA-Protein,1
sigI,bin457,DNA-Protein,1
sigI,bin468,DNA-Protein,1
sigI,bin490,DNA-Protein,1
sigI,bin590,DNA-Protein,1
sigI,bin670,DNA-Protein,1
sigI,bin707,DNA-Protein,1
sigI,bin710,DNA-Protein,1
sigI,bin729,DNA-Protein,1
sigI,bin731,DNA-Protein,1
sigI,bin785,DNA-Protein,1
sigI,bin806,DNA-Protein,1
sigI,bin809,DNA-Protein,1
sigI,bin812,DNA-Protein,1
sigI,bin825,DNA-Protein,1
sigI,bin835,DNA-Protein,1
sigI,bin862,DNA-Protein,1
sigI,bin871,DNA-Protein,1
Rv1219c,bin78,DNA-Protein,1
Rv1219c,bin113,DNA-Protein,1
Rv1219c,bin155,DNA-Protein,1
Rv1219c,bin173,DNA-Protein,1
Rv1219c,bin196,DNA-Protein,1
Rv1219c,bin334,DNA-Protein,1
Rv1219c,bin343,DNA-Protein,1
Rv1219c,bin383,DNA-Protein,1
Rv1219c,bin386,DNA-Protein,1
Rv1219c,bin452,DNA-Protein,1
Rv1219c,bin565,DNA-Protein,1
Rv1219c,bin670,DNA-Protein,1
Rv1219c,bin696,DNA-Protein,1
Rv1219c,bin729,DNA-Protein,1
Rv1219c,bin735,DNA-Protein,1
Rv1219c,bin745,DNA-Protein,1
Rv1219c,bin785,DNA-Protein,1
Rv1219c,bin806,DNA-Protein,1
Rv1219c,bin809,DNA-Protein,1
Rv1219c,bin812,DNA-Protein,1
Rv1219c,bin825,DNA-Protein,1
Rv1219c,bin862,DNA-Protein,1
sigE,bin56,DNA-Protein,1
sigE,bin84,DNA-Protein,1
sigE,bin113,DNA-Protein,1
sigE,bin215,DNA-Protein,1
sigE,bin273,DNA-Protein,1
sigE,bin386,DNA-Protein,1
sigE,bin420,DNA-Protein,1
sigE,bin452,DNA-Protein,1
sigE,bin590,DNA-Protein,1
sigE,bin710,DNA-Protein,1
sigE,bin735,DNA-Protein,1
sigE,bin785,DNA-Protein,1
sigE,bin812,DNA-Protein,1
sigE,bin820,DNA-Protein,1
sigE,bin825,DNA-Protein,1
sigE,bin862,DNA-Protein,1
Rv1255c,bin48,DNA-Protein,1
Rv1255c,bin56,DNA-Protein,1
Rv1255c,bin60,DNA-Protein,1
Rv1255c,bin84,DNA-Protein,1
Rv1255c,bin119,DNA-Protein,1
Rv1255c,bin161,DNA-Protein,1
Rv1255c,bin178,DNA-Protein,1
Rv1255c,bin188,DNA-Protein,1
Rv1255c,bin215,DNA-Protein,1
Rv1255c,bin235,DNA-Protein,1
Rv1255c,bin273,DNA-Protein,1
Rv1255c,bin310,DNA-Protein,1
Rv1255c,bin420,DNA-Protein,1
Rv1255c,bin422,DNA-Protein,1
Rv1255c,bin432,DNA-Protein,1
Rv1255c,bin442,DNA-Protein,1
Rv1255c,bin457,DNA-Protein,1
Rv1255c,bin565,DNA-Protein,1
Rv1255c,bin571,DNA-Protein,1
Rv1255c,bin590,DNA-Protein,1
Rv1255c,bin670,DNA-Protein,1
Rv1255c,bin688,DNA-Protein,1
Rv1255c,bin707,DNA-Protein,1
Rv1255c,bin709,DNA-Protein,1
Rv1255c,bin710,DNA-Protein,1
Rv1255c,bin729,DNA-Protein,1
Rv1255c,bin735,DNA-Protein,1
Rv1255c,bin765,DNA-Protein,1
Rv1255c,bin785,DNA-Protein,1
Rv1255c,bin791,DNA-Protein,1
Rv1255c,bin809,DNA-Protein,1
Rv1255c,bin812,DNA-Protein,1
Rv1255c,bin825,DNA-Protein,1
Rv1255c,bin835,DNA-Protein,1
Rv1255c,bin862,DNA-Protein,1
Rv1255c,bin863,DNA-Protein,1
pknH,bin137,DNA-Protein,1
pknH,bin178,DNA-Protein,1
pknH,bin273,DNA-Protein,1
pknH,bin383,DNA-Protein,1
pknH,bin386,DNA-Protein,1
pknH,bin389,DNA-Protein,1
pknH,bin452,DNA-Protein,1
pknH,bin618,DNA-Protein,1
pknH,bin707,DNA-Protein,1
pknH,bin710,DNA-Protein,1
pknH,bin727,DNA-Protein,1
pknH,bin735,DNA-Protein,1
pknH,bin820,DNA-Protein,1
pknH,bin825,DNA-Protein,1
embR,bin25,DNA-Protein,1
embR,bin33,DNA-Protein,1
embR,bin68,DNA-Protein,1
embR,bin79,DNA-Protein,1
embR,bin84,DNA-Protein,1
embR,bin147,DNA-Protein,1
embR,bin235,DNA-Protein,1
embR,bin236,DNA-Protein,1
embR,bin268,DNA-Protein,1
embR,bin277,DNA-Protein,1
embR,bin278,DNA-Protein,1
embR,bin291,DNA-Protein,1
embR,bin342,DNA-Protein,1
embR,bin420,DNA-Protein,1
embR,bin435,DNA-Protein,1
embR,bin447,DNA-Protein,1
embR,bin452,DNA-Protein,1
embR,bin565,DNA-Protein,1
embR,bin576,DNA-Protein,1
embR,bin581,DNA-Protein,1
embR,bin594,DNA-Protein,1
embR,bin688,DNA-Protein,1
embR,bin722,DNA-Protein,1
embR,bin729,DNA-Protein,1
embR,bin735,DNA-Protein,1
embR,bin794,DNA-Protein,1
embR,bin809,DNA-Protein,1
embR,bin814,DNA-Protein,1
embR,bin825,DNA-Protein,1
embR,bin845,DNA-Protein,1
embR,bin863,DNA-Protein,1
embR,bin882,DNA-Protein,1
ogt,bin56,DNA-Protein,1
ogt,bin78,DNA-Protein,1
ogt,bin161,DNA-Protein,1
ogt,bin173,DNA-Protein,1
ogt,bin178,DNA-Protein,1
ogt,bin215,DNA-Protein,1
ogt,bin235,DNA-Protein,1
ogt,bin273,DNA-Protein,1
ogt,bin291,DNA-Protein,1
ogt,bin310,DNA-Protein,1
ogt,bin382,DNA-Protein,1
ogt,bin386,DNA-Protein,1
ogt,bin389,DNA-Protein,1
ogt,bin420,DNA-Protein,1
ogt,bin447,DNA-Protein,1
ogt,bin452,DNA-Protein,1
ogt,bin457,DNA-Protein,1
ogt,bin567,DNA-Protein,1
ogt,bin594,DNA-Protein,1
ogt,bin618,DNA-Protein,1
ogt,bin670,DNA-Protein,1
ogt,bin690,DNA-Protein,1
ogt,bin707,DNA-Protein,1
ogt,bin710,DNA-Protein,1
ogt,bin729,DNA-Protein,1
ogt,bin731,DNA-Protein,1
ogt,bin735,DNA-Protein,1
ogt,bin785,DNA-Protein,1
ogt,bin806,DNA-Protein,1
ogt,bin809,DNA-Protein,1
ogt,bin812,DNA-Protein,1
ogt,bin820,DNA-Protein,1
ogt,bin825,DNA-Protein,1
ogt,bin835,DNA-Protein,1
ogt,bin862,DNA-Protein,1
Rv1332,bin18,DNA-Protein,1
Rv1332,bin60,DNA-Protein,1
Rv1332,bin78,DNA-Protein,1
Rv1332,bin79,DNA-Protein,1
Rv1332,bin84,DNA-Protein,1
Rv1332,bin113,DNA-Protein,1
Rv1332,bin155,DNA-Protein,1
Rv1332,bin173,DNA-Protein,1
Rv1332,bin178,DNA-Protein,1
Rv1332,bin184,DNA-Protein,1
Rv1332,bin188,DNA-Protein,1
Rv1332,bin215,DNA-Protein,1
Rv1332,bin235,DNA-Protein,1
Rv1332,bin273,DNA-Protein,1
Rv1332,bin291,DNA-Protein,1
Rv1332,bin310,DNA-Protein,1
Rv1332,bin382,DNA-Protein,1
Rv1332,bin383,DNA-Protein,1
Rv1332,bin386,DNA-Protein,1
Rv1332,bin392,DNA-Protein,1
Rv1332,bin420,DNA-Protein,1
Rv1332,bin452,DNA-Protein,1
Rv1332,bin457,DNA-Protein,1
Rv1332,bin476,DNA-Protein,1
Rv1332,bin565,DNA-Protein,1
Rv1332,bin571,DNA-Protein,1
Rv1332,bin590,DNA-Protein,1
Rv1332,bin594,DNA-Protein,1
Rv1332,bin618,DNA-Protein,1
Rv1332,bin670,DNA-Protein,1
Rv1332,bin710,DNA-Protein,1
Rv1332,bin722,DNA-Protein,1
Rv1332,bin729,DNA-Protein,1
Rv1332,bin731,DNA-Protein,1
Rv1332,bin735,DNA-Protein,1
Rv1332,bin763,DNA-Protein,1
Rv1332,bin806,DNA-Protein,1
Rv1332,bin809,DNA-Protein,1
Rv1332,bin812,DNA-Protein,1
Rv1332,bin825,DNA-Protein,1
Rv1332,bin862,DNA-Protein,1
lprD,bin68,DNA-Protein,1
lprD,bin80,DNA-Protein,1
lprD,bin84,DNA-Protein,1
lprD,bin113,DNA-Protein,1
lprD,bin155,DNA-Protein,1
lprD,bin184,DNA-Protein,1
lprD,bin188,DNA-Protein,1
lprD,bin268,DNA-Protein,1
lprD,bin273,DNA-Protein,1
lprD,bin291,DNA-Protein,1
lprD,bin379,DNA-Protein,1
lprD,bin382,DNA-Protein,1
lprD,bin438,DNA-Protein,1
lprD,bin452,DNA-Protein,1
lprD,bin523,DNA-Protein,1
lprD,bin565,DNA-Protein,1
lprD,bin571,DNA-Protein,1
lprD,bin581,DNA-Protein,1
lprD,bin590,DNA-Protein,1
lprD,bin670,DNA-Protein,1
lprD,bin710,DNA-Protein,1
lprD,bin731,DNA-Protein,1
lprD,bin735,DNA-Protein,1
lprD,bin785,DNA-Protein,1
lprD,bin809,DNA-Protein,1
lprD,bin812,DNA-Protein,1
lprD,bin820,DNA-Protein,1
lprD,bin835,DNA-Protein,1
Rv1358,bin67,DNA-Protein,1
Rv1358,bin137,DNA-Protein,1
Rv1358,bin178,DNA-Protein,1
Rv1358,bin215,DNA-Protein,1
Rv1358,bin273,DNA-Protein,1
Rv1358,bin452,DNA-Protein,1
Rv1358,bin567,DNA-Protein,1
Rv1358,bin590,DNA-Protein,1
Rv1358,bin594,DNA-Protein,1
Rv1358,bin618,DNA-Protein,1
Rv1358,bin688,DNA-Protein,1
Rv1358,bin707,DNA-Protein,1
Rv1358,bin710,DNA-Protein,1
Rv1358,bin727,DNA-Protein,1
Rv1358,bin731,DNA-Protein,1
Rv1358,bin735,DNA-Protein,1
Rv1358,bin785,DNA-Protein,1
Rv1358,bin806,DNA-Protein,1
Rv1358,bin809,DNA-Protein,1
Rv1358,bin812,DNA-Protein,1
Rv1358,bin825,DNA-Protein,1
Rv1359,bin25,DNA-Protein,1
Rv1359,bin29,DNA-Protein,1
Rv1359,bin56,DNA-Protein,1
Rv1359,bin60,DNA-Protein,1
Rv1359,bin68,DNA-Protein,1
Rv1359,bin69,DNA-Protein,1
Rv1359,bin71,DNA-Protein,1
Rv1359,bin79,DNA-Protein,1
Rv1359,bin106,DNA-Protein,1
Rv1359,bin155,DNA-Protein,1
Rv1359,bin187,DNA-Protein,1
Rv1359,bin273,DNA-Protein,1
Rv1359,bin277,DNA-Protein,1
Rv1359,bin292,DNA-Protein,1
Rv1359,bin382,DNA-Protein,1
Rv1359,bin402,DNA-Protein,1
Rv1359,bin425,DNA-Protein,1
Rv1359,bin431,DNA-Protein,1
Rv1359,bin432,DNA-Protein,1
Rv1359,bin452,DNA-Protein,1
Rv1359,bin523,DNA-Protein,1
Rv1359,bin581,DNA-Protein,1
Rv1359,bin618,DNA-Protein,1
Rv1359,bin638,DNA-Protein,1
Rv1359,bin670,DNA-Protein,1
Rv1359,bin683,DNA-Protein,1
Rv1359,bin709,DNA-Protein,1
Rv1359,bin710,DNA-Protein,1
Rv1359,bin722,DNA-Protein,1
Rv1359,bin735,DNA-Protein,1
Rv1359,bin785,DNA-Protein,1
Rv1359,bin806,DNA-Protein,1
Rv1359,bin809,DNA-Protein,1
Rv1359,bin820,DNA-Protein,1
Rv1359,bin825,DNA-Protein,1
Rv1359,bin862,DNA-Protein,1
pyrR,bin30,DNA-Protein,1
pyrR,bin68,DNA-Protein,1
pyrR,bin72,DNA-Protein,1
pyrR,bin76,DNA-Protein,1
pyrR,bin80,DNA-Protein,1
pyrR,bin136,DNA-Protein,1
pyrR,bin144,DNA-Protein,1
pyrR,bin161,DNA-Protein,1
pyrR,bin173,DNA-Protein,1
pyrR,bin178,DNA-Protein,1
pyrR,bin215,DNA-Protein,1
pyrR,bin261,DNA-Protein,1
pyrR,bin268,DNA-Protein,1
pyrR,bin277,DNA-Protein,1
pyrR,bin347,DNA-Protein,1
pyrR,bin357,DNA-Protein,1
pyrR,bin379,DNA-Protein,1
pyrR,bin432,DNA-Protein,1
pyrR,bin452,DNA-Protein,1
pyrR,bin457,DNA-Protein,1
pyrR,bin523,DNA-Protein,1
pyrR,bin567,DNA-Protein,1
pyrR,bin571,DNA-Protein,1
pyrR,bin576,DNA-Protein,1
pyrR,bin618,DNA-Protein,1
pyrR,bin673,DNA-Protein,1
pyrR,bin710,DNA-Protein,1
pyrR,bin720,DNA-Protein,1
pyrR,bin763,DNA-Protein,1
pyrR,bin842,DNA-Protein,1
pyrR,bin862,DNA-Protein,1
Rv1395,bin6,DNA-Protein,1
Rv1395,bin18,DNA-Protein,1
Rv1395,bin60,DNA-Protein,1
Rv1395,bin78,DNA-Protein,1
Rv1395,bin122,DNA-Protein,1
Rv1395,bin155,DNA-Protein,1
Rv1395,bin161,DNA-Protein,1
Rv1395,bin173,DNA-Protein,1
Rv1395,bin178,DNA-Protein,1
Rv1395,bin235,DNA-Protein,1
Rv1395,bin277,DNA-Protein,1
Rv1395,bin339,DNA-Protein,1
Rv1395,bin372,DNA-Protein,1
Rv1395,bin379,DNA-Protein,1
Rv1395,bin382,DNA-Protein,1
Rv1395,bin420,DNA-Protein,1
Rv1395,bin432,DNA-Protein,1
Rv1395,bin438,DNA-Protein,1
Rv1395,bin447,DNA-Protein,1
Rv1395,bin523,DNA-Protein,1
Rv1395,bin565,DNA-Protein,1
Rv1395,bin567,DNA-Protein,1
Rv1395,bin581,DNA-Protein,1
Rv1395,bin612,DNA-Protein,1
Rv1395,bin618,DNA-Protein,1
Rv1395,bin670,DNA-Protein,1
Rv1395,bin677,DNA-Protein,1
Rv1395,bin683,DNA-Protein,1
Rv1395,bin688,DNA-Protein,1
Rv1395,bin710,DNA-Protein,1
Rv1395,bin722,DNA-Protein,1
Rv1395,bin735,DNA-Protein,1
Rv1395,bin781,DNA-Protein,1
Rv1395,bin785,DNA-Protein,1
Rv1395,bin806,DNA-Protein,1
Rv1395,bin809,DNA-Protein,1
Rv1395,bin820,DNA-Protein,1
Rv1395,bin825,DNA-Protein,1
Rv1395,bin845,DNA-Protein,1
Rv1395,bin862,DNA-Protein,1
Rv1404,bin18,DNA-Protein,1
Rv1404,bin35,DNA-Protein,1
Rv1404,bin155,DNA-Protein,1
Rv1404,bin178,DNA-Protein,1
Rv1404,bin273,DNA-Protein,1
Rv1404,bin386,DNA-Protein,1
Rv1404,bin452,DNA-Protein,1
Rv1404,bin590,DNA-Protein,1
Rv1404,bin670,DNA-Protein,1
Rv1404,bin731,DNA-Protein,1
Rv1404,bin862,DNA-Protein,1
whiA,bin6,DNA-Protein,1
whiA,bin79,DNA-Protein,1
whiA,bin155,DNA-Protein,1
whiA,bin167,DNA-Protein,1
whiA,bin173,DNA-Protein,1
whiA,bin184,DNA-Protein,1
whiA,bin291,DNA-Protein,1
whiA,bin372,DNA-Protein,1
whiA,bin382,DNA-Protein,1
whiA,bin386,DNA-Protein,1
whiA,bin432,DNA-Protein,1
whiA,bin438,DNA-Protein,1
whiA,bin442,DNA-Protein,1
whiA,bin452,DNA-Protein,1
whiA,bin565,DNA-Protein,1
whiA,bin618,DNA-Protein,1
whiA,bin707,DNA-Protein,1
whiA,bin709,DNA-Protein,1
whiA,bin720,DNA-Protein,1
whiA,bin729,DNA-Protein,1
whiA,bin735,DNA-Protein,1
whiA,bin785,DNA-Protein,1
whiA,bin806,DNA-Protein,1
whiA,bin862,DNA-Protein,1
whiA,bin863,DNA-Protein,1
Rv1453,bin18,DNA-Protein,1
Rv1453,bin44,DNA-Protein,1
Rv1453,bin56,DNA-Protein,1
Rv1453,bin68,DNA-Protein,1
Rv1453,bin79,DNA-Protein,1
Rv1453,bin84,DNA-Protein,1
Rv1453,bin161,DNA-Protein,1
Rv1453,bin178,DNA-Protein,1
Rv1453,bin184,DNA-Protein,1
Rv1453,bin215,DNA-Protein,1
Rv1453,bin225,DNA-Protein,1
Rv1453,bin235,DNA-Protein,1
Rv1453,bin261,DNA-Protein,1
Rv1453,bin263,DNA-Protein,1
Rv1453,bin273,DNA-Protein,1
Rv1453,bin291,DNA-Protein,1
Rv1453,bin342,DNA-Protein,1
Rv1453,bin347,DNA-Protein,1
Rv1453,bin372,DNA-Protein,1
Rv1453,bin379,DNA-Protein,1
Rv1453,bin386,DNA-Protein,1
Rv1453,bin403,DNA-Protein,1
Rv1453,bin432,DNA-Protein,1
Rv1453,bin442,DNA-Protein,1
Rv1453,bin447,DNA-Protein,1
Rv1453,bin457,DNA-Protein,1
Rv1453,bin567,DNA-Protein,1
Rv1453,bin579,DNA-Protein,1
Rv1453,bin581,DNA-Protein,1
Rv1453,bin594,DNA-Protein,1
Rv1453,bin618,DNA-Protein,1
Rv1453,bin670,DNA-Protein,1
Rv1453,bin688,DNA-Protein,1
Rv1453,bin710,DNA-Protein,1
Rv1453,bin722,DNA-Protein,1
Rv1453,bin729,DNA-Protein,1
Rv1453,bin731,DNA-Protein,1
Rv1453,bin735,DNA-Protein,1
Rv1453,bin785,DNA-Protein,1
Rv1453,bin803,DNA-Protein,1
Rv1453,bin806,DNA-Protein,1
Rv1453,bin809,DNA-Protein,1
Rv1453,bin835,DNA-Protein,1
Rv1453,bin842,DNA-Protein,1
Rv1453,bin845,DNA-Protein,1
Rv1453,bin862,DNA-Protein,1
Rv1453,bin863,DNA-Protein,1
Rv1460,bin883,DNA-Protein,1
Rv1460,bin56,DNA-Protein,1
Rv1460,bin60,DNA-Protein,1
Rv1460,bin67,DNA-Protein,1
Rv1460,bin84,DNA-Protein,1
Rv1460,bin155,DNA-Protein,1
Rv1460,bin161,DNA-Protein,1
Rv1460,bin173,DNA-Protein,1
Rv1460,bin178,DNA-Protein,1
Rv1460,bin215,DNA-Protein,1
Rv1460,bin225,DNA-Protein,1
Rv1460,bin235,DNA-Protein,1
Rv1460,bin273,DNA-Protein,1
Rv1460,bin310,DNA-Protein,1
Rv1460,bin379,DNA-Protein,1
Rv1460,bin382,DNA-Protein,1
Rv1460,bin425,DNA-Protein,1
Rv1460,bin438,DNA-Protein,1
Rv1460,bin452,DNA-Protein,1
Rv1460,bin523,DNA-Protein,1
Rv1460,bin567,DNA-Protein,1
Rv1460,bin590,DNA-Protein,1
Rv1460,bin618,DNA-Protein,1
Rv1460,bin670,DNA-Protein,1
Rv1460,bin683,DNA-Protein,1
Rv1460,bin690,DNA-Protein,1
Rv1460,bin710,DNA-Protein,1
Rv1460,bin722,DNA-Protein,1
Rv1460,bin729,DNA-Protein,1
Rv1460,bin735,DNA-Protein,1
Rv1460,bin763,DNA-Protein,1
Rv1460,bin785,DNA-Protein,1
Rv1460,bin806,DNA-Protein,1
Rv1460,bin812,DNA-Protein,1
Rv1460,bin820,DNA-Protein,1
Rv1460,bin825,DNA-Protein,1
Rv1473A,bin184,DNA-Protein,1
Rv1473A,bin215,DNA-Protein,1
Rv1473A,bin273,DNA-Protein,1
Rv1473A,bin310,DNA-Protein,1
Rv1473A,bin382,DNA-Protein,1
Rv1473A,bin420,DNA-Protein,1
Rv1473A,bin447,DNA-Protein,1
Rv1473A,bin452,DNA-Protein,1
Rv1473A,bin565,DNA-Protein,1
Rv1473A,bin710,DNA-Protein,1
Rv1473A,bin862,DNA-Protein,1
Rv1474c,bin56,DNA-Protein,1
Rv1474c,bin77,DNA-Protein,1
Rv1474c,bin79,DNA-Protein,1
Rv1474c,bin80,DNA-Protein,1
Rv1474c,bin178,DNA-Protein,1
Rv1474c,bin273,DNA-Protein,1
Rv1474c,bin277,DNA-Protein,1
Rv1474c,bin285,DNA-Protein,1
Rv1474c,bin310,DNA-Protein,1
Rv1474c,bin379,DNA-Protein,1
Rv1474c,bin419,DNA-Protein,1
Rv1474c,bin432,DNA-Protein,1
Rv1474c,bin446,DNA-Protein,1
Rv1474c,bin447,DNA-Protein,1
Rv1474c,bin452,DNA-Protein,1
Rv1474c,bin498,DNA-Protein,1
Rv1474c,bin565,DNA-Protein,1
Rv1474c,bin604,DNA-Protein,1
Rv1474c,bin618,DNA-Protein,1
Rv1474c,bin641,DNA-Protein,1
Rv1474c,bin670,DNA-Protein,1
Rv1474c,bin710,DNA-Protein,1
Rv1474c,bin722,DNA-Protein,1
Rv1474c,bin729,DNA-Protein,1
Rv1474c,bin806,DNA-Protein,1
Rv1474c,bin809,DNA-Protein,1
Rv1474c,bin825,DNA-Protein,1
Rv1474c,bin857,DNA-Protein,1
Rv1474c,bin862,DNA-Protein,1
Rv1474c,bin863,DNA-Protein,1
moxR1,bin33,DNA-Protein,1
moxR1,bin68,DNA-Protein,1
moxR1,bin147,DNA-Protein,1
moxR1,bin155,DNA-Protein,1
moxR1,bin187,DNA-Protein,1
moxR1,bin235,DNA-Protein,1
moxR1,bin241,DNA-Protein,1
moxR1,bin249,DNA-Protein,1
moxR1,bin259,DNA-Protein,1
moxR1,bin273,DNA-Protein,1
moxR1,bin277,DNA-Protein,1
moxR1,bin291,DNA-Protein,1
moxR1,bin292,DNA-Protein,1
moxR1,bin310,DNA-Protein,1
moxR1,bin315,DNA-Protein,1
moxR1,bin342,DNA-Protein,1
moxR1,bin382,DNA-Protein,1
moxR1,bin437,DNA-Protein,1
moxR1,bin438,DNA-Protein,1
moxR1,bin567,DNA-Protein,1
moxR1,bin590,DNA-Protein,1
moxR1,bin631,DNA-Protein,1
moxR1,bin662,DNA-Protein,1
moxR1,bin688,DNA-Protein,1
moxR1,bin709,DNA-Protein,1
moxR1,bin710,DNA-Protein,1
moxR1,bin717,DNA-Protein,1
moxR1,bin735,DNA-Protein,1
moxR1,bin785,DNA-Protein,1
moxR1,bin788,DNA-Protein,1
moxR1,bin820,DNA-Protein,1
moxR1,bin825,DNA-Protein,1
moxR1,bin840,DNA-Protein,1
moxR1,bin844,DNA-Protein,1
moxR1,bin863,DNA-Protein,1
moxR1,bin877,DNA-Protein,1
Rv1534,bin17,DNA-Protein,1
Rv1534,bin291,DNA-Protein,1
Rv1534,bin523,DNA-Protein,1
Rv1534,bin707,DNA-Protein,1
Rv1534,bin729,DNA-Protein,1
Rv1534,bin806,DNA-Protein,1
Rv1534,bin808,DNA-Protein,1
Rv1534,bin809,DNA-Protein,1
Rv1534,bin812,DNA-Protein,1
Rv1534,bin825,DNA-Protein,1
Rv1534,bin862,DNA-Protein,1
Rv1556,bin60,DNA-Protein,1
Rv1556,bin68,DNA-Protein,1
Rv1556,bin84,DNA-Protein,1
Rv1556,bin113,DNA-Protein,1
Rv1556,bin161,DNA-Protein,1
Rv1556,bin268,DNA-Protein,1
Rv1556,bin277,DNA-Protein,1
Rv1556,bin372,DNA-Protein,1
Rv1556,bin420,DNA-Protein,1
Rv1556,bin438,DNA-Protein,1
Rv1556,bin523,DNA-Protein,1
Rv1556,bin571,DNA-Protein,1
Rv1556,bin628,DNA-Protein,1
Rv1556,bin688,DNA-Protein,1
Rv1556,bin709,DNA-Protein,1
Rv1556,bin710,DNA-Protein,1
Rv1556,bin722,DNA-Protein,1
Rv1556,bin735,DNA-Protein,1
Rv1556,bin806,DNA-Protein,1
Rv1556,bin809,DNA-Protein,1
Rv1556,bin820,DNA-Protein,1
Rv1556,bin863,DNA-Protein,1
Rv1626,bin2,DNA-Protein,1
Rv1626,bin15,DNA-Protein,1
Rv1626,bin60,DNA-Protein,1
Rv1626,bin78,DNA-Protein,1
Rv1626,bin96,DNA-Protein,1
Rv1626,bin155,DNA-Protein,1
Rv1626,bin173,DNA-Protein,1
Rv1626,bin184,DNA-Protein,1
Rv1626,bin187,DNA-Protein,1
Rv1626,bin202,DNA-Protein,1
Rv1626,bin223,DNA-Protein,1
Rv1626,bin235,DNA-Protein,1
Rv1626,bin269,DNA-Protein,1
Rv1626,bin273,DNA-Protein,1
Rv1626,bin310,DNA-Protein,1
Rv1626,bin342,DNA-Protein,1
Rv1626,bin346,DNA-Protein,1
Rv1626,bin379,DNA-Protein,1
Rv1626,bin382,DNA-Protein,1
Rv1626,bin386,DNA-Protein,1
Rv1626,bin402,DNA-Protein,1
Rv1626,bin428,DNA-Protein,1
Rv1626,bin452,DNA-Protein,1
Rv1626,bin457,DNA-Protein,1
Rv1626,bin473,DNA-Protein,1
Rv1626,bin565,DNA-Protein,1
Rv1626,bin612,DNA-Protein,1
Rv1626,bin619,DNA-Protein,1
Rv1626,bin670,DNA-Protein,1
Rv1626,bin675,DNA-Protein,1
Rv1626,bin709,DNA-Protein,1
Rv1626,bin710,DNA-Protein,1
Rv1626,bin735,DNA-Protein,1
Rv1626,bin741,DNA-Protein,1
Rv1626,bin768,DNA-Protein,1
Rv1626,bin803,DNA-Protein,1
Rv1626,bin806,DNA-Protein,1
Rv1626,bin825,DNA-Protein,1
Rv1626,bin862,DNA-Protein,1
Rv1626,bin863,DNA-Protein,1
Rv1626,bin864,DNA-Protein,1
Rv1626,bin882,DNA-Protein,1
argR,bin30,DNA-Protein,1
argR,bin67,DNA-Protein,1
argR,bin155,DNA-Protein,1
argR,bin178,DNA-Protein,1
argR,bin184,DNA-Protein,1
argR,bin258,DNA-Protein,1
argR,bin291,DNA-Protein,1
argR,bin310,DNA-Protein,1
argR,bin382,DNA-Protein,1
argR,bin420,DNA-Protein,1
argR,bin438,DNA-Protein,1
argR,bin447,DNA-Protein,1
argR,bin452,DNA-Protein,1
argR,bin523,DNA-Protein,1
argR,bin567,DNA-Protein,1
argR,bin590,DNA-Protein,1
argR,bin594,DNA-Protein,1
argR,bin618,DNA-Protein,1
argR,bin690,DNA-Protein,1
argR,bin710,DNA-Protein,1
argR,bin714,DNA-Protein,1
argR,bin722,DNA-Protein,1
argR,bin729,DNA-Protein,1
argR,bin735,DNA-Protein,1
argR,bin785,DNA-Protein,1
argR,bin806,DNA-Protein,1
argR,bin809,DNA-Protein,1
argR,bin825,DNA-Protein,1
argR,bin862,DNA-Protein,1
Rv1674c,bin56,DNA-Protein,1
Rv1674c,bin68,DNA-Protein,1
Rv1674c,bin78,DNA-Protein,1
Rv1674c,bin178,DNA-Protein,1
Rv1674c,bin184,DNA-Protein,1
Rv1674c,bin215,DNA-Protein,1
Rv1674c,bin268,DNA-Protein,1
Rv1674c,bin273,DNA-Protein,1
Rv1674c,bin277,DNA-Protein,1
Rv1674c,bin291,DNA-Protein,1
Rv1674c,bin310,DNA-Protein,1
Rv1674c,bin379,DNA-Protein,1
Rv1674c,bin382,DNA-Protein,1
Rv1674c,bin386,DNA-Protein,1
Rv1674c,bin438,DNA-Protein,1
Rv1674c,bin452,DNA-Protein,1
Rv1674c,bin457,DNA-Protein,1
Rv1674c,bin523,DNA-Protein,1
Rv1674c,bin567,DNA-Protein,1
Rv1674c,bin618,DNA-Protein,1
Rv1674c,bin670,DNA-Protein,1
Rv1674c,bin688,DNA-Protein,1
Rv1674c,bin707,DNA-Protein,1
Rv1674c,bin709,DNA-Protein,1
Rv1674c,bin710,DNA-Protein,1
Rv1674c,bin735,DNA-Protein,1
Rv1674c,bin763,DNA-Protein,1
Rv1674c,bin785,DNA-Protein,1
Rv1674c,bin809,DNA-Protein,1
Rv1674c,bin812,DNA-Protein,1
Rv1674c,bin820,DNA-Protein,1
Rv1674c,bin825,DNA-Protein,1
Rv1674c,bin835,DNA-Protein,1
Rv1674c,bin862,DNA-Protein,1
Rv1675c,bin6,DNA-Protein,1
Rv1675c,bin7,DNA-Protein,1
Rv1675c,bin69,DNA-Protein,1
Rv1675c,bin84,DNA-Protein,1
Rv1675c,bin113,DNA-Protein,1
Rv1675c,bin134,DNA-Protein,1
Rv1675c,bin147,DNA-Protein,1
Rv1675c,bin184,DNA-Protein,1
Rv1675c,bin215,DNA-Protein,1
Rv1675c,bin273,DNA-Protein,1
Rv1675c,bin277,DNA-Protein,1
Rv1675c,bin310,DNA-Protein,1
Rv1675c,bin347,DNA-Protein,1
Rv1675c,bin372,DNA-Protein,1
Rv1675c,bin382,DNA-Protein,1
Rv1675c,bin386,DNA-Protein,1
Rv1675c,bin402,DNA-Protein,1
Rv1675c,bin438,DNA-Protein,1
Rv1675c,bin447,DNA-Protein,1
Rv1675c,bin457,DNA-Protein,1
Rv1675c,bin565,DNA-Protein,1
Rv1675c,bin571,DNA-Protein,1
Rv1675c,bin581,DNA-Protein,1
Rv1675c,bin594,DNA-Protein,1
Rv1675c,bin683,DNA-Protein,1
Rv1675c,bin690,DNA-Protein,1
Rv1675c,bin709,DNA-Protein,1
Rv1675c,bin714,DNA-Protein,1
Rv1675c,bin720,DNA-Protein,1
Rv1675c,bin722,DNA-Protein,1
Rv1675c,bin729,DNA-Protein,1
Rv1675c,bin731,DNA-Protein,1
Rv1675c,bin735,DNA-Protein,1
Rv1675c,bin765,DNA-Protein,1
Rv1675c,bin803,DNA-Protein,1
Rv1675c,bin806,DNA-Protein,1
Rv1675c,bin812,DNA-Protein,1
Rv1675c,bin835,DNA-Protein,1
Rv1675c,bin862,DNA-Protein,1
Rv1675c,bin863,DNA-Protein,1
Rv1719,bin60,DNA-Protein,1
Rv1719,bin155,DNA-Protein,1
Rv1719,bin178,DNA-Protein,1
Rv1719,bin188,DNA-Protein,1
Rv1719,bin291,DNA-Protein,1
Rv1719,bin382,DNA-Protein,1
Rv1719,bin386,DNA-Protein,1
Rv1719,bin452,DNA-Protein,1
Rv1719,bin594,DNA-Protein,1
Rv1719,bin683,DNA-Protein,1
Rv1719,bin710,DNA-Protein,1
Rv1719,bin862,DNA-Protein,1
Rv1719,bin875,DNA-Protein,1
Rv1773c,bin56,DNA-Protein,1
Rv1773c,bin60,DNA-Protein,1
Rv1773c,bin84,DNA-Protein,1
Rv1773c,bin155,DNA-Protein,1
Rv1773c,bin268,DNA-Protein,1
Rv1773c,bin276,DNA-Protein,1
Rv1773c,bin291,DNA-Protein,1
Rv1773c,bin310,DNA-Protein,1
Rv1773c,bin347,DNA-Protein,1
Rv1773c,bin379,DNA-Protein,1
Rv1773c,bin382,DNA-Protein,1
Rv1773c,bin438,DNA-Protein,1
Rv1773c,bin442,DNA-Protein,1
Rv1773c,bin447,DNA-Protein,1
Rv1773c,bin452,DNA-Protein,1
Rv1773c,bin517,DNA-Protein,1
Rv1773c,bin567,DNA-Protein,1
Rv1773c,bin707,DNA-Protein,1
Rv1773c,bin710,DNA-Protein,1
Rv1773c,bin722,DNA-Protein,1
Rv1773c,bin729,DNA-Protein,1
Rv1773c,bin735,DNA-Protein,1
Rv1773c,bin785,DNA-Protein,1
Rv1773c,bin806,DNA-Protein,1
Rv1773c,bin820,DNA-Protein,1
Rv1773c,bin825,DNA-Protein,1
Rv1773c,bin862,DNA-Protein,1
Rv1776c,bin68,DNA-Protein,1
Rv1776c,bin80,DNA-Protein,1
Rv1776c,bin155,DNA-Protein,1
Rv1776c,bin161,DNA-Protein,1
Rv1776c,bin173,DNA-Protein,1
Rv1776c,bin184,DNA-Protein,1
Rv1776c,bin235,DNA-Protein,1
Rv1776c,bin310,DNA-Protein,1
Rv1776c,bin317,DNA-Protein,1
Rv1776c,bin386,DNA-Protein,1
Rv1776c,bin420,DNA-Protein,1
Rv1776c,bin421,DNA-Protein,1
Rv1776c,bin447,DNA-Protein,1
Rv1776c,bin448,DNA-Protein,1
Rv1776c,bin452,DNA-Protein,1
Rv1776c,bin457,DNA-Protein,1
Rv1776c,bin523,DNA-Protein,1
Rv1776c,bin565,DNA-Protein,1
Rv1776c,bin567,DNA-Protein,1
Rv1776c,bin571,DNA-Protein,1
Rv1776c,bin581,DNA-Protein,1
Rv1776c,bin618,DNA-Protein,1
Rv1776c,bin628,DNA-Protein,1
Rv1776c,bin636,DNA-Protein,1
Rv1776c,bin670,DNA-Protein,1
Rv1776c,bin688,DNA-Protein,1
Rv1776c,bin690,DNA-Protein,1
Rv1776c,bin710,DNA-Protein,1
Rv1776c,bin729,DNA-Protein,1
Rv1776c,bin731,DNA-Protein,1
Rv1776c,bin735,DNA-Protein,1
Rv1776c,bin806,DNA-Protein,1
Rv1776c,bin809,DNA-Protein,1
Rv1776c,bin820,DNA-Protein,1
Rv1776c,bin825,DNA-Protein,1
Rv1776c,bin845,DNA-Protein,1
cyp143,bin60,DNA-Protein,1
cyp143,bin78,DNA-Protein,1
cyp143,bin80,DNA-Protein,1
cyp143,bin84,DNA-Protein,1
cyp143,bin161,DNA-Protein,1
cyp143,bin178,DNA-Protein,1
cyp143,bin188,DNA-Protein,1
cyp143,bin235,DNA-Protein,1
cyp143,bin268,DNA-Protein,1
cyp143,bin273,DNA-Protein,1
cyp143,bin291,DNA-Protein,1
cyp143,bin310,DNA-Protein,1
cyp143,bin342,DNA-Protein,1
cyp143,bin347,DNA-Protein,1
cyp143,bin379,DNA-Protein,1
cyp143,bin382,DNA-Protein,1
cyp143,bin420,DNA-Protein,1
cyp143,bin432,DNA-Protein,1
cyp143,bin452,DNA-Protein,1
cyp143,bin500,DNA-Protein,1
cyp143,bin523,DNA-Protein,1
cyp143,bin565,DNA-Protein,1
cyp143,bin567,DNA-Protein,1
cyp143,bin571,DNA-Protein,1
cyp143,bin590,DNA-Protein,1
cyp143,bin594,DNA-Protein,1
cyp143,bin618,DNA-Protein,1
cyp143,bin628,DNA-Protein,1
cyp143,bin683,DNA-Protein,1
cyp143,bin707,DNA-Protein,1
cyp143,bin710,DNA-Protein,1
cyp143,bin722,DNA-Protein,1
cyp143,bin729,DNA-Protein,1
cyp143,bin731,DNA-Protein,1
cyp143,bin735,DNA-Protein,1
cyp143,bin785,DNA-Protein,1
cyp143,bin809,DNA-Protein,1
cyp143,bin812,DNA-Protein,1
cyp143,bin820,DNA-Protein,1
cyp143,bin825,DNA-Protein,1
Rv1816,bin883,DNA-Protein,1
Rv1816,bin60,DNA-Protein,1
Rv1816,bin68,DNA-Protein,1
Rv1816,bin273,DNA-Protein,1
Rv1816,bin277,DNA-Protein,1
Rv1816,bin291,DNA-Protein,1
Rv1816,bin402,DNA-Protein,1
Rv1816,bin452,DNA-Protein,1
Rv1816,bin457,DNA-Protein,1
Rv1816,bin605,DNA-Protein,1
Rv1816,bin618,DNA-Protein,1
Rv1816,bin670,DNA-Protein,1
Rv1816,bin710,DNA-Protein,1
Rv1816,bin721,DNA-Protein,1
Rv1816,bin722,DNA-Protein,1
Rv1816,bin729,DNA-Protein,1
Rv1816,bin735,DNA-Protein,1
Rv1816,bin862,DNA-Protein,1
Rv1830,bin60,DNA-Protein,1
Rv1830,bin68,DNA-Protein,1
Rv1830,bin84,DNA-Protein,1
Rv1830,bin90,DNA-Protein,1
Rv1830,bin101,DNA-Protein,1
Rv1830,bin104,DNA-Protein,1
Rv1830,bin134,DNA-Protein,1
Rv1830,bin160,DNA-Protein,1
Rv1830,bin184,DNA-Protein,1
Rv1830,bin273,DNA-Protein,1
Rv1830,bin291,DNA-Protein,1
Rv1830,bin336,DNA-Protein,1
Rv1830,bin382,DNA-Protein,1
Rv1830,bin446,DNA-Protein,1
Rv1830,bin447,DNA-Protein,1
Rv1830,bin467,DNA-Protein,1
Rv1830,bin502,DNA-Protein,1
Rv1830,bin517,DNA-Protein,1
Rv1830,bin537,DNA-Protein,1
Rv1830,bin617,DNA-Protein,1
Rv1830,bin670,DNA-Protein,1
Rv1830,bin678,DNA-Protein,1
Rv1830,bin707,DNA-Protein,1
Rv1830,bin709,DNA-Protein,1
Rv1830,bin710,DNA-Protein,1
Rv1830,bin711,DNA-Protein,1
Rv1830,bin735,DNA-Protein,1
Rv1830,bin785,DNA-Protein,1
Rv1830,bin845,DNA-Protein,1
Rv1830,bin862,DNA-Protein,1
furA,bin366,DNA-Protein,1
furA,bin386,DNA-Protein,1
furA,bin677,DNA-Protein,1
Rv1931c,bin883,DNA-Protein,1
Rv1931c,bin16,DNA-Protein,1
Rv1931c,bin25,DNA-Protein,1
Rv1931c,bin67,DNA-Protein,1
Rv1931c,bin68,DNA-Protein,1
Rv1931c,bin161,DNA-Protein,1
Rv1931c,bin178,DNA-Protein,1
Rv1931c,bin187,DNA-Protein,1
Rv1931c,bin189,DNA-Protein,1
Rv1931c,bin273,DNA-Protein,1
Rv1931c,bin379,DNA-Protein,1
Rv1931c,bin386,DNA-Protein,1
Rv1931c,bin387,DNA-Protein,1
Rv1931c,bin402,DNA-Protein,1
Rv1931c,bin442,DNA-Protein,1
Rv1931c,bin452,DNA-Protein,1
Rv1931c,bin457,DNA-Protein,1
Rv1931c,bin567,DNA-Protein,1
Rv1931c,bin590,DNA-Protein,1
Rv1931c,bin618,DNA-Protein,1
Rv1931c,bin683,DNA-Protein,1
Rv1931c,bin709,DNA-Protein,1
Rv1931c,bin710,DNA-Protein,1
Rv1931c,bin729,DNA-Protein,1
Rv1931c,bin735,DNA-Protein,1
Rv1931c,bin763,DNA-Protein,1
Rv1931c,bin785,DNA-Protein,1
Rv1931c,bin806,DNA-Protein,1
Rv1931c,bin809,DNA-Protein,1
Rv1931c,bin812,DNA-Protein,1
Rv1931c,bin820,DNA-Protein,1
Rv1931c,bin825,DNA-Protein,1
Rv1931c,bin862,DNA-Protein,1
Rv1956,bin7,DNA-Protein,1
Rv1956,bin56,DNA-Protein,1
Rv1956,bin67,DNA-Protein,1
Rv1956,bin68,DNA-Protein,1
Rv1956,bin69,DNA-Protein,1
Rv1956,bin113,DNA-Protein,1
Rv1956,bin161,DNA-Protein,1
Rv1956,bin173,DNA-Protein,1
Rv1956,bin184,DNA-Protein,1
Rv1956,bin235,DNA-Protein,1
Rv1956,bin273,DNA-Protein,1
Rv1956,bin291,DNA-Protein,1
Rv1956,bin310,DNA-Protein,1
Rv1956,bin372,DNA-Protein,1
Rv1956,bin382,DNA-Protein,1
Rv1956,bin389,DNA-Protein,1
Rv1956,bin442,DNA-Protein,1
Rv1956,bin523,DNA-Protein,1
Rv1956,bin565,DNA-Protein,1
Rv1956,bin567,DNA-Protein,1
Rv1956,bin571,DNA-Protein,1
Rv1956,bin581,DNA-Protein,1
Rv1956,bin590,DNA-Protein,1
Rv1956,bin594,DNA-Protein,1
Rv1956,bin618,DNA-Protein,1
Rv1956,bin628,DNA-Protein,1
Rv1956,bin670,DNA-Protein,1
Rv1956,bin709,DNA-Protein,1
Rv1956,bin710,DNA-Protein,1
Rv1956,bin722,DNA-Protein,1
Rv1956,bin729,DNA-Protein,1
Rv1956,bin735,DNA-Protein,1
Rv1956,bin785,DNA-Protein,1
Rv1956,bin809,DNA-Protein,1
Rv1956,bin820,DNA-Protein,1
Rv1956,bin825,DNA-Protein,1
Rv1956,bin845,DNA-Protein,1
Rv1956,bin862,DNA-Protein,1
Rv1956,bin863,DNA-Protein,1
mce3R,bin382,DNA-Protein,1
mce3R,bin565,DNA-Protein,1
mce3R,bin581,DNA-Protein,1
mce3R,bin835,DNA-Protein,1
Rv1985c,bin6,DNA-Protein,1
Rv1985c,bin7,DNA-Protein,1
Rv1985c,bin48,DNA-Protein,1
Rv1985c,bin56,DNA-Protein,1
Rv1985c,bin60,DNA-Protein,1
Rv1985c,bin68,DNA-Protein,1
Rv1985c,bin93,DNA-Protein,1
Rv1985c,bin103,DNA-Protein,1
Rv1985c,bin235,DNA-Protein,1
Rv1985c,bin268,DNA-Protein,1
Rv1985c,bin273,DNA-Protein,1
Rv1985c,bin281,DNA-Protein,1
Rv1985c,bin565,DNA-Protein,1
Rv1985c,bin567,DNA-Protein,1
Rv1985c,bin571,DNA-Protein,1
Rv1985c,bin586,DNA-Protein,1
Rv1985c,bin683,DNA-Protein,1
Rv1985c,bin686,DNA-Protein,1
Rv1985c,bin729,DNA-Protein,1
Rv1985c,bin785,DNA-Protein,1
Rv1985c,bin806,DNA-Protein,1
Rv1985c,bin835,DNA-Protein,1
Rv1985c,bin862,DNA-Protein,1
Rv1990c,bin44,DNA-Protein,1
Rv1990c,bin60,DNA-Protein,1
Rv1990c,bin68,DNA-Protein,1
Rv1990c,bin69,DNA-Protein,1
Rv1990c,bin84,DNA-Protein,1
Rv1990c,bin160,DNA-Protein,1
Rv1990c,bin161,DNA-Protein,1
Rv1990c,bin187,DNA-Protein,1
Rv1990c,bin189,DNA-Protein,1
Rv1990c,bin198,DNA-Protein,1
Rv1990c,bin261,DNA-Protein,1
Rv1990c,bin306,DNA-Protein,1
Rv1990c,bin342,DNA-Protein,1
Rv1990c,bin355,DNA-Protein,1
Rv1990c,bin432,DNA-Protein,1
Rv1990c,bin438,DNA-Protein,1
Rv1990c,bin452,DNA-Protein,1
Rv1990c,bin467,DNA-Protein,1
Rv1990c,bin479,DNA-Protein,1
Rv1990c,bin576,DNA-Protein,1
Rv1990c,bin581,DNA-Protein,1
Rv1990c,bin582,DNA-Protein,1
Rv1990c,bin590,DNA-Protein,1
Rv1990c,bin628,DNA-Protein,1
Rv1990c,bin669,DNA-Protein,1
Rv1990c,bin678,DNA-Protein,1
Rv1990c,bin680,DNA-Protein,1
Rv1990c,bin682,DNA-Protein,1
Rv1990c,bin683,DNA-Protein,1
Rv1990c,bin709,DNA-Protein,1
Rv1990c,bin729,DNA-Protein,1
Rv1990c,bin735,DNA-Protein,1
Rv1990c,bin765,DNA-Protein,1
Rv1990c,bin767,DNA-Protein,1
Rv1990c,bin791,DNA-Protein,1
Rv1990c,bin825,DNA-Protein,1
Rv1990c,bin828,DNA-Protein,1
Rv1990c,bin863,DNA-Protein,1
Rv1990c,bin871,DNA-Protein,1
Rv1994c,bin6,DNA-Protein,1
Rv1994c,bin53,DNA-Protein,1
Rv1994c,bin60,DNA-Protein,1
Rv1994c,bin67,DNA-Protein,1
Rv1994c,bin78,DNA-Protein,1
Rv1994c,bin134,DNA-Protein,1
Rv1994c,bin155,DNA-Protein,1
Rv1994c,bin161,DNA-Protein,1
Rv1994c,bin173,DNA-Protein,1
Rv1994c,bin197,DNA-Protein,1
Rv1994c,bin235,DNA-Protein,1
Rv1994c,bin268,DNA-Protein,1
Rv1994c,bin277,DNA-Protein,1
Rv1994c,bin291,DNA-Protein,1
Rv1994c,bin310,DNA-Protein,1
Rv1994c,bin317,DNA-Protein,1
Rv1994c,bin347,DNA-Protein,1
Rv1994c,bin372,DNA-Protein,1
Rv1994c,bin386,DNA-Protein,1
Rv1994c,bin389,DNA-Protein,1
Rv1994c,bin402,DNA-Protein,1
Rv1994c,bin420,DNA-Protein,1
Rv1994c,bin425,DNA-Protein,1
Rv1994c,bin432,DNA-Protein,1
Rv1994c,bin438,DNA-Protein,1
Rv1994c,bin442,DNA-Protein,1
Rv1994c,bin457,DNA-Protein,1
Rv1994c,bin618,DNA-Protein,1
Rv1994c,bin631,DNA-Protein,1
Rv1994c,bin688,DNA-Protein,1
Rv1994c,bin710,DNA-Protein,1
Rv1994c,bin722,DNA-Protein,1
Rv1994c,bin729,DNA-Protein,1
Rv1994c,bin735,DNA-Protein,1
Rv1994c,bin785,DNA-Protein,1
Rv1994c,bin793,DNA-Protein,1
Rv1994c,bin804,DNA-Protein,1
Rv1994c,bin809,DNA-Protein,1
Rv1994c,bin812,DNA-Protein,1
Rv1994c,bin825,DNA-Protein,1
Rv1994c,bin840,DNA-Protein,1
Rv1994c,bin842,DNA-Protein,1
Rv1994c,bin862,DNA-Protein,1
Rv1994c,bin863,DNA-Protein,1
Rv2017,bin883,DNA-Protein,1
Rv2017,bin27,DNA-Protein,1
Rv2017,bin60,DNA-Protein,1
Rv2017,bin67,DNA-Protein,1
Rv2017,bin68,DNA-Protein,1
Rv2017,bin69,DNA-Protein,1
Rv2017,bin79,DNA-Protein,1
Rv2017,bin80,DNA-Protein,1
Rv2017,bin84,DNA-Protein,1
Rv2017,bin134,DNA-Protein,1
Rv2017,bin165,DNA-Protein,1
Rv2017,bin191,DNA-Protein,1
Rv2017,bin207,DNA-Protein,1
Rv2017,bin215,DNA-Protein,1
Rv2017,bin225,DNA-Protein,1
Rv2017,bin227,DNA-Protein,1
Rv2017,bin310,DNA-Protein,1
Rv2017,bin382,DNA-Protein,1
Rv2017,bin402,DNA-Protein,1
Rv2017,bin452,DNA-Protein,1
Rv2017,bin523,DNA-Protein,1
Rv2017,bin628,DNA-Protein,1
Rv2017,bin670,DNA-Protein,1
Rv2017,bin683,DNA-Protein,1
Rv2017,bin690,DNA-Protein,1
Rv2017,bin709,DNA-Protein,1
Rv2017,bin710,DNA-Protein,1
Rv2017,bin729,DNA-Protein,1
Rv2017,bin735,DNA-Protein,1
Rv2017,bin785,DNA-Protein,1
Rv2017,bin804,DNA-Protein,1
Rv2017,bin820,DNA-Protein,1
Rv2017,bin825,DNA-Protein,1
Rv2017,bin835,DNA-Protein,1
Rv2017,bin863,DNA-Protein,1
Rv2021c,bin883,DNA-Protein,1
Rv2021c,bin6,DNA-Protein,1
Rv2021c,bin18,DNA-Protein,1
Rv2021c,bin30,DNA-Protein,1
Rv2021c,bin56,DNA-Protein,1
Rv2021c,bin60,DNA-Protein,1
Rv2021c,bin68,DNA-Protein,1
Rv2021c,bin77,DNA-Protein,1
Rv2021c,bin80,DNA-Protein,1
Rv2021c,bin106,DNA-Protein,1
Rv2021c,bin147,DNA-Protein,1
Rv2021c,bin155,DNA-Protein,1
Rv2021c,bin161,DNA-Protein,1
Rv2021c,bin173,DNA-Protein,1
Rv2021c,bin184,DNA-Protein,1
Rv2021c,bin188,DNA-Protein,1
Rv2021c,bin206,DNA-Protein,1
Rv2021c,bin223,DNA-Protein,1
Rv2021c,bin225,DNA-Protein,1
Rv2021c,bin227,DNA-Protein,1
Rv2021c,bin243,DNA-Protein,1
Rv2021c,bin250,DNA-Protein,1
Rv2021c,bin263,DNA-Protein,1
Rv2021c,bin268,DNA-Protein,1
Rv2021c,bin273,DNA-Protein,1
Rv2021c,bin291,DNA-Protein,1
Rv2021c,bin310,DNA-Protein,1
Rv2021c,bin317,DNA-Protein,1
Rv2021c,bin342,DNA-Protein,1
Rv2021c,bin347,DNA-Protein,1
Rv2021c,bin379,DNA-Protein,1
Rv2021c,bin382,DNA-Protein,1
Rv2021c,bin386,DNA-Protein,1
Rv2021c,bin387,DNA-Protein,1
Rv2021c,bin389,DNA-Protein,1
Rv2021c,bin420,DNA-Protein,1
Rv2021c,bin438,DNA-Protein,1
Rv2021c,bin452,DNA-Protein,1
Rv2021c,bin455,DNA-Protein,1
Rv2021c,bin457,DNA-Protein,1
Rv2021c,bin488,DNA-Protein,1
Rv2021c,bin565,DNA-Protein,1
Rv2021c,bin571,DNA-Protein,1
Rv2021c,bin581,DNA-Protein,1
Rv2021c,bin594,DNA-Protein,1
Rv2021c,bin596,DNA-Protein,1
Rv2021c,bin618,DNA-Protein,1
Rv2021c,bin670,DNA-Protein,1
Rv2021c,bin687,DNA-Protein,1
Rv2021c,bin707,DNA-Protein,1
Rv2021c,bin709,DNA-Protein,1
Rv2021c,bin710,DNA-Protein,1
Rv2021c,bin722,DNA-Protein,1
Rv2021c,bin727,DNA-Protein,1
Rv2021c,bin729,DNA-Protein,1
Rv2021c,bin735,DNA-Protein,1
Rv2021c,bin763,DNA-Protein,1
Rv2021c,bin785,DNA-Protein,1
Rv2021c,bin803,DNA-Protein,1
Rv2021c,bin804,DNA-Protein,1
Rv2021c,bin809,DNA-Protein,1
Rv2021c,bin812,DNA-Protein,1
Rv2021c,bin820,DNA-Protein,1
Rv2021c,bin825,DNA-Protein,1
Rv2021c,bin835,DNA-Protein,1
Rv2021c,bin859,DNA-Protein,1
Rv2021c,bin862,DNA-Protein,1
Rv2021c,bin863,DNA-Protein,1
Rv2034,bin6,DNA-Protein,1
Rv2034,bin9,DNA-Protein,1
Rv2034,bin68,DNA-Protein,1
Rv2034,bin79,DNA-Protein,1
Rv2034,bin80,DNA-Protein,1
Rv2034,bin155,DNA-Protein,1
Rv2034,bin173,DNA-Protein,1
Rv2034,bin225,DNA-Protein,1
Rv2034,bin273,DNA-Protein,1
Rv2034,bin310,DNA-Protein,1
Rv2034,bin362,DNA-Protein,1
Rv2034,bin379,DNA-Protein,1
Rv2034,bin386,DNA-Protein,1
Rv2034,bin420,DNA-Protein,1
Rv2034,bin432,DNA-Protein,1
Rv2034,bin452,DNA-Protein,1
Rv2034,bin567,DNA-Protein,1
Rv2034,bin571,DNA-Protein,1
Rv2034,bin594,DNA-Protein,1
Rv2034,bin628,DNA-Protein,1
Rv2034,bin675,DNA-Protein,1
Rv2034,bin690,DNA-Protein,1
Rv2034,bin710,DNA-Protein,1
Rv2034,bin735,DNA-Protein,1
Rv2034,bin785,DNA-Protein,1
Rv2034,bin803,DNA-Protein,1
Rv2034,bin862,DNA-Protein,1
sigC,bin883,DNA-Protein,1
sigC,bin18,DNA-Protein,1
sigC,bin147,DNA-Protein,1
sigC,bin155,DNA-Protein,1
sigC,bin241,DNA-Protein,1
sigC,bin268,DNA-Protein,1
sigC,bin277,DNA-Protein,1
sigC,bin308,DNA-Protein,1
sigC,bin317,DNA-Protein,1
sigC,bin342,DNA-Protein,1
sigC,bin372,DNA-Protein,1
sigC,bin387,DNA-Protein,1
sigC,bin438,DNA-Protein,1
sigC,bin452,DNA-Protein,1
sigC,bin567,DNA-Protein,1
sigC,bin571,DNA-Protein,1
sigC,bin581,DNA-Protein,1
sigC,bin618,DNA-Protein,1
sigC,bin628,DNA-Protein,1
sigC,bin670,DNA-Protein,1
sigC,bin688,DNA-Protein,1
sigC,bin710,DNA-Protein,1
sigC,bin729,DNA-Protein,1
sigC,bin735,DNA-Protein,1
sigC,bin785,DNA-Protein,1
sigC,bin806,DNA-Protein,1
sigC,bin809,DNA-Protein,1
sigC,bin820,DNA-Protein,1
sigC,bin825,DNA-Protein,1
sigC,bin862,DNA-Protein,1
Rv2175c,bin56,DNA-Protein,1
Rv2175c,bin67,DNA-Protein,1
Rv2175c,bin79,DNA-Protein,1
Rv2175c,bin152,DNA-Protein,1
Rv2175c,bin277,DNA-Protein,1
Rv2175c,bin292,DNA-Protein,1
Rv2175c,bin357,DNA-Protein,1
Rv2175c,bin382,DNA-Protein,1
Rv2175c,bin400,DNA-Protein,1
Rv2175c,bin447,DNA-Protein,1
Rv2175c,bin452,DNA-Protein,1
Rv2175c,bin618,DNA-Protein,1
Rv2175c,bin657,DNA-Protein,1
Rv2175c,bin670,DNA-Protein,1
Rv2175c,bin682,DNA-Protein,1
Rv2175c,bin683,DNA-Protein,1
Rv2175c,bin709,DNA-Protein,1
Rv2175c,bin710,DNA-Protein,1
Rv2175c,bin729,DNA-Protein,1
Rv2175c,bin735,DNA-Protein,1
Rv2175c,bin835,DNA-Protein,1
Rv2250c,bin30,DNA-Protein,1
Rv2250c,bin80,DNA-Protein,1
Rv2250c,bin134,DNA-Protein,1
Rv2250c,bin147,DNA-Protein,1
Rv2250c,bin178,DNA-Protein,1
Rv2250c,bin235,DNA-Protein,1
Rv2250c,bin332,DNA-Protein,1
Rv2250c,bin357,DNA-Protein,1
Rv2250c,bin379,DNA-Protein,1
Rv2250c,bin386,DNA-Protein,1
Rv2250c,bin387,DNA-Protein,1
Rv2250c,bin432,DNA-Protein,1
Rv2250c,bin438,DNA-Protein,1
Rv2250c,bin442,DNA-Protein,1
Rv2250c,bin523,DNA-Protein,1
Rv2250c,bin571,DNA-Protein,1
Rv2250c,bin628,DNA-Protein,1
Rv2250c,bin670,DNA-Protein,1
Rv2250c,bin688,DNA-Protein,1
Rv2250c,bin710,DNA-Protein,1
Rv2250c,bin722,DNA-Protein,1
Rv2250c,bin735,DNA-Protein,1
Rv2250c,bin812,DNA-Protein,1
Rv2250c,bin863,DNA-Protein,1
Rv2258c,bin25,DNA-Protein,1
Rv2258c,bin52,DNA-Protein,1
Rv2258c,bin60,DNA-Protein,1
Rv2258c,bin113,DNA-Protein,1
Rv2258c,bin178,DNA-Protein,1
Rv2258c,bin273,DNA-Protein,1
Rv2258c,bin383,DNA-Protein,1
Rv2258c,bin386,DNA-Protein,1
Rv2258c,bin452,DNA-Protein,1
Rv2258c,bin487,DNA-Protein,1
Rv2258c,bin618,DNA-Protein,1
Rv2258c,bin670,DNA-Protein,1
Rv2258c,bin707,DNA-Protein,1
Rv2258c,bin731,DNA-Protein,1
Rv2258c,bin811,DNA-Protein,1
Rv2258c,bin812,DNA-Protein,1
Rv2258c,bin862,DNA-Protein,1
Rv2282c,bin111,DNA-Protein,1
Rv2282c,bin150,DNA-Protein,1
Rv2282c,bin152,DNA-Protein,1
Rv2282c,bin235,DNA-Protein,1
Rv2282c,bin248,DNA-Protein,1
Rv2282c,bin270,DNA-Protein,1
Rv2282c,bin422,DNA-Protein,1
Rv2282c,bin476,DNA-Protein,1
Rv2282c,bin576,DNA-Protein,1
Rv2282c,bin710,DNA-Protein,1
Rv2282c,bin830,DNA-Protein,1
Rv2282c,bin843,DNA-Protein,1
Rv2282c,bin847,DNA-Protein,1
Rv2308,bin6,DNA-Protein,1
Rv2308,bin51,DNA-Protein,1
Rv2308,bin56,DNA-Protein,1
Rv2308,bin84,DNA-Protein,1
Rv2308,bin106,DNA-Protein,1
Rv2308,bin173,DNA-Protein,1
Rv2308,bin178,DNA-Protein,1
Rv2308,bin223,DNA-Protein,1
Rv2308,bin273,DNA-Protein,1
Rv2308,bin310,DNA-Protein,1
Rv2308,bin327,DNA-Protein,1
Rv2308,bin382,DNA-Protein,1
Rv2308,bin386,DNA-Protein,1
Rv2308,bin420,DNA-Protein,1
Rv2308,bin447,DNA-Protein,1
Rv2308,bin452,DNA-Protein,1
Rv2308,bin567,DNA-Protein,1
Rv2308,bin570,DNA-Protein,1
Rv2308,bin594,DNA-Protein,1
Rv2308,bin623,DNA-Protein,1
Rv2308,bin710,DNA-Protein,1
Rv2308,bin729,DNA-Protein,1
Rv2308,bin798,DNA-Protein,1
Rv2308,bin809,DNA-Protein,1
Rv2308,bin812,DNA-Protein,1
Rv2358,bin883,DNA-Protein,1
Rv2358,bin56,DNA-Protein,1
Rv2358,bin84,DNA-Protein,1
Rv2358,bin155,DNA-Protein,1
Rv2358,bin178,DNA-Protein,1
Rv2358,bin215,DNA-Protein,1
Rv2358,bin273,DNA-Protein,1
Rv2358,bin291,DNA-Protein,1
Rv2358,bin310,DNA-Protein,1
Rv2358,bin386,DNA-Protein,1
Rv2358,bin420,DNA-Protein,1
Rv2358,bin438,DNA-Protein,1
Rv2358,bin447,DNA-Protein,1
Rv2358,bin452,DNA-Protein,1
Rv2358,bin457,DNA-Protein,1
Rv2358,bin523,DNA-Protein,1
Rv2358,bin567,DNA-Protein,1
Rv2358,bin590,DNA-Protein,1
Rv2358,bin594,DNA-Protein,1
Rv2358,bin618,DNA-Protein,1
Rv2358,bin670,DNA-Protein,1
Rv2358,bin710,DNA-Protein,1
Rv2358,bin729,DNA-Protein,1
Rv2358,bin731,DNA-Protein,1
Rv2358,bin763,DNA-Protein,1
Rv2358,bin806,DNA-Protein,1
Rv2358,bin809,DNA-Protein,1
Rv2358,bin812,DNA-Protein,1
Rv2358,bin820,DNA-Protein,1
Rv2358,bin825,DNA-Protein,1
Rv2358,bin835,DNA-Protein,1
Rv2358,bin862,DNA-Protein,1
furB,bin7,DNA-Protein,1
furB,bin31,DNA-Protein,1
furB,bin69,DNA-Protein,1
furB,bin76,DNA-Protein,1
furB,bin84,DNA-Protein,1
furB,bin123,DNA-Protein,1
furB,bin161,DNA-Protein,1
furB,bin173,DNA-Protein,1
furB,bin178,DNA-Protein,1
furB,bin268,DNA-Protein,1
furB,bin273,DNA-Protein,1
furB,bin277,DNA-Protein,1
furB,bin291,DNA-Protein,1
furB,bin313,DNA-Protein,1
furB,bin355,DNA-Protein,1
furB,bin372,DNA-Protein,1
furB,bin401,DNA-Protein,1
furB,bin402,DNA-Protein,1
furB,bin420,DNA-Protein,1
furB,bin452,DNA-Protein,1
furB,bin503,DNA-Protein,1
furB,bin567,DNA-Protein,1
furB,bin590,DNA-Protein,1
furB,bin594,DNA-Protein,1
furB,bin618,DNA-Protein,1
furB,bin686,DNA-Protein,1
furB,bin707,DNA-Protein,1
furB,bin712,DNA-Protein,1
furB,bin722,DNA-Protein,1
furB,bin729,DNA-Protein,1
furB,bin731,DNA-Protein,1
furB,bin768,DNA-Protein,1
furB,bin791,DNA-Protein,1
furB,bin806,DNA-Protein,1
furB,bin809,DNA-Protein,1
furB,bin875,DNA-Protein,1
hrcA,bin18,DNA-Protein,1
hrcA,bin178,DNA-Protein,1
hrcA,bin184,DNA-Protein,1
hrcA,bin202,DNA-Protein,1
hrcA,bin273,DNA-Protein,1
hrcA,bin291,DNA-Protein,1
hrcA,bin383,DNA-Protein,1
hrcA,bin389,DNA-Protein,1
hrcA,bin447,DNA-Protein,1
hrcA,bin452,DNA-Protein,1
hrcA,bin670,DNA-Protein,1
hrcA,bin707,DNA-Protein,1
hrcA,bin722,DNA-Protein,1
hrcA,bin735,DNA-Protein,1
hrcA,bin806,DNA-Protein,1
hrcA,bin812,DNA-Protein,1
hrcA,bin825,DNA-Protein,1
hrcA,bin862,DNA-Protein,1
Rv2506,bin173,DNA-Protein,1
Rv2506,bin235,DNA-Protein,1
Rv2506,bin263,DNA-Protein,1
Rv2506,bin273,DNA-Protein,1
Rv2506,bin489,DNA-Protein,1
Rv2506,bin594,DNA-Protein,1
Rv2506,bin708,DNA-Protein,1
Rv2621c,bin883,DNA-Protein,1
Rv2621c,bin14,DNA-Protein,1
Rv2621c,bin18,DNA-Protein,1
Rv2621c,bin113,DNA-Protein,1
Rv2621c,bin173,DNA-Protein,1
Rv2621c,bin178,DNA-Protein,1
Rv2621c,bin215,DNA-Protein,1
Rv2621c,bin273,DNA-Protein,1
Rv2621c,bin310,DNA-Protein,1
Rv2621c,bin382,DNA-Protein,1
Rv2621c,bin383,DNA-Protein,1
Rv2621c,bin386,DNA-Protein,1
Rv2621c,bin389,DNA-Protein,1
Rv2621c,bin420,DNA-Protein,1
Rv2621c,bin452,DNA-Protein,1
Rv2621c,bin567,DNA-Protein,1
Rv2621c,bin594,DNA-Protein,1
Rv2621c,bin670,DNA-Protein,1
Rv2621c,bin707,DNA-Protein,1
Rv2621c,bin710,DNA-Protein,1
Rv2621c,bin729,DNA-Protein,1
Rv2621c,bin731,DNA-Protein,1
Rv2621c,bin735,DNA-Protein,1
Rv2621c,bin785,DNA-Protein,1
Rv2621c,bin806,DNA-Protein,1
Rv2621c,bin809,DNA-Protein,1
Rv2621c,bin812,DNA-Protein,1
Rv2621c,bin820,DNA-Protein,1
Rv2621c,bin825,DNA-Protein,1
Rv2621c,bin862,DNA-Protein,1
Rv2640c,bin56,DNA-Protein,1
Rv2640c,bin67,DNA-Protein,1
Rv2640c,bin68,DNA-Protein,1
Rv2640c,bin79,DNA-Protein,1
Rv2640c,bin84,DNA-Protein,1
Rv2640c,bin155,DNA-Protein,1
Rv2640c,bin173,DNA-Protein,1
Rv2640c,bin215,DNA-Protein,1
Rv2640c,bin235,DNA-Protein,1
Rv2640c,bin245,DNA-Protein,1
Rv2640c,bin273,DNA-Protein,1
Rv2640c,bin303,DNA-Protein,1
Rv2640c,bin310,DNA-Protein,1
Rv2640c,bin347,DNA-Protein,1
Rv2640c,bin402,DNA-Protein,1
Rv2640c,bin418,DNA-Protein,1
Rv2640c,bin419,DNA-Protein,1
Rv2640c,bin420,DNA-Protein,1
Rv2640c,bin432,DNA-Protein,1
Rv2640c,bin442,DNA-Protein,1
Rv2640c,bin452,DNA-Protein,1
Rv2640c,bin457,DNA-Protein,1
Rv2640c,bin523,DNA-Protein,1
Rv2640c,bin565,DNA-Protein,1
Rv2640c,bin567,DNA-Protein,1
Rv2640c,bin590,DNA-Protein,1
Rv2640c,bin594,DNA-Protein,1
Rv2640c,bin618,DNA-Protein,1
Rv2640c,bin623,DNA-Protein,1
Rv2640c,bin670,DNA-Protein,1
Rv2640c,bin683,DNA-Protein,1
Rv2640c,bin694,DNA-Protein,1
Rv2640c,bin696,DNA-Protein,1
Rv2640c,bin709,DNA-Protein,1
Rv2640c,bin710,DNA-Protein,1
Rv2640c,bin729,DNA-Protein,1
Rv2640c,bin731,DNA-Protein,1
Rv2640c,bin735,DNA-Protein,1
Rv2640c,bin785,DNA-Protein,1
Rv2640c,bin809,DNA-Protein,1
Rv2640c,bin812,DNA-Protein,1
Rv2640c,bin820,DNA-Protein,1
Rv2640c,bin825,DNA-Protein,1
Rv2640c,bin844,DNA-Protein,1
Rv2640c,bin862,DNA-Protein,1
Rv2642,bin883,DNA-Protein,1
Rv2642,bin69,DNA-Protein,1
Rv2642,bin89,DNA-Protein,1
Rv2642,bin131,DNA-Protein,1
Rv2642,bin137,DNA-Protein,1
Rv2642,bin161,DNA-Protein,1
Rv2642,bin178,DNA-Protein,1
Rv2642,bin215,DNA-Protein,1
Rv2642,bin273,DNA-Protein,1
Rv2642,bin310,DNA-Protein,1
Rv2642,bin382,DNA-Protein,1
Rv2642,bin386,DNA-Protein,1
Rv2642,bin420,DNA-Protein,1
Rv2642,bin447,DNA-Protein,1
Rv2642,bin452,DNA-Protein,1
Rv2642,bin457,DNA-Protein,1
Rv2642,bin590,DNA-Protein,1
Rv2642,bin594,DNA-Protein,1
Rv2642,bin670,DNA-Protein,1
Rv2642,bin710,DNA-Protein,1
Rv2642,bin727,DNA-Protein,1
Rv2642,bin729,DNA-Protein,1
Rv2642,bin735,DNA-Protein,1
Rv2642,bin785,DNA-Protein,1
Rv2642,bin812,DNA-Protein,1
Rv2642,bin820,DNA-Protein,1
Rv2642,bin824,DNA-Protein,1
Rv2642,bin825,DNA-Protein,1
Rv2642,bin835,DNA-Protein,1
Rv2642,bin862,DNA-Protein,1
Rv2642,bin882,DNA-Protein,1
Rv2669,bin883,DNA-Protein,1
Rv2669,bin18,DNA-Protein,1
Rv2669,bin60,DNA-Protein,1
Rv2669,bin78,DNA-Protein,1
Rv2669,bin84,DNA-Protein,1
Rv2669,bin85,DNA-Protein,1
Rv2669,bin122,DNA-Protein,1
Rv2669,bin155,DNA-Protein,1
Rv2669,bin164,DNA-Protein,1
Rv2669,bin169,DNA-Protein,1
Rv2669,bin178,DNA-Protein,1
Rv2669,bin198,DNA-Protein,1
Rv2669,bin256,DNA-Protein,1
Rv2669,bin268,DNA-Protein,1
Rv2669,bin273,DNA-Protein,1
Rv2669,bin277,DNA-Protein,1
Rv2669,bin291,DNA-Protein,1
Rv2669,bin310,DNA-Protein,1
Rv2669,bin347,DNA-Protein,1
Rv2669,bin379,DNA-Protein,1
Rv2669,bin383,DNA-Protein,1
Rv2669,bin420,DNA-Protein,1
Rv2669,bin447,DNA-Protein,1
Rv2669,bin448,DNA-Protein,1
Rv2669,bin452,DNA-Protein,1
Rv2669,bin503,DNA-Protein,1
Rv2669,bin521,DNA-Protein,1
Rv2669,bin594,DNA-Protein,1
Rv2669,bin618,DNA-Protein,1
Rv2669,bin670,DNA-Protein,1
Rv2669,bin678,DNA-Protein,1
Rv2669,bin682,DNA-Protein,1
Rv2669,bin708,DNA-Protein,1
Rv2669,bin710,DNA-Protein,1
Rv2669,bin722,DNA-Protein,1
Rv2669,bin729,DNA-Protein,1
Rv2669,bin735,DNA-Protein,1
Rv2669,bin736,DNA-Protein,1
Rv2669,bin782,DNA-Protein,1
Rv2669,bin806,DNA-Protein,1
Rv2669,bin820,DNA-Protein,1
Rv2669,bin825,DNA-Protein,1
Rv2669,bin862,DNA-Protein,1
Rv2669,bin863,DNA-Protein,1
sigA,bin18,DNA-Protein,1
sigA,bin34,DNA-Protein,1
sigA,bin56,DNA-Protein,1
sigA,bin60,DNA-Protein,1
sigA,bin67,DNA-Protein,1
sigA,bin78,DNA-Protein,1
sigA,bin84,DNA-Protein,1
sigA,bin113,DNA-Protein,1
sigA,bin173,DNA-Protein,1
sigA,bin178,DNA-Protein,1
sigA,bin184,DNA-Protein,1
sigA,bin187,DNA-Protein,1
sigA,bin273,DNA-Protein,1
sigA,bin310,DNA-Protein,1
sigA,bin382,DNA-Protein,1
sigA,bin386,DNA-Protein,1
sigA,bin420,DNA-Protein,1
sigA,bin447,DNA-Protein,1
sigA,bin452,DNA-Protein,1
sigA,bin471,DNA-Protein,1
sigA,bin537,DNA-Protein,1
sigA,bin571,DNA-Protein,1
sigA,bin590,DNA-Protein,1
sigA,bin618,DNA-Protein,1
sigA,bin670,DNA-Protein,1
sigA,bin688,DNA-Protein,1
sigA,bin710,DNA-Protein,1
sigA,bin722,DNA-Protein,1
sigA,bin729,DNA-Protein,1
sigA,bin785,DNA-Protein,1
sigA,bin806,DNA-Protein,1
sigA,bin809,DNA-Protein,1
sigA,bin812,DNA-Protein,1
sigA,bin820,DNA-Protein,1
sigA,bin825,DNA-Protein,1
sigA,bin835,DNA-Protein,1
sigA,bin862,DNA-Protein,1
sigB,bin883,DNA-Protein,1
sigB,bin18,DNA-Protein,1
sigB,bin56,DNA-Protein,1
sigB,bin60,DNA-Protein,1
sigB,bin178,DNA-Protein,1
sigB,bin215,DNA-Protein,1
sigB,bin273,DNA-Protein,1
sigB,bin372,DNA-Protein,1
sigB,bin382,DNA-Protein,1
sigB,bin432,DNA-Protein,1
sigB,bin452,DNA-Protein,1
sigB,bin457,DNA-Protein,1
sigB,bin521,DNA-Protein,1
sigB,bin567,DNA-Protein,1
sigB,bin618,DNA-Protein,1
sigB,bin642,DNA-Protein,1
sigB,bin670,DNA-Protein,1
sigB,bin707,DNA-Protein,1
sigB,bin710,DNA-Protein,1
sigB,bin722,DNA-Protein,1
sigB,bin729,DNA-Protein,1
sigB,bin735,DNA-Protein,1
sigB,bin741,DNA-Protein,1
sigB,bin785,DNA-Protein,1
sigB,bin806,DNA-Protein,1
sigB,bin809,DNA-Protein,1
sigB,bin812,DNA-Protein,1
sigB,bin820,DNA-Protein,1
sigB,bin825,DNA-Protein,1
sigB,bin862,DNA-Protein,1
ideR,bin883,DNA-Protein,1
ideR,bin6,DNA-Protein,1
ideR,bin16,DNA-Protein,1
ideR,bin29,DNA-Protein,1
ideR,bin49,DNA-Protein,1
ideR,bin60,DNA-Protein,1
ideR,bin79,DNA-Protein,1
ideR,bin140,DNA-Protein,1
ideR,bin147,DNA-Protein,1
ideR,bin161,DNA-Protein,1
ideR,bin173,DNA-Protein,1
ideR,bin178,DNA-Protein,1
ideR,bin212,DNA-Protein,1
ideR,bin215,DNA-Protein,1
ideR,bin222,DNA-Protein,1
ideR,bin277,DNA-Protein,1
ideR,bin291,DNA-Protein,1
ideR,bin294,DNA-Protein,1
ideR,bin310,DNA-Protein,1
ideR,bin317,DNA-Protein,1
ideR,bin325,DNA-Protein,1
ideR,bin372,DNA-Protein,1
ideR,bin379,DNA-Protein,1
ideR,bin382,DNA-Protein,1
ideR,bin447,DNA-Protein,1
ideR,bin452,DNA-Protein,1
ideR,bin521,DNA-Protein,1
ideR,bin523,DNA-Protein,1
ideR,bin565,DNA-Protein,1
ideR,bin571,DNA-Protein,1
ideR,bin581,DNA-Protein,1
ideR,bin590,DNA-Protein,1
ideR,bin594,DNA-Protein,1
ideR,bin618,DNA-Protein,1
ideR,bin670,DNA-Protein,1
ideR,bin673,DNA-Protein,1
ideR,bin703,DNA-Protein,1
ideR,bin707,DNA-Protein,1
ideR,bin709,DNA-Protein,1
ideR,bin710,DNA-Protein,1
ideR,bin720,DNA-Protein,1
ideR,bin725,DNA-Protein,1
ideR,bin735,DNA-Protein,1
ideR,bin806,DNA-Protein,1
ideR,bin820,DNA-Protein,1
ideR,bin825,DNA-Protein,1
ideR,bin835,DNA-Protein,1
ideR,bin854,DNA-Protein,1
ideR,bin862,DNA-Protein,1
ideR,bin863,DNA-Protein,1
ideR,bin873,DNA-Protein,1
lexA,bin9,DNA-Protein,1
lexA,bin18,DNA-Protein,1
lexA,bin56,DNA-Protein,1
lexA,bin60,DNA-Protein,1
lexA,bin84,DNA-Protein,1
lexA,bin161,DNA-Protein,1
lexA,bin173,DNA-Protein,1
lexA,bin178,DNA-Protein,1
lexA,bin231,DNA-Protein,1
lexA,bin245,DNA-Protein,1
lexA,bin255,DNA-Protein,1
lexA,bin273,DNA-Protein,1
lexA,bin291,DNA-Protein,1
lexA,bin347,DNA-Protein,1
lexA,bin386,DNA-Protein,1
lexA,bin389,DNA-Protein,1
lexA,bin420,DNA-Protein,1
lexA,bin438,DNA-Protein,1
lexA,bin447,DNA-Protein,1
lexA,bin452,DNA-Protein,1
lexA,bin473,DNA-Protein,1
lexA,bin479,DNA-Protein,1
lexA,bin482,DNA-Protein,1
lexA,bin490,DNA-Protein,1
lexA,bin523,DNA-Protein,1
lexA,bin567,DNA-Protein,1
lexA,bin590,DNA-Protein,1
lexA,bin618,DNA-Protein,1
lexA,bin670,DNA-Protein,1
lexA,bin677,DNA-Protein,1
lexA,bin707,DNA-Protein,1
lexA,bin709,DNA-Protein,1
lexA,bin710,DNA-Protein,1
lexA,bin722,DNA-Protein,1
lexA,bin729,DNA-Protein,1
lexA,bin735,DNA-Protein,1
lexA,bin785,DNA-Protein,1
lexA,bin809,DNA-Protein,1
lexA,bin812,DNA-Protein,1
lexA,bin825,DNA-Protein,1
lexA,bin862,DNA-Protein,1
lexA,bin882,DNA-Protein,1
Rv2745c,bin883,DNA-Protein,1
Rv2745c,bin18,DNA-Protein,1
Rv2745c,bin137,DNA-Protein,1
Rv2745c,bin161,DNA-Protein,1
Rv2745c,bin178,DNA-Protein,1
Rv2745c,bin184,DNA-Protein,1
Rv2745c,bin273,DNA-Protein,1
Rv2745c,bin310,DNA-Protein,1
Rv2745c,bin379,DNA-Protein,1
Rv2745c,bin382,DNA-Protein,1
Rv2745c,bin386,DNA-Protein,1
Rv2745c,bin447,DNA-Protein,1
Rv2745c,bin452,DNA-Protein,1
Rv2745c,bin457,DNA-Protein,1
Rv2745c,bin567,DNA-Protein,1
Rv2745c,bin590,DNA-Protein,1
Rv2745c,bin618,DNA-Protein,1
Rv2745c,bin670,DNA-Protein,1
Rv2745c,bin707,DNA-Protein,1
Rv2745c,bin710,DNA-Protein,1
Rv2745c,bin727,DNA-Protein,1
Rv2745c,bin729,DNA-Protein,1
Rv2745c,bin735,DNA-Protein,1
Rv2745c,bin806,DNA-Protein,1
Rv2745c,bin809,DNA-Protein,1
Rv2745c,bin812,DNA-Protein,1
Rv2745c,bin820,DNA-Protein,1
Rv2745c,bin825,DNA-Protein,1
Rv2745c,bin862,DNA-Protein,1
Rv2779c,bin883,DNA-Protein,1
Rv2779c,bin56,DNA-Protein,1
Rv2779c,bin60,DNA-Protein,1
Rv2779c,bin155,DNA-Protein,1
Rv2779c,bin161,DNA-Protein,1
Rv2779c,bin173,DNA-Protein,1
Rv2779c,bin184,DNA-Protein,1
Rv2779c,bin273,DNA-Protein,1
Rv2779c,bin310,DNA-Protein,1
Rv2779c,bin407,DNA-Protein,1
Rv2779c,bin420,DNA-Protein,1
Rv2779c,bin438,DNA-Protein,1
Rv2779c,bin447,DNA-Protein,1
Rv2779c,bin452,DNA-Protein,1
Rv2779c,bin457,DNA-Protein,1
Rv2779c,bin494,DNA-Protein,1
Rv2779c,bin565,DNA-Protein,1
Rv2779c,bin590,DNA-Protein,1
Rv2779c,bin628,DNA-Protein,1
Rv2779c,bin677,DNA-Protein,1
Rv2779c,bin707,DNA-Protein,1
Rv2779c,bin710,DNA-Protein,1
Rv2779c,bin735,DNA-Protein,1
Rv2779c,bin806,DNA-Protein,1
Rv2779c,bin809,DNA-Protein,1
Rv2779c,bin820,DNA-Protein,1
Rv2779c,bin825,DNA-Protein,1
Rv2779c,bin835,DNA-Protein,1
Rv2779c,bin862,DNA-Protein,1
sirR,bin18,DNA-Protein,1
sirR,bin178,DNA-Protein,1
sirR,bin273,DNA-Protein,1
sirR,bin343,DNA-Protein,1
sirR,bin499,DNA-Protein,1
sirR,bin669,DNA-Protein,1
sirR,bin720,DNA-Protein,1
Rv2887,bin6,DNA-Protein,1
Rv2887,bin273,DNA-Protein,1
Rv2887,bin432,DNA-Protein,1
Rv2887,bin457,DNA-Protein,1
Rv2887,bin710,DNA-Protein,1
Rv2887,bin735,DNA-Protein,1
Rv2887,bin804,DNA-Protein,1
Rv2887,bin863,DNA-Protein,1
Rv2912c,bin18,DNA-Protein,1
Rv2912c,bin56,DNA-Protein,1
Rv2912c,bin67,DNA-Protein,1
Rv2912c,bin178,DNA-Protein,1
Rv2912c,bin184,DNA-Protein,1
Rv2912c,bin273,DNA-Protein,1
Rv2912c,bin277,DNA-Protein,1
Rv2912c,bin385,DNA-Protein,1
Rv2912c,bin389,DNA-Protein,1
Rv2912c,bin670,DNA-Protein,1
Rv2912c,bin688,DNA-Protein,1
Rv2912c,bin707,DNA-Protein,1
Rv2912c,bin731,DNA-Protein,1
Rv2912c,bin735,DNA-Protein,1
Rv2912c,bin812,DNA-Protein,1
Rv2912c,bin825,DNA-Protein,1
Rv2912c,bin862,DNA-Protein,1
glnB,bin25,DNA-Protein,1
glnB,bin60,DNA-Protein,1
glnB,bin90,DNA-Protein,1
glnB,bin142,DNA-Protein,1
glnB,bin268,DNA-Protein,1
glnB,bin273,DNA-Protein,1
glnB,bin330,DNA-Protein,1
glnB,bin383,DNA-Protein,1
glnB,bin420,DNA-Protein,1
glnB,bin567,DNA-Protein,1
glnB,bin670,DNA-Protein,1
glnB,bin709,DNA-Protein,1
glnB,bin710,DNA-Protein,1
glnB,bin735,DNA-Protein,1
glnB,bin812,DNA-Protein,1
glnB,bin825,DNA-Protein,1
glnB,bin862,DNA-Protein,1
Rv2989,bin883,DNA-Protein,1
Rv2989,bin80,DNA-Protein,1
Rv2989,bin155,DNA-Protein,1
Rv2989,bin161,DNA-Protein,1
Rv2989,bin235,DNA-Protein,1
Rv2989,bin273,DNA-Protein,1
Rv2989,bin386,DNA-Protein,1
Rv2989,bin452,DNA-Protein,1
Rv2989,bin457,DNA-Protein,1
Rv2989,bin567,DNA-Protein,1
Rv2989,bin590,DNA-Protein,1
Rv2989,bin594,DNA-Protein,1
Rv2989,bin688,DNA-Protein,1
Rv2989,bin722,DNA-Protein,1
Rv2989,bin729,DNA-Protein,1
Rv2989,bin735,DNA-Protein,1
Rv2989,bin806,DNA-Protein,1
Rv2989,bin812,DNA-Protein,1
Rv2989,bin825,DNA-Protein,1
Rv2989,bin862,DNA-Protein,1
Rv2989,bin863,DNA-Protein,1
Rv3050c,bin18,DNA-Protein,1
Rv3050c,bin56,DNA-Protein,1
Rv3050c,bin63,DNA-Protein,1
Rv3050c,bin173,DNA-Protein,1
Rv3050c,bin178,DNA-Protein,1
Rv3050c,bin185,DNA-Protein,1
Rv3050c,bin216,DNA-Protein,1
Rv3050c,bin273,DNA-Protein,1
Rv3050c,bin291,DNA-Protein,1
Rv3050c,bin310,DNA-Protein,1
Rv3050c,bin317,DNA-Protein,1
Rv3050c,bin382,DNA-Protein,1
Rv3050c,bin386,DNA-Protein,1
Rv3050c,bin452,DNA-Protein,1
Rv3050c,bin457,DNA-Protein,1
Rv3050c,bin487,DNA-Protein,1
Rv3050c,bin565,DNA-Protein,1
Rv3050c,bin590,DNA-Protein,1
Rv3050c,bin618,DNA-Protein,1
Rv3050c,bin707,DNA-Protein,1
Rv3050c,bin710,DNA-Protein,1
Rv3050c,bin729,DNA-Protein,1
Rv3050c,bin735,DNA-Protein,1
Rv3050c,bin806,DNA-Protein,1
Rv3050c,bin809,DNA-Protein,1
Rv3050c,bin825,DNA-Protein,1
Rv3050c,bin862,DNA-Protein,1
Rv3055,bin14,DNA-Protein,1
Rv3055,bin56,DNA-Protein,1
Rv3055,bin69,DNA-Protein,1
Rv3055,bin147,DNA-Protein,1
Rv3055,bin273,DNA-Protein,1
Rv3055,bin442,DNA-Protein,1
Rv3055,bin452,DNA-Protein,1
Rv3055,bin567,DNA-Protein,1
Rv3055,bin618,DNA-Protein,1
Rv3055,bin670,DNA-Protein,1
Rv3055,bin688,DNA-Protein,1
Rv3055,bin710,DNA-Protein,1
Rv3055,bin729,DNA-Protein,1
Rv3055,bin812,DNA-Protein,1
Rv3055,bin825,DNA-Protein,1
Rv3058c,bin18,DNA-Protein,1
Rv3058c,bin56,DNA-Protein,1
Rv3058c,bin77,DNA-Protein,1
Rv3058c,bin84,DNA-Protein,1
Rv3058c,bin133,DNA-Protein,1
Rv3058c,bin155,DNA-Protein,1
Rv3058c,bin157,DNA-Protein,1
Rv3058c,bin235,DNA-Protein,1
Rv3058c,bin256,DNA-Protein,1
Rv3058c,bin273,DNA-Protein,1
Rv3058c,bin291,DNA-Protein,1
Rv3058c,bin297,DNA-Protein,1
Rv3058c,bin317,DNA-Protein,1
Rv3058c,bin347,DNA-Protein,1
Rv3058c,bin379,DNA-Protein,1
Rv3058c,bin382,DNA-Protein,1
Rv3058c,bin386,DNA-Protein,1
Rv3058c,bin411,DNA-Protein,1
Rv3058c,bin420,DNA-Protein,1
Rv3058c,bin442,DNA-Protein,1
Rv3058c,bin447,DNA-Protein,1
Rv3058c,bin457,DNA-Protein,1
Rv3058c,bin508,DNA-Protein,1
Rv3058c,bin523,DNA-Protein,1
Rv3058c,bin581,DNA-Protein,1
Rv3058c,bin594,DNA-Protein,1
Rv3058c,bin670,DNA-Protein,1
Rv3058c,bin707,DNA-Protein,1
Rv3058c,bin710,DNA-Protein,1
Rv3058c,bin722,DNA-Protein,1
Rv3058c,bin731,DNA-Protein,1
Rv3058c,bin735,DNA-Protein,1
Rv3058c,bin776,DNA-Protein,1
Rv3058c,bin785,DNA-Protein,1
Rv3058c,bin804,DNA-Protein,1
Rv3058c,bin806,DNA-Protein,1
Rv3058c,bin809,DNA-Protein,1
Rv3058c,bin812,DNA-Protein,1
Rv3058c,bin820,DNA-Protein,1
Rv3058c,bin825,DNA-Protein,1
Rv3058c,bin835,DNA-Protein,1
Rv3058c,bin859,DNA-Protein,1
Rv3058c,bin862,DNA-Protein,1
Rv3060c,bin883,DNA-Protein,1
Rv3060c,bin18,DNA-Protein,1
Rv3060c,bin56,DNA-Protein,1
Rv3060c,bin137,DNA-Protein,1
Rv3060c,bin155,DNA-Protein,1
Rv3060c,bin161,DNA-Protein,1
Rv3060c,bin173,DNA-Protein,1
Rv3060c,bin178,DNA-Protein,1
Rv3060c,bin184,DNA-Protein,1
Rv3060c,bin215,DNA-Protein,1
Rv3060c,bin273,DNA-Protein,1
Rv3060c,bin291,DNA-Protein,1
Rv3060c,bin310,DNA-Protein,1
Rv3060c,bin342,DNA-Protein,1
Rv3060c,bin382,DNA-Protein,1
Rv3060c,bin386,DNA-Protein,1
Rv3060c,bin389,DNA-Protein,1
Rv3060c,bin420,DNA-Protein,1
Rv3060c,bin432,DNA-Protein,1
Rv3060c,bin447,DNA-Protein,1
Rv3060c,bin452,DNA-Protein,1
Rv3060c,bin457,DNA-Protein,1
Rv3060c,bin565,DNA-Protein,1
Rv3060c,bin567,DNA-Protein,1
Rv3060c,bin618,DNA-Protein,1
Rv3060c,bin670,DNA-Protein,1
Rv3060c,bin710,DNA-Protein,1
Rv3060c,bin727,DNA-Protein,1
Rv3060c,bin729,DNA-Protein,1
Rv3060c,bin735,DNA-Protein,1
Rv3060c,bin790,DNA-Protein,1
Rv3060c,bin806,DNA-Protein,1
Rv3060c,bin809,DNA-Protein,1
Rv3060c,bin812,DNA-Protein,1
Rv3060c,bin820,DNA-Protein,1
Rv3060c,bin825,DNA-Protein,1
Rv3060c,bin835,DNA-Protein,1
Rv3060c,bin862,DNA-Protein,1
Rv3066,bin18,DNA-Protein,1
Rv3066,bin49,DNA-Protein,1
Rv3066,bin64,DNA-Protein,1
Rv3066,bin80,DNA-Protein,1
Rv3066,bin96,DNA-Protein,1
Rv3066,bin99,DNA-Protein,1
Rv3066,bin104,DNA-Protein,1
Rv3066,bin131,DNA-Protein,1
Rv3066,bin133,DNA-Protein,1
Rv3066,bin134,DNA-Protein,1
Rv3066,bin155,DNA-Protein,1
Rv3066,bin165,DNA-Protein,1
Rv3066,bin173,DNA-Protein,1
Rv3066,bin175,DNA-Protein,1
Rv3066,bin178,DNA-Protein,1
Rv3066,bin191,DNA-Protein,1
Rv3066,bin273,DNA-Protein,1
Rv3066,bin291,DNA-Protein,1
Rv3066,bin375,DNA-Protein,1
Rv3066,bin379,DNA-Protein,1
Rv3066,bin403,DNA-Protein,1
Rv3066,bin409,DNA-Protein,1
Rv3066,bin420,DNA-Protein,1
Rv3066,bin427,DNA-Protein,1
Rv3066,bin442,DNA-Protein,1
Rv3066,bin447,DNA-Protein,1
Rv3066,bin448,DNA-Protein,1
Rv3066,bin452,DNA-Protein,1
Rv3066,bin457,DNA-Protein,1
Rv3066,bin488,DNA-Protein,1
Rv3066,bin490,DNA-Protein,1
Rv3066,bin517,DNA-Protein,1
Rv3066,bin521,DNA-Protein,1
Rv3066,bin523,DNA-Protein,1
Rv3066,bin565,DNA-Protein,1
Rv3066,bin618,DNA-Protein,1
Rv3066,bin670,DNA-Protein,1
Rv3066,bin684,DNA-Protein,1
Rv3066,bin686,DNA-Protein,1
Rv3066,bin688,DNA-Protein,1
Rv3066,bin707,DNA-Protein,1
Rv3066,bin710,DNA-Protein,1
Rv3066,bin729,DNA-Protein,1
Rv3066,bin735,DNA-Protein,1
Rv3066,bin743,DNA-Protein,1
Rv3066,bin769,DNA-Protein,1
Rv3066,bin806,DNA-Protein,1
Rv3066,bin809,DNA-Protein,1
Rv3066,bin812,DNA-Protein,1
Rv3066,bin818,DNA-Protein,1
Rv3066,bin862,DNA-Protein,1
Rv3066,bin872,DNA-Protein,1
Rv3066,bin875,DNA-Protein,1
Rv3066,bin879,DNA-Protein,1
pknK,bin883,DNA-Protein,1
pknK,bin18,DNA-Protein,1
pknK,bin84,DNA-Protein,1
pknK,bin184,DNA-Protein,1
pknK,bin268,DNA-Protein,1
pknK,bin273,DNA-Protein,1
pknK,bin291,DNA-Protein,1
pknK,bin310,DNA-Protein,1
pknK,bin382,DNA-Protein,1
pknK,bin386,DNA-Protein,1
pknK,bin389,DNA-Protein,1
pknK,bin420,DNA-Protein,1
pknK,bin447,DNA-Protein,1
pknK,bin448,DNA-Protein,1
pknK,bin452,DNA-Protein,1
pknK,bin594,DNA-Protein,1
pknK,bin618,DNA-Protein,1
pknK,bin624,DNA-Protein,1
pknK,bin670,DNA-Protein,1
pknK,bin710,DNA-Protein,1
pknK,bin729,DNA-Protein,1
pknK,bin735,DNA-Protein,1
pknK,bin785,DNA-Protein,1
pknK,bin806,DNA-Protein,1
pknK,bin809,DNA-Protein,1
pknK,bin812,DNA-Protein,1
pknK,bin820,DNA-Protein,1
pknK,bin825,DNA-Protein,1
pknK,bin862,DNA-Protein,1
virS,bin883,DNA-Protein,1
virS,bin14,DNA-Protein,1
virS,bin18,DNA-Protein,1
virS,bin78,DNA-Protein,1
virS,bin84,DNA-Protein,1
virS,bin155,DNA-Protein,1
virS,bin184,DNA-Protein,1
virS,bin273,DNA-Protein,1
virS,bin291,DNA-Protein,1
virS,bin317,DNA-Protein,1
virS,bin379,DNA-Protein,1
virS,bin382,DNA-Protein,1
virS,bin386,DNA-Protein,1
virS,bin420,DNA-Protein,1
virS,bin448,DNA-Protein,1
virS,bin523,DNA-Protein,1
virS,bin537,DNA-Protein,1
virS,bin565,DNA-Protein,1
virS,bin590,DNA-Protein,1
virS,bin618,DNA-Protein,1
virS,bin677,DNA-Protein,1
virS,bin709,DNA-Protein,1
virS,bin710,DNA-Protein,1
virS,bin729,DNA-Protein,1
virS,bin735,DNA-Protein,1
virS,bin763,DNA-Protein,1
virS,bin785,DNA-Protein,1
virS,bin806,DNA-Protein,1
virS,bin809,DNA-Protein,1
virS,bin812,DNA-Protein,1
virS,bin820,DNA-Protein,1
virS,bin825,DNA-Protein,1
virS,bin835,DNA-Protein,1
virS,bin862,DNA-Protein,1
virS,bin865,DNA-Protein,1
Rv3095,bin273,DNA-Protein,1
Rv3095,bin366,DNA-Protein,1
Rv3095,bin594,DNA-Protein,1
Rv3095,bin862,DNA-Protein,1
Rv3124,bin34,DNA-Protein,1
Rv3124,bin188,DNA-Protein,1
Rv3124,bin447,DNA-Protein,1
Rv3124,bin457,DNA-Protein,1
Rv3124,bin505,DNA-Protein,1
Rv3124,bin565,DNA-Protein,1
Rv3124,bin688,DNA-Protein,1
Rv3124,bin709,DNA-Protein,1
Rv3124,bin710,DNA-Protein,1
Rv3124,bin722,DNA-Protein,1
Rv3124,bin729,DNA-Protein,1
Rv3124,bin735,DNA-Protein,1
Rv3124,bin806,DNA-Protein,1
Rv3124,bin845,DNA-Protein,1
Rv3124,bin862,DNA-Protein,1
devR,bin195,DNA-Protein,1
devR,bin201,DNA-Protein,1
devR,bin215,DNA-Protein,1
devR,bin235,DNA-Protein,1
devR,bin277,DNA-Protein,1
devR,bin347,DNA-Protein,1
devR,bin402,DNA-Protein,1
devR,bin420,DNA-Protein,1
devR,bin438,DNA-Protein,1
devR,bin442,DNA-Protein,1
devR,bin487,DNA-Protein,1
devR,bin528,DNA-Protein,1
devR,bin567,DNA-Protein,1
devR,bin602,DNA-Protein,1
devR,bin641,DNA-Protein,1
devR,bin708,DNA-Protein,1
devR,bin799,DNA-Protein,1
devR,bin804,DNA-Protein,1
devR,bin819,DNA-Protein,1
devR,bin831,DNA-Protein,1
devR,bin862,DNA-Protein,1
devR,bin863,DNA-Protein,1
Rv3143,bin56,DNA-Protein,1
Rv3143,bin60,DNA-Protein,1
Rv3143,bin67,DNA-Protein,1
Rv3143,bin84,DNA-Protein,1
Rv3143,bin155,DNA-Protein,1
Rv3143,bin165,DNA-Protein,1
Rv3143,bin178,DNA-Protein,1
Rv3143,bin184,DNA-Protein,1
Rv3143,bin235,DNA-Protein,1
Rv3143,bin273,DNA-Protein,1
Rv3143,bin291,DNA-Protein,1
Rv3143,bin310,DNA-Protein,1
Rv3143,bin347,DNA-Protein,1
Rv3143,bin383,DNA-Protein,1
Rv3143,bin386,DNA-Protein,1
Rv3143,bin420,DNA-Protein,1
Rv3143,bin432,DNA-Protein,1
Rv3143,bin436,DNA-Protein,1
Rv3143,bin457,DNA-Protein,1
Rv3143,bin515,DNA-Protein,1
Rv3143,bin581,DNA-Protein,1
Rv3143,bin590,DNA-Protein,1
Rv3143,bin618,DNA-Protein,1
Rv3143,bin648,DNA-Protein,1
Rv3143,bin688,DNA-Protein,1
Rv3143,bin709,DNA-Protein,1
Rv3143,bin710,DNA-Protein,1
Rv3143,bin722,DNA-Protein,1
Rv3143,bin729,DNA-Protein,1
Rv3143,bin735,DNA-Protein,1
Rv3143,bin768,DNA-Protein,1
Rv3143,bin785,DNA-Protein,1
Rv3143,bin806,DNA-Protein,1
Rv3143,bin809,DNA-Protein,1
Rv3143,bin812,DNA-Protein,1
Rv3143,bin820,DNA-Protein,1
Rv3143,bin825,DNA-Protein,1
Rv3143,bin840,DNA-Protein,1
Rv3143,bin862,DNA-Protein,1
Rv3143,bin863,DNA-Protein,1
Rv3160c,bin161,DNA-Protein,1
Rv3160c,bin173,DNA-Protein,1
Rv3160c,bin178,DNA-Protein,1
Rv3160c,bin399,DNA-Protein,1
Rv3160c,bin729,DNA-Protein,1
Rv3160c,bin825,DNA-Protein,1
moxR3,bin883,DNA-Protein,1
moxR3,bin18,DNA-Protein,1
moxR3,bin56,DNA-Protein,1
moxR3,bin60,DNA-Protein,1
moxR3,bin79,DNA-Protein,1
moxR3,bin84,DNA-Protein,1
moxR3,bin113,DNA-Protein,1
moxR3,bin178,DNA-Protein,1
moxR3,bin184,DNA-Protein,1
moxR3,bin273,DNA-Protein,1
moxR3,bin291,DNA-Protein,1
moxR3,bin379,DNA-Protein,1
moxR3,bin386,DNA-Protein,1
moxR3,bin389,DNA-Protein,1
moxR3,bin399,DNA-Protein,1
moxR3,bin420,DNA-Protein,1
moxR3,bin432,DNA-Protein,1
moxR3,bin447,DNA-Protein,1
moxR3,bin452,DNA-Protein,1
moxR3,bin457,DNA-Protein,1
moxR3,bin523,DNA-Protein,1
moxR3,bin565,DNA-Protein,1
moxR3,bin618,DNA-Protein,1
moxR3,bin657,DNA-Protein,1
moxR3,bin670,DNA-Protein,1
moxR3,bin710,DNA-Protein,1
moxR3,bin722,DNA-Protein,1
moxR3,bin729,DNA-Protein,1
moxR3,bin735,DNA-Protein,1
moxR3,bin763,DNA-Protein,1
moxR3,bin785,DNA-Protein,1
moxR3,bin806,DNA-Protein,1
moxR3,bin809,DNA-Protein,1
moxR3,bin812,DNA-Protein,1
moxR3,bin820,DNA-Protein,1
moxR3,bin824,DNA-Protein,1
moxR3,bin862,DNA-Protein,1
moxR3,bin866,DNA-Protein,1
moxR3,bin871,DNA-Protein,1
Rv3167c,bin883,DNA-Protein,1
Rv3167c,bin18,DNA-Protein,1
Rv3167c,bin56,DNA-Protein,1
Rv3167c,bin60,DNA-Protein,1
Rv3167c,bin68,DNA-Protein,1
Rv3167c,bin78,DNA-Protein,1
Rv3167c,bin273,DNA-Protein,1
Rv3167c,bin277,DNA-Protein,1
Rv3167c,bin291,DNA-Protein,1
Rv3167c,bin310,DNA-Protein,1
Rv3167c,bin379,DNA-Protein,1
Rv3167c,bin382,DNA-Protein,1
Rv3167c,bin386,DNA-Protein,1
Rv3167c,bin420,DNA-Protein,1
Rv3167c,bin432,DNA-Protein,1
Rv3167c,bin447,DNA-Protein,1
Rv3167c,bin452,DNA-Protein,1
Rv3167c,bin457,DNA-Protein,1
Rv3167c,bin590,DNA-Protein,1
Rv3167c,bin594,DNA-Protein,1
Rv3167c,bin618,DNA-Protein,1
Rv3167c,bin670,DNA-Protein,1
Rv3167c,bin710,DNA-Protein,1
Rv3167c,bin729,DNA-Protein,1
Rv3167c,bin735,DNA-Protein,1
Rv3167c,bin785,DNA-Protein,1
Rv3167c,bin809,DNA-Protein,1
Rv3167c,bin812,DNA-Protein,1
Rv3167c,bin820,DNA-Protein,1
Rv3167c,bin825,DNA-Protein,1
Rv3167c,bin835,DNA-Protein,1
Rv3167c,bin862,DNA-Protein,1
Rv3173c,bin62,DNA-Protein,1
Rv3173c,bin178,DNA-Protein,1
Rv3173c,bin215,DNA-Protein,1
Rv3173c,bin273,DNA-Protein,1
Rv3173c,bin326,DNA-Protein,1
Rv3173c,bin386,DNA-Protein,1
Rv3173c,bin425,DNA-Protein,1
Rv3173c,bin432,DNA-Protein,1
Rv3173c,bin447,DNA-Protein,1
Rv3173c,bin452,DNA-Protein,1
Rv3173c,bin590,DNA-Protein,1
Rv3173c,bin594,DNA-Protein,1
Rv3173c,bin618,DNA-Protein,1
Rv3173c,bin711,DNA-Protein,1
Rv3173c,bin729,DNA-Protein,1
Rv3173c,bin806,DNA-Protein,1
Rv3173c,bin825,DNA-Protein,1
Rv3173c,bin862,DNA-Protein,1
Rv3183,bin84,DNA-Protein,1
Rv3183,bin128,DNA-Protein,1
Rv3183,bin146,DNA-Protein,1
Rv3183,bin155,DNA-Protein,1
Rv3183,bin167,DNA-Protein,1
Rv3183,bin173,DNA-Protein,1
Rv3183,bin178,DNA-Protein,1
Rv3183,bin184,DNA-Protein,1
Rv3183,bin187,DNA-Protein,1
Rv3183,bin211,DNA-Protein,1
Rv3183,bin216,DNA-Protein,1
Rv3183,bin273,DNA-Protein,1
Rv3183,bin277,DNA-Protein,1
Rv3183,bin278,DNA-Protein,1
Rv3183,bin291,DNA-Protein,1
Rv3183,bin337,DNA-Protein,1
Rv3183,bin348,DNA-Protein,1
Rv3183,bin382,DNA-Protein,1
Rv3183,bin476,DNA-Protein,1
Rv3183,bin503,DNA-Protein,1
Rv3183,bin618,DNA-Protein,1
Rv3183,bin709,DNA-Protein,1
Rv3183,bin710,DNA-Protein,1
Rv3183,bin722,DNA-Protein,1
Rv3183,bin729,DNA-Protein,1
Rv3183,bin731,DNA-Protein,1
Rv3183,bin735,DNA-Protein,1
Rv3183,bin790,DNA-Protein,1
Rv3183,bin806,DNA-Protein,1
Rv3183,bin809,DNA-Protein,1
Rv3183,bin835,DNA-Protein,1
Rv3183,bin862,DNA-Protein,1
Rv3183,bin866,DNA-Protein,1
whiB7,bin883,DNA-Protein,1
whiB7,bin113,DNA-Protein,1
whiB7,bin178,DNA-Protein,1
whiB7,bin215,DNA-Protein,1
whiB7,bin273,DNA-Protein,1
whiB7,bin291,DNA-Protein,1
whiB7,bin382,DNA-Protein,1
whiB7,bin386,DNA-Protein,1
whiB7,bin389,DNA-Protein,1
whiB7,bin432,DNA-Protein,1
whiB7,bin452,DNA-Protein,1
whiB7,bin590,DNA-Protein,1
whiB7,bin618,DNA-Protein,1
whiB7,bin677,DNA-Protein,1
whiB7,bin710,DNA-Protein,1
whiB7,bin729,DNA-Protein,1
whiB7,bin731,DNA-Protein,1
whiB7,bin735,DNA-Protein,1
whiB7,bin806,DNA-Protein,1
whiB7,bin809,DNA-Protein,1
whiB7,bin812,DNA-Protein,1
whiB7,bin820,DNA-Protein,1
whiB7,bin835,DNA-Protein,1
whiB7,bin862,DNA-Protein,1
Rv3208,bin6,DNA-Protein,1
Rv3208,bin18,DNA-Protein,1
Rv3208,bin69,DNA-Protein,1
Rv3208,bin137,DNA-Protein,1
Rv3208,bin178,DNA-Protein,1
Rv3208,bin187,DNA-Protein,1
Rv3208,bin205,DNA-Protein,1
Rv3208,bin215,DNA-Protein,1
Rv3208,bin235,DNA-Protein,1
Rv3208,bin268,DNA-Protein,1
Rv3208,bin269,DNA-Protein,1
Rv3208,bin273,DNA-Protein,1
Rv3208,bin291,DNA-Protein,1
Rv3208,bin310,DNA-Protein,1
Rv3208,bin344,DNA-Protein,1
Rv3208,bin371,DNA-Protein,1
Rv3208,bin382,DNA-Protein,1
Rv3208,bin386,DNA-Protein,1
Rv3208,bin394,DNA-Protein,1
Rv3208,bin447,DNA-Protein,1
Rv3208,bin452,DNA-Protein,1
Rv3208,bin457,DNA-Protein,1
Rv3208,bin515,DNA-Protein,1
Rv3208,bin567,DNA-Protein,1
Rv3208,bin618,DNA-Protein,1
Rv3208,bin680,DNA-Protein,1
Rv3208,bin690,DNA-Protein,1
Rv3208,bin707,DNA-Protein,1
Rv3208,bin710,DNA-Protein,1
Rv3208,bin727,DNA-Protein,1
Rv3208,bin735,DNA-Protein,1
Rv3208,bin785,DNA-Protein,1
Rv3208,bin803,DNA-Protein,1
Rv3208,bin806,DNA-Protein,1
Rv3208,bin812,DNA-Protein,1
Rv3208,bin825,DNA-Protein,1
Rv3208,bin833,DNA-Protein,1
Rv3208,bin862,DNA-Protein,1
whiB1,bin18,DNA-Protein,1
whiB1,bin60,DNA-Protein,1
whiB1,bin67,DNA-Protein,1
whiB1,bin78,DNA-Protein,1
whiB1,bin80,DNA-Protein,1
whiB1,bin113,DNA-Protein,1
whiB1,bin155,DNA-Protein,1
whiB1,bin178,DNA-Protein,1
whiB1,bin215,DNA-Protein,1
whiB1,bin273,DNA-Protein,1
whiB1,bin382,DNA-Protein,1
whiB1,bin386,DNA-Protein,1
whiB1,bin389,DNA-Protein,1
whiB1,bin420,DNA-Protein,1
whiB1,bin428,DNA-Protein,1
whiB1,bin442,DNA-Protein,1
whiB1,bin447,DNA-Protein,1
whiB1,bin452,DNA-Protein,1
whiB1,bin457,DNA-Protein,1
whiB1,bin601,DNA-Protein,1
whiB1,bin605,DNA-Protein,1
whiB1,bin618,DNA-Protein,1
whiB1,bin670,DNA-Protein,1
whiB1,bin707,DNA-Protein,1
whiB1,bin710,DNA-Protein,1
whiB1,bin806,DNA-Protein,1
whiB1,bin809,DNA-Protein,1
whiB1,bin812,DNA-Protein,1
whiB1,bin820,DNA-Protein,1
whiB1,bin825,DNA-Protein,1
whiB1,bin835,DNA-Protein,1
whiB1,bin845,DNA-Protein,1
whiB1,bin862,DNA-Protein,1
whiB1,bin876,DNA-Protein,1
sigH,bin18,DNA-Protein,1
sigH,bin56,DNA-Protein,1
sigH,bin161,DNA-Protein,1
sigH,bin173,DNA-Protein,1
sigH,bin310,DNA-Protein,1
sigH,bin379,DNA-Protein,1
sigH,bin382,DNA-Protein,1
sigH,bin386,DNA-Protein,1
sigH,bin420,DNA-Protein,1
sigH,bin432,DNA-Protein,1
sigH,bin447,DNA-Protein,1
sigH,bin452,DNA-Protein,1
sigH,bin457,DNA-Protein,1
sigH,bin467,DNA-Protein,1
sigH,bin523,DNA-Protein,1
sigH,bin590,DNA-Protein,1
sigH,bin594,DNA-Protein,1
sigH,bin618,DNA-Protein,1
sigH,bin707,DNA-Protein,1
sigH,bin710,DNA-Protein,1
sigH,bin722,DNA-Protein,1
sigH,bin731,DNA-Protein,1
sigH,bin735,DNA-Protein,1
sigH,bin806,DNA-Protein,1
sigH,bin809,DNA-Protein,1
sigH,bin812,DNA-Protein,1
sigH,bin820,DNA-Protein,1
sigH,bin825,DNA-Protein,1
sigH,bin862,DNA-Protein,1
pvdS,bin883,DNA-Protein,1
pvdS,bin6,DNA-Protein,1
pvdS,bin56,DNA-Protein,1
pvdS,bin84,DNA-Protein,1
pvdS,bin155,DNA-Protein,1
pvdS,bin243,DNA-Protein,1
pvdS,bin273,DNA-Protein,1
pvdS,bin291,DNA-Protein,1
pvdS,bin332,DNA-Protein,1
pvdS,bin347,DNA-Protein,1
pvdS,bin379,DNA-Protein,1
pvdS,bin382,DNA-Protein,1
pvdS,bin420,DNA-Protein,1
pvdS,bin447,DNA-Protein,1
pvdS,bin452,DNA-Protein,1
pvdS,bin457,DNA-Protein,1
pvdS,bin571,DNA-Protein,1
pvdS,bin590,DNA-Protein,1
pvdS,bin670,DNA-Protein,1
pvdS,bin707,DNA-Protein,1
pvdS,bin710,DNA-Protein,1
pvdS,bin714,DNA-Protein,1
pvdS,bin729,DNA-Protein,1
pvdS,bin735,DNA-Protein,1
pvdS,bin785,DNA-Protein,1
pvdS,bin806,DNA-Protein,1
pvdS,bin809,DNA-Protein,1
pvdS,bin820,DNA-Protein,1
pvdS,bin825,DNA-Protein,1
pvdS,bin835,DNA-Protein,1
pvdS,bin862,DNA-Protein,1
mtrA,bin24,DNA-Protein,1
mtrA,bin33,DNA-Protein,1
mtrA,bin58,DNA-Protein,1
mtrA,bin69,DNA-Protein,1
mtrA,bin79,DNA-Protein,1
mtrA,bin155,DNA-Protein,1
mtrA,bin161,DNA-Protein,1
mtrA,bin178,DNA-Protein,1
mtrA,bin235,DNA-Protein,1
mtrA,bin273,DNA-Protein,1
mtrA,bin291,DNA-Protein,1
mtrA,bin345,DNA-Protein,1
mtrA,bin346,DNA-Protein,1
mtrA,bin372,DNA-Protein,1
mtrA,bin383,DNA-Protein,1
mtrA,bin410,DNA-Protein,1
mtrA,bin452,DNA-Protein,1
mtrA,bin455,DNA-Protein,1
mtrA,bin457,DNA-Protein,1
mtrA,bin523,DNA-Protein,1
mtrA,bin590,DNA-Protein,1
mtrA,bin594,DNA-Protein,1
mtrA,bin618,DNA-Protein,1
mtrA,bin641,DNA-Protein,1
mtrA,bin670,DNA-Protein,1
mtrA,bin683,DNA-Protein,1
mtrA,bin707,DNA-Protein,1
mtrA,bin710,DNA-Protein,1
mtrA,bin722,DNA-Protein,1
mtrA,bin729,DNA-Protein,1
mtrA,bin731,DNA-Protein,1
mtrA,bin735,DNA-Protein,1
mtrA,bin785,DNA-Protein,1
mtrA,bin809,DNA-Protein,1
mtrA,bin812,DNA-Protein,1
mtrA,bin820,DNA-Protein,1
mtrA,bin843,DNA-Protein,1
mtrA,bin845,DNA-Protein,1
mtrA,bin862,DNA-Protein,1
Rv3249c,bin452,DNA-Protein,1
Rv3249c,bin670,DNA-Protein,1
Rv3249c,bin735,DNA-Protein,1
Rv3249c,bin812,DNA-Protein,1
birA,bin173,DNA-Protein,1
birA,bin178,DNA-Protein,1
birA,bin215,DNA-Protein,1
birA,bin273,DNA-Protein,1
birA,bin382,DNA-Protein,1
birA,bin386,DNA-Protein,1
birA,bin389,DNA-Protein,1
birA,bin452,DNA-Protein,1
birA,bin590,DNA-Protein,1
birA,bin594,DNA-Protein,1
birA,bin670,DNA-Protein,1
birA,bin710,DNA-Protein,1
birA,bin731,DNA-Protein,1
birA,bin735,DNA-Protein,1
birA,bin785,DNA-Protein,1
birA,bin806,DNA-Protein,1
birA,bin825,DNA-Protein,1
sigF,bin308,DNA-Protein,1
sigF,bin523,DNA-Protein,1
sigF,bin710,DNA-Protein,1
sigF,bin809,DNA-Protein,1
sigF,bin820,DNA-Protein,1
sigF,bin825,DNA-Protein,1
sigF,bin844,DNA-Protein,1
Rv3291c,bin225,DNA-Protein,1
Rv3291c,bin273,DNA-Protein,1
Rv3291c,bin291,DNA-Protein,1
Rv3291c,bin317,DNA-Protein,1
Rv3291c,bin386,DNA-Protein,1
Rv3291c,bin442,DNA-Protein,1
Rv3291c,bin447,DNA-Protein,1
Rv3291c,bin452,DNA-Protein,1
Rv3291c,bin457,DNA-Protein,1
Rv3291c,bin464,DNA-Protein,1
Rv3291c,bin523,DNA-Protein,1
Rv3291c,bin565,DNA-Protein,1
Rv3291c,bin590,DNA-Protein,1
Rv3291c,bin618,DNA-Protein,1
Rv3291c,bin670,DNA-Protein,1
Rv3291c,bin688,DNA-Protein,1
Rv3291c,bin710,DNA-Protein,1
Rv3291c,bin729,DNA-Protein,1
Rv3291c,bin806,DNA-Protein,1
Rv3291c,bin809,DNA-Protein,1
Rv3291c,bin812,DNA-Protein,1
Rv3291c,bin825,DNA-Protein,1
Rv3291c,bin862,DNA-Protein,1
Rv3295,bin883,DNA-Protein,1
Rv3295,bin14,DNA-Protein,1
Rv3295,bin18,DNA-Protein,1
Rv3295,bin48,DNA-Protein,1
Rv3295,bin60,DNA-Protein,1
Rv3295,bin80,DNA-Protein,1
Rv3295,bin161,DNA-Protein,1
Rv3295,bin178,DNA-Protein,1
Rv3295,bin184,DNA-Protein,1
Rv3295,bin248,DNA-Protein,1
Rv3295,bin277,DNA-Protein,1
Rv3295,bin291,DNA-Protein,1
Rv3295,bin310,DNA-Protein,1
Rv3295,bin347,DNA-Protein,1
Rv3295,bin386,DNA-Protein,1
Rv3295,bin410,DNA-Protein,1
Rv3295,bin447,DNA-Protein,1
Rv3295,bin450,DNA-Protein,1
Rv3295,bin452,DNA-Protein,1
Rv3295,bin476,DNA-Protein,1
Rv3295,bin637,DNA-Protein,1
Rv3295,bin670,DNA-Protein,1
Rv3295,bin696,DNA-Protein,1
Rv3295,bin710,DNA-Protein,1
Rv3295,bin722,DNA-Protein,1
Rv3295,bin735,DNA-Protein,1
Rv3295,bin745,DNA-Protein,1
Rv3295,bin785,DNA-Protein,1
Rv3295,bin806,DNA-Protein,1
Rv3295,bin809,DNA-Protein,1
Rv3295,bin820,DNA-Protein,1
Rv3295,bin825,DNA-Protein,1
Rv3295,bin862,DNA-Protein,1
phoY1,bin84,DNA-Protein,1
phoY1,bin173,DNA-Protein,1
phoY1,bin178,DNA-Protein,1
phoY1,bin184,DNA-Protein,1
phoY1,bin234,DNA-Protein,1
phoY1,bin273,DNA-Protein,1
phoY1,bin310,DNA-Protein,1
phoY1,bin347,DNA-Protein,1
phoY1,bin382,DNA-Protein,1
phoY1,bin420,DNA-Protein,1
phoY1,bin447,DNA-Protein,1
phoY1,bin452,DNA-Protein,1
phoY1,bin487,DNA-Protein,1
phoY1,bin523,DNA-Protein,1
phoY1,bin565,DNA-Protein,1
phoY1,bin567,DNA-Protein,1
phoY1,bin594,DNA-Protein,1
phoY1,bin670,DNA-Protein,1
phoY1,bin729,DNA-Protein,1
phoY1,bin735,DNA-Protein,1
phoY1,bin763,DNA-Protein,1
phoY1,bin806,DNA-Protein,1
phoY1,bin809,DNA-Protein,1
phoY1,bin825,DNA-Protein,1
phoY1,bin835,DNA-Protein,1
phoY1,bin862,DNA-Protein,1
sigJ,bin60,DNA-Protein,1
sigJ,bin69,DNA-Protein,1
sigJ,bin76,DNA-Protein,1
sigJ,bin84,DNA-Protein,1
sigJ,bin161,DNA-Protein,1
sigJ,bin178,DNA-Protein,1
sigJ,bin184,DNA-Protein,1
sigJ,bin188,DNA-Protein,1
sigJ,bin235,DNA-Protein,1
sigJ,bin268,DNA-Protein,1
sigJ,bin273,DNA-Protein,1
sigJ,bin291,DNA-Protein,1
sigJ,bin310,DNA-Protein,1
sigJ,bin317,DNA-Protein,1
sigJ,bin342,DNA-Protein,1
sigJ,bin347,DNA-Protein,1
sigJ,bin382,DNA-Protein,1
sigJ,bin386,DNA-Protein,1
sigJ,bin389,DNA-Protein,1
sigJ,bin402,DNA-Protein,1
sigJ,bin432,DNA-Protein,1
sigJ,bin438,DNA-Protein,1
sigJ,bin442,DNA-Protein,1
sigJ,bin447,DNA-Protein,1
sigJ,bin452,DNA-Protein,1
sigJ,bin457,DNA-Protein,1
sigJ,bin507,DNA-Protein,1
sigJ,bin567,DNA-Protein,1
sigJ,bin683,DNA-Protein,1
sigJ,bin710,DNA-Protein,1
sigJ,bin722,DNA-Protein,1
sigJ,bin729,DNA-Protein,1
sigJ,bin735,DNA-Protein,1
sigJ,bin785,DNA-Protein,1
sigJ,bin803,DNA-Protein,1
sigJ,bin806,DNA-Protein,1
sigJ,bin809,DNA-Protein,1
sigJ,bin845,DNA-Protein,1
sigJ,bin862,DNA-Protein,1
sigJ,bin863,DNA-Protein,1
Rv3334,bin883,DNA-Protein,1
Rv3334,bin18,DNA-Protein,1
Rv3334,bin84,DNA-Protein,1
Rv3334,bin173,DNA-Protein,1
Rv3334,bin273,DNA-Protein,1
Rv3334,bin382,DNA-Protein,1
Rv3334,bin420,DNA-Protein,1
Rv3334,bin452,DNA-Protein,1
Rv3334,bin457,DNA-Protein,1
Rv3334,bin567,DNA-Protein,1
Rv3334,bin590,DNA-Protein,1
Rv3334,bin594,DNA-Protein,1
Rv3334,bin670,DNA-Protein,1
Rv3334,bin710,DNA-Protein,1
Rv3334,bin735,DNA-Protein,1
Rv3334,bin785,DNA-Protein,1
Rv3334,bin809,DNA-Protein,1
Rv3334,bin820,DNA-Protein,1
Rv3334,bin825,DNA-Protein,1
Rv3405c,bin60,DNA-Protein,1
Rv3405c,bin110,DNA-Protein,1
Rv3405c,bin173,DNA-Protein,1
Rv3405c,bin178,DNA-Protein,1
Rv3405c,bin187,DNA-Protein,1
Rv3405c,bin261,DNA-Protein,1
Rv3405c,bin273,DNA-Protein,1
Rv3405c,bin383,DNA-Protein,1
Rv3405c,bin447,DNA-Protein,1
Rv3405c,bin452,DNA-Protein,1
Rv3405c,bin457,DNA-Protein,1
Rv3405c,bin709,DNA-Protein,1
Rv3405c,bin710,DNA-Protein,1
Rv3405c,bin729,DNA-Protein,1
Rv3405c,bin735,DNA-Protein,1
Rv3405c,bin798,DNA-Protein,1
Rv3405c,bin809,DNA-Protein,1
Rv3405c,bin825,DNA-Protein,1
Rv3405c,bin829,DNA-Protein,1
Rv3405c,bin851,DNA-Protein,1
sigD,bin883,DNA-Protein,1
sigD,bin3,DNA-Protein,1
sigD,bin18,DNA-Protein,1
sigD,bin28,DNA-Protein,1
sigD,bin56,DNA-Protein,1
sigD,bin60,DNA-Protein,1
sigD,bin84,DNA-Protein,1
sigD,bin161,DNA-Protein,1
sigD,bin178,DNA-Protein,1
sigD,bin184,DNA-Protein,1
sigD,bin273,DNA-Protein,1
sigD,bin291,DNA-Protein,1
sigD,bin382,DNA-Protein,1
sigD,bin386,DNA-Protein,1
sigD,bin432,DNA-Protein,1
sigD,bin452,DNA-Protein,1
sigD,bin563,DNA-Protein,1
sigD,bin590,DNA-Protein,1
sigD,bin594,DNA-Protein,1
sigD,bin618,DNA-Protein,1
sigD,bin710,DNA-Protein,1
sigD,bin729,DNA-Protein,1
sigD,bin735,DNA-Protein,1
sigD,bin769,DNA-Protein,1
sigD,bin785,DNA-Protein,1
sigD,bin809,DNA-Protein,1
sigD,bin820,DNA-Protein,1
sigD,bin835,DNA-Protein,1
sigD,bin862,DNA-Protein,1
whiB3,bin18,DNA-Protein,1
whiB3,bin29,DNA-Protein,1
whiB3,bin67,DNA-Protein,1
whiB3,bin69,DNA-Protein,1
whiB3,bin79,DNA-Protein,1
whiB3,bin161,DNA-Protein,1
whiB3,bin173,DNA-Protein,1
whiB3,bin178,DNA-Protein,1
whiB3,bin189,DNA-Protein,1
whiB3,bin216,DNA-Protein,1
whiB3,bin229,DNA-Protein,1
whiB3,bin235,DNA-Protein,1
whiB3,bin249,DNA-Protein,1
whiB3,bin261,DNA-Protein,1
whiB3,bin263,DNA-Protein,1
whiB3,bin281,DNA-Protein,1
whiB3,bin310,DNA-Protein,1
whiB3,bin340,DNA-Protein,1
whiB3,bin342,DNA-Protein,1
whiB3,bin359,DNA-Protein,1
whiB3,bin365,DNA-Protein,1
whiB3,bin372,DNA-Protein,1
whiB3,bin379,DNA-Protein,1
whiB3,bin382,DNA-Protein,1
whiB3,bin397,DNA-Protein,1
whiB3,bin410,DNA-Protein,1
whiB3,bin452,DNA-Protein,1
whiB3,bin513,DNA-Protein,1
whiB3,bin518,DNA-Protein,1
whiB3,bin537,DNA-Protein,1
whiB3,bin579,DNA-Protein,1
whiB3,bin581,DNA-Protein,1
whiB3,bin600,DNA-Protein,1
whiB3,bin618,DNA-Protein,1
whiB3,bin620,DNA-Protein,1
whiB3,bin621,DNA-Protein,1
whiB3,bin628,DNA-Protein,1
whiB3,bin631,DNA-Protein,1
whiB3,bin665,DNA-Protein,1
whiB3,bin670,DNA-Protein,1
whiB3,bin683,DNA-Protein,1
whiB3,bin710,DNA-Protein,1
whiB3,bin711,DNA-Protein,1
whiB3,bin720,DNA-Protein,1
whiB3,bin722,DNA-Protein,1
whiB3,bin729,DNA-Protein,1
whiB3,bin735,DNA-Protein,1
whiB3,bin800,DNA-Protein,1
whiB3,bin803,DNA-Protein,1
whiB3,bin806,DNA-Protein,1
whiB3,bin809,DNA-Protein,1
whiB3,bin823,DNA-Protein,1
whiB3,bin825,DNA-Protein,1
whiB3,bin832,DNA-Protein,1
whiB3,bin835,DNA-Protein,1
whiB3,bin845,DNA-Protein,1
ltp4,bin155,DNA-Protein,1
ltp4,bin178,DNA-Protein,1
ltp4,bin215,DNA-Protein,1
ltp4,bin273,DNA-Protein,1
ltp4,bin310,DNA-Protein,1
ltp4,bin374,DNA-Protein,1
ltp4,bin379,DNA-Protein,1
ltp4,bin382,DNA-Protein,1
ltp4,bin420,DNA-Protein,1
ltp4,bin452,DNA-Protein,1
ltp4,bin567,DNA-Protein,1
ltp4,bin590,DNA-Protein,1
ltp4,bin670,DNA-Protein,1
ltp4,bin707,DNA-Protein,1
ltp4,bin710,DNA-Protein,1
ltp4,bin729,DNA-Protein,1
ltp4,bin735,DNA-Protein,1
ltp4,bin820,DNA-Protein,1
ltp4,bin825,DNA-Protein,1
ltp4,bin835,DNA-Protein,1
Rv3557c,bin18,DNA-Protein,1
Rv3557c,bin56,DNA-Protein,1
Rv3557c,bin60,DNA-Protein,1
Rv3557c,bin68,DNA-Protein,1
Rv3557c,bin273,DNA-Protein,1
Rv3557c,bin383,DNA-Protein,1
Rv3557c,bin452,DNA-Protein,1
Rv3557c,bin604,DNA-Protein,1
Rv3557c,bin707,DNA-Protein,1
Rv3557c,bin806,DNA-Protein,1
Rv3557c,bin825,DNA-Protein,1
Rv3574,bin79,DNA-Protein,1
Rv3575c,bin7,DNA-Protein,1
Rv3575c,bin67,DNA-Protein,1
Rv3575c,bin69,DNA-Protein,1
Rv3575c,bin78,DNA-Protein,1
Rv3575c,bin84,DNA-Protein,1
Rv3575c,bin107,DNA-Protein,1
Rv3575c,bin161,DNA-Protein,1
Rv3575c,bin165,DNA-Protein,1
Rv3575c,bin187,DNA-Protein,1
Rv3575c,bin211,DNA-Protein,1
Rv3575c,bin238,DNA-Protein,1
Rv3575c,bin273,DNA-Protein,1
Rv3575c,bin277,DNA-Protein,1
Rv3575c,bin310,DNA-Protein,1
Rv3575c,bin317,DNA-Protein,1
Rv3575c,bin379,DNA-Protein,1
Rv3575c,bin382,DNA-Protein,1
Rv3575c,bin432,DNA-Protein,1
Rv3575c,bin447,DNA-Protein,1
Rv3575c,bin452,DNA-Protein,1
Rv3575c,bin537,DNA-Protein,1
Rv3575c,bin565,DNA-Protein,1
Rv3575c,bin567,DNA-Protein,1
Rv3575c,bin571,DNA-Protein,1
Rv3575c,bin581,DNA-Protein,1
Rv3575c,bin590,DNA-Protein,1
Rv3575c,bin670,DNA-Protein,1
Rv3575c,bin682,DNA-Protein,1
Rv3575c,bin683,DNA-Protein,1
Rv3575c,bin710,DNA-Protein,1
Rv3575c,bin729,DNA-Protein,1
Rv3575c,bin731,DNA-Protein,1
Rv3575c,bin735,DNA-Protein,1
Rv3575c,bin785,DNA-Protein,1
Rv3575c,bin791,DNA-Protein,1
Rv3575c,bin806,DNA-Protein,1
Rv3575c,bin809,DNA-Protein,1
Rv3575c,bin812,DNA-Protein,1
Rv3575c,bin820,DNA-Protein,1
Rv3575c,bin825,DNA-Protein,1
Rv3575c,bin829,DNA-Protein,1
Rv3575c,bin845,DNA-Protein,1
Rv3575c,bin862,DNA-Protein,1
Rv3575c,bin863,DNA-Protein,1
Rv3583c,bin18,DNA-Protein,1
Rv3583c,bin42,DNA-Protein,1
Rv3583c,bin60,DNA-Protein,1
Rv3583c,bin78,DNA-Protein,1
Rv3583c,bin89,DNA-Protein,1
Rv3583c,bin155,DNA-Protein,1
Rv3583c,bin161,DNA-Protein,1
Rv3583c,bin173,DNA-Protein,1
Rv3583c,bin273,DNA-Protein,1
Rv3583c,bin285,DNA-Protein,1
Rv3583c,bin291,DNA-Protein,1
Rv3583c,bin362,DNA-Protein,1
Rv3583c,bin367,DNA-Protein,1
Rv3583c,bin371,DNA-Protein,1
Rv3583c,bin382,DNA-Protein,1
Rv3583c,bin386,DNA-Protein,1
Rv3583c,bin393,DNA-Protein,1
Rv3583c,bin401,DNA-Protein,1
Rv3583c,bin452,DNA-Protein,1
Rv3583c,bin510,DNA-Protein,1
Rv3583c,bin537,DNA-Protein,1
Rv3583c,bin560,DNA-Protein,1
Rv3583c,bin562,DNA-Protein,1
Rv3583c,bin576,DNA-Protein,1
Rv3583c,bin579,DNA-Protein,1
Rv3583c,bin581,DNA-Protein,1
Rv3583c,bin590,DNA-Protein,1
Rv3583c,bin611,DNA-Protein,1
Rv3583c,bin618,DNA-Protein,1
Rv3583c,bin683,DNA-Protein,1
Rv3583c,bin688,DNA-Protein,1
Rv3583c,bin693,DNA-Protein,1
Rv3583c,bin710,DNA-Protein,1
Rv3583c,bin729,DNA-Protein,1
Rv3583c,bin735,DNA-Protein,1
Rv3583c,bin760,DNA-Protein,1
Rv3583c,bin785,DNA-Protein,1
Rv3583c,bin803,DNA-Protein,1
Rv3583c,bin806,DNA-Protein,1
Rv3583c,bin809,DNA-Protein,1
Rv3583c,bin812,DNA-Protein,1
Rv3583c,bin815,DNA-Protein,1
Rv3583c,bin820,DNA-Protein,1
Rv3583c,bin823,DNA-Protein,1
Rv3583c,bin824,DNA-Protein,1
Rv3583c,bin845,DNA-Protein,1
Rv3583c,bin851,DNA-Protein,1
Rv3583c,bin856,DNA-Protein,1
Rv3583c,bin862,DNA-Protein,1
Rv3583c,bin879,DNA-Protein,1
cspA,bin79,DNA-Protein,1
cspA,bin128,DNA-Protein,1
cspA,bin310,DNA-Protein,1
cspA,bin382,DNA-Protein,1
cspA,bin386,DNA-Protein,1
cspA,bin387,DNA-Protein,1
cspA,bin452,DNA-Protein,1
cspA,bin590,DNA-Protein,1
cspA,bin710,DNA-Protein,1
cspA,bin735,DNA-Protein,1
cspA,bin745,DNA-Protein,1
cspA,bin806,DNA-Protein,1
cspA,bin825,DNA-Protein,1
cspA,bin835,DNA-Protein,1
cspA,bin840,DNA-Protein,1
cspA,bin842,DNA-Protein,1
cspA,bin862,DNA-Protein,1
Rv3676,bin33,DNA-Protein,1
Rv3676,bin238,DNA-Protein,1
Rv3676,bin273,DNA-Protein,1
Rv3676,bin452,DNA-Protein,1
Rv3678c,bin56,DNA-Protein,1
Rv3678c,bin77,DNA-Protein,1
Rv3678c,bin125,DNA-Protein,1
Rv3678c,bin153,DNA-Protein,1
Rv3678c,bin161,DNA-Protein,1
Rv3678c,bin213,DNA-Protein,1
Rv3678c,bin273,DNA-Protein,1
Rv3678c,bin347,DNA-Protein,1
Rv3678c,bin435,DNA-Protein,1
Rv3678c,bin441,DNA-Protein,1
Rv3678c,bin452,DNA-Protein,1
Rv3678c,bin523,DNA-Protein,1
Rv3678c,bin590,DNA-Protein,1
Rv3678c,bin617,DNA-Protein,1
Rv3678c,bin618,DNA-Protein,1
Rv3678c,bin701,DNA-Protein,1
Rv3678c,bin729,DNA-Protein,1
Rv3678c,bin733,DNA-Protein,1
Rv3678c,bin735,DNA-Protein,1
Rv3678c,bin770,DNA-Protein,1
Rv3678c,bin806,DNA-Protein,1
Rv3678c,bin809,DNA-Protein,1
Rv3678c,bin812,DNA-Protein,1
Rv3678c,bin825,DNA-Protein,1
Rv3678c,bin845,DNA-Protein,1
Rv3678c,bin862,DNA-Protein,1
whiB4,bin18,DNA-Protein,1
whiB4,bin29,DNA-Protein,1
whiB4,bin56,DNA-Protein,1
whiB4,bin78,DNA-Protein,1
whiB4,bin84,DNA-Protein,1
whiB4,bin147,DNA-Protein,1
whiB4,bin155,DNA-Protein,1
whiB4,bin173,DNA-Protein,1
whiB4,bin178,DNA-Protein,1
whiB4,bin184,DNA-Protein,1
whiB4,bin215,DNA-Protein,1
whiB4,bin235,DNA-Protein,1
whiB4,bin273,DNA-Protein,1
whiB4,bin291,DNA-Protein,1
whiB4,bin379,DNA-Protein,1
whiB4,bin382,DNA-Protein,1
whiB4,bin386,DNA-Protein,1
whiB4,bin420,DNA-Protein,1
whiB4,bin447,DNA-Protein,1
whiB4,bin452,DNA-Protein,1
whiB4,bin457,DNA-Protein,1
whiB4,bin523,DNA-Protein,1
whiB4,bin565,DNA-Protein,1
whiB4,bin590,DNA-Protein,1
whiB4,bin683,DNA-Protein,1
whiB4,bin690,DNA-Protein,1
whiB4,bin710,DNA-Protein,1
whiB4,bin735,DNA-Protein,1
whiB4,bin803,DNA-Protein,1
whiB4,bin806,DNA-Protein,1
whiB4,bin820,DNA-Protein,1
whiB4,bin825,DNA-Protein,1
moxR2,bin84,DNA-Protein,1
moxR2,bin176,DNA-Protein,1
moxR2,bin178,DNA-Protein,1
moxR2,bin188,DNA-Protein,1
moxR2,bin268,DNA-Protein,1
moxR2,bin273,DNA-Protein,1
moxR2,bin317,DNA-Protein,1
moxR2,bin345,DNA-Protein,1
moxR2,bin379,DNA-Protein,1
moxR2,bin452,DNA-Protein,1
moxR2,bin457,DNA-Protein,1
moxR2,bin590,DNA-Protein,1
moxR2,bin710,DNA-Protein,1
moxR2,bin722,DNA-Protein,1
moxR2,bin729,DNA-Protein,1
moxR2,bin735,DNA-Protein,1
moxR2,bin769,DNA-Protein,1
moxR2,bin785,DNA-Protein,1
moxR2,bin806,DNA-Protein,1
moxR2,bin809,DNA-Protein,1
moxR2,bin862,DNA-Protein,1
moxR2,bin863,DNA-Protein,1
moxR2,bin881,DNA-Protein,1
Rv3744,bin6,DNA-Protein,1
Rv3744,bin60,DNA-Protein,1
Rv3744,bin84,DNA-Protein,1
Rv3744,bin155,DNA-Protein,1
Rv3744,bin173,DNA-Protein,1
Rv3744,bin184,DNA-Protein,1
Rv3744,bin235,DNA-Protein,1
Rv3744,bin273,DNA-Protein,1
Rv3744,bin291,DNA-Protein,1
Rv3744,bin316,DNA-Protein,1
Rv3744,bin347,DNA-Protein,1
Rv3744,bin383,DNA-Protein,1
Rv3744,bin386,DNA-Protein,1
Rv3744,bin442,DNA-Protein,1
Rv3744,bin452,DNA-Protein,1
Rv3744,bin462,DNA-Protein,1
Rv3744,bin523,DNA-Protein,1
Rv3744,bin526,DNA-Protein,1
Rv3744,bin558,DNA-Protein,1
Rv3744,bin571,DNA-Protein,1
Rv3744,bin590,DNA-Protein,1
Rv3744,bin595,DNA-Protein,1
Rv3744,bin618,DNA-Protein,1
Rv3744,bin683,DNA-Protein,1
Rv3744,bin690,DNA-Protein,1
Rv3744,bin710,DNA-Protein,1
Rv3744,bin722,DNA-Protein,1
Rv3744,bin729,DNA-Protein,1
Rv3744,bin735,DNA-Protein,1
Rv3744,bin785,DNA-Protein,1
Rv3744,bin806,DNA-Protein,1
Rv3744,bin809,DNA-Protein,1
Rv3744,bin812,DNA-Protein,1
Rv3744,bin825,DNA-Protein,1
Rv3744,bin844,DNA-Protein,1
Rv3744,bin862,DNA-Protein,1
Rv3744,bin863,DNA-Protein,1
Rv3765c,bin68,DNA-Protein,1
Rv3765c,bin178,DNA-Protein,1
Rv3765c,bin273,DNA-Protein,1
Rv3765c,bin368,DNA-Protein,1
Rv3765c,bin452,DNA-Protein,1
Rv3765c,bin670,DNA-Protein,1
Rv3765c,bin710,DNA-Protein,1
Rv3765c,bin735,DNA-Protein,1
Rv3765c,bin806,DNA-Protein,1
Rv3765c,bin811,DNA-Protein,1
Rv3765c,bin825,DNA-Protein,1
Rv3830c,bin68,DNA-Protein,1
Rv3830c,bin155,DNA-Protein,1
Rv3830c,bin173,DNA-Protein,1
Rv3830c,bin178,DNA-Protein,1
Rv3830c,bin184,DNA-Protein,1
Rv3830c,bin235,DNA-Protein,1
Rv3830c,bin273,DNA-Protein,1
Rv3830c,bin310,DNA-Protein,1
Rv3830c,bin330,DNA-Protein,1
Rv3830c,bin382,DNA-Protein,1
Rv3830c,bin386,DNA-Protein,1
Rv3830c,bin523,DNA-Protein,1
Rv3830c,bin618,DNA-Protein,1
Rv3830c,bin670,DNA-Protein,1
Rv3830c,bin729,DNA-Protein,1
Rv3830c,bin731,DNA-Protein,1
Rv3830c,bin735,DNA-Protein,1
Rv3830c,bin809,DNA-Protein,1
Rv3830c,bin812,DNA-Protein,1
Rv3830c,bin825,DNA-Protein,1
Rv3833,bin30,DNA-Protein,1
Rv3833,bin56,DNA-Protein,1
Rv3833,bin60,DNA-Protein,1
Rv3833,bin68,DNA-Protein,1
Rv3833,bin79,DNA-Protein,1
Rv3833,bin155,DNA-Protein,1
Rv3833,bin161,DNA-Protein,1
Rv3833,bin178,DNA-Protein,1
Rv3833,bin273,DNA-Protein,1
Rv3833,bin382,DNA-Protein,1
Rv3833,bin513,DNA-Protein,1
Rv3833,bin565,DNA-Protein,1
Rv3833,bin571,DNA-Protein,1
Rv3833,bin729,DNA-Protein,1
Rv3833,bin735,DNA-Protein,1
Rv3833,bin806,DNA-Protein,1
Rv3833,bin809,DNA-Protein,1
Rv3833,bin820,DNA-Protein,1
Rv3833,bin825,DNA-Protein,1
Rv3833,bin865,DNA-Protein,1
Rv3840,bin710,DNA-Protein,1
ethR,bin14,DNA-Protein,1
ethR,bin84,DNA-Protein,1
ethR,bin113,DNA-Protein,1
ethR,bin273,DNA-Protein,1
ethR,bin278,DNA-Protein,1
ethR,bin687,DNA-Protein,1
ethR,bin743,DNA-Protein,1
ethR,bin790,DNA-Protein,1
ethR,bin809,DNA-Protein,1
ethR,bin812,DNA-Protein,1
ethR,bin845,DNA-Protein,1
whiB6,bin106,DNA-Protein,1
whiB6,bin273,DNA-Protein,1
whiB6,bin452,DNA-Protein,1
whiB6,bin590,DNA-Protein,1
whiB6,bin735,DNA-Protein,1
whiB6,bin785,DNA-Protein,1
whiB6,bin806,DNA-Protein,1
whiB6,bin825,DNA-Protein,1
whiB6,bin862,DNA-Protein,1
sigM,bin447,DNA-Protein,1
sigM,bin452,DNA-Protein,1
sigM,bin500,DNA-Protein,1
sigM,bin571,DNA-Protein,1
sigM,bin590,DNA-Protein,1
sigM,bin735,DNA-Protein,1
sigM,bin756,DNA-Protein,1
sigM,bin820,DNA-Protein,1
sigM,bin825,DNA-Protein,1
