operon_id,promoter_start,promoter_end,gene_names,bin,operon_name,gene_list,bin_coverage,gene_start,gene_end,operon_start,operon_end,strand,operon_length,total_expression,normalized_expression
Rv0001_up,4411183,4411498,Rv0001,"bin1,bin883",Rv0001_up,['Rv0001'],"{1:0.8287112561, 883:0.1712887439}",1,1524,4411183,1524,+,1524,12753.5,8.36843832
Rv0007_up,9564,9913,Rv0007,"bin2, bin3",Rv0007_up,['Rv0007'],"{2: 0.34545454545454546, 3: 0.6545454545454545}",9914,10828,9564,10828,+,915,5262.5,5.75136612
Rv0010c_up,13559,13908,Rv0010c,bin3,Rv0010c_up,['Rv0010c'],{3: 1.0},13558,13133,13133,13908,-,424,5400.5,12.7370283
Rv0020c_up,25445,25794,Rv0020c,"bin5, bin6",Rv0020c_up,['Rv0020c'],"{5: 0.5894519131334023, 6: 0.4105480868665977}",25444,23861,23861,25794,-,1582,22592.5,14.28097345
Rv0022c_up,27443,27792,Rv0022c,bin6,Rv0022c_up,['Rv0022c'],{6: 1.0},27442,27023,27023,27792,-,418,59.5,0.142344498
Rv0023_up,27245,27594,"Rv0023,Rv0024",bin6,Rv0023_up,"['Rv0023', 'Rv0024']",{6: 1.0},27595,29207,27245,29207,+,1613,1150.5,0.713267204
Rv0026_up,29372,29721,Rv0026,"bin6, bin7",Rv0026_up,['Rv0026'],"{6: 0.37065409546258105, 7: 0.629345904537419}",29722,31068,29372,31068,+,1347,1796,1.333333333
Rv0030_up,32874,33223,Rv0030,bin7,Rv0030_up,['Rv0030'],{7: 1.0},33224,33553,32874,33553,+,330,526.5,1.595454545
Rv0040c_up,43366,43715,Rv0040c,bin9,Rv0040c_up,['Rv0040c'],{9: 1.0},43365,42433,42433,43715,-,931,3313,3.558539205
Rv0041_up,43212,43561,Rv0041,"bin9, bin10",Rv0041_up,['Rv0041'],"{9: 0.5487730061349694, 10: 0.4512269938650307}",43562,46471,43212,46471,+,2910,5930.5,2.037972509
Rv0062_up,65202,65551,Rv0062,bin14,Rv0062_up,['Rv0062'],{14: 1.0},65552,66694,65202,66694,+,1143,5474.5,4.789588801
Rv0063_up,66573,66922,Rv0063,bin14,Rv0063_up,['Rv0063'],{14: 1.0},66923,68362,66573,68362,+,1440,2066,1.434722222
Rv0064_up,68270,68619,Rv0064,"bin14, bin15",Rv0064_up,['Rv0064'],"{14: 0.5261398176291794, 15: 0.47386018237082067}",68620,71559,68270,71559,+,2940,5387.5,1.832482993
Rv0065_up,71471,71820,Rv0065,bin15,Rv0065_up,['Rv0065'],{15: 1.0},71821,72222,71471,72222,+,402,439,1.092039801
Rv0067c_up,75199,75548,Rv0067c,"bin15, bin16",Rv0067c_up,['Rv0067c'],"{15: 0.4043478260869565, 16: 0.5956521739130435}",75198,74629,74629,75548,-,568,234.5,0.412852113
Rv0068_up,74951,75300,Rv0068,"bin15, bin16",Rv0068_up,['Rv0068'],"{15: 0.039619651347068144, 16: 0.9603803486529319}",75301,76212,74951,76212,+,912,594.5,0.651864035
Rv0070c_up,78897,79246,"Rv0069c,Rv0070c",bin16,Rv0070c_up,"['Rv0069c', 'Rv0070c']",{16: 1.0},78896,76237,76237,79246,-,2658,7709,2.900300978
Rv0074_up,82398,82747,"Rv0074,Rv0075","bin17, bin18",Rv0074_up,"['Rv0074', 'Rv0075']","{17: 0.9393720678455432, 18: 0.06062793215445687}",82748,85168,82398,85168,+,2421,7092,2.92936803
Rv0077c_up,86467,86816,Rv0077c,bin18,Rv0077c_up,['Rv0077c'],{18: 1.0},86466,85636,85636,86816,-,829,428.5,0.516887817
Rv0094c_up,104664,105013,Rv0094c,"bin21, bin22",Rv0094c_up,['Rv0094c'],"{21: 0.9900306748466258, 22: 0.009969325153374233}",104663,103710,103710,105013,-,952,36.5,0.038340336
Rv0096_up,104974,105323,"Rv0096,Rv0097,Rv0098,Rv0099,Rv0100,Rv0101","bin21, bin22, bin23, bin24",Rv0096_up,"['Rv0096', 'Rv0097', 'Rv0098', 'Rv0099', 'Rv0100', 'Rv0101']","{21: 0.0021486551010663694, 22: 0.39789909279006846, 23: 0.39789909279006846, 24: 0.20205315931879675}",105324,117539,104974,117539,+,12216,10618.5,0.86922888
Rv0102_up,117364,117713,Rv0102,bin24,Rv0102_up,['Rv0102'],{24: 1.0},117714,119699,117364,119699,+,1986,4614,2.32326284
Rv0103c_up,122174,122523,Rv0103c,"bin24, bin25",Rv0103c_up,['Rv0103c'],"{24: 0.03296282100421617, 25: 0.9670371789957838}",122173,119915,119915,122523,-,2257,4629,2.050952592
Rv0105c_up,124265,124614,Rv0105c,bin25,Rv0105c_up,['Rv0105c'],{25: 1.0},124264,123980,123980,124614,-,283,11,0.038869258
Rv0106_up,124024,124373,Rv0106,"bin25, bin26",Rv0106_up,['Rv0106'],"{25: 0.6315449256625727, 26: 0.3684550743374273}",124374,125570,124024,125570,+,1197,1014.5,0.847535505
Rv0107c_up,130542,130891,Rv0107c,"bin26, bin27",Rv0107c_up,['Rv0107c'],"{26: 0.8302533815964945, 27: 0.16974661840350544}",130541,125643,125643,130891,-,4897,15356,3.135797427
Rv0108c_up,131105,131454,Rv0108c,bin27,Rv0108c_up,['Rv0108c'],{27: 1.0},131104,130895,130895,131454,-,208,12962.5,62.31971154
Rv0110_up,132670,133019,Rv0110,bin27,Rv0110_up,['Rv0110'],{27: 1.0},133020,133769,132670,133769,+,750,580.5,0.774
Rv0112_up,135939,136288,Rv0112,bin28,Rv0112_up,['Rv0112'],{28: 1.0},136289,137245,135939,137245,+,957,917.5,0.958725183
Rv0118c_up,143877,144226,Rv0118c,bin29,Rv0118c_up,['Rv0118c'],{29: 1.0},143876,142128,142128,144226,-,1747,2064.5,1.181740126
Rv0122_up,148141,148490,"Rv0122,Rv0123",bin30,Rv0122_up,"['Rv0122', 'Rv0123']",{30: 1.0},148491,149224,148141,149224,+,734,1108,1.509536785
Rv0124_up,149183,149532,Rv0124,"bin30, bin31",Rv0124_up,['Rv0124'],"{30: 0.45093715545755236, 31: 0.5490628445424476}",149533,150996,149183,150996,+,1464,396.5,0.270833333
Rv0126_up,151974,152323,Rv0126,bin31,Rv0126_up,['Rv0126'],{31: 1.0},152324,154129,151974,154129,+,1806,5113,2.831118494
Rv0127_up,153882,154231,Rv0127,"bin31, bin32",Rv0127_up,['Rv0127'],"{31: 0.6513387660069848, 32: 0.34866123399301513}",154232,155599,153882,155599,+,1368,3205,2.342836257
Rv0136_up,163016,163365,Rv0136,bin33,Rv0136_up,['Rv0136'],{33: 1.0},163366,164691,163016,164691,+,1326,869.5,0.655731523
Rv0140_up,166560,166909,Rv0140,bin34,Rv0140_up,['Rv0140'],{34: 1.0},166910,167290,166560,167290,+,381,1038.5,2.725721785
Rv0143c_up,170183,170532,Rv0143c,"bin34, bin35",Rv0143c_up,['Rv0143c'],"{34: 0.7091306724986332, 35: 0.29086932750136685}",170182,168704,168704,170532,-,1477,4265,2.88761002
Rv0152c_up,180897,181246,"Rv0151c,Rv0152c","bin36, bin37",Rv0152c_up,"['Rv0151c', 'Rv0152c']","{36: 0.6636069114470843, 37: 0.3363930885529158}",180896,177543,177543,181246,-,3352,2168.5,0.646927208
Rv0165c_up,194939,195288,Rv0165c,"bin39, bin40",Rv0165c_up,['Rv0165c'],"{39: 0.748471615720524, 40: 0.251528384279476}",194815,194144,194144,195288,-,670,4795.5,7.157462687
Rv0167_up,196511,196860,"Rv0167,Rv0168,Rv0169,Rv0170,Rv0171,Rv0172,Rv0173,Rv0174","bin40, bin41, bin42",Rv0167_up,"['Rv0167', 'Rv0168', 'Rv0169', 'Rv0170', 'Rv0171', 'Rv0172', 'Rv0173', 'Rv0174']","{40: 0.3398909232567199, 41: 0.4869497467861317, 42: 0.17315932995714842}",196861,206778,196511,206778,+,9918,80451.5,8.111665658
Rv0175_up,206464,206813,"Rv0175,Rv0176,Rv0177,Rv0178",bin42,Rv0175_up,"['Rv0175', 'Rv0176', 'Rv0177', 'Rv0178']",{42: 1.0},206814,209672,206464,209672,+,2859,32455,11.35187128
Rv0186_up,215919,216268,Rv0186,bin44,Rv0186_up,['Rv0186'],{44: 1.0},216269,218344,215919,218344,+,2076,15709,7.566955684
Rv0188_up,219136,219485,Rv0188,bin44,Rv0188_up,['Rv0188'],{44: 1.0},219486,219917,219136,219917,+,432,3191,7.386574074
Rv0198c_up,236508,236857,Rv0198c,"bin47, bin48",Rv0198c_up,['Rv0198c'],"{47: 0.20708795900939367, 48: 0.7929120409906063}",236507,234516,234516,236857,-,1990,11413.5,5.735427136
Rv0202c_up,241293,241642,"Rv0201c,Rv0202c","bin48, bin49",Rv0202c_up,"['Rv0201c', 'Rv0202c']","{48: 0.5622500666488937, 49: 0.43774993335110635}",241292,237892,237892,241642,-,3399,13500,3.971756399
Rv0203_up,241164,241513,Rv0203,bin49,Rv0203_up,['Rv0203'],{49: 1.0},241514,241924,241164,241924,+,411,5725.5,13.93065693
Rv0211_up,251432,251781,Rv0211,bin51,Rv0211_up,['Rv0211'],{51: 1.0},251782,253602,251432,253602,+,1821,7623.5,4.186436024
Rv0214_up,255714,256063,Rv0214,bin52,Rv0214_up,['Rv0214'],{52: 1.0},256064,257677,255714,257677,+,1614,1850.5,1.146530359
Rv0217c_up,260832,261181,Rv0217c,"bin52, bin53",Rv0217c_up,['Rv0217c'],"{52: 0.061953931691818905, 53: 0.938046068308181}",260831,259923,259923,261181,-,907,942,1.038588754
Rv0232_up,277549,277898,"Rv0232,Rv0233",bin56,Rv0232_up,"['Rv0232', 'Rv0233']",{56: 1.0},277899,279529,277549,279529,+,1631,8997,5.516247701
Rv0234c_up,281141,281490,Rv0234c,"bin56, bin57",Rv0234c_up,['Rv0234c'],"{56: 0.20996818663838812, 57: 0.7900318133616119}",281140,279605,279605,281490,-,1534,3476.5,2.266297262
Rv0236A_up,287072,287421,Rv0236A,bin58,Rv0236A_up,['Rv0236A'],{58: 1.0},287071,286898,286898,287421,-,172,927,5.389534884
Rv0239_up,288754,289103,"Rv0239,Rv0240",bin58,Rv0239_up,"['Rv0239', 'Rv0240']",{58: 1.0},289104,289782,288754,289782,+,679,2743,4.039764359
Rv0244c_up,295634,295983,Rv0244c,"bin59, bin60",Rv0244c_up,['Rv0244c'],"{59: 0.55032021957914, 60: 0.44967978042086004}",295633,293798,293798,295983,-,1834,8655,4.719193021
Rv0253_up,305103,305452,Rv0253,bin62,Rv0253_up,['Rv0253'],{62: 1.0},305453,305809,305103,305809,+,357,236.5,0.662464986
Rv0258c_up,310750,311099,Rv0258c,bin63,Rv0258c_up,['Rv0258c'],{63: 1.0},310749,310294,310294,311099,-,454,424.5,0.935022026
Rv0265c_up,317504,317853,Rv0265c,bin64,Rv0265c_up,['Rv0265c'],{64: 1.0},317503,316511,316511,317853,-,991,1658,1.673057518
Rv0276_up,331398,331747,Rv0276,bin67,Rv0276_up,['Rv0276'],{67: 1.0},331748,332668,331398,332668,+,921,4361,4.735070575
Rv0280_up,339014,339363,Rv0280,"bin68, bin69",Rv0280_up,['Rv0280'],"{68: 0.5033146353901071, 69: 0.49668536460989293}",339364,340974,339014,340974,+,1611,4067.5,2.524829299
Rv0282_up,341780,342129,"Rv0282,Rv0283,Rv0284,Rv0285,Rv0286","bin69, bin70, bin71",Rv0282_up,"['Rv0282', 'Rv0283', 'Rv0284', 'Rv0285', 'Rv0286']","{69: 0.33216458698566564, 70: 0.5156233886769104, 71: 0.15221202433742395}",342130,351476,341780,351476,+,9347,170469.5,18.23788381
Rv0288_up,351498,351847,"Rv0288,Rv0289",bin71,Rv0288_up,"['Rv0288', 'Rv0289']",{71: 1.0},351848,353036,351498,353036,+,1189,34020.5,28.61269975
Rv0293c_up,358065,358414,Rv0293c,bin72,Rv0293c_up,['Rv0293c'],{72: 1.0},358064,356862,356862,358414,-,1201,3500.5,2.914654455
Rv0296c_up,361156,361505,"Rv0295c,Rv0296c","bin72, bin73",Rv0296c_up,"['Rv0295c', 'Rv0296c']","{72: 0.41233893010542755, 73: 0.5876610698945725}",361155,358945,358945,361505,-,2209,6515.5,2.949524672
Rv0308_up,376763,377112,Rv0308,bin76,Rv0308_up,['Rv0308'],{76: 1.0},377113,377829,376763,377829,+,717,3368.5,4.69804742
Rv0309_up,377581,377930,Rv0309,bin76,Rv0309_up,['Rv0309'],{76: 1.0},377931,378587,377581,378587,+,657,3395,5.167427702
Rv0312_up,380206,380555,Rv0312,bin77,Rv0312_up,['Rv0312'],{77: 1.0},380556,382418,380206,382418,+,1863,2599,1.395061728
Rv0316_up,384185,384534,Rv0316,"bin77, bin78",Rv0316_up,['Rv0316'],"{77: 0.8455958549222798, 78: 0.1544041450777202}",384535,385149,384185,385149,+,615,4172.5,6.784552846
Rv0317c_up,385944,386293,Rv0317c,bin78,Rv0317c_up,['Rv0317c'],{78: 1.0},385943,385173,385173,386293,-,769,2329,3.028608583
Rv0319_up,386798,387147,Rv0319,bin78,Rv0319_up,['Rv0319'],{78: 1.0},387148,387816,386798,387816,+,669,982,1.467862481
Rv0320_up,387538,387887,Rv0320,bin78,Rv0320_up,['Rv0320'],{78: 1.0},387888,388550,387538,388550,+,663,788,1.188536953
Rv0327c_up,394046,394395,Rv0327c,bin79,Rv0327c_up,['Rv0327c'],{79: 1.0},394045,392696,392696,394395,-,1348,324,0.240356083
Rv0328_up,393761,394110,Rv0328,bin79,Rv0328_up,['Rv0328'],{79: 1.0},394111,394713,393761,394713,+,603,704,1.167495854
Rv0331_up,395851,396200,Rv0331,bin80,Rv0331_up,['Rv0331'],{80: 1.0},396201,397367,395851,397367,+,1167,605.5,0.518851757
Rv0333_up,397904,398253,Rv0333,bin80,Rv0333_up,['Rv0333'],{80: 1.0},398254,398628,397904,398628,+,375,660,1.76
Rv0347_up,416954,417303,"Rv0347,Rv0348,Rv0349",bin84,Rv0347_up,"['Rv0347', 'Rv0348', 'Rv0349']",{84: 1.0},417304,419608,416954,419608,+,2305,3031,1.314967462
Rv0350_up,419485,419834,"Rv0350,Rv0351","bin84, bin85",Rv0350_up,"['Rv0350', 'Rv0351']","{84: 0.17598908594815826, 85: 0.8240109140518418}",419835,422416,419485,422416,+,2582,34067.5,13.19422928
Rv0352_up,422102,422451,"Rv0352,Rv0353",bin85,Rv0352_up,"['Rv0352', 'Rv0353']",{85: 1.0},422452,424019,422102,424019,+,1568,9476.5,6.043686224
Rv0363c_up,442300,442649,Rv0363c,bin89,Rv0363c_up,['Rv0363c'],{89: 1.0},442299,441265,441265,442649,-,1033,4860.5,4.705227493
Rv0365c_up,444198,444547,Rv0365c,bin89,Rv0365c_up,['Rv0365c'],{89: 1.0},444197,443067,443067,444547,-,1129,1278,1.131975199
Rv0369c_up,447047,447396,"Rv0368c,Rv0369c",bin90,Rv0369c_up,"['Rv0368c', 'Rv0369c']",{90: 1.0},447046,445314,445314,447396,-,1731,345.5,0.199595609
Rv0382c_up,458381,458730,"Rv0381c,Rv0382c",bin92,Rv0382c_up,"['Rv0381c', 'Rv0382c']",{92: 1.0},458380,456915,456915,458730,-,1464,2836.5,1.9375
Rv0386_up,463061,463410,Rv0386,"bin93, bin94",Rv0386_up,['Rv0386'],"{93: 0.5376940133037694, 94: 0.4623059866962306}",463411,466668,463061,466668,+,3258,3186.5,0.978054021
Rv0397_up,475466,475815,Rv0397,bin96,Rv0397_up,['Rv0397'],{96: 1.0},475816,476184,475466,476184,+,369,184.5,0.5
Rv0401_up,479439,479788,Rv0401,"bin96, bin97",Rv0401_up,['Rv0401'],"{96: 0.778393351800554, 97: 0.22160664819944598}",479789,480160,479439,480160,+,372,262,0.704301075
Rv0407_up,490433,490782,"Rv0407,Rv0408,Rv0409","bin99, bin100",Rv0407_up,"['Rv0407', 'Rv0408', 'Rv0409']","{99: 0.9982517482517482, 100: 0.0017482517482517483}",490783,495008,490433,495008,+,4226,10493.5,2.483080928
Rv0413_up,499363,499712,Rv0413,"bin100, bin101",Rv0413_up,['Rv0413'],"{100: 0.6354581673306773, 101: 0.3645418326693227}",499713,500366,499363,500366,+,654,1634.5,2.499235474
Rv0418_up,503146,503495,Rv0418,bin101,Rv0418_up,['Rv0418'],{101: 1.0},503496,504998,503146,504998,+,1503,5103.5,3.395542249
Rv0423c_up,510226,510575,Rv0423c,"bin102, bin103",Rv0423c_up,['Rv0423c'],"{102: 0.7116349047141425, 103: 0.2883650952858576}",510225,508582,508582,510575,-,1642,12146.5,7.397381242
Rv0426c_up,515817,516166,Rv0426c,bin104,Rv0426c_up,['Rv0426c'],{104: 1.0},515816,515373,515373,516166,-,442,2942,6.656108597
Rv0430_up,518383,518732,Rv0430,bin104,Rv0430_up,['Rv0430'],{104: 1.0},518733,519041,518383,519041,+,309,2899,9.381877023
Rv0431_up,518723,519072,Rv0431,bin104,Rv0431_up,['Rv0431'],{104: 1.0},519073,519567,518723,519567,+,495,3436,6.941414141
Rv0437c_up,526083,526432,"Rv0435c,Rv0436c,Rv0437c","bin105, bin106",Rv0437c_up,"['Rv0435c', 'Rv0436c', 'Rv0437c']","{105: 0.6495349975526187, 106: 0.3504650024473813}",526082,522347,522347,526432,-,3734,9418.5,2.522362078
Rv0440_up,528258,528607,Rv0440,"bin106, bin107",Rv0440_up,['Rv0440'],"{106: 0.8834262544348708, 107: 0.11657374556512924}",528608,530230,528258,530230,+,1623,38380.5,23.64787431
Rv0441c_up,530725,531074,Rv0441c,bin107,Rv0441c_up,['Rv0441c'],{107: 1.0},530724,530296,530296,531074,-,427,3560,8.337236534
Rv0442c_up,532215,532564,Rv0442c,bin107,Rv0442c_up,['Rv0442c'],{107: 1.0},532214,530751,530751,532564,-,1462,1698,1.161422709
Rv0456A_up,547358,547707,Rv0456A,bin110,Rv0456A_up,['Rv0456A'],{110: 1.0},547357,547076,547076,547707,-,280,151,0.539285714
Rv0457c_up,549608,549957,Rv0457c,bin110,Rv0457c_up,['Rv0457c'],{110: 1.0},549607,547586,547586,549957,-,2020,1409,0.697524752
Rv0462_up,552264,552613,"Rv0462,Rv0463",bin111,Rv0462_up,"['Rv0462', 'Rv0463']",{111: 1.0},552614,554309,552264,554309,+,1696,14616,8.617924528
Rv0470c_up,561712,562061,Rv0470c,bin113,Rv0470c_up,['Rv0470c'],{113: 1.0},561711,560848,560848,562061,-,862,7183,8.332946636
Rv0473_up,563214,563563,Rv0473,bin113,Rv0473_up,['Rv0473'],{113: 1.0},563564,564934,563214,564934,+,1371,2138.5,1.559810357
Rv0474_up,564671,565020,Rv0474,"bin113, bin114",Rv0474_up,['Rv0474'],"{113: 0.4269081500646831, 114: 0.5730918499353169}",565021,565443,564671,565443,+,423,4425.5,10.46217494
Rv0481c_up,570513,570862,Rv0481c,"bin114, bin115",Rv0481c_up,['Rv0481c'],"{114: 0.014857142857142857, 115: 0.9851428571428571}",570512,569988,569988,570862,-,523,989,1.891013384
Rv0486_up,574998,575347,"Rv0486,Rv0487","bin115, bin116",Rv0486_up,"['Rv0486', 'Rv0487']","{115: 0.0012815036309269544, 116: 0.9987184963690731}",575348,577338,574998,577338,+,1991,7939.5,3.987694626
Rv0490_up,578999,579348,Rv0490,"bin116, bin117",Rv0490_up,['Rv0490'],"{116: 0.6329753632343651, 117: 0.36702463676563485}",579349,580581,578999,580581,+,1233,7826,6.347120843
Rv0500A_up,590761,591110,Rv0500A,bin119,Rv0500A_up,['Rv0500A'],{119: 1.0},591111,591347,590761,591347,+,237,2143.5,9.044303797
Rv0515_up,606201,606550,Rv0515,bin122,Rv0515_up,['Rv0515'],{122: 1.0},606551,608062,606201,608062,+,1512,941.5,0.622685185
Rv0520_up,611905,612254,"Rv0520,Rv0521",bin123,Rv0520_up,"['Rv0520', 'Rv0521']",{123: 1.0},612255,612903,611905,612903,+,649,366,0.56394453
Rv0530_up,620557,620906,Rv0530,bin125,Rv0530_up,['Rv0530'],{125: 1.0},620907,622124,620557,622124,+,1218,5210,4.277504105
Rv0542c_up,635505,635854,"Rv0541c,Rv0542c","bin127, bin128",Rv0542c_up,"['Rv0541c', 'Rv0542c']","{127: 0.695, 128: 0.305}",635504,633055,633055,635854,-,2448,6662.5,2.721609477
Rv0543c_up,635876,636225,Rv0543c,bin128,Rv0543c_up,['Rv0543c'],{128: 1.0},635875,635573,635573,636225,-,301,2803.5,9.313953488
Rv0552_up,642539,642888,"Rv0552,Rv0553,Rv0554","bin129, bin130",Rv0552_up,"['Rv0552', 'Rv0553', 'Rv0554']","{129: 0.6623621199892387, 130: 0.3376378800107614}",642889,646255,642539,646255,+,3367,3768.5,1.119245619
Rv0560c_up,651505,651854,Rv0560c,bin131,Rv0560c_up,['Rv0560c'],{131: 1.0},651504,650779,650779,651854,-,724,783,1.081491713
Rv0563_up,653529,653878,Rv0563,bin131,Rv0563_up,['Rv0563'],{131: 1.0},653879,654739,653529,654739,+,861,3063,3.557491289
Rv0569_up,660653,661002,Rv0569,bin133,Rv0569_up,['Rv0569'],{133: 1.0},661003,661269,660653,661269,+,267,2780,10.41198502
Rv0571c_up,664819,665168,Rv0571c,"bin133, bin134",Rv0571c_up,['Rv0571c'],"{133: 0.9001189060642093, 134: 0.09988109393579073}",664818,663487,663487,665168,-,1330,1383,1.039849624
Rv0576_up,669498,669847,"Rv0576,Rv0577","bin134, bin135",Rv0576_up,"['Rv0576', 'Rv0577']","{134: 0.2049714751426243, 135: 0.7950285248573757}",669848,671951,669498,671951,+,2104,6902.5,3.280655894
Rv0581_up,677360,677709,"Rv0581,Rv0582",bin136,Rv0581_up,"['Rv0581', 'Rv0582']",{136: 1.0},677710,678329,677360,678329,+,620,1306.5,2.107258065
Rv0586_up,684060,684409,"Rv0586,Rv0587,Rv0588,Rv0589,Rv0590,Rv0590A,Rv0591,Rv0592,Rv0593,Rv0594","bin137, bin138, bin139",Rv0586_up,"['Rv0586', 'Rv0587', 'Rv0588', 'Rv0589', 'Rv0590', 'Rv0590A', 'Rv0591', 'Rv0592', 'Rv0593', 'Rv0594']","{137: 0.08771439224459358, 138: 0.46607009694258017, 139: 0.44621551081282623}",684410,694787,684060,694787,+,10378,16814.5,1.620206205
Rv0596c_up,695486,695835,"Rv0595c,Rv0596c","bin139, bin140",Rv0596c_up,"['Rv0595c', 'Rv0596c']","{139: 0.1624874623871615, 140: 0.8375125376128385}",695485,694839,694839,695835,-,645,775,1.201550388
Rv0597c_up,696904,697253,Rv0597c,bin140,Rv0597c_up,['Rv0597c'],{140: 1.0},696903,695668,695668,697253,-,1234,8816,7.144246353
Rv0607_up,702463,702812,Rv0607,bin141,Rv0607_up,['Rv0607'],{141: 1.0},702813,703199,702463,703199,+,387,300,0.775193798
Rv0610c_up,705910,706259,Rv0610c,"bin141, bin142",Rv0610c_up,['Rv0610c'],"{141: 0.16511936339522545, 142: 0.8348806366047745}",705909,704752,704752,706259,-,1156,1431,1.237889273
Rv0621_up,713852,714201,Rv0621,"bin143, bin144",Rv0621_up,['Rv0621'],"{143: 0.8120141342756184, 144: 0.1879858657243816}",714202,715266,713852,715266,+,1065,409.5,0.384507042
Rv0623_up,716060,716409,"Rv0623,Rv0624",bin144,Rv0623_up,"['Rv0623', 'Rv0624']",{144: 1.0},716410,717059,716060,717059,+,650,1028,1.581538462
Rv0632c_up,729279,729628,Rv0632c,bin146,Rv0632c_up,['Rv0632c'],{146: 1.0},729278,728583,728583,729628,-,694,7221.5,10.4056196
Rv0633c_up,730167,730516,Rv0633c,"bin146, bin147",Rv0633c_up,['Rv0633c'],"{146: 0.5663865546218487, 147: 0.4336134453781513}",730166,729327,729327,730516,-,838,2046.5,2.442124105
Rv0642c_up,737204,737553,Rv0642c,bin148,Rv0642c_up,['Rv0642c'],{148: 1.0},737203,736298,736298,737553,-,904,11592,12.82300885
Rv0652_up,748499,748848,Rv0652,bin150,Rv0652_up,['Rv0652'],{150: 1.0},748849,749241,748499,749241,+,393,5754,14.64122137
Rv0664_up,758182,758531,"Rv0664,Rv0665,Rv0666",bin152,Rv0664_up,"['Rv0664', 'Rv0665', 'Rv0666']",{152: 1.0},758532,759309,758182,759309,+,778,466,0.598971722
Rv0667_up,759457,759806,Rv0667,"bin152, bin153",Rv0667_up,['Rv0667'],"{152: 0.14060480744378392, 153: 0.8593951925562161}",759807,763325,759457,763325,+,3519,179743.5,51.07800512
Rv0668_up,763020,763369,Rv0668,"bin153, bin154",Rv0668_up,['Rv0668'],"{153: 0.46059056033480583, 154: 0.5394094396651942}",763370,767320,763020,767320,+,3951,126998,32.14325487
Rv0672_up,771134,771483,"Rv0672,Rv0673,Rv0674,Rv0675","bin155, bin156",Rv0672_up,"['Rv0672', 'Rv0673', 'Rv0674', 'Rv0675']","{155: 0.8707498311191173, 156: 0.12925016888088267}",771484,775574,771134,775574,+,4091,14631.5,3.576509411
Rv0677c_up,778906,779255,"Rv0676c,Rv0677c",bin156,Rv0677c_up,"['Rv0676c', 'Rv0677c']",{156: 1.0},778905,775586,775586,779255,-,3318,152507.5,45.96368294
Rv0680c_up,780417,780766,"Rv0679c,Rv0680c","bin156, bin157",Rv0680c_up,"['Rv0679c', 'Rv0680c']","{156: 0.3741830065359477, 157: 0.6258169934640523}",780416,779543,779543,780766,-,872,8523,9.774082569
Rv0682_up,781210,781559,"Rv0682,Rv0683",bin157,Rv0682_up,"['Rv0682', 'Rv0683']",{157: 1.0},781560,782404,781210,782404,+,845,15995.5,18.9295858
Rv0686_up,785799,786148,Rv0686,bin158,Rv0686_up,['Rv0686'],{158: 1.0},786149,786946,785799,786946,+,798,4038,5.060150376
Rv0698_up,798483,798832,Rv0698,bin160,Rv0698_up,['Rv0698'],{160: 1.0},798833,799444,798483,799444,+,612,902.5,1.474673203
Rv0700_up,800137,800486,"Rv0700,Rv0701,Rv0702,Rv0703",bin161,Rv0700_up,"['Rv0700', 'Rv0701', 'Rv0702', 'Rv0703']",{161: 1.0},800487,802435,800137,802435,+,1949,107243,55.02462801
Rv0725c_up,818445,818794,"Rv0724A,Rv0725c",bin164,Rv0725c_up,"['Rv0724A', 'Rv0725c']",{164: 1.0},818444,817531,817531,818794,-,912,517,0.566885965
Rv0729_up,821157,821506,"Rv0729,Rv0730",bin165,Rv0729_up,"['Rv0729', 'Rv0730']",{165: 1.0},821507,823594,821157,823594,+,2088,4594,2.200191571
Rv0732_up,824450,824799,"Rv0732,Rv0733,Rv0734","bin165, bin166",Rv0732_up,"['Rv0732', 'Rv0733', 'Rv0734']","{165: 0.18238993710691823, 166: 0.8176100628930818}",824800,827470,824450,827470,+,2671,23093,8.645825534
Rv0739_up,830505,830854,Rv0739,bin167,Rv0739_up,['Rv0739'],{167: 1.0},830855,831661,830505,831661,+,807,469,0.581164808
Rv0741_up,832184,832533,Rv0741,bin167,Rv0741_up,['Rv0741'],{167: 1.0},832534,832848,832184,832848,+,315,2570,8.158730159
Rv0742_up,832631,832980,Rv0742,bin167,Rv0742_up,['Rv0742'],{167: 1.0},832981,833508,832631,833508,+,528,482,0.912878788
Rv0749_up,840878,841227,Rv0749,bin169,Rv0749_up,['Rv0749'],{169: 1.0},841228,841656,840878,841656,+,429,770,1.794871795
Rv0753c_up,845954,846303,"Rv0751c,Rv0752c,Rv0753c","bin169, bin170",Rv0753c_up,"['Rv0751c', 'Rv0752c', 'Rv0753c']","{169: 0.6707101339398535, 170: 0.3292898660601466}",845953,842347,842347,846303,-,3605,2899,0.804160888
Rv0767c_up,860711,861060,"Rv0762c,Rv0763c,Rv0764c,Rv0765c,Rv0766c,Rv0767c","bin172, bin173",Rv0767c_up,"['Rv0762c', 'Rv0763c', 'Rv0764c', 'Rv0765c', 'Rv0766c', 'Rv0767c']","{172: 0.793613707165109, 173: 0.20638629283489096}",860710,855925,855925,861060,-,4784,3418,0.714464883
Rv0768_up,860562,860911,Rv0768,bin173,Rv0768_up,['Rv0768'],{173: 1.0},860912,862381,860562,862381,+,1470,1872,1.273469388
Rv0775_up,868057,868406,Rv0775,bin174,Rv0775_up,['Rv0775'],{174: 1.0},868407,869030,868057,869030,+,624,813,1.302884615
Rv0779c_up,873293,873642,Rv0779c,bin175,Rv0779c_up,['Rv0779c'],{175: 1.0},873292,872672,872672,873642,-,619,333,0.537964459
Rv0784_up,878288,878637,"Rv0784,Rv0785","bin176, bin177",Rv0784_up,"['Rv0784', 'Rv0785']","{176: 0.6222302942244824, 177: 0.3777697057755176}",878638,881040,878288,881040,+,2403,2434,1.012900541
Rv0792c_up,886647,886996,"Rv0790c,Rv0791c,Rv0792c","bin177, bin178",Rv0792c_up,"['Rv0790c', 'Rv0791c', 'Rv0792c']","{177: 0.3176068376068376, 178: 0.6823931623931624}",886646,884072,884072,886996,-,2573,3883.5,1.509327633
Rv0793_up,886369,886718,Rv0793,bin178,Rv0793_up,['Rv0793'],{178: 1.0},886719,887024,886369,887024,+,306,94,0.307189542
Rv0795_up,888722,889071,"Rv0795,Rv0796","bin178, bin179",Rv0795_up,"['Rv0795', 'Rv0796']","{178: 0.793424317617866, 179: 0.206575682382134}",889072,890333,888722,890333,+,1262,20.5,0.016244057
Rv0805_up,898481,898830,Rv0805,bin180,Rv0805_up,['Rv0805'],{180: 1.0},898831,899787,898481,899787,+,957,8335.5,8.710031348
Rv0808_up,901761,902110,Rv0808,bin181,Rv0808_up,['Rv0808'],{181: 1.0},902111,903694,901761,903694,+,1584,7064.5,4.459911616
Rv0810c_up,905088,905437,Rv0810c,"bin181, bin182",Rv0810c_up,['Rv0810c'],"{181: 0.1801125703564728, 182: 0.8198874296435272}",905087,904905,904905,905437,-,181,1951,10.77900552
Rv0812_up,906073,906422,Rv0812,bin182,Rv0812_up,['Rv0812'],{182: 1.0},906423,907292,906073,907292,+,870,1579.5,1.815517241
Rv0818_up,910622,910971,"Rv0818,Rv0819",bin183,Rv0818_up,"['Rv0818', 'Rv0819']",{183: 1.0},910972,912683,910622,912683,+,1712,6094,3.559579439
Rv0824c_up,918751,919100,Rv0824c,bin184,Rv0824c_up,['Rv0824c'],{184: 1.0},918750,917734,917734,919100,-,1015,73914,72.82167488
Rv0826_up,919284,919633,Rv0826,"bin184, bin185",Rv0826_up,['Rv0826'],"{184: 0.5099573257467994, 185: 0.4900426742532006}",919634,920689,919284,920689,+,1056,591.5,0.560132576
Rv0827c_up,921134,921483,Rv0827c,bin185,Rv0827c_up,['Rv0827c'],{185: 1.0},921133,920741,920741,921483,-,391,1705,4.360613811
Rv0837c_up,934032,934381,Rv0837c,bin187,Rv0837c_up,['Rv0837c'],{187: 1.0},934031,933003,933003,934381,-,1027,452.5,0.4406037
Rv0839_up,935227,935576,Rv0839,bin188,Rv0839_up,['Rv0839'],{188: 1.0},935577,936389,935227,936389,+,813,975.5,1.199876999
Rv0840c_up,937318,937667,Rv0840c,bin188,Rv0840c_up,['Rv0840c'],{188: 1.0},937317,936457,936457,937667,-,859,886,1.031431898
Rv0847_up,943993,944342,Rv0847,bin189,Rv0847_up,['Rv0847'],{189: 1.0},944343,944735,943993,944735,+,393,3632.5,9.243002545
Rv0854_up,950833,951182,"Rv0854,Rv0855",bin191,Rv0854_up,"['Rv0854', 'Rv0855']",{191: 1.0},951183,952711,950833,952711,+,1529,2205,1.442119032
Rv0859_up,954727,955076,"Rv0859,Rv0860","bin191, bin192",Rv0859_up,"['Rv0859', 'Rv0860']","{191: 0.07347814427460445, 192: 0.9265218557253956}",955077,958455,954727,958455,+,3379,8882,2.62858834
Rv0872c_up,970245,970594,Rv0872c,"bin194, bin195",Rv0872c_up,['Rv0872c'],"{194: 0.72639336711193, 195: 0.27360663288807}",970244,968424,968424,970594,-,1819,6674.5,3.669323804
Rv0876c_up,975938,976287,"Rv0875c,Rv0876c","bin195, bin196",Rv0876c_up,"['Rv0875c', 'Rv0876c']","{195: 0.4814665592264303, 196: 0.5185334407735697}",975937,973806,973806,976287,-,2130,5549.5,2.605399061
Rv0885_up,982412,982761,"Rv0885,Rv0886","bin197, bin198",Rv0885_up,"['Rv0885', 'Rv0886']","{197: 0.830073741583841, 198: 0.16992625841615902}",982762,985530,982412,985530,+,2769,4485,1.61971831
Rv0888_up,986883,987232,Rv0888,bin198,Rv0888_up,['Rv0888'],{198: 1.0},987233,988705,986883,988705,+,1473,5386.5,3.656822811
Rv0898c_up,1002705,1003054,Rv0898c,bin201,Rv0898c_up,['Rv0898c'],{201: 1.0},1002704,1002441,1002441,1003054,-,262,3146,12.00763359
Rv0907_up,1009786,1010135,"Rv0907,Rv0908","bin202, bin203",Rv0907_up,"['Rv0907', 'Rv0908']","{202: 0.049550587693016825, 203: 0.9504494123069832}",1010136,1014124,1009786,1014124,+,3989,6090,1.526698421
Rv0911_up,1015048,1015397,Rv0911,bin204,Rv0911_up,['Rv0911'],{204: 1.0},1015398,1016171,1015048,1016171,+,774,891.5,1.151808786
Rv0916c_up,1021644,1021993,"Rv0915c,Rv0916c",bin205,Rv0916c_up,"['Rv0915c', 'Rv0916c']",{205: 1.0},1021643,1020058,1020058,1021993,-,1584,561.5,0.354482323
Rv0921_up,1026754,1027103,"Rv0921,Rv0922",bin206,Rv0921_up,"['Rv0921', 'Rv0922']",{206: 1.0},1027104,1029337,1026754,1029337,+,2234,14320.5,6.410250671
Rv0927c_up,1034632,1034981,Rv0927c,bin207,Rv0927c_up,['Rv0927c'],{207: 1.0},1034631,1033840,1033840,1034981,-,790,1095,1.386075949
Rv0928_up,1034553,1034902,"Rv0928,Rv0929,Rv0930","bin207, bin208",Rv0928_up,"['Rv0928', 'Rv0929', 'Rv0930']","{207: 0.1328194485621109, 208: 0.8671805514378891}",1034903,1037925,1034553,1037925,+,3023,9332,3.086999669
Rv0940c_up,1051460,1051809,Rv0940c,bin211,Rv0940c_up,['Rv0940c'],{211: 1.0},1051459,1050593,1050593,1051809,-,865,1259.5,1.456069364
Rv0949_up,1057910,1058259,Rv0949,"bin212, bin213",Rv0949_up,['Rv0949'],"{212: 0.7843210802700675, 213: 0.21567891972993247}",1058260,1060575,1057910,1060575,+,2316,3226,1.392918826
Rv0951_up,1061614,1061963,"Rv0951,Rv0952",bin213,Rv0951_up,"['Rv0951', 'Rv0952']",{213: 1.0},1061964,1064051,1061614,1064051,+,2088,20371.5,9.756465517
Rv0954_up,1064777,1065126,Rv0954,"bin213, bin214",Rv0954_up,['Rv0954'],"{213: 0.1774960380348653, 214: 0.8225039619651348}",1065127,1066038,1064777,1066038,+,912,12049,13.21162281
Rv0958_up,1069533,1069882,"Rv0958,Rv0959","bin214, bin215",Rv0958_up,"['Rv0958', 'Rv0959']","{214: 0.12510024057738572, 215: 0.8748997594226142}",1069883,1073273,1069533,1073273,+,3391,6401,1.887643763
Rv0960_up,1073195,1073544,Rv0960,bin215,Rv0960_up,['Rv0960'],{215: 1.0},1073545,1073928,1073195,1073928,+,384,974,2.536458333
Rv0962c_up,1075115,1075464,Rv0962c,"bin215, bin216",Rv0962c_up,['Rv0962c'],"{215: 0.5473170731707317, 216: 0.4526829268292683}",1075114,1074440,1074440,1075464,-,673,480,0.713224368
Rv0967_up,1077625,1077974,Rv0967,bin216,Rv0967_up,['Rv0967'],{216: 1.0},1077975,1078334,1077625,1078334,+,360,3150,8.75
Rv0968_up,1078041,1078390,Rv0968,bin216,Rv0968_up,['Rv0968'],{216: 1.0},1078391,1078687,1078041,1078687,+,297,2016.5,6.78956229
Rv0979A_up,1094536,1094885,Rv0979A,"bin219, bin220",Rv0979A_up,['Rv0979A'],"{219: 0.8874045801526718, 220: 0.11259541984732824}",1094886,1095059,1094536,1095059,+,174,1727,9.925287356
Rv0980c_up,1096452,1096801,Rv0980c,bin220,Rv0980c_up,['Rv0980c'],{220: 1.0},1096451,1095078,1095078,1096801,-,1372,4640,3.381924198
Rv0991c_up,1108505,1108854,Rv0991c,bin222,Rv0991c_up,['Rv0991c'],{222: 1.0},1108504,1108172,1108172,1108854,-,331,2116,6.392749245
Rv0993_up,1108922,1109271,Rv0993,"bin222, bin223",Rv0993_up,['Rv0993'],"{222: 0.8489378442171518, 223: 0.15106215578284815}",1109272,1110192,1108922,1110192,+,921,2875.5,3.122149837
Rv0995_up,1111262,1111611,Rv0995,bin223,Rv0995_up,['Rv0995'],{223: 1.0},1111612,1112223,1111262,1112223,+,612,1285,2.099673203
Rv0996_up,1112034,1112383,Rv0996,bin223,Rv0996_up,['Rv0996'],{223: 1.0},1112384,1113460,1112034,1113460,+,1077,6056,5.623026927
Rv0998_up,1114398,1114747,"Rv0998,Rv0999","bin223, bin224",Rv0998_up,"['Rv0998', 'Rv0999']","{223: 0.2833646616541353, 224: 0.7166353383458647}",1114748,1116525,1114398,1116525,+,1778,3391,1.9071991
Rv1000c_up,1117149,1117498,Rv1000c,bin224,Rv1000c_up,['Rv1000c'],{224: 1.0},1117148,1116531,1116531,1117498,-,616,944,1.532467532
Rv1006_up,1123364,1123713,Rv1006,"bin225, bin226",Rv1006_up,['Rv1006'],"{225: 0.7969814995131451, 226: 0.2030185004868549}",1123714,1125417,1123364,1125417,+,1704,10675.5,6.264964789
Rv1013_up,1131275,1131624,Rv1013,bin227,Rv1013_up,['Rv1013'],{227: 1.0},1131625,1133259,1131275,1133259,+,1635,4560.5,2.789296636
Rv1023_up,1144214,1144563,"Rv1023,Rv1024,Rv1025,Rv1026","bin229, bin230",Rv1023_up,"['Rv1023', 'Rv1024', 'Rv1025', 'Rv1026']","{229: 0.2090305444887118, 230: 0.7909694555112882}",1144564,1147978,1144214,1147978,+,3415,7209.5,2.111127379
Rv1028A_up,1151570,1151919,"Rv1028A,Rv1029,Rv1030,Rv1031","bin231, bin232",Rv1028A_up,"['Rv1028A', 'Rv1029', 'Rv1030', 'Rv1031']","{231: 0.7069853698743046, 232: 0.29301463012569545}",1151920,1156422,1151570,1156422,+,4503,2898.5,0.64368199
Rv1047_up,1169073,1169422,Rv1047,"bin234, bin235",Rv1047_up,['Rv1047'],"{234: 0.5807259073842302, 235: 0.4192740926157697}",1169423,1170670,1169073,1170670,+,1248,133.5,0.106971154
Rv1049_up,1172036,1172385,Rv1049,bin235,Rv1049_up,['Rv1049'],{235: 1.0},1172386,1172832,1172036,1172832,+,447,285,0.637583893
Rv1051c_up,1174701,1175050,Rv1051c,"bin235, bin236",Rv1051c_up,['Rv1051c'],"{235: 0.9547920433996383, 236: 0.045207956600361664}",1174700,1173945,1173945,1175050,-,754,157.5,0.208885942
Rv1052_up,1175373,1175722,Rv1052,bin236,Rv1052_up,['Rv1052'],{236: 1.0},1175723,1176112,1175373,1176112,+,390,251,0.643589744
Rv1053c_up,1176287,1176636,Rv1053c,bin236,Rv1053c_up,['Rv1053c'],{236: 1.0},1176286,1176011,1176011,1176636,-,274,1042.5,3.804744526
Rv1060_up,1183158,1183507,Rv1060,bin237,Rv1060_up,['Rv1060'],{237: 1.0},1183508,1183981,1183158,1183981,+,474,1415,2.985232068
Rv1064c_up,1187324,1187673,Rv1064c,bin238,Rv1064c_up,['Rv1064c'],{238: 1.0},1187323,1186904,1186904,1187673,-,418,314.5,0.752392344
Rv1065_up,1187085,1187434,"Rv1065,Rv1066",bin238,Rv1065_up,"['Rv1065', 'Rv1066']",{238: 1.0},1187435,1188393,1187085,1188393,+,959,3084,3.215849844
Rv1073_up,1196881,1197230,Rv1073,bin240,Rv1073_up,['Rv1073'],{240: 1.0},1197231,1198082,1196881,1198082,+,852,4610.5,5.411384977
Rv1076_up,1200417,1200766,Rv1076,bin241,Rv1076_up,['Rv1076'],{241: 1.0},1200767,1201660,1200417,1201660,+,894,1348,1.507829978
Rv1077_up,1201367,1201716,Rv1077,bin241,Rv1077_up,['Rv1077'],{241: 1.0},1201717,1203111,1201367,1203111,+,1395,4765.5,3.416129032
Rv1085c_up,1210485,1210834,Rv1085c,"bin242, bin243",Rv1085c_up,['Rv1085c'],"{242: 0.22706209453197404, 243: 0.772937905468026}",1210484,1209756,1209756,1210834,-,727,1763,2.425034388
Rv1088_up,1214163,1214512,"Rv1088,Rv1089","bin243, bin244",Rv1088_up,"['Rv1088', 'Rv1089']","{243: 0.8648090815273478, 244: 0.13519091847265222}",1214513,1215131,1214163,1215131,+,619,119,0.192245557
Rv1093_up,1220224,1220573,Rv1093,bin245,Rv1093_up,['Rv1093'],{245: 1.0},1220574,1221854,1220224,1221854,+,1281,7704,6.014051522
Rv1095_up,1222647,1222996,Rv1095,bin245,Rv1095_up,['Rv1095'],{245: 1.0},1222997,1224298,1222647,1224298,+,1302,25964,19.94162826
Rv1112_up,1237905,1238254,Rv1112,bin248,Rv1112_up,['Rv1112'],{248: 1.0},1238255,1239328,1237905,1239328,+,1074,393.5,0.366387337
Rv1113_up,1239066,1239415,"Rv1113,Rv1114",bin248,Rv1113_up,"['Rv1113', 'Rv1114']",{248: 1.0},1239416,1239984,1239066,1239984,+,569,488.5,0.858523726
Rv1115_up,1239837,1240186,Rv1115,"bin248, bin249",Rv1115_up,['Rv1115'],"{248: 0.1563393708293613, 249: 0.8436606291706387}",1240187,1240885,1239837,1240885,+,699,363.5,0.520028612
Rv1117_up,1241283,1241632,Rv1117,bin249,Rv1117_up,['Rv1117'],{249: 1.0},1241633,1241956,1241283,1241956,+,324,2143.5,6.615740741
Rv1121_up,1243357,1243706,Rv1121,"bin249, bin250",Rv1121_up,['Rv1121'],"{249: 0.9388920616790406, 250: 0.061107938320959454}",1243707,1245107,1243357,1245107,+,1401,4419.5,3.154532477
Rv1122_up,1244779,1245128,Rv1122,"bin249, bin250",Rv1122_up,['Rv1122'],"{249: 0.1616897305171158, 250: 0.8383102694828842}",1245129,1246151,1244779,1246151,+,1023,3157.5,3.086510264
Rv1124_up,1246777,1247126,"Rv1124,Rv1125",bin250,Rv1124_up,"['Rv1124', 'Rv1125']",{250: 1.0},1247127,1249326,1246777,1249326,+,2200,1775,0.806818182
Rv1147_up,1274550,1274899,Rv1147,"bin255, bin256",Rv1147_up,['Rv1147'],"{255: 0.45054945054945056, 256: 0.5494505494505495}",1274900,1275550,1274550,1275550,+,651,1739,2.671274962
Rv1149_up,1277543,1277892,Rv1149,bin256,Rv1149_up,['Rv1149'],{256: 1.0},1277893,1278300,1277543,1278300,+,408,27,0.066176471
Rv1152_up,1279305,1279654,Rv1152,"bin256, bin257",Rv1152_up,['Rv1152'],"{256: 0.9720670391061452, 257: 0.027932960893854747}",1279655,1280020,1279305,1280020,+,366,965.5,2.637978142
Rv1158c_up,1284863,1285212,"Rv1157c,Rv1158c","bin257, bin258",Rv1158c_up,"['Rv1157c', 'Rv1158c']","{257: 0.9017153453871117, 258: 0.09828465461288827}",1284862,1283056,1283056,1285212,-,1805,7195,3.986149584
Rv1160_up,1286245,1286594,Rv1160,bin258,Rv1160_up,['Rv1160'],{258: 1.0},1286595,1287020,1286245,1287020,+,426,406,0.953051643
Rv1165_up,1293818,1294167,Rv1165,"bin259, bin260",Rv1165_up,['Rv1165'],"{259: 0.5288332588287885, 260: 0.47116674117121143}",1294168,1296054,1293818,1296054,+,1887,4287.5,2.272125066
Rv1169c_up,1300125,1300474,"Rv1168c,Rv1169c","bin260, bin261",Rv1169c_up,"['Rv1168c', 'Rv1169c']","{260: 0.722969023962595, 261: 0.277030976037405}",1300124,1298764,1298764,1300474,-,1359,4966.5,3.654525386
Rv1172c_up,1302682,1303031,Rv1172c,bin261,Rv1172c_up,['Rv1172c'],{261: 1.0},1302681,1301755,1301755,1303031,-,925,7006.5,7.574594595
Rv1173_up,1302581,1302930,Rv1173,"bin261, bin262",Rv1173_up,['Rv1173'],"{261: 0.828483396097227, 262: 0.171516603902773}",1302931,1305501,1302581,1305501,+,2571,19035.5,7.403928433
Rv1180_up,1313375,1313724,Rv1180,"bin263, bin264",Rv1180_up,['Rv1180'],"{263: 0.8948816730875069, 264: 0.10511832691249312}",1313725,1315191,1313375,1315191,+,1467,207.5,0.141445126
Rv1184c_up,1325612,1325961,Rv1184c,"bin265, bin266",Rv1184c_up,['Rv1184c'],"{265: 0.32797202797202796, 266: 0.672027972027972}",1325611,1324532,1324532,1325961,-,1078,423,0.392393321
Rv1185c_up,1327513,1327862,Rv1185c,bin266,Rv1185c_up,['Rv1185c'],{266: 1.0},1327512,1325776,1325776,1327862,-,1735,3267,1.882997118
Rv1193_up,1335444,1335793,Rv1193,bin268,Rv1193_up,['Rv1193'],{268: 1.0},1335794,1337215,1335444,1337215,+,1422,4066.5,2.859704641
Rv1194c_up,1338514,1338863,Rv1194c,bin268,Rv1194c_up,['Rv1194c'],{268: 1.0},1338513,1337248,1337248,1338863,-,1264,7711,6.100474684
Rv1195_up,1338653,1339002,Rv1195,bin268,Rv1195_up,['Rv1195'],{268: 1.0},1339003,1339302,1338653,1339302,+,300,51763.5,172.545
Rv1199c_up,1342606,1342955,Rv1199c,bin269,Rv1199c_up,['Rv1199c'],{269: 1.0},1342605,1341358,1341358,1342955,-,1246,8833.5,7.089486356
Rv1200_up,1342592,1342941,Rv1200,bin269,Rv1200_up,['Rv1200'],{269: 1.0},1342942,1344219,1342592,1344219,+,1278,4406,3.447574335
Rv1203c_up,1346906,1347255,Rv1203c,bin270,Rv1203c_up,['Rv1203c'],{270: 1.0},1346905,1346321,1346321,1347255,-,583,310,0.531732419
Rv1206_up,1348982,1349331,Rv1206,"bin270, bin271",Rv1206_up,['Rv1206'],"{270: 0.47527985074626866, 271: 0.5247201492537313}",1349332,1351125,1348982,1351125,+,1794,2533,1.411928651
Rv1219c_up,1363362,1363711,"Rv1216c,Rv1217c,Rv1218c,Rv1219c","bin272, bin273",Rv1219c_up,"['Rv1216c', 'Rv1217c', 'Rv1218c', 'Rv1219c']","{272: 0.12476415094339623, 273: 0.8752358490566038}",1363361,1359472,1359472,1363711,-,3888,4190,1.077674897
Rv1220c_up,1364151,1364500,Rv1220c,bin273,Rv1220c_up,['Rv1220c'],{273: 1.0},1364150,1363503,1363503,1364500,-,646,3135.5,4.85371517
Rv1234_up,1376626,1376975,"Rv1234,Rv1235,Rv1236,Rv1237,Rv1238","bin276, bin277",Rv1234_up,"['Rv1234', 'Rv1235', 'Rv1236', 'Rv1237', 'Rv1238']","{276: 0.6440839694656488, 277: 0.35591603053435117}",1376976,1381865,1376626,1381865,+,4890,7596.5,1.553476483
Rv1240_up,1382863,1383212,Rv1240,bin277,Rv1240_up,['Rv1240'],{277: 1.0},1383213,1384202,1382863,1384202,+,990,7549.5,7.625757576
Rv1241_up,1383928,1384277,"Rv1241,Rv1242",bin277,Rv1241_up,"['Rv1241', 'Rv1242']",{277: 1.0},1384278,1384966,1383928,1384966,+,689,2123,3.081277213
Rv1244_up,1386507,1386856,Rv1244,bin278,Rv1244_up,['Rv1244'],{278: 1.0},1386857,1387717,1386507,1387717,+,861,2196,2.550522648
Rv1247c_up,1389245,1389594,"Rv1246c,Rv1247c",bin278,Rv1247c_up,"['Rv1246c', 'Rv1247c']",{278: 1.0},1389244,1388685,1388685,1389594,-,558,1329,2.38172043
Rv1256c_up,1404604,1404953,"Rv1255c,Rv1256c",bin281,Rv1256c_up,"['Rv1255c', 'Rv1256c']",{281: 1.0},1404603,1402778,1402778,1404953,-,1824,2620,1.436403509
Rv1265_up,1412910,1413259,Rv1265,bin283,Rv1265_up,['Rv1265'],{283: 1.0},1413260,1413940,1412910,1413940,+,681,4264.5,6.262114537
Rv1266c_up,1415841,1416190,Rv1266c,"bin283, bin284",Rv1266c_up,['Rv1266c'],"{283: 0.4666069027341999, 284: 0.5333930972658001}",1415840,1413960,1413960,1416190,-,1879,2823.5,1.50266099
Rv1271c_up,1420303,1420652,Rv1271c,"bin284, bin285",Rv1271c_up,['Rv1271c'],"{284: 0.057803468208092484, 285: 0.9421965317919075}",1420302,1419961,1419961,1420652,-,340,1903,5.597058824
Rv1284_up,1436974,1437323,Rv1284,bin288,Rv1284_up,['Rv1284'],{288: 1.0},1437324,1437815,1436974,1437815,+,492,785,1.595528455
Rv1287_up,1440455,1440804,Rv1287,bin289,Rv1287_up,['Rv1287'],{289: 1.0},1440805,1441290,1440455,1441290,+,486,886.5,1.824074074
Rv1292_up,1446029,1446378,"Rv1292,Rv1293,Rv1294,Rv1295","bin290, bin291",Rv1292_up,"['Rv1292', 'Rv1293', 'Rv1294', 'Rv1295']","{290: 0.6906624934793949, 291: 0.3093375065206051}",1446379,1451779,1446029,1451779,+,5401,20013.5,3.705517497
Rv1297_up,1452854,1453203,Rv1297,"bin291, bin292",Rv1297_up,['Rv1297'],"{291: 0.9944418712366836, 292: 0.00555812876331635}",1453204,1455012,1452854,1455012,+,1809,151641.5,83.82614704
Rv1298_up,1454813,1455162,Rv1298,"bin291, bin292",Rv1298_up,['Rv1298'],"{291: 0.31703204047217537, 292: 0.6829679595278246}",1455163,1455405,1454813,1455405,+,243,10971,45.14814815
Rv1303_up,1459416,1459765,"Rv1303,Rv1304","bin292, bin293",Rv1303_up,"['Rv1303', 'Rv1304']","{292: 0.3700189753320683, 293: 0.6299810246679317}",1459766,1460996,1459416,1460996,+,1231,12206.5,9.915922015
Rv1310_up,1465491,1465840,"Rv1310,Rv1311,Rv1312",bin294,Rv1310_up,"['Rv1310', 'Rv1311', 'Rv1312']",{294: 1.0},1465841,1468131,1465491,1468131,+,2291,24901.5,10.86927106
Rv1314c_up,1470253,1470602,Rv1314c,"bin294, bin295",Rv1314c_up,['Rv1314c'],"{294: 0.3540772532188841, 295: 0.6459227467811158}",1470252,1469671,1469671,1470602,-,580,1186.5,2.045689655
Rv1318c_up,1480825,1481174,Rv1318c,"bin296, bin297",Rv1318c_up,['Rv1318c'],"{296: 0.4058704453441296, 297: 0.5941295546558705}",1480824,1479199,1479199,1481174,-,1624,8521.5,5.247229064
Rv1320c_up,1484218,1484567,"Rv1319c,Rv1320c",bin297,Rv1320c_up,"['Rv1319c', 'Rv1320c']",{297: 1.0},1484217,1480894,1480894,1484567,-,3322,9678.5,2.91345575
Rv1322A_up,1485772,1486121,Rv1322A,bin298,Rv1322A_up,['Rv1322A'],{298: 1.0},1485771,1485313,1485313,1486121,-,457,18523,40.53172867
Rv1344_up,1508618,1508967,"Rv1344,Rv1345,Rv1346","bin302, bin303",Rv1344_up,"['Rv1344', 'Rv1345', 'Rv1346']","{302: 0.408084980820301, 303: 0.591915019179699}",1508968,1512006,1508618,1512006,+,3039,12428,4.089503126
Rv1348_up,1512697,1513046,"Rv1348,Rv1349","bin303, bin304",Rv1348_up,"['Rv1348', 'Rv1349']","{303: 0.49378482640377197, 304: 0.506215173596228}",1513047,1517362,1512697,1517362,+,4316,12522,2.901297498
Rv1356c_up,1524821,1525170,"Rv1353c,Rv1354c,Rv1355c,Rv1356c","bin304, bin305, bin306",Rv1356c_up,"['Rv1353c', 'Rv1354c', 'Rv1355c', 'Rv1356c']","{304: 0.13414838385530062, 305: 0.8373806732540613, 306: 0.028470942890638083}",1524820,1519200,1519200,1525170,-,5619,4788.5,0.8521979
Rv1358_up,1526262,1526611,Rv1358,"bin306, bin307",Rv1358_up,['Rv1358'],"{306: 0.9762402088772846, 307: 0.023759791122715406}",1526612,1530091,1526262,1530091,+,3480,802,0.23045977
Rv1363c_up,1535393,1535742,"Rv1362c,Rv1363c","bin307, bin308",Rv1363c_up,"['Rv1362c', 'Rv1363c']","{307: 0.5866295264623955, 308: 0.4133704735376045}",1535392,1533948,1533948,1535742,-,1443,3628.5,2.514553015
Rv1365c_up,1538170,1538519,Rv1365c,bin308,Rv1365c_up,['Rv1365c'],{308: 1.0},1538169,1537783,1537783,1538519,-,385,607.5,1.577922078
Rv1375_up,1547482,1547831,"Rv1375,Rv1376","bin310, bin311",Rv1375_up,"['Rv1375', 'Rv1376']","{310: 0.7971518987341772, 311: 0.20284810126582278}",1547832,1550641,1547482,1550641,+,2810,9222,3.281850534
Rv1386_up,1561114,1561463,"Rv1386,Rv1387",bin313,Rv1386_up,"['Rv1386', 'Rv1387']",{313: 1.0},1561464,1563388,1561114,1563388,+,1925,39155.5,20.34051948
Rv1396c_up,1573858,1574207,Rv1396c,bin315,Rv1396c_up,['Rv1396c'],{315: 1.0},1573857,1572127,1572127,1574207,-,1729,5701,3.297281666
Rv1398c_up,1574768,1575117,"Rv1397c,Rv1398c","bin315, bin316",Rv1398c_up,"['Rv1397c', 'Rv1398c']","{315: 0.8836978131212724, 316: 0.11630218687872763}",1574767,1574112,1574112,1575117,-,654,12208.5,18.66743119
Rv1402_up,1577263,1577612,Rv1402,bin316,Rv1402_up,['Rv1402'],{316: 1.0},1577613,1579580,1577263,1579580,+,1968,1554.5,0.789888211
Rv1403c_up,1580423,1580772,Rv1403c,"bin316, bin317",Rv1403c_up,['Rv1403c'],"{316: 0.34297872340425534, 317: 0.6570212765957447}",1580422,1579598,1579598,1580772,-,823,713,0.866342649
Rv1420_up,1593692,1594041,"Rv1420,Rv1421,Rv1422,Rv1423","bin319, bin320",Rv1420_up,"['Rv1420', 'Rv1421', 'Rv1422', 'Rv1423']","{319: 0.2521186440677966, 320: 0.7478813559322034}",1594042,1598883,1593692,1598883,+,4842,12041.5,2.486885584
Rv1429_up,1604528,1604877,Rv1429,"bin321, bin322",Rv1429_up,['Rv1429'],"{321: 0.29215565163681284, 322: 0.7078443483631871}",1604878,1606146,1604528,1606146,+,1269,462.5,0.364460205
Rv1443c_up,1622693,1623042,Rv1443c,bin325,Rv1443c_up,['Rv1443c'],{325: 1.0},1622692,1622207,1622207,1623042,-,484,1062,2.194214876
Rv1446c_up,1625366,1625715,"Rv1444c,Rv1445c,Rv1446c","bin325, bin326",Rv1446c_up,"['Rv1444c', 'Rv1445c', 'Rv1446c']","{325: 0.7056401811445039, 326: 0.2943598188554961}",1625365,1623287,1623287,1625715,-,2077,5076,2.443909485
Rv1451_up,1634679,1635028,Rv1451,"bin327, bin328",Rv1451_up,['Rv1451'],"{327: 0.25215348472983556, 328: 0.7478465152701644}",1635029,1635955,1634679,1635955,+,927,2759,2.97626753
Rv1460_up,1645836,1646185,"Rv1460,Rv1461,Rv1462,Rv1463,Rv1464,Rv1465,Rv1466","bin330, bin331",Rv1460_up,"['Rv1460', 'Rv1461', 'Rv1462', 'Rv1463', 'Rv1464', 'Rv1465', 'Rv1466']","{330: 0.5379052047010203, 331: 0.46209479529897973}",1646186,1653578,1645836,1653578,+,7393,30653.5,4.146287028
Rv1468c_up,1656722,1657071,Rv1468c,bin332,Rv1468c_up,['Rv1468c'],{332: 1.0},1656721,1655609,1655609,1657071,-,1111,924.5,0.832133213
Rv1477_up,1666640,1666989,"Rv1477,Rv1478",bin334,Rv1477_up,"['Rv1477', 'Rv1478']",{334: 1.0},1666990,1669144,1666640,1669144,+,2155,9822,4.557772622
Rv1483_up,1673090,1673439,"Rv1483,Rv1484,Rv1485","bin335, bin336",Rv1483_up,"['Rv1483', 'Rv1484', 'Rv1485']","{335: 0.6451721809588116, 336: 0.3548278190411884}",1673440,1676051,1673090,1676051,+,2612,17623.5,6.747128637
Rv1486c_up,1676884,1677233,Rv1486c,bin336,Rv1486c_up,['Rv1486c'],{336: 1.0},1676883,1676017,1676017,1677233,-,865,2482,2.869364162
Rv1491c_up,1681967,1682316,Rv1491c,bin337,Rv1491c_up,['Rv1491c'],{337: 1.0},1681966,1681208,1681208,1682316,-,757,3629.5,4.794583884
Rv1500_up,1690500,1690849,"Rv1500,Rv1501",bin339,Rv1500_up,"['Rv1500', 'Rv1501']",{339: 1.0},1690850,1692711,1690500,1692711,+,1862,2247,1.206766917
Rv1502_up,1692574,1692923,Rv1502,bin339,Rv1502_up,['Rv1502'],{339: 1.0},1692924,1693823,1692574,1693823,+,900,1928.5,2.142777778
Rv1506c_up,1696444,1696793,"Rv1505c,Rv1506c",bin340,Rv1506c_up,"['Rv1505c', 'Rv1506c']",{340: 1.0},1696443,1695281,1695281,1696793,-,1161,2268.5,1.953919035
Rv1514c_up,1706596,1706945,Rv1514c,bin342,Rv1514c_up,['Rv1514c'],{342: 1.0},1706595,1705807,1705807,1706945,-,787,632.5,0.803684879
Rv1516c_up,1708540,1708889,"Rv1515c,Rv1516c",bin342,Rv1516c_up,"['Rv1515c', 'Rv1516c']",{342: 1.0},1708539,1706630,1706630,1708889,-,1908,2209,1.157756813
Rv1517_up,1708521,1708870,"Rv1517,Rv1518","bin342, bin343",Rv1517_up,"['Rv1517', 'Rv1518']","{342: 0.7105136821891502, 343: 0.2894863178108497}",1708871,1710603,1708521,1710603,+,1733,1316,0.759376803
Rv1519_up,1710383,1710732,Rv1519,bin343,Rv1519_up,['Rv1519'],{343: 1.0},1710733,1711002,1710383,1711002,+,270,658,2.437037037
Rv1520_up,1710678,1711027,Rv1520,bin343,Rv1520_up,['Rv1520'],{343: 1.0},1711028,1712068,1710678,1712068,+,1041,1576,1.513928915
Rv1522c_up,1717613,1717962,Rv1522c,"bin343, bin344",Rv1522c_up,['Rv1522c'],"{343: 0.21867581113162754, 344: 0.7813241888683725}",1717612,1714172,1714172,1717962,-,3439,6664.5,1.937917999
Rv1524_up,1718376,1718725,Rv1524,bin344,Rv1524_up,['Rv1524'],{344: 1.0},1718726,1719970,1718376,1719970,+,1245,1661,1.334136546
Rv1526c_up,1722061,1722410,Rv1526c,bin345,Rv1526c_up,['Rv1526c'],{345: 1.0},1722060,1720780,1720780,1722410,-,1279,943.5,0.737685692
Rv1527c_up,1728410,1728759,Rv1527c,"bin345, bin346",Rv1527c_up,['Rv1527c'],"{345: 0.4370226149468324, 346: 0.5629773850531676}",1728409,1722083,1722083,1728759,-,6325,10685.5,1.689407115
Rv1529_up,1729152,1729501,Rv1529,"bin346, bin347",Rv1529_up,['Rv1529'],"{346: 0.4033254156769596, 347: 0.5966745843230403}",1729502,1731256,1729152,1731256,+,1755,973,0.554415954
Rv1530_up,1731023,1731372,"Rv1530,Rv1531",bin347,Rv1530_up,"['Rv1530', 'Rv1531']",{347: 1.0},1731373,1733039,1731023,1733039,+,1667,1127,0.676064787
Rv1532c_up,1733551,1733900,Rv1532c,bin347,Rv1532c_up,['Rv1532c'],{347: 1.0},1733550,1733116,1733116,1733900,-,433,598,1.381062356
Rv1533_up,1733260,1733609,"Rv1533,Rv1534","bin347, bin348",Rv1533_up,"['Rv1533', 'Rv1534']","{347: 0.8090148698884758, 348: 0.19098513011152415}",1733610,1735411,1733260,1735411,+,1802,6094,3.381798002
Rv1536_up,1736169,1736518,Rv1536,bin348,Rv1536_up,['Rv1536'],{348: 1.0},1736519,1739644,1736169,1739644,+,3126,9228,2.952015355
Rv1538c_up,1742193,1742542,Rv1538c,bin349,Rv1538c_up,['Rv1538c'],{349: 1.0},1742192,1741212,1741212,1742542,-,979,1575,1.608784474
Rv1560_up,1764405,1764754,"Rv1560,Rv1561","bin353, bin354",Rv1560_up,"['Rv1560', 'Rv1561']","{353: 0.6087844739530133, 354: 0.39121552604698673}",1764755,1765383,1764405,1765383,+,629,504.5,0.802066773
Rv1564c_up,1771602,1771951,"Rv1562c,Rv1563c,Rv1564c","bin354, bin355",Rv1564c_up,"['Rv1562c', 'Rv1563c', 'Rv1564c']","{354: 0.7022283272283272, 355: 0.29777167277167277}",1771601,1765400,1765400,1771951,-,6200,4863.5,0.784435484
Rv1565c_up,1773830,1774179,Rv1565c,bin355,Rv1565c_up,['Rv1565c'],{355: 1.0},1773829,1771640,1771640,1774179,-,2188,5764.5,2.634597806
Rv1566c_up,1774621,1774970,Rv1566c,bin355,Rv1566c_up,['Rv1566c'],{355: 1.0},1774620,1773928,1773928,1774970,-,691,4413.5,6.387120116
Rv1577c_up,1782585,1782934,"Rv1576c,Rv1577c",bin357,Rv1577c_up,"['Rv1576c', 'Rv1577c']",{357: 1.0},1782584,1780643,1780643,1782934,-,1940,2473.5,1.275
Rv1578c_up,1783229,1783578,Rv1578c,bin357,Rv1578c_up,['Rv1578c'],{357: 1.0},1783228,1782758,1782758,1783578,-,469,443,0.9445629
Rv1592c_up,1793741,1794090,Rv1592c,bin359,Rv1592c_up,['Rv1592c'],{359: 1.0},1793740,1792400,1792400,1794090,-,1339,4639,3.464525765
Rv1607_up,1805831,1806180,Rv1607,bin362,Rv1607_up,['Rv1607'],{362: 1.0},1806181,1807263,1805831,1807263,+,1083,3610.5,3.333795014
Rv1621c_up,1823274,1823623,"Rv1620c,Rv1621c","bin364, bin365",Rv1621c_up,"['Rv1620c', 'Rv1621c']","{364: 0.01037967768369298, 365: 0.989620322316307}",1823273,1819963,1819963,1823623,-,3309,1594,0.481716531
Rv1625c_up,1827946,1828295,Rv1625c,bin366,Rv1625c_up,['Rv1625c'],{366: 1.0},1827945,1826614,1826614,1828295,-,1330,2431,1.827819549
Rv1631_up,1834663,1835012,Rv1631,"bin367, bin368",Rv1631_up,['Rv1631'],"{367: 0.21473951715374842, 368: 0.7852604828462516}",1835013,1836236,1834663,1836236,+,1224,11220.5,9.167075163
Rv1632c_up,1836831,1837180,Rv1632c,bin368,Rv1632c_up,['Rv1632c'],{368: 1.0},1836830,1836387,1836387,1837180,-,442,1750,3.959276018
Rv1633_up,1836725,1837074,"Rv1633,Rv1634","bin368, bin369",Rv1633_up,"['Rv1633', 'Rv1634']","{368: 0.848924591863177, 369: 0.15107540813682302}",1837075,1840583,1836725,1840583,+,3509,13408,3.821031633
Rv1642_up,1852578,1852927,Rv1642,bin371,Rv1642_up,['Rv1642'],{371: 1.0},1852928,1853122,1852578,1853122,+,195,8747.5,44.85897436
Rv1643_up,1852834,1853183,Rv1643,bin371,Rv1643_up,['Rv1643'],{371: 1.0},1853184,1853573,1852834,1853573,+,390,13690.5,35.10384615
Rv1645c_up,1855455,1855804,Rv1645c,"bin371, bin372",Rv1645c_up,['Rv1645c'],"{371: 0.42816500711237554, 372: 0.5718349928876245}",1855454,1854399,1854399,1855804,-,1054,1465.5,1.390417457
Rv1646_up,1855414,1855763,Rv1646,bin372,Rv1646_up,['Rv1646'],{372: 1.0},1855764,1856696,1855414,1856696,+,933,2030.5,2.176312969
Rv1652_up,1865226,1865575,"Rv1652,Rv1653,Rv1654,Rv1655,Rv1656,Rv1657,Rv1658","bin374, bin375",Rv1652_up,"['Rv1652', 'Rv1653', 'Rv1654', 'Rv1655', 'Rv1656', 'Rv1657', 'Rv1658']","{374: 0.6510771748022907, 375: 0.3489228251977093}",1865576,1872559,1865226,1872559,+,6984,6628,0.949026346
Rv1660_up,1873810,1874159,Rv1660,"bin375, bin376",Rv1660_up,['Rv1660'],"{375: 0.8434844192634561, 376: 0.1565155807365439}",1874160,1875221,1873810,1875221,+,1062,1266,1.192090395
Rv1665_up,1890876,1891225,Rv1665,bin379,Rv1665_up,['Rv1665'],{379: 1.0},1891226,1892287,1890876,1892287,+,1062,1045.5,0.984463277
Rv1676_up,1900697,1901046,"Rv1676,Rv1677",bin381,Rv1676_up,"['Rv1676', 'Rv1677']",{381: 1.0},1901047,1902296,1900697,1902296,+,1250,7010.5,5.6084
Rv1682_up,1906053,1906402,Rv1682,bin382,Rv1682_up,['Rv1682'],{382: 1.0},1906403,1907320,1906053,1907320,+,918,947.5,1.032135076
Rv1683_up,1907244,1907593,"Rv1683,Rv1684","bin382, bin383",Rv1683_up,"['Rv1683', 'Rv1684']","{382: 0.7729184188393609, 383: 0.2270815811606392}",1907594,1910810,1907244,1910810,+,3217,9920.5,3.083773702
Rv1686c_up,1912082,1912431,"Rv1685c,Rv1686c",bin383,Rv1686c_up,"['Rv1685c', 'Rv1686c']",{383: 1.0},1912081,1910776,1910776,1912431,-,1304,967.5,0.741947853
Rv1687c_up,1912921,1913270,Rv1687c,bin383,Rv1687c_up,['Rv1687c'],{383: 1.0},1912920,1912153,1912153,1913270,-,766,446.5,0.582898172
Rv1698_up,1922395,1922744,Rv1698,bin385,Rv1698_up,['Rv1698'],{385: 1.0},1922745,1923689,1922395,1923689,+,945,4062.5,4.298941799
Rv1702c_up,1928576,1928925,Rv1702c,bin386,Rv1702c_up,['Rv1702c'],{386: 1.0},1928575,1927211,1927211,1928925,-,1363,1633,1.198092443
Rv1703c_up,1929722,1930071,Rv1703c,"bin386, bin387",Rv1703c_up,['Rv1703c'],"{386: 0.924548352816153, 387: 0.07545164718384698}",1929721,1929131,1929131,1930071,-,589,5391.5,9.153650255
Rv1707_up,1934532,1934881,"Rv1707,Rv1708,Rv1709,Rv1710,Rv1711,Rv1712,Rv1713","bin387, bin388, bin389",Rv1707_up,"['Rv1707', 'Rv1708', 'Rv1709', 'Rv1710', 'Rv1711', 'Rv1712', 'Rv1713']","{387: 0.06561275881365417, 388: 0.6994963626189143, 389: 0.23489087856743146}",1934882,1941679,1934532,1941679,+,6798,25207.5,3.708075905
Rv1714_up,1941503,1941852,"Rv1714,Rv1715,Rv1716,Rv1717",bin389,Rv1714_up,"['Rv1714', 'Rv1715', 'Rv1716', 'Rv1717']",{389: 1.0},1941853,1944756,1941503,1944756,+,2904,3152,1.085399449
Rv1718_up,1944459,1944808,"Rv1718,Rv1719","bin389, bin390",Rv1718_up,"['Rv1718', 'Rv1719']","{389: 0.2762487257900102, 390: 0.7237512742099899}",1944809,1946420,1944459,1946420,+,1612,1493.5,0.926488834
Rv1729c_up,1955570,1955919,"Rv1728c,Rv1729c","bin391, bin392",Rv1729c_up,"['Rv1728c', 'Rv1729c']","{391: 0.5530155642023347, 392: 0.4469844357976654}",1955569,1953864,1953864,1955919,-,1704,3703,2.173122066
Rv1732c_up,1959792,1960141,Rv1732c,"bin392, bin393",Rv1732c_up,['Rv1732c'],"{392: 0.8431590656284761, 393: 0.1568409343715239}",1959791,1959243,1959243,1960141,-,547,3431.5,6.273308958
Rv1734c_up,1961017,1961366,Rv1734c,bin393,Rv1734c_up,['Rv1734c'],{393: 1.0},1961016,1960774,1960774,1961366,-,241,5913,24.53526971
Rv1739c_up,1967638,1967987,Rv1739c,bin394,Rv1739c_up,['Rv1739c'],{394: 1.0},1967637,1965955,1965955,1967987,-,1681,1926.5,1.146044021
Rv1750c_up,1979568,1979917,Rv1750c,bin396,Rv1750c_up,['Rv1750c'],{396: 1.0},1979567,1977969,1977969,1979917,-,1597,1583,0.991233563
Rv1753c_up,1984776,1985125,Rv1753c,"bin397, bin398",Rv1753c_up,['Rv1753c'],"{397: 0.9644077448747153, 398: 0.03559225512528474}",1984775,1981614,1981614,1985125,-,3160,2136.5,0.676107595
Rv1759c_up,1992578,1992927,Rv1759c,"bin398, bin399",Rv1759c_up,['Rv1759c'],"{398: 0.054281098546042, 399: 0.945718901453958}",1992577,1989833,1989833,1992927,-,2743,339,0.123587313
Rv1760_up,1992803,1993152,Rv1760,bin399,Rv1760_up,['Rv1760'],{399: 1.0},1993153,1994661,1992803,1994661,+,1509,2083.5,1.380715706
Rv1763_up,1995802,1996151,Rv1763,bin400,Rv1763_up,['Rv1763'],{400: 1.0},1996152,1996478,1995802,1996478,+,327,25.5,0.077981651
Rv1765A_up,1999358,1999707,Rv1765A,bin400,Rv1765A_up,['Rv1765A'],{400: 1.0},1999357,1999142,1999142,1999707,-,214,2546,11.89719626
Rv1765c_up,1998516,1998865,Rv1765c,bin400,Rv1765c_up,['Rv1765c'],{400: 1.0},1998515,1997418,1997418,1998865,-,1096,182.5,0.166514599
Rv1768_up,2000264,2000613,Rv1768,bin401,Rv1768_up,['Rv1768'],{401: 1.0},2000614,2002470,2000264,2002470,+,1857,2492.5,1.342218632
Rv1773c_up,2007767,2008116,Rv1773c,bin402,Rv1773c_up,['Rv1773c'],{402: 1.0},2007766,2007020,2007020,2008116,-,745,808.5,1.085234899
Rv1774_up,2007482,2007831,"Rv1774,Rv1775",bin402,Rv1774_up,"['Rv1774', 'Rv1775']",{402: 1.0},2007832,2009990,2007482,2009990,+,2159,3932,1.821213525
Rv1776c_up,2010556,2010905,Rv1776c,"bin402, bin403",Rv1776c_up,['Rv1776c'],"{402: 0.006586169045005488, 403: 0.9934138309549945}",2010555,2009995,2009995,2010905,-,559,660.5,1.18157424
Rv1777_up,2010306,2010655,Rv1777,bin403,Rv1777_up,['Rv1777'],{403: 1.0},2010656,2011960,2010306,2011960,+,1305,454.5,0.348275862
Rv1778c_up,2012531,2012880,Rv1778c,bin403,Rv1778c_up,['Rv1778c'],{403: 1.0},2012530,2012081,2012081,2012880,-,448,1152.5,2.572544643
Rv1780_up,2014349,2014698,Rv1780,"bin403, bin404",Rv1780_up,['Rv1780'],"{403: 0.7133479212253829, 404: 0.28665207877461707}",2014699,2015262,2014349,2015262,+,564,2044.5,3.625
Rv1793_up,2030344,2030693,Rv1793,bin407,Rv1793_up,['Rv1793'],{407: 1.0},2030694,2030978,2030344,2030978,+,285,9909,34.76842105
Rv1799_up,2038809,2039158,Rv1799,bin408,Rv1799_up,['Rv1799'],{408: 1.0},2039159,2039350,2038809,2039350,+,192,440.5,2.294270833
Rv1802_up,2043034,2043383,Rv1802,bin409,Rv1802_up,['Rv1802'],{409: 1.0},2043384,2044775,2043034,2044775,+,1392,1500,1.077586207
Rv1804c_up,2047350,2047699,Rv1804c,bin410,Rv1804c_up,['Rv1804c'],{410: 1.0},2047349,2047023,2047023,2047699,-,325,674.5,2.075384615
Rv1806_up,2047722,2048071,Rv1806,bin410,Rv1806_up,['Rv1806'],{410: 1.0},2048072,2048371,2047722,2048371,+,300,596.5,1.988333333
Rv1807_up,2048048,2048397,Rv1807,bin410,Rv1807_up,['Rv1807'],{410: 1.0},2048398,2049597,2048048,2049597,+,1200,1623,1.3525
Rv1810_up,2052583,2052932,Rv1810,bin411,Rv1810_up,['Rv1810'],{411: 1.0},2052933,2053289,2052583,2053289,+,357,5438.5,15.23389356
Rv1820_up,2064449,2064798,"Rv1820,Rv1821","bin413, bin414",Rv1820_up,"['Rv1820', 'Rv1821']","{413: 0.12446448703494926, 414: 0.8755355129650507}",2064799,2068883,2064449,2068883,+,4085,22244.5,5.445410037
Rv1827_up,2072246,2072595,"Rv1827,Rv1828",bin415,Rv1827_up,"['Rv1827', 'Rv1828']",{415: 1.0},2072596,2073824,2072246,2073824,+,1229,13741,11.18063466
Rv1840c_up,2089519,2089868,Rv1840c,bin418,Rv1840c_up,['Rv1840c'],{418: 1.0},2089518,2087971,2087971,2089868,-,1546,569,0.368046572
Rv1843c_up,2093699,2094048,Rv1843c,bin419,Rv1843c_up,['Rv1843c'],{419: 1.0},2093698,2092259,2092259,2094048,-,1438,6630,4.610570236
Rv1847_up,2096527,2096876,Rv1847,bin420,Rv1847_up,['Rv1847'],{420: 1.0},2096877,2097299,2096527,2097299,+,423,2248,5.314420804
Rv1856c_up,2104824,2105173,Rv1856c,"bin421, bin422",Rv1856c_up,['Rv1856c'],"{421: 0.8317120622568094, 422: 0.16828793774319067}",2104823,2104146,2104146,2105173,-,676,3857.5,5.706360947
Rv1860_up,2107386,2107735,Rv1860,bin422,Rv1860_up,['Rv1860'],{422: 1.0},2107736,2108713,2107386,2108713,+,978,3431.5,3.508691207
Rv1867_up,2115414,2115763,Rv1867,bin424,Rv1867_up,['Rv1867'],{424: 1.0},2115764,2117248,2115414,2117248,+,1485,1214.5,0.817845118
Rv1872c_up,2123152,2123501,Rv1872c,bin425,Rv1872c_up,['Rv1872c'],{425: 1.0},2123151,2121907,2121907,2123501,-,1243,102901.5,82.78479485
Rv1874_up,2123334,2123683,"Rv1874,Rv1875",bin425,Rv1874_up,"['Rv1874', 'Rv1875']",{425: 1.0},2123684,2124824,2123334,2124824,+,1141,3461,3.033304119
Rv1877_up,2125554,2125903,Rv1877,bin426,Rv1877_up,['Rv1877'],{426: 1.0},2125904,2127967,2125554,2127967,+,2064,3846,1.863372093
Rv1880c_up,2131858,2132207,Rv1880c,bin427,Rv1880c_up,['Rv1880c'],{427: 1.0},2131857,2130541,2130541,2132207,-,1315,5451.5,4.145627376
Rv1890c_up,2139688,2140037,Rv1890c,"bin428, bin429",Rv1890c_up,['Rv1890c'],"{428: 0.9615384615384616, 429: 0.038461538461538464}",2139687,2139076,2139076,2140037,-,610,363,0.595081967
Rv1904_up,2150604,2150953,Rv1904,bin431,Rv1904_up,['Rv1904'],{431: 1.0},2150954,2151385,2150604,2151385,+,432,3500,8.101851852
Rv1909c_up,2156602,2156951,Rv1909c,bin432,Rv1909c_up,['Rv1909c'],{432: 1.0},2156592,2156149,2156149,2156951,-,442,361,0.816742081
Rv1911c_up,2157988,2158337,Rv1911c,bin432,Rv1911c_up,['Rv1911c'],{432: 1.0},2157987,2157382,2157382,2158337,-,604,2364.5,3.914735099
Rv1921c_up,2173796,2174145,Rv1921c,bin435,Rv1921c_up,['Rv1921c'],{435: 1.0},2173795,2172524,2172524,2174145,-,1270,589.5,0.464173228
Rv1922_up,2173717,2174066,"Rv1922,Rv1923","bin435, bin436",Rv1922_up,"['Rv1922', 'Rv1923']","{435: 0.4590632820879514, 436: 0.5409367179120487}",2174067,2176513,2173717,2176513,+,2447,7058,2.884348181
Rv1926c_up,2179437,2179786,Rv1926c,bin436,Rv1926c_up,['Rv1926c'],{436: 1.0},2179436,2178957,2178957,2179786,-,478,5302.5,11.09309623
Rv1928c_up,2181218,2181567,Rv1928c,bin437,Rv1928c_up,['Rv1928c'],{437: 1.0},2181217,2180450,2180450,2181567,-,766,777.5,1.015013055
Rv1935c_up,2187160,2187509,"Rv1933c,Rv1934c,Rv1935c","bin437, bin438",Rv1935c_up,"['Rv1933c', 'Rv1934c', 'Rv1935c']","{437: 0.31147091108671787, 438: 0.6885290889132821}",2187159,2183866,2183866,2187509,-,3292,3983.5,1.210054678
Rv1936_up,2187034,2187383,"Rv1936,Rv1937,Rv1938,Rv1939,Rv1940,Rv1941","bin438, bin439",Rv1936_up,"['Rv1936', 'Rv1937', 'Rv1938', 'Rv1939', 'Rv1940', 'Rv1941']","{438: 0.40089177138224563, 439: 0.5991082286177544}",2187384,2194434,2187034,2194434,+,7051,7119.5,1.009714934
Rv1956_up,2201788,2202137,"Rv1956,Rv1957",bin441,Rv1956_up,"['Rv1956', 'Rv1957']",{441: 1.0},2202138,2203129,2201788,2203129,+,992,2714.5,2.736391129
Rv1962c_up,2205274,2205623,Rv1962c,"bin441, bin442",Rv1962c_up,['Rv1962c'],"{441: 0.17810026385224276, 442: 0.8218997361477572}",2205273,2204866,2204866,2205623,-,406,1005.5,2.476600985
Rv1963c_up,2206803,2207152,Rv1963c,bin442,Rv1963c_up,['Rv1963c'],{442: 1.0},2206802,2205582,2205582,2207152,-,1219,943,0.773584906
Rv1982c_up,2225833,2226182,Rv1982c,bin446,Rv1982c_up,['Rv1982c'],{446: 1.0},2225832,2225413,2225413,2226182,-,418,713,1.705741627
Rv1984c_up,2228562,2228911,Rv1984c,bin446,Rv1984c_up,['Rv1984c'],{446: 1.0},2228561,2227908,2227908,2228911,-,652,1836.5,2.816717791
Rv1986_up,2229661,2230010,Rv1986,"bin446, bin447",Rv1986_up,['Rv1986'],"{446: 0.35789473684210527, 447: 0.6421052631578947}",2230011,2230610,2229661,2230610,+,600,972,1.62
Rv1988_up,2231330,2231679,Rv1988,bin447,Rv1988_up,['Rv1988'],{447: 1.0},2231680,2232219,2231330,2232219,+,540,1539,2.85
Rv1990A_up,2234217,2234566,Rv1990A,bin447,Rv1990A_up,['Rv1990A'],{447: 1.0},2234216,2233881,2233881,2234566,-,334,657,1.967065868
Rv1990c_up,2233638,2233987,"Rv1989c,Rv1990c",bin447,Rv1990c_up,"['Rv1989c', 'Rv1990c']",{447: 1.0},2233637,2232739,2232739,2233987,-,897,3058,3.409141583
Rv1994c_up,2237985,2238334,Rv1994c,bin448,Rv1994c_up,['Rv1994c'],{448: 1.0},2237984,2237628,2237628,2238334,-,355,438.5,1.235211268
Rv2002_up,2247310,2247659,Rv2002,bin450,Rv2002_up,['Rv2002'],{450: 1.0},2247660,2248442,2247310,2248442,+,783,1210,1.545338442
Rv2011c_up,2259286,2259635,Rv2011c,bin452,Rv2011c_up,['Rv2011c'],{452: 1.0},2259285,2258854,2258854,2259635,-,430,360,0.837209302
Rv2025c_up,2271749,2272098,Rv2025c,bin455,Rv2025c_up,['Rv2025c'],{455: 1.0},2271748,2270750,2270750,2272098,-,997,858.5,0.86108325
Rv2032_up,2278779,2279128,Rv2032,"bin456, bin457",Rv2032_up,['Rv2032'],"{456: 0.9078751857355126, 457: 0.09212481426448738}",2279129,2280124,2278779,2280124,+,996,3353,3.366465863
Rv2034_up,2280944,2281293,"Rv2034,Rv2035,Rv2036",bin457,Rv2034_up,"['Rv2034', 'Rv2035', 'Rv2036']",{457: 1.0},2281294,2282740,2280944,2282740,+,1447,5387.5,3.723220456
Rv2046_up,2290919,2291268,Rv2046,bin459,Rv2046_up,['Rv2046'],{459: 1.0},2291269,2291925,2290919,2291925,+,657,1232.5,1.875951294
Rv2048c_up,2306987,2307336,"Rv2047c,Rv2048c","bin459, bin460, bin461, bin462",Rv2048c_up,"['Rv2047c', 'Rv2048c']","{459: 0.19765853658536586, 460: 0.3252032520325203, 461: 0.3252032520325203, 462: 0.1519349593495935}",2306986,2291962,2291962,2307336,-,15023,45316,3.016441456
Rv2058c_up,2315062,2315411,"Rv2055c,Rv2056c,Rv2057c,Rv2058c","bin463, bin464",Rv2058c_up,"['Rv2055c', 'Rv2056c', 'Rv2057c', 'Rv2058c']","{463: 0.689811320754717, 464: 0.31018867924528304}",2315061,2314087,2314087,2315411,-,973,1063.5,1.093011305
Rv2062c_up,2320754,2321103,Rv2062c,"bin464, bin465",Rv2062c_up,['Rv2062c'],"{464: 0.7196950444726811, 465: 0.28030495552731893}",2320753,2317169,2317169,2321103,-,3583,5240.5,1.462601172
Rv2074_up,2330643,2330992,Rv2074,bin467,Rv2074_up,['Rv2074'],{467: 1.0},2330993,2331406,2330643,2331406,+,414,3384.5,8.175120773
Rv2075c_up,2332880,2333229,Rv2075c,bin467,Rv2075c_up,['Rv2075c'],{467: 1.0},2332879,2331416,2331416,2333229,-,1462,3964,2.711354309
Rv2076c_up,2333289,2333638,Rv2076c,bin467,Rv2076c_up,['Rv2076c'],{467: 1.0},2333288,2333037,2333037,2333638,-,250,565.5,2.262
Rv2081c_up,2338506,2338855,Rv2081c,bin468,Rv2081c_up,['Rv2081c'],{468: 1.0},2338505,2338065,2338065,2338855,-,439,4232.5,9.641230068
Rv2082_up,2338359,2338708,"Rv2082,Rv2083,Rv2084","bin468, bin469",Rv2082_up,"['Rv2082', 'Rv2083', 'Rv2084']","{468: 0.35804622764936767, 469: 0.6419537723506323}",2338709,2342944,2338359,2342944,+,4236,8250,1.947592068
Rv2085_up,2342677,2343026,"Rv2085,Rv2086",bin469,Rv2085_up,"['Rv2085', 'Rv2086']",{469: 1.0},2343027,2343916,2342677,2343916,+,890,652.5,0.733146067
Rv2087_up,2343644,2343993,Rv2087,bin469,Rv2087_up,['Rv2087'],{469: 1.0},2343994,2344224,2343644,2344224,+,231,18,0.077922078
Rv2091c_up,2349293,2349642,Rv2091c,bin470,Rv2091c_up,['Rv2091c'],{470: 1.0},2349292,2348558,2348558,2349642,-,733,9430.5,12.86562074
Rv2092c_up,2352055,2352404,Rv2092c,"bin470, bin471",Rv2092c_up,['Rv2092c'],"{470: 0.217193096711169, 471: 0.782806903288831}",2352054,2349334,2349334,2352404,-,2719,6343.5,2.333026848
Rv2102_up,2363041,2363390,Rv2102,bin473,Rv2102_up,['Rv2102'],{473: 1.0},2363391,2364107,2363041,2364107,+,717,2507,3.49651325
Rv2104c_up,2364782,2365131,"Rv2103c,Rv2104c","bin473, bin474",Rv2104c_up,"['Rv2103c', 'Rv2104c']","{473: 0.8747609942638623, 474: 0.12523900573613767}",2364781,2364086,2364086,2365131,-,694,2111.5,3.042507205
Rv2115c_up,2376291,2376640,Rv2115c,"bin475, bin476",Rv2115c_up,['Rv2115c'],"{475: 0.24770642201834864, 476: 0.7522935779816514}",2376290,2374461,2374461,2376640,-,1828,14572,7.971553611
Rv2116_up,2376221,2376570,"Rv2116,Rv2117",bin476,Rv2116_up,"['Rv2116', 'Rv2117']",{476: 1.0},2376571,2377441,2376221,2377441,+,871,1177,1.351320321
Rv2124c_up,2386068,2386417,Rv2124c,"bin477, bin478",Rv2124c_up,['Rv2124c'],"{477: 0.6393484347162128, 478: 0.3606515652837872}",2386067,2382489,2382489,2386417,-,3577,6926.5,1.936399217
Rv2131c_up,2393321,2393670,Rv2131c,bin479,Rv2131c_up,['Rv2131c'],{479: 1.0},2393320,2392517,2392517,2393670,-,802,4017,5.00872818
Rv2132_up,2393061,2393410,Rv2132,bin479,Rv2132_up,['Rv2132'],{479: 1.0},2393411,2393641,2393061,2393641,+,231,698.5,3.023809524
Rv2140c_up,2400329,2400678,Rv2140c,"bin480, bin481",Rv2140c_up,['Rv2140c'],"{480: 0.2304199772985244, 481: 0.7695800227014756}",2400328,2399798,2399798,2400678,-,529,1352.5,2.556710775
Rv2145c_up,2405399,2405748,Rv2145c,"bin481, bin482",Rv2145c_up,['Rv2145c'],"{481: 0.33980582524271846, 482: 0.6601941747572816}",2405398,2404616,2404616,2405748,-,781,12965,16.60051216
Rv2161c_up,2423138,2423487,Rv2161c,bin485,Rv2161c_up,['Rv2161c'],{485: 1.0},2423137,2422271,2422271,2423487,-,865,11032.5,12.75433526
Rv2166c_up,2429859,2430208,"Rv2163c,Rv2164c,Rv2165c,Rv2166c","bin486, bin487",Rv2166c_up,"['Rv2163c', 'Rv2164c', 'Rv2165c', 'Rv2166c']","{486: 0.9596977329974811, 487: 0.04030226700251889}",2429858,2425048,2425048,2430208,-,4809,20985.5,4.363797047
Rv2168c_up,2431421,2431770,"Rv2167c,Rv2168c",bin487,Rv2168c_up,"['Rv2167c', 'Rv2168c']",{487: 1.0},2431420,2430159,2430159,2431770,-,1260,10.5,0.008333333
Rv2172c_up,2434537,2434886,Rv2172c,bin487,Rv2172c_up,['Rv2172c'],{487: 1.0},2434536,2433631,2433631,2434886,-,904,7786,8.612831858
Rv2176_up,2437591,2437940,Rv2176,bin488,Rv2176_up,['Rv2176'],{488: 1.0},2437941,2439140,2437591,2439140,+,1200,1471,1.225833333
Rv2177c_up,2439948,2440297,Rv2177c,"bin488, bin489",Rv2177c_up,['Rv2177c'],"{488: 0.7076771653543307, 489: 0.29232283464566927}",2439947,2439282,2439282,2440297,-,664,852,1.28313253
Rv2178c_up,2441721,2442070,Rv2178c,bin489,Rv2178c_up,['Rv2178c'],{489: 1.0},2441720,2440332,2440332,2442070,-,1387,10529.5,7.591564528
Rv2185c_up,2447501,2447850,Rv2185c,bin490,Rv2185c_up,['Rv2185c'],{490: 1.0},2447500,2447066,2447066,2447850,-,433,3510.5,8.1073903
Rv2187_up,2447810,2448159,Rv2187,bin490,Rv2187_up,['Rv2187'],{490: 1.0},2448160,2449962,2447810,2449962,+,1803,5917.5,3.28202995
Rv2201_up,2464647,2464996,Rv2201,"bin493, bin494",Rv2201_up,['Rv2201'],"{493: 0.15331312256388047, 494: 0.8466868774361195}",2464997,2466955,2464647,2466955,+,1959,3284,1.676365493
Rv2202c_up,2468028,2468377,Rv2202c,bin494,Rv2202c_up,['Rv2202c'],{494: 1.0},2468027,2467053,2467053,2468377,-,973,10321.5,10.60791367
Rv2219_up,2485885,2486234,Rv2219,bin498,Rv2219_up,['Rv2219'],{498: 1.0},2486235,2486987,2485885,2486987,+,753,4839,6.426294821
Rv2220_up,2487265,2487614,Rv2220,bin498,Rv2220_up,['Rv2220'],{498: 1.0},2487615,2489051,2487265,2489051,+,1437,31328.5,21.8013222
Rv2221c_up,2492354,2492703,Rv2221c,"bin498, bin499",Rv2221c_up,['Rv2221c'],"{498: 0.18950524737631183, 499: 0.8104947526236882}",2492353,2489369,2489369,2492703,-,2983,7934.5,2.659906135
Rv2224c_up,2497024,2497373,Rv2224c,bin500,Rv2224c_up,['Rv2224c'],{500: 1.0},2497023,2495461,2495461,2497373,-,1561,6812.5,4.364189622
Rv2226_up,2498482,2498831,Rv2226,"bin500, bin501",Rv2226_up,['Rv2226'],"{500: 0.8028541226215645, 501: 0.19714587737843553}",2498832,2500373,2498482,2500373,+,1542,4166.5,2.702010376
Rv2237_up,2509139,2509488,Rv2237,"bin502, bin503",Rv2237_up,['Rv2237'],"{502: 0.7710196779964222, 503: 0.22898032200357782}",2509489,2510256,2509139,2510256,+,768,1867,2.430989583
Rv2240c_up,2512488,2512837,Rv2240c,bin503,Rv2240c_up,['Rv2240c'],{503: 1.0},2512280,2511690,2511690,2512837,-,589,3415.5,5.798811545
Rv2242_up,2514954,2515303,Rv2242,"bin503, bin504",Rv2242_up,['Rv2242'],"{503: 0.02946708463949843, 504: 0.9705329153605016}",2515304,2516548,2514954,2516548,+,1245,2045.5,1.642971888
Rv2248_up,2522010,2522359,Rv2248,bin505,Rv2248_up,['Rv2248'],{505: 1.0},2522360,2523175,2522010,2523175,+,816,1972.5,2.417279412
Rv2250c_up,2525355,2525704,"Rv2249c,Rv2250c","bin505, bin506",Rv2250c_up,"['Rv2249c', 'Rv2250c']","{505: 0.7142857142857143, 506: 0.2857142857142857}",2525354,2523241,2523241,2525704,-,2112,696.5,0.329782197
Rv2256c_up,2529875,2530224,Rv2256c,"bin506, bin507",Rv2256c_up,['Rv2256c'],"{506: 0.746606334841629, 507: 0.25339366515837103}",2529874,2529341,2529341,2530224,-,532,14861.5,27.93515038
Rv2263_up,2535291,2535640,Rv2263,bin508,Rv2263_up,['Rv2263'],{508: 1.0},2535641,2536594,2535291,2536594,+,954,821.5,0.861111111
Rv2275_up,2546533,2546882,"Rv2275,Rv2276",bin510,Rv2275_up,"['Rv2275', 'Rv2276']",{510: 1.0},2546883,2548939,2546533,2548939,+,2057,5694.5,2.768351969
Rv2278_up,2549715,2550064,"Rv2278,Rv2279","bin510, bin511",Rv2278_up,"['Rv2278', 'Rv2279']","{510: 0.1774193548387097, 511: 0.8225806451612904}",2550065,2551326,2549715,2551326,+,1262,131,0.103803487
Rv2290_up,2562249,2562598,Rv2290,bin513,Rv2290_up,['Rv2290'],{513: 1.0},2562599,2563114,2562249,2563114,+,516,2218.5,4.299418605
Rv2292c_up,2564254,2564603,Rv2292c,bin513,Rv2292c_up,['Rv2292c'],{513: 1.0},2564253,2564029,2564029,2564603,-,223,116,0.520179372
Rv2302_up,2573463,2573812,Rv2302,bin515,Rv2302_up,['Rv2302'],{515: 1.0},2573813,2574055,2573463,2574055,+,243,1150,4.732510288
Rv2304c_up,2575226,2575575,"Rv2303c,Rv2304c","bin515, bin516",Rv2304c_up,"['Rv2303c', 'Rv2304c']","{515: 0.6114864864864865, 516: 0.3885135135135135}",2575225,2574096,2574096,2575575,-,1128,2461.5,2.182180851
Rv2307A_up,2579420,2579769,Rv2307A,bin516,Rv2307A_up,['Rv2307A'],{516: 1.0},2579419,2579228,2579228,2579769,-,190,147,0.773684211
Rv2307B_up,2579936,2580285,Rv2307B,"bin516, bin517",Rv2307B_up,['Rv2307B'],"{516: 0.6355498721227621, 517: 0.36445012787723785}",2579935,2579504,2579504,2580285,-,430,203.5,0.473255814
Rv2307D_up,2580211,2580560,Rv2307D,bin517,Rv2307D_up,['Rv2307D'],{517: 1.0},2580210,2580028,2580028,2580560,-,181,659,3.640883978
Rv2308_up,2580069,2580418,Rv2308,bin517,Rv2308_up,['Rv2308'],{517: 1.0},2580419,2581135,2580069,2581135,+,717,590,0.822873082
Rv2309c_up,2582299,2582648,Rv2309c,bin517,Rv2309c_up,['Rv2309c'],{517: 1.0},2582298,2581843,2581843,2582648,-,454,262.5,0.578193833
Rv2315c_up,2588805,2589154,"Rv2313c,Rv2314c,Rv2315c",bin518,Rv2315c_up,"['Rv2313c', 'Rv2314c', 'Rv2315c']",{518: 1.0},2588804,2585052,2585052,2589154,-,3751,9061,2.415622501
Rv2328_up,2600381,2600730,Rv2328,bin521,Rv2328_up,['Rv2328'],{521: 1.0},2600731,2601879,2600381,2601879,+,1149,971,0.845082681
Rv2330c_up,2604223,2604572,Rv2330c,bin521,Rv2330c_up,['Rv2330c'],{521: 1.0},2604222,2603695,2603695,2604572,-,526,285,0.541825095
Rv2331_up,2603947,2604296,Rv2331,bin521,Rv2331_up,['Rv2331'],{521: 1.0},2604297,2604683,2603947,2604683,+,387,62,0.160206718
Rv2336_up,2610487,2610836,Rv2336,bin523,Rv2336_up,['Rv2336'],{523: 1.0},2610837,2611805,2610487,2611805,+,969,1693.5,1.747678019
Rv2346c_up,2626173,2626522,Rv2346c,bin526,Rv2346c_up,['Rv2346c'],{526: 1.0},2626172,2625888,2625888,2626522,-,283,12501,44.17314488
Rv2352c_up,2634099,2634448,Rv2352c,bin527,Rv2352c_up,['Rv2352c'],{527: 1.0},2634098,2632923,2632923,2634448,-,1174,678.5,0.577938671
Rv2356c_up,2639536,2639885,Rv2356c,bin528,Rv2356c_up,['Rv2356c'],{528: 1.0},2639535,2637688,2637688,2639885,-,1846,4337.5,2.349674973
Rv2386c_up,2680006,2680355,Rv2386c,"bin536, bin537",Rv2386c_up,['Rv2386c'],"{536: 0.7915443335290664, 537: 0.20845566647093364}",2680005,2678653,2678653,2680355,-,1351,3629,2.686158401
Rv2480c_up,2785919,2786268,"Rv2479c,Rv2480c","bin557, bin558",Rv2480c_up,"['Rv2479c', 'Rv2480c']","{557: 0.21339950372208435, 558: 0.7866004962779156}",2785918,2784657,2784657,2786268,-,1260,14.5,0.011507937
Rv2487c_up,2797386,2797735,Rv2487c,bin560,Rv2487c_up,['Rv2487c'],{560: 1.0},2797385,2795301,2795301,2797735,-,2083,183.5,0.088094095
Rv2493_up,2807733,2808082,"Rv2493,Rv2494",bin562,Rv2493_up,"['Rv2493', 'Rv2494']",{562: 1.0},2808083,2808735,2807733,2808735,+,653,1775,2.718223583
Rv2497c_up,2812097,2812446,"Rv2495c,Rv2496c,Rv2497c","bin562, bin563",Rv2497c_up,"['Rv2495c', 'Rv2496c', 'Rv2497c']","{562: 0.33694768229872596, 563: 0.663052317701274}",2812096,2808758,2808758,2812446,-,3337,12746.5,3.819748277
Rv2504c_up,2819871,2820220,"Rv2498c,Rv2499c,Rv2500c,Rv2501c,Rv2502c,Rv2503c,Rv2504c","bin563, bin564, bin565",Rv2504c_up,"['Rv2498c', 'Rv2499c', 'Rv2500c', 'Rv2501c', 'Rv2502c', 'Rv2503c', 'Rv2504c']","{563: 0.33638443935926776, 564: 0.6356470887363336, 565: 0.02796847190439868}",2819870,2812355,2812355,2820220,-,7514,12401,1.650385946
Rv2505c_up,2821597,2821946,Rv2505c,"bin564, bin565",Rv2505c_up,['Rv2505c'],"{564: 0.024072216649949848, 565: 0.9759277833500501}",2821596,2819953,2819953,2821946,-,1642,680,0.414129111
Rv2517c_up,2833762,2834111,"Rv2516c,Rv2517c",bin567,Rv2517c_up,"['Rv2516c', 'Rv2517c']",{567: 1.0},2833761,2832710,2832710,2834111,-,1050,2281,2.172380952
Rv2524c_up,2849333,2849682,Rv2524c,"bin569, bin570",Rv2524c_up,['Rv2524c'],"{569: 0.5102510460251046, 570: 0.4897489539748954}",2849332,2840123,2840123,2849682,-,9208,31642.5,3.436413988
Rv2525c_up,2850575,2850924,Rv2525c,"bin570, bin571",Rv2525c_up,['Rv2525c'],"{570: 0.13886300093196646, 571: 0.8611369990680335}",2850574,2849852,2849852,2850924,-,721,2365.5,3.280859917
Rv2531c_up,2857782,2858131,Rv2531c,"bin571, bin572",Rv2531c_up,['Rv2531c'],"{571: 0.019724483406386977, 572: 0.980275516593613}",2857781,2854938,2854938,2858131,-,2842,5763,2.027797326
Rv2535c_up,2860419,2860768,"Rv2532c,Rv2533c,Rv2534c,Rv2535c","bin572, bin573",Rv2535c_up,"['Rv2532c', 'Rv2533c', 'Rv2534c', 'Rv2535c']","{572: 0.7366255144032922, 573: 0.26337448559670784}",2860418,2857853,2857853,2860768,-,2564,13232.5,5.160881435
Rv2556c_up,2876966,2877315,Rv2556c,bin576,Rv2556c_up,['Rv2556c'],{576: 1.0},2876965,2876576,2876576,2877315,-,388,3273.5,8.43685567
Rv2560_up,2879725,2880074,Rv2560,"bin576, bin577",Rv2560_up,['Rv2560'],"{576: 0.20783132530120482, 577: 0.7921686746987951}",2880075,2881052,2879725,2881052,+,978,2133,2.180981595
Rv2561_up,2881059,2881408,Rv2561,bin577,Rv2561_up,['Rv2561'],{577: 1.0},2881409,2881702,2881059,2881702,+,294,329.5,1.120748299
Rv2570_up,2894162,2894511,Rv2570,bin579,Rv2570_up,['Rv2570'],{579: 1.0},2894512,2894901,2894162,2894901,+,390,236.5,0.606410256
Rv2578c_up,2903532,2903881,Rv2578c,bin581,Rv2578c_up,['Rv2578c'],{581: 1.0},2903531,2902509,2902509,2903881,-,1021,493,0.482859941
Rv2579_up,2903289,2903638,Rv2579,bin581,Rv2579_up,['Rv2579'],{581: 1.0},2903639,2904541,2903289,2904541,+,903,1103.5,1.222037652
Rv2581c_up,2906764,2907113,"Rv2580c,Rv2581c","bin581, bin582",Rv2581c_up,"['Rv2580c', 'Rv2581c']","{581: 0.07849978194505015, 582: 0.9215002180549499}",2906763,2904821,2904821,2907113,-,1941,7395,3.809891808
Rv2583c_up,2910199,2910548,Rv2583c,"bin582, bin583",Rv2583c_up,['Rv2583c'],"{582: 0.7987513771575468, 583: 0.20124862284245318}",2910198,2907826,2907826,2910548,-,2371,10455.5,4.409742725
Rv2590_up,2917521,2917870,Rv2590,"bin584, bin585",Rv2590_up,['Rv2590'],"{584: 0.6429867772880477, 585: 0.3570132227119523}",2917871,2921377,2917521,2921377,+,3507,4999.5,1.425577417
Rv2601A_up,2929720,2930069,"Rv2601A,Rv2602","bin586, bin587",Rv2601A_up,"['Rv2601A', 'Rv2602']","{586: 0.26384976525821596, 587: 0.7361502347417841}",2930070,2930784,2929720,2930784,+,715,3550,4.965034965
Rv2616_up,2944980,2945329,Rv2616,"bin589, bin590",Rv2616_up,['Rv2616'],"{589: 0.024676850763807285, 590: 0.9753231492361927}",2945330,2945830,2944980,2945830,+,501,641.5,1.280439122
Rv2617c_up,2946288,2946637,Rv2617c,bin590,Rv2617c_up,['Rv2617c'],{590: 1.0},2946287,2945847,2945847,2946637,-,439,689.5,1.570615034
Rv2634c_up,2962442,2962791,Rv2634c,bin593,Rv2634c_up,['Rv2634c'],{593: 1.0},2962441,2960105,2960105,2962791,-,2335,584.5,0.250321199
Rv2640c_up,2965838,2966187,Rv2640c,bin594,Rv2640c_up,['Rv2640c'],{594: 1.0},2965837,2965478,2965478,2966187,-,358,637.5,1.780726257
Rv2641_up,2965589,2965938,Rv2641,bin594,Rv2641_up,['Rv2641'],{594: 1.0},2965939,2966397,2965589,2966397,+,459,1325.5,2.887799564
Rv2642_up,2966183,2966532,"Rv2642,Rv2643",bin594,Rv2642_up,"['Rv2642', 'Rv2643']",{594: 1.0},2966533,2968406,2966183,2968406,+,1874,1561.5,0.833244397
Rv2645_up,2969773,2970122,"Rv2645,Rv2646","bin594, bin595",Rv2645_up,"['Rv2645', 'Rv2646']","{594: 0.12830613393359594, 595: 0.8716938660664041}",2970123,2971549,2969773,2971549,+,1427,2407,1.686755431
Rv2648_up,2971810,2972159,"Rv2648,Rv2649",bin595,Rv2648_up,"['Rv2648', 'Rv2649']",{595: 1.0},2972160,2973421,2971810,2973421,+,1262,72,0.057052298
Rv2651c_up,2975776,2976125,"Rv2650c,Rv2651c","bin595, bin596",Rv2651c_up,"['Rv2650c', 'Rv2651c']","{595: 0.5173745173745173, 596: 0.4826254826254826}",2975775,2973795,2973795,2976125,-,1979,1538,0.777160182
Rv2680_up,2995755,2996104,"Rv2680,Rv2681",bin600,Rv2680_up,"['Rv2680', 'Rv2681']",{600: 1.0},2996105,2998055,2995755,2998055,+,1951,6003.5,3.077139928
Rv2682c_up,2999969,3000318,Rv2682c,"bin600, bin601",Rv2682c_up,['Rv2682c'],"{600: 0.8597265108072343, 601: 0.14027348919276578}",2999968,2998052,2998052,3000318,-,1915,8221.5,4.293211488
Rv2688c_up,3005651,3006000,"Rv2686c,Rv2687c,Rv2688c","bin601, bin602",Rv2688c_up,"['Rv2686c', 'Rv2687c', 'Rv2688c']","{601: 0.6324880558618156, 602: 0.3675119441381845}",3005650,3003280,3003280,3006000,-,2369,2865,1.209371043
Rv2698_up,3013823,3014172,Rv2698,bin603,Rv2698_up,['Rv2698'],{603: 1.0},3014173,3014658,3013823,3014658,+,486,765,1.574074074
Rv2699c_up,3014966,3015315,Rv2699c,"bin603, bin604",Rv2699c_up,['Rv2699c'],"{603: 0.5176110260336907, 604: 0.48238897396630936}",3014965,3014663,3014663,3015315,-,301,1166,3.873754153
Rv2701c_up,3016736,3017085,Rv2701c,bin604,Rv2701c_up,['Rv2701c'],{604: 1.0},3016735,3015863,3015863,3017085,-,871,1062.5,1.219862227
Rv2703_up,3017485,3017834,Rv2703,bin604,Rv2703_up,['Rv2703'],{604: 1.0},3017835,3019421,3017485,3019421,+,1587,22588.5,14.23345936
Rv2709_up,3021489,3021838,Rv2709,bin605,Rv2709_up,['Rv2709'],{605: 1.0},3021839,3022285,3021489,3022285,+,447,1217,2.722595078
Rv2713_up,3025091,3025440,Rv2713,bin606,Rv2713_up,['Rv2713'],{606: 1.0},3025441,3026847,3025091,3026847,+,1407,3171,2.253731343
Rv2714_up,3026715,3027064,Rv2714,bin606,Rv2714_up,['Rv2714'],{606: 1.0},3027065,3028039,3026715,3028039,+,975,5051,5.180512821
Rv2737A_up,3051269,3051618,Rv2737A,bin611,Rv2737A_up,['Rv2737A'],{611: 1.0},3051619,3051792,3051269,3051792,+,174,181,1.040229885
Rv2741_up,3053564,3053913,Rv2741,"bin611, bin612",Rv2741_up,['Rv2741'],"{611: 0.7453319502074689, 612: 0.2546680497925311}",3053914,3055491,3053564,3055491,+,1578,1490,0.944233207
Rv2745c_up,3058532,3058881,Rv2745c,bin612,Rv2745c_up,['Rv2745c'],{612: 1.0},3058531,3058193,3058193,3058881,-,337,2682,7.958456973
Rv2746c_up,3059232,3059581,Rv2746c,bin612,Rv2746c_up,['Rv2746c'],{612: 1.0},3059231,3058602,3058602,3059581,-,628,693.5,1.104299363
Rv2770c_up,3080458,3080807,Rv2770c,"bin616, bin617",Rv2770c_up,['Rv2770c'],"{616: 0.4616410940627085, 617: 0.5383589059372915}",3080457,3079309,3079309,3080807,-,1147,1318,1.149084568
Rv2771c_up,3081034,3081383,Rv2771c,bin617,Rv2771c_up,['Rv2771c'],{617: 1.0},3081033,3080581,3080581,3081383,-,451,804,1.7827051
Rv2774c_up,3082757,3083106,"Rv2772c,Rv2773c,Rv2774c",bin617,Rv2774c_up,"['Rv2772c', 'Rv2773c', 'Rv2774c']",{617: 1.0},3082756,3081119,3081119,3083106,-,1636,3101.5,1.895782396
Rv2775_up,3082559,3082908,Rv2775,bin617,Rv2775_up,['Rv2775'],{617: 1.0},3082909,3083370,3082559,3083370,+,462,947,2.04978355
Rv2777c_up,3085556,3085905,Rv2777c,"bin617, bin618",Rv2777c_up,['Rv2777c'],"{617: 0.36312456016889516, 618: 0.6368754398311048}",3085555,3084485,3084485,3085905,-,1069,4117.5,3.851730589
Rv2780_up,3086470,3086819,Rv2780,bin618,Rv2780_up,['Rv2780'],{618: 1.0},3086820,3087935,3086470,3087935,+,1116,4350.5,3.898297491
Rv2783c_up,3092598,3092947,"Rv2782c,Rv2783c","bin618, bin619",Rv2783c_up,"['Rv2782c', 'Rv2783c']","{618: 0.24493978990520113, 619: 0.7550602100947988}",3092597,3089045,3089045,3092947,-,3551,62788,17.68177978
Rv2788_up,3096609,3096958,Rv2788,bin620,Rv2788_up,['Rv2788'],{620: 1.0},3096959,3097645,3096609,3097645,+,687,1571,2.286754003
Rv2790c_up,3100170,3100519,Rv2790c,"bin620, bin621",Rv2790c_up,['Rv2790c'],"{620: 0.666452442159383, 621: 0.33354755784061696}",3100169,3098964,3098964,3100519,-,1204,6906.5,5.736295681
Rv2798c_up,3107638,3107987,"Rv2796c,Rv2797c,Rv2798c",bin622,Rv2798c_up,"['Rv2796c', 'Rv2797c', 'Rv2798c']",{622: 1.0},3107637,3105056,3105056,3107987,-,2580,2640,1.023255814
Rv2801c_up,3110524,3110873,Rv2801c,bin623,Rv2801c_up,['Rv2801c'],{623: 1.0},3110523,3110167,3110167,3110873,-,355,281.5,0.792957746
Rv2808_up,3114696,3115045,Rv2808,"bin623, bin624",Rv2808_up,['Rv2808'],"{623: 0.5016447368421053, 624: 0.49835526315789475}",3115046,3115303,3114696,3115303,+,258,590,2.286821705
Rv2812_up,3116468,3116817,"Rv2812,Rv2813",bin624,Rv2812_up,"['Rv2812', 'Rv2813']",{624: 1.0},3116818,3119036,3116468,3119036,+,2219,198,0.089229383
Rv2827c_up,3135484,3135833,"Rv2826c,Rv2827c","bin627, bin628",Rv2827c_up,"['Rv2826c', 'Rv2827c']","{627: 0.608, 628: 0.392}",3135483,3133709,3133709,3135833,-,1773,1650,0.930626058
Rv2839c_up,3147874,3148223,"Rv2836c,Rv2837c,Rv2838c,Rv2839c","bin629, bin630",Rv2839c_up,"['Rv2836c', 'Rv2837c', 'Rv2838c', 'Rv2839c']","{629: 0.45511411665257817, 630: 0.5448858833474218}",3147873,3142309,3142309,3148223,-,5563,42230.5,7.591317634
Rv2842c_up,3149977,3150326,"Rv2841c,Rv2842c","bin630, bin631",Rv2842c_up,"['Rv2841c', 'Rv2842c']","{630: 0.8321318228630278, 631: 0.1678681771369722}",3149976,3148385,3148385,3150326,-,1590,7314.5,4.600314465
Rv2846c_up,3154632,3154981,Rv2846c,bin631,Rv2846c_up,['Rv2846c'],{631: 1.0},3154631,3153039,3153039,3154981,-,1591,12199.5,7.667818982
Rv2867c_up,3179313,3179662,Rv2867c,bin636,Rv2867c_up,['Rv2867c'],{636: 1.0},3179312,3178458,3178458,3179662,-,853,7918.5,9.283118406
Rv2870c_up,3183012,3183361,"Rv2868c,Rv2869c,Rv2870c","bin636, bin637",Rv2870c_up,"['Rv2868c', 'Rv2869c', 'Rv2870c']","{636: 0.1584877315973961, 637: 0.841512268402604}",3183011,3179368,3179368,3183361,-,3642,18273,5.017298188
Rv2876_up,3187313,3187662,Rv2876,bin638,Rv2876_up,['Rv2876'],{638: 1.0},3187663,3187977,3187313,3187977,+,315,1634,5.187301587
Rv2878c_up,3189398,3189747,"Rv2877c,Rv2878c",bin638,Rv2878c_up,"['Rv2877c', 'Rv2878c']",{638: 1.0},3189397,3188008,3188008,3189747,-,1388,5053.5,3.640850144
Rv2882c_up,3192202,3192551,Rv2882c,bin639,Rv2882c_up,['Rv2882c'],{639: 1.0},3192201,3191644,3191644,3192551,-,556,5896,10.60431655
Rv2891_up,3199916,3200265,Rv2891,"bin640, bin641",Rv2891_up,['Rv2891'],"{640: 0.07727272727272727, 641: 0.9227272727272727}",3200266,3201015,3199916,3201015,+,750,113.5,0.151333333
Rv2892c_up,3202021,3202370,Rv2892c,bin641,Rv2892c_up,['Rv2892c'],{641: 1.0},3202020,3200794,3200794,3202370,-,1225,852.5,0.695918367
Rv2893_up,3202070,3202419,Rv2893,bin641,Rv2893_up,['Rv2893'],{641: 1.0},3202420,3203397,3202070,3203397,+,978,489.5,0.500511247
Rv2894c_up,3204291,3204640,Rv2894c,bin641,Rv2894c_up,['Rv2894c'],{641: 1.0},3204290,3203394,3203394,3204640,-,895,2549,2.848044693
Rv2895c_up,3205233,3205582,Rv2895c,"bin641, bin642",Rv2895c_up,['Rv2895c'],"{641: 0.5158069883527454, 642: 0.4841930116472546}",3205232,3204381,3204381,3205582,-,850,1874,2.204705882
Rv2909c_up,3217644,3217993,"Rv2906c,Rv2907c,Rv2908c,Rv2909c",bin644,Rv2909c_up,"['Rv2906c', 'Rv2907c', 'Rv2908c', 'Rv2909c']",{644: 1.0},3217643,3215665,3215665,3217993,-,1977,13075.5,6.613808801
Rv2921c_up,3234140,3234489,Rv2921c,bin647,Rv2921c_up,['Rv2921c'],{647: 1.0},3234139,3232871,3232871,3234489,-,1267,2996.5,2.365035517
Rv2923c_up,3238500,3238849,"Rv2922c,Rv2922A,Rv2923c","bin647, bin648",Rv2923c_up,"['Rv2922c', 'Rv2922A', 'Rv2923c']","{647: 0.1742115425874276, 648: 0.8257884574125725}",3238499,3234189,3234189,3238849,-,4309,5996,1.39150615
Rv2930_up,3243347,3243696,"Rv2930,Rv2931,Rv2932,Rv2933,Rv2934,Rv2935,Rv2936,Rv2937,Rv2938","bin649, bin650, bin651, bin652, bin653, bin654, bin655",Rv2930_up,"['Rv2930', 'Rv2931', 'Rv2932', 'Rv2933', 'Rv2934', 'Rv2935', 'Rv2936', 'Rv2937', 'Rv2938']","{649: 0.05241475472176448, 650: 0.15844847255672456, 651: 0.15844847255672456, 652: 0.15844847255672456, 653: 0.15844847255672456, 654: 0.15844847255672456, 655: 0.15534288249461276}",3243697,3274902,3243347,3274902,+,31206,165035.5,5.288582324
Rv2940c_up,3282716,3283065,Rv2940c,"bin656, bin657",Rv2940c_up,['Rv2940c'],"{656: 0.5415794196829196, 657: 0.45842058031708044}",3282715,3276380,3276380,3283065,-,6334,136784.5,21.59527944
Rv2941_up,3282985,3283334,"Rv2941,Rv2942","bin657, bin658",Rv2941_up,"['Rv2941', 'Rv2942']","{657: 0.4158415841584158, 658: 0.5841584158415841}",3283335,3287832,3282985,3287832,+,4498,54376.5,12.08903957
Rv2945c_up,3291326,3291675,Rv2945c,bin659,Rv2945c_up,['Rv2945c'],{659: 1.0},3291325,3290624,3290624,3291675,-,700,8314,11.87714286
Rv2950c_up,3302456,3302805,Rv2950c,bin661,Rv2950c_up,['Rv2950c'],{661: 1.0},3302455,3300596,3300596,3302805,-,1858,45011.5,24.22578041
Rv2954c_up,3307392,3307741,Rv2954c,bin662,Rv2954c_up,['Rv2954c'],{662: 1.0},3307391,3306666,3306666,3307741,-,724,6393.5,8.830801105
Rv2967c_up,3323047,3323396,Rv2967c,"bin664, bin665",Rv2967c_up,['Rv2967c'],"{664: 0.09051955008034279, 665: 0.9094804499196572}",3323046,3319663,3319663,3323396,-,3382,6656.5,1.968214075
Rv2975c_up,3331613,3331962,"Rv2972c,Rv2973c,Rv2974c,Rv2975c","bin666, bin667",Rv2975c_up,"['Rv2972c', 'Rv2973c', 'Rv2974c', 'Rv2975c']","{666: 0.602834008097166, 667: 0.397165991902834}",3331612,3327023,3327023,3331962,-,4588,4558.5,0.993570183
Rv2986c_up,3343821,3344170,Rv2986c,bin669,Rv2986c_up,['Rv2986c'],{669: 1.0},3343820,3343176,3343176,3344170,-,643,56129.5,87.29315708
Rv2988c_up,3346076,3346425,Rv2988c,"bin669, bin670",Rv2988c_up,['Rv2988c'],"{669: 0.19582392776523702, 670: 0.804176072234763}",3346075,3344654,3344654,3346425,-,1420,6421,4.521830986
Rv2990c_up,3347720,3348069,Rv2990c,bin670,Rv2990c_up,['Rv2990c'],{670: 1.0},3347719,3346859,3346859,3348069,-,859,4770.5,5.55355064
Rv2998_up,3356465,3356814,Rv2998,bin672,Rv2998_up,['Rv2998'],{672: 1.0},3356815,3357276,3356465,3357276,+,462,942.5,2.04004329
Rv3001c_up,3360587,3360936,Rv3001c,"bin672, bin673",Rv3001c_up,['Rv3001c'],"{672: 0.3076923076923077, 673: 0.6923076923076923}",3360586,3359585,3359585,3360936,-,1000,10360,10.36
Rv3004_up,3362998,3363347,Rv3004,bin673,Rv3004_up,['Rv3004'],{673: 1.0},3363348,3363686,3362998,3363686,+,339,1515,4.469026549
Rv3006_up,3364359,3364708,Rv3006,"bin673, bin674",Rv3006_up,['Rv3006'],"{673: 0.4361413043478261, 674: 0.563858695652174}",3364709,3365830,3364359,3365830,+,1122,5713.5,5.092245989
Rv3012c_up,3371731,3372080,"Rv3011c,Rv3012c","bin674, bin675",Rv3012c_up,"['Rv3011c', 'Rv3012c']","{674: 0.023932426091037073, 675: 0.9760675739089629}",3371730,3369950,3369950,3372080,-,1779,3237.5,1.819842608
Rv3020c_up,3379330,3379679,Rv3020c,bin676,Rv3020c_up,['Rv3020c'],{676: 1.0},3379329,3379036,3379036,3379679,-,292,197,0.674657534
Rv3022A_up,3380994,3381343,"Rv3021c,Rv3022c,Rv3022A","bin676, bin677",Rv3022A_up,"['Rv3021c', 'Rv3022c', 'Rv3022A']","{676: 0.3175813008130081, 677: 0.6824186991869918}",3380993,3379376,3379376,3381343,-,1616,119.5,0.07394802
Rv3027c_up,3386815,3387164,"Rv3026c,Rv3027c",bin678,Rv3027c_up,"['Rv3026c', 'Rv3027c']",{678: 1.0},3386919,3385163,3385163,3387164,-,1755,1692.5,0.964387464
Rv3029c_up,3388871,3389220,Rv3029c,bin678,Rv3029c_up,['Rv3029c'],{678: 1.0},3388870,3388070,3388070,3389220,-,799,16763.5,20.98060075
Rv3030_up,3388751,3389100,"Rv3030,Rv3031","bin678, bin679",Rv3030_up,"['Rv3030', 'Rv3031']","{678: 0.45421511627906974, 679: 0.5457848837209303}",3389101,3391502,3388751,3391502,+,2402,6018,2.505412157
Rv3034c_up,3394922,3395271,Rv3034c,"bin679, bin680",Rv3034c_up,['Rv3034c'],"{679: 0.7837190742218675, 680: 0.2162809257781325}",3394921,3394019,3394019,3395271,-,901,2249.5,2.496670366
Rv3036c_up,3397142,3397491,Rv3036c,bin680,Rv3036c_up,['Rv3036c'],{680: 1.0},3397141,3396458,3396458,3397491,-,682,1290.5,1.892228739
Rv3046c_up,3407689,3408038,Rv3046c,bin682,Rv3046c_up,['Rv3046c'],{682: 1.0},3407688,3407314,3407314,3408038,-,373,1755.5,4.706434316
Rv3049c_up,3411084,3411433,Rv3049c,"bin682, bin683",Rv3049c_up,['Rv3049c'],"{682: 0.2555844155844156, 683: 0.7444155844155844}",3411083,3409509,3409509,3411433,-,1573,16742.5,10.64367451
Rv3051c_up,3414167,3414516,Rv3051c,bin683,Rv3051c_up,['Rv3051c'],{683: 1.0},3414166,3412085,3412085,3414516,-,2080,53165.5,25.56033654
Rv3058c_up,3419377,3419726,Rv3058c,bin684,Rv3058c_up,['Rv3058c'],{684: 1.0},3419376,3418726,3418726,3419726,-,649,3734,5.753466872
Rv3061c_up,3425428,3425777,Rv3061c,"bin685, bin686",Rv3061c_up,['Rv3061c'],"{685: 0.6911764705882353, 686: 0.3088235294117647}",3425427,3423262,3423262,3425777,-,2164,2649,1.224121996
Rv3064c_up,3430251,3430600,Rv3064c,"bin686, bin687",Rv3064c_up,['Rv3064c'],"{686: 0.2268041237113402, 687: 0.7731958762886598}",3430250,3429825,3429825,3430600,-,424,383.5,0.904481132
Rv3074_up,3436429,3436778,Rv3074,bin688,Rv3074_up,['Rv3074'],{688: 1.0},3436779,3438053,3436429,3438053,+,1275,1878.5,1.473333333
Rv3076_up,3438722,3439071,"Rv3076,Rv3077,Rv3078","bin688, bin689",Rv3076_up,"['Rv3076', 'Rv3077', 'Rv3078']","{688: 0.4216946917243653, 689: 0.5783053082756346}",3439072,3441754,3438722,3441754,+,2683,3708,1.382035035
Rv3079c_up,3442598,3442947,Rv3079c,bin689,Rv3079c_up,['Rv3079c'],{689: 1.0},3442597,3441770,3441770,3442947,-,826,564,0.682808717
Rv3081_up,3445690,3446039,Rv3081,bin690,Rv3081_up,['Rv3081'],{690: 1.0},3446040,3447278,3445690,3447278,+,1239,1211,0.97740113
Rv3082c_up,3448427,3448776,Rv3082c,bin690,Rv3082c_up,['Rv3082c'],{690: 1.0},3448426,3447404,3447404,3448776,-,1021,315.5,0.309010774
Rv3086_up,3451431,3451780,Rv3086,bin691,Rv3086_up,['Rv3086'],{691: 1.0},3451781,3452887,3451431,3452887,+,1107,2979.5,2.691508582
Rv3092c_up,3461735,3462084,Rv3092c,bin693,Rv3092c_up,['Rv3092c'],{693: 1.0},3461734,3460814,3460814,3462084,-,919,5360.5,5.83297062
Rv3094c_up,3463892,3464241,"Rv3093c,Rv3094c",bin693,Rv3094c_up,"['Rv3093c', 'Rv3094c']",{693: 1.0},3463891,3461760,3461760,3464241,-,2130,15144,7.109859155
Rv3098c_up,3467663,3468012,Rv3098c,bin694,Rv3098c_up,['Rv3098c'],{694: 1.0},3467662,3467210,3467210,3468012,-,451,867,1.922394678
Rv3105c_up,3473905,3474254,"Rv3103c,Rv3104c,Rv3105c",bin695,Rv3105c_up,"['Rv3103c', 'Rv3104c', 'Rv3105c']",{695: 1.0},3473904,3471413,3471413,3474254,-,2490,8257.5,3.31626506
Rv3107c_up,3476962,3477311,Rv3107c,bin696,Rv3107c_up,['Rv3107c'],{696: 1.0},3476961,3475378,3475378,3477311,-,1582,1523,0.962705436
Rv3110_up,3478429,3478778,"Rv3110,Rv3111,Rv3112",bin696,Rv3110_up,"['Rv3110', 'Rv3111', 'Rv3112']",{696: 1.0},3478779,3479951,3478429,3479951,+,1173,195.5,0.166666667
Rv3115_up,3481101,3481450,Rv3115,bin697,Rv3115_up,['Rv3115'],{697: 1.0},3481451,3482698,3481101,3482698,+,1248,1122.5,0.899439103
Rv3121_up,3486159,3486508,Rv3121,bin698,Rv3121_up,['Rv3121'],{698: 1.0},3486509,3487711,3486159,3487711,+,1203,3663.5,3.045303408
Rv3134c_up,3500750,3501099,Rv3134c,"bin700, bin701",Rv3134c_up,['Rv3134c'],"{700: 0.05012964563526361, 701: 0.9498703543647364}",3500749,3499943,3499943,3501099,-,805,6871.5,8.536024845
Rv3145_up,3511332,3511681,"Rv3145,Rv3146,Rv3147,Rv3148,Rv3149,Rv3150,Rv3151","bin703, bin704",Rv3145_up,"['Rv3145', 'Rv3146', 'Rv3147', 'Rv3148', 'Rv3149', 'Rv3150', 'Rv3151']","{703: 0.4682833439693682, 704: 0.5317166560306318}",3511682,3519166,3511332,3519166,+,7485,44096,5.891249165
Rv3161c_up,3531139,3531488,"Rv3160c,Rv3161c","bin706, bin707",Rv3161c_up,"['Rv3160c', 'Rv3161c']","{706: 0.3082287308228731, 707: 0.691771269177127}",3531138,3529338,3529338,3531488,-,1799,3622,2.013340745
Rv3168_up,3535752,3536101,"Rv3168,Rv3169",bin708,Rv3168_up,"['Rv3168', 'Rv3169']",{708: 1.0},3536102,3538362,3535752,3538362,+,2261,1821,0.805395843
Rv3170_up,3538155,3538504,Rv3170,bin708,Rv3170_up,['Rv3170'],{708: 1.0},3538505,3539851,3538155,3539851,+,1347,1254,0.930957684
Rv3172c_up,3541365,3541714,Rv3172c,bin709,Rv3172c_up,['Rv3172c'],{709: 1.0},3541364,3540882,3540882,3541714,-,481,572,1.189189189
Rv3174_up,3541788,3542137,"Rv3174,Rv3175",bin709,Rv3174_up,"['Rv3174', 'Rv3175']",{709: 1.0},3542138,3544347,3541788,3544347,+,2210,1175.5,0.531900452
Rv3176c_up,3545301,3545650,Rv3176c,"bin709, bin710",Rv3176c_up,['Rv3176c'],"{709: 0.5026778882938026, 710: 0.4973221117061974}",3545300,3544344,3544344,3545650,-,955,410.5,0.429842932
Rv3177_up,3545097,3545446,Rv3177,bin710,Rv3177_up,['Rv3177'],{710: 1.0},3545447,3546307,3545097,3546307,+,861,270,0.31358885
Rv3182_up,3550024,3550373,"Rv3182,Rv3183",bin711,Rv3182_up,"['Rv3182', 'Rv3183']",{711: 1.0},3550374,3551044,3550024,3551044,+,671,1229.5,1.832339791
Rv3188_up,3553948,3554297,"Rv3188,Rv3189","bin711, bin712",Rv3188_up,"['Rv3188', 'Rv3189']","{711: 0.8007604562737642, 712: 0.19923954372623573}",3554298,3555262,3553948,3555262,+,965,926,0.959585492
Rv3192_up,3559213,3559562,Rv3192,"bin712, bin713",Rv3192_up,['Rv3192'],"{712: 0.9704433497536946, 713: 0.029556650246305417}",3559563,3560024,3559213,3560024,+,462,553.5,1.198051948
Rv3193c_up,3563173,3563522,Rv3193c,bin713,Rv3193c_up,['Rv3193c'],{713: 1.0},3563172,3560194,3560194,3563522,-,2977,13683.5,4.596405778
Rv3197A_up,3568680,3569029,Rv3197A,bin714,Rv3197A_up,['Rv3197A'],{714: 1.0},3568679,3568401,3568401,3569029,-,277,946.5,3.416967509
Rv3205c_up,3582506,3582855,Rv3205c,bin717,Rv3205c_up,['Rv3205c'],{717: 1.0},3582505,3581627,3581627,3582855,-,877,5287,6.028506271
Rv3219_up,3595363,3595712,Rv3219,bin720,Rv3219_up,['Rv3219'],{720: 1.0},3595713,3595967,3595363,3595967,+,255,11778,46.18823529
Rv3225c_up,3602441,3602790,Rv3225c,bin721,Rv3225c_up,['Rv3225c'],{721: 1.0},3602440,3601016,3601016,3602790,-,1423,4530.5,3.18376669
Rv3226c_up,3603323,3603672,Rv3226c,bin721,Rv3226c_up,['Rv3226c'],{721: 1.0},3603322,3602564,3602564,3603672,-,757,880.5,1.163143989
Rv3229c_up,3607035,3607384,Rv3229c,bin722,Rv3229c_up,['Rv3229c'],{722: 1.0},3607034,3605751,3605751,3607384,-,1282,1062.5,0.828783151
Rv3230c_up,3608255,3608604,Rv3230c,bin722,Rv3230c_up,['Rv3230c'],{722: 1.0},3608254,3607112,3607112,3608604,-,1141,1121,0.982471516
Rv3241c_up,3621255,3621604,Rv3241c,bin725,Rv3241c_up,['Rv3241c'],{725: 1.0},3621254,3620610,3620610,3621604,-,643,3643,5.66562986
Rv3252c_up,3631989,3632338,"Rv3249c,Rv3250c,Rv3251c,Rv3252c","bin726, bin727",Rv3252c_up,"['Rv3249c', 'Rv3250c', 'Rv3251c', 'Rv3252c']","{726: 0.09625048318515655, 727: 0.9037495168148435}",3631988,3629752,3629752,3632338,-,2235,28029.5,12.54116331
Rv3259_up,3639075,3639424,Rv3259,bin728,Rv3259_up,['Rv3259'],{728: 1.0},3639425,3639844,3639075,3639844,+,420,2162,5.147619048
Rv3260c_up,3640142,3640491,Rv3260c,"bin728, bin729",Rv3260c_up,['Rv3260c'],"{728: 0.20806451612903226, 729: 0.7919354838709678}",3640141,3639872,3639872,3640491,-,268,6059,22.60820896
Rv3261_up,3640193,3640542,"Rv3261,Rv3262",bin729,Rv3261_up,"['Rv3261', 'Rv3262']",{729: 1.0},3640543,3642881,3640193,3642881,+,2339,4779,2.043180847
Rv3269_up,3649884,3650233,"Rv3269,Rv3270","bin730, bin731",Rv3269_up,"['Rv3269', 'Rv3270']","{730: 0.04180064308681672, 731: 0.9581993569131833}",3650234,3652682,3649884,3652682,+,2449,25686,10.4883626
Rv3283_up,3664578,3664927,"Rv3283,Rv3284","bin733, bin734",Rv3283_up,"['Rv3283', 'Rv3284']","{733: 0.25299043062200954, 734: 0.7470095693779905}",3664928,3666249,3664578,3666249,+,1322,10255.5,7.757564297
Rv3288c_up,3670000,3670349,Rv3288c,"bin734, bin735",Rv3288c_up,['Rv3288c'],"{734: 0.5431937172774869, 735: 0.4568062827225131}",3669999,3669586,3669586,3670349,-,412,890.5,2.161407767
Rv3289c_up,3670412,3670761,Rv3289c,bin735,Rv3289c_up,['Rv3289c'],{735: 1.0},3670411,3670034,3670034,3670761,-,376,804.5,2.13962766
Rv3290c_up,3671795,3672144,Rv3290c,bin735,Rv3290c_up,['Rv3290c'],{735: 1.0},3671794,3670445,3670445,3672144,-,1348,2933,2.175816024
Rv3292_up,3671978,3672327,Rv3292,bin735,Rv3292_up,['Rv3292'],{735: 1.0},3672328,3673575,3671978,3673575,+,1248,1300.5,1.042067308
Rv3293_up,3673252,3673601,Rv3293,"bin735, bin736",Rv3293_up,['Rv3293'],"{735: 0.953133514986376, 736: 0.046866485013623976}",3673602,3675086,3673252,3675086,+,1485,2080,1.400673401
Rv3296_up,3676425,3676774,"Rv3296,Rv3297","bin736, bin737",Rv3296_up,"['Rv3296', 'Rv3297']","{736: 0.6314674200953558, 737: 0.36853257990464416}",3676775,3682087,3676425,3682087,+,5313,6444.5,1.212968191
Rv3312A_up,3701017,3701366,Rv3312A,bin741,Rv3312A_up,['Rv3312A'],{741: 1.0},3701016,3700705,3700705,3701366,-,310,126,0.406451613
Rv3315c_up,3703866,3704215,"Rv3313c,Rv3314c,Rv3315c",bin741,Rv3315c_up,"['Rv3313c', 'Rv3314c', 'Rv3315c']",{741: 1.0},3703865,3701087,3701087,3704215,-,2777,2117,0.762333453
Rv3318_up,3704650,3704999,"Rv3318,Rv3319","bin741, bin742",Rv3318_up,"['Rv3318', 'Rv3319']","{741: 0.12045298558682224, 742: 0.8795470144131777}",3705000,3707563,3704650,3707563,+,2564,3689.5,1.438962559
Rv3325_up,3710083,3710432,"Rv3325,Rv3326",bin743,Rv3325_up,"['Rv3325', 'Rv3326']",{743: 1.0},3710433,3711694,3710083,3711694,+,1262,0,0
Rv3329_up,3714042,3714391,Rv3329,"bin743, bin744",Rv3329_up,['Rv3329'],"{743: 0.5752849430113978, 744: 0.4247150569886023}",3714392,3715708,3714042,3715708,+,1317,3159.5,2.399012908
Rv3334_up,3720907,3721256,Rv3334,bin745,Rv3334_up,['Rv3334'],{745: 1.0},3721257,3721697,3720907,3721697,+,441,1925.5,4.366213152
Rv3336c_up,3723632,3723981,"Rv3335c,Rv3336c",bin745,Rv3336c_up,"['Rv3335c', 'Rv3336c']",{745: 1.0},3723631,3721731,3721731,3723981,-,1899,6134.5,3.230384413
Rv3339c_up,3725845,3726194,Rv3339c,"bin745, bin746",Rv3339c_up,['Rv3339c'],"{745: 0.24430379746835443, 746: 0.7556962025316456}",3725844,3724615,3724615,3726194,-,1228,2077,1.691368078
Rv3365c_up,3777502,3777851,"Rv3361c,Rv3362c,Rv3363c,Rv3364c,Rv3365c","bin755, bin756",Rv3365c_up,"['Rv3361c', 'Rv3362c', 'Rv3363c', 'Rv3364c', 'Rv3365c']","{755: 0.41046319272125725, 756: 0.5895368072787428}",3777501,3773016,3773016,3777851,-,4484,12568,2.802854594
Rv3380c_up,3795985,3796334,Rv3380c,bin760,Rv3380c_up,['Rv3380c'],{760: 1.0},3796086,3795100,3795100,3796334,-,985,30,0.030456853
Rv3395c_up,3811637,3811986,"Rv3394c,Rv3395c","bin762, bin763",Rv3395c_up,"['Rv3394c', 'Rv3395c']","{762: 0.21964636542239685, 763: 0.7803536345776031}",3811636,3809442,3809442,3811986,-,2193,1163.5,0.530551756
Rv3402c_up,3821892,3822241,Rv3402c,bin765,Rv3402c_up,['Rv3402c'],{765: 1.0},3821891,3820653,3820653,3822241,-,1237,2748,2.221503638
Rv3404c_up,3824585,3824934,"Rv3403c,Rv3404c",bin765,Rv3404c_up,"['Rv3403c', 'Rv3404c']",{765: 1.0},3824584,3822262,3822262,3824934,-,2321,10432,4.49461439
Rv3412_up,3831376,3831725,Rv3412,bin767,Rv3412_up,['Rv3412'],{767: 1.0},3831726,3832136,3831376,3832136,+,411,7120.5,17.32481752
Rv3418c_up,3837289,3837638,Rv3418c,bin768,Rv3418c_up,['Rv3418c'],{768: 1.0},3837288,3836986,3836986,3837638,-,301,11621.5,38.60963455
Rv3424c_up,3842077,3842426,Rv3424c,bin769,Rv3424c_up,['Rv3424c'],{769: 1.0},3842076,3841714,3841714,3842426,-,361,645.5,1.788088643
Rv3428c_up,3845971,3846320,Rv3428c,"bin769, bin770",Rv3428c_up,['Rv3428c'],"{769: 0.16614024005053696, 770: 0.833859759949463}",3845970,3844738,3844738,3846320,-,1231,359.5,0.292038993
Rv3429_up,3846815,3847164,Rv3429,bin770,Rv3429_up,['Rv3429'],{770: 1.0},3847165,3847701,3846815,3847701,+,537,4311.5,8.02886406
Rv3435c_up,3854794,3855143,"Rv3433c,Rv3434c,Rv3435c","bin771, bin772",Rv3435c_up,"['Rv3433c', 'Rv3434c', 'Rv3435c']","{771: 0.9573389021479713, 772: 0.04266109785202864}",3854793,3851792,3851792,3855143,-,3000,4425.5,1.475166667
Rv3436c_up,3856890,3857239,Rv3436c,bin772,Rv3436c_up,['Rv3436c'],{772: 1.0},3856889,3855015,3855015,3857239,-,1873,4749.5,2.53577149
Rv3440c_up,3859977,3860326,"Rv3439c,Rv3440c","bin772, bin773",Rv3440c_up,"['Rv3439c', 'Rv3440c']","{772: 0.8423597678916828, 773: 0.1576402321083172}",3859976,3858259,3858259,3860326,-,1716,3475.5,2.02534965
Rv3447c_up,3868239,3868588,"Rv3444c,Rv3445c,Rv3446c,Rv3447c","bin773, bin774",Rv3447c_up,"['Rv3444c', 'Rv3445c', 'Rv3446c', 'Rv3447c']","{773: 0.39849119865884325, 774: 0.6015088013411567}",3868238,3862624,3862624,3868588,-,5613,996,0.177445216
Rv3453_up,3874054,3874403,Rv3453,bin775,Rv3453_up,['Rv3453'],{775: 1.0},3874404,3874736,3874054,3874736,+,333,603,1.810810811
Rv3455c_up,3876823,3877172,Rv3455c,bin776,Rv3455c_up,['Rv3455c'],{776: 1.0},3876822,3876052,3876052,3877172,-,769,5866.5,7.628738622
Rv3483c_up,3902813,3903162,Rv3483c,bin781,Rv3483c_up,['Rv3483c'],{781: 1.0},3902812,3902150,3902150,3903162,-,661,2616.5,3.958396369
Rv3484_up,3902728,3903077,Rv3484,bin781,Rv3484_up,['Rv3484'],{781: 1.0},3903078,3904616,3902728,3904616,+,1539,5479.5,3.56042885
Rv3485c_up,3905567,3905916,Rv3485c,"bin781, bin782",Rv3485c_up,['Rv3485c'],"{781: 0.29266409266409266, 782: 0.7073359073359073}",3905566,3904622,3904622,3905916,-,943,837,0.887592789
Rv3491_up,3909540,3909889,Rv3491,"bin782, bin783",Rv3491_up,['Rv3491'],"{782: 0.49623250807319697, 783: 0.503767491926803}",3909890,3910468,3909540,3910468,+,579,2587.5,4.468911917
Rv3500c_up,3920063,3920412,"Rv3492c,Rv3493c,Rv3494c,Rv3495c,Rv3496c,Rv3497c,Rv3498c,Rv3499c,Rv3500c","bin783, bin784, bin785",Rv3500c_up,"['Rv3492c', 'Rv3493c', 'Rv3494c', 'Rv3495c', 'Rv3496c', 'Rv3497c', 'Rv3498c', 'Rv3499c', 'Rv3500c']","{783: 0.4559710494571773, 784: 0.5026135906714918, 785: 0.04141535987133092}",3920062,3910465,3910465,3920412,-,9596,17265,1.799187161
Rv3504_up,3922121,3922470,Rv3504,bin785,Rv3504_up,['Rv3504'],{785: 1.0},3922471,3923673,3922121,3923673,+,1203,428.5,0.356192851
Rv3510c_up,3939258,3939607,"Rv3509c,Rv3510c",bin788,Rv3510c_up,"['Rv3509c', 'Rv3510c']",{788: 1.0},3939257,3936877,3936877,3939607,-,2379,4203.5,1.766918873
Rv3511_up,3939267,3939616,"Rv3511,Rv3512","bin788, bin789",Rv3511_up,"['Rv3511', 'Rv3512']","{788: 0.1288397402141478, 789: 0.8711602597858522}",3939617,3944963,3939267,3944963,+,5347,1678,0.313820834
Rv3514_up,3945444,3945793,Rv3514,"bin790, bin791",Rv3514_up,['Rv3514'],"{790: 0.9454356846473029, 791: 0.054564315352697096}",3945794,3950263,3945444,3950263,+,4470,466,0.104250559
Rv3515c_up,3952471,3952820,Rv3515c,bin791,Rv3515c_up,['Rv3515c'],{791: 1.0},3952470,3950824,3950824,3952820,-,1645,1102,0.669908815
Rv3516_up,3952194,3952543,Rv3516,bin791,Rv3516_up,['Rv3516'],{791: 1.0},3952544,3953335,3952194,3953335,+,792,524.5,0.662247475
Rv3517_up,3953081,3953430,Rv3517,bin791,Rv3517_up,['Rv3517'],{791: 1.0},3953431,3954270,3953081,3954270,+,840,462.5,0.550595238
Rv3526_up,3962089,3962438,"Rv3526,Rv3527",bin793,Rv3526_up,"['Rv3526', 'Rv3527']",{793: 1.0},3962439,3964054,3962089,3964054,+,1616,2173.5,1.344987624
Rv3532_up,3968993,3969342,Rv3532,"bin794, bin795",Rv3532_up,['Rv3532'],"{794: 0.6416295353278166, 795: 0.3583704646721833}",3969343,3970563,3968993,3970563,+,1221,478.5,0.391891892
Rv3547_up,3986494,3986843,Rv3547,bin798,Rv3547_up,['Rv3547'],{798: 1.0},3986844,3987299,3986494,3987299,+,456,1533,3.361842105
Rv3548c_up,3988297,3988646,Rv3548c,bin798,Rv3548c_up,['Rv3548c'],{798: 1.0},3988296,3987382,3987382,3988646,-,913,800,0.876232202
Rv3549c_up,3989099,3989448,Rv3549c,bin798,Rv3549c_up,['Rv3549c'],{798: 1.0},3989098,3988319,3988319,3989448,-,778,779.5,1.001928021
Rv3553_up,3991271,3991620,"Rv3553,Rv3554",bin799,Rv3553_up,"['Rv3553', 'Rv3554']",{799: 1.0},3991621,3994742,3991271,3994742,+,3122,2536,0.812299808
Rv3557c_up,3997632,3997981,Rv3557c,bin800,Rv3557c_up,['Rv3557c'],{800: 1.0},3997631,3997029,3997029,3997981,-,601,1031.5,1.716306156
Rv3570c_up,4012271,4012620,"Rv3567c,Rv3568c,Rv3569c,Rv3570c","bin802, bin803",Rv3570c_up,"['Rv3567c', 'Rv3568c', 'Rv3569c', 'Rv3570c']","{802: 0.3285494618144541, 803: 0.6714505381855459}",4012270,4008719,4008719,4012620,-,3550,6777,1.909014085
Rv3575c_up,4018169,4018518,Rv3575c,bin804,Rv3575c_up,['Rv3575c'],{804: 1.0},4018168,4017089,4017089,4018518,-,1078,1216,1.128014842
Rv3577_up,4018912,4019261,"Rv3577,Rv3578","bin804, bin805",Rv3577_up,"['Rv3577', 'Rv3578']","{804: 0.4405339805825243, 805: 0.5594660194174758}",4019262,4021383,4018912,4021383,+,2122,2848,1.342130066
Rv3587c_up,4029763,4030112,Rv3587c,"bin806, bin807",Rv3587c_up,['Rv3587c'],"{806: 0.9021834061135371, 807: 0.09781659388646288}",4029762,4028968,4028968,4030112,-,793,8021.5,10.11538462
Rv3595c_up,4038051,4038400,Rv3595c,bin808,Rv3595c_up,['Rv3595c'],{808: 1.0},4038050,4036731,4036731,4038400,-,1318,1730,1.312594841
Rv3597c_up,4041320,4041669,Rv3597c,bin809,Rv3597c_up,['Rv3597c'],{809: 1.0},4041319,4040981,4040981,4041669,-,337,1612,4.783382789
Rv3612c_up,4053848,4054197,Rv3612c,bin811,Rv3612c_up,['Rv3612c'],{811: 1.0},4053847,4053518,4053518,4054197,-,328,391,1.192073171
Rv3613c_up,4054043,4054392,Rv3613c,bin811,Rv3613c_up,['Rv3613c'],{811: 1.0},4054042,4053881,4053881,4054392,-,160,1080.5,6.753125
Rv3616c_up,4056376,4056725,Rv3616c,bin812,Rv3616c_up,['Rv3616c'],{812: 1.0},4056375,4055197,4055197,4056725,-,1177,10350.5,8.793967715
Rv3628_up,4067073,4067422,Rv3628,bin814,Rv3628_up,['Rv3628'],{814: 1.0},4067423,4067911,4067073,4067911,+,489,1172.5,2.397750511
Rv3630_up,4068825,4069174,Rv3630,"bin814, bin815",Rv3630_up,['Rv3630'],"{814: 0.7144592952612394, 815: 0.28554070473876064}",4069175,4070470,4068825,4070470,+,1296,2145,1.655092593
Rv3631_up,4070164,4070513,"Rv3631,Rv3632",bin815,Rv3631_up,"['Rv3631', 'Rv3632']",{815: 1.0},4070514,4071580,4070164,4071580,+,1067,1628.5,1.526241799
Rv3637_up,4076134,4076483,"Rv3637,Rv3638",bin816,Rv3637_up,"['Rv3637', 'Rv3638']",{816: 1.0},4076484,4077730,4076134,4077730,+,1247,332.5,0.266639936
Rv3646c_up,4087258,4087607,Rv3646c,"bin817, bin818",Rv3646c_up,['Rv3646c'],"{817: 0.17369255150554674, 818: 0.8263074484944533}",4087257,4084453,4084453,4087607,-,2803,22936,8.182661434
Rv3647c_up,4088189,4088538,Rv3647c,bin818,Rv3647c_up,['Rv3647c'],{818: 1.0},4088188,4087610,4087610,4088538,-,577,4311,7.471403813
Rv3652_up,4093282,4093631,"Rv3652,Rv3653",bin819,Rv3652_up,"['Rv3652', 'Rv3653']",{819: 1.0},4093632,4094527,4093282,4094527,+,896,621.5,0.693638393
Rv3655c_up,4095301,4095650,"Rv3654c,Rv3655c","bin819, bin820",Rv3655c_up,"['Rv3654c', 'Rv3655c']","{819: 0.3440968718466196, 820: 0.6559031281533805}",4095300,4094660,4094660,4095650,-,639,733,1.147104851
Rv3657c_up,4096116,4096465,"Rv3656c,Rv3657c",bin820,Rv3657c_up,"['Rv3656c', 'Rv3657c']",{820: 1.0},4096115,4095324,4095324,4096465,-,790,393.5,0.498101266
Rv3659c_up,4097995,4098344,"Rv3658c,Rv3659c",bin820,Rv3659c_up,"['Rv3658c', 'Rv3659c']",{820: 1.0},4097994,4096139,4096139,4098344,-,1854,1379,0.743797195
Rv3661_up,4099297,4099646,Rv3661,"bin820, bin821",Rv3661_up,['Rv3661'],"{820: 0.5799011532125206, 821: 0.4200988467874794}",4099647,4100510,4099297,4100510,+,864,3823.5,4.425347222
Rv3666c_up,4107085,4107434,"Rv3665c,Rv3666c","bin821, bin822",Rv3666c_up,"['Rv3665c', 'Rv3666c']","{821: 0.1618457300275482, 822: 0.8381542699724518}",4107084,4104531,4104531,4107434,-,2552,2956.5,1.158503135
Rv3667_up,4107442,4107791,Rv3667,bin822,Rv3667_up,['Rv3667'],{822: 1.0},4107792,4109747,4107442,4109747,+,1956,3780,1.932515337
Rv3669_up,4110477,4110826,"Rv3669,Rv3670",bin823,Rv3669_up,"['Rv3669', 'Rv3670']",{823: 1.0},4110827,4112329,4110477,4112329,+,1503,3387.5,2.253825682
Rv3674c_up,4115895,4116244,"Rv3673c,Rv3674c","bin823, bin824",Rv3674c_up,"['Rv3673c', 'Rv3674c']","{823: 0.29757199322416716, 824: 0.7024280067758328}",4115894,4114474,4114474,4116244,-,1419,5582.5,3.934108527
Rv3675_up,4115652,4116001,Rv3675,bin824,Rv3675_up,['Rv3675'],{824: 1.0},4116002,4116379,4115652,4116379,+,378,1227,3.246031746
Rv3676_up,4116128,4116477,Rv3676,bin824,Rv3676_up,['Rv3676'],{824: 1.0},4116478,4117152,4116128,4117152,+,675,5720,8.474074074
Rv3681c_up,4121555,4121904,Rv3681c,bin825,Rv3681c_up,['Rv3681c'],{825: 1.0},4121554,4121198,4121198,4121904,-,355,1793.5,5.052112676
Rv3682_up,4121566,4121915,Rv3682,bin825,Rv3682_up,['Rv3682'],{825: 1.0},4121916,4124348,4121566,4124348,+,2433,21745.5,8.937731196
Rv3687c_up,4129692,4130041,Rv3687c,"bin826, bin827",Rv3687c_up,['Rv3687c'],"{826: 0.9429763560500696, 827: 0.05702364394993046}",4129691,4129323,4129323,4130041,-,367,1199,3.267029973
Rv3696c_up,4139756,4140105,Rv3696c,"bin828, bin829",Rv3696c_up,['Rv3696c'],"{828: 0.9448529411764706, 829: 0.05514705882352941}",4139755,4138202,4138202,4140105,-,1552,2636,1.698453608
Rv3698_up,4140143,4140492,Rv3698,bin829,Rv3698_up,['Rv3698'],{829: 1.0},4140493,4142022,4140143,4142022,+,1530,759.5,0.496405229
Rv3699_up,4141694,4142043,Rv3699,bin829,Rv3699_up,['Rv3699'],{829: 1.0},4142044,4142745,4141694,4142745,+,702,2976.5,4.24002849
Rv3705A_up,4149481,4149830,Rv3705A,bin830,Rv3705A_up,['Rv3705A'],{830: 1.0},4149480,4149091,4149091,4149830,-,388,1330,3.427835052
Rv3710_up,4153390,4153739,Rv3710,"bin831, bin832",Rv3710_up,['Rv3710'],"{831: 0.7050328227571115, 832: 0.2949671772428884}",4153740,4155674,4153390,4155674,+,1935,8193.5,4.234366925
Rv3711c_up,4156730,4157079,Rv3711c,bin832,Rv3711c_up,['Rv3711c'],{832: 1.0},4156729,4155740,4155740,4157079,-,988,6643,6.723684211
Rv3716c_up,4160914,4161263,"Rv3715c,Rv3716c","bin832, bin833",Rv3716c_up,"['Rv3715c', 'Rv3716c']","{832: 0.08145454545454546, 833: 0.9185454545454546}",4160913,4159889,4159889,4161263,-,1023,8900,8.699902248
Rv3718c_up,4162259,4162608,Rv3718c,bin833,Rv3718c_up,['Rv3718c'],{833: 1.0},4162258,4161815,4161815,4162608,-,442,662.5,1.498868778
Rv3724A_up,4169117,4169466,"Rv3724A,Rv3724B","bin834, bin835",Rv3724A_up,"['Rv3724A', 'Rv3724B']","{834: 0.8395061728395061, 835: 0.16049382716049382}",4169467,4170169,4169117,4170169,+,703,947,1.347083926
Rv3725_up,4169864,4170213,Rv3725,"bin834, bin835",Rv3725_up,['Rv3725'],"{834: 0.10703125, 835: 0.89296875}",4170214,4171143,4169864,4171143,+,930,6757,7.265591398
Rv3726_up,4171071,4171420,Rv3726,bin835,Rv3726_up,['Rv3726'],{835: 1.0},4171421,4172614,4171071,4172614,+,1194,5675.5,4.753350084
Rv3727_up,4172605,4172954,Rv3727,bin835,Rv3727_up,['Rv3727'],{835: 1.0},4172955,4174763,4172605,4174763,+,1809,6503.5,3.595080155
Rv3728_up,4174523,4174872,Rv3728,"bin835, bin836",Rv3728_up,['Rv3728'],"{835: 0.13472378804960541, 836: 0.8652762119503946}",4174873,4178070,4174523,4178070,+,3198,10275,3.212945591
Rv3738c_up,4190233,4190582,Rv3738c,"bin838, bin839",Rv3738c_up,['Rv3738c'],"{838: 0.551617873651772, 839: 0.44838212634822805}",4190232,4189285,4189285,4190582,-,946,1652,1.746300211
Rv3743c_up,4195374,4195723,Rv3743c,"bin839, bin840",Rv3743c_up,['Rv3743c'],"{839: 0.690098585512216, 840: 0.30990141448778397}",4195373,4193391,4193391,4195723,-,1981,557.5,0.281423523
Rv3747_up,4196374,4196723,Rv3747,bin840,Rv3747_up,['Rv3747'],{840: 1.0},4196724,4197107,4196374,4197107,+,384,3792,9.875
Rv3748_up,4196886,4197235,Rv3748,bin840,Rv3748_up,['Rv3748'],{840: 1.0},4197236,4197595,4196886,4197595,+,360,1573.5,4.370833333
Rv3750c_up,4198598,4198947,Rv3750c,bin840,Rv3750c_up,['Rv3750c'],{840: 1.0},4198597,4198205,4198205,4198947,-,391,5609.5,14.34654731
Rv3754_up,4200071,4200420,Rv3754,bin841,Rv3754_up,['Rv3754'],{841: 1.0},4200421,4201326,4200071,4201326,+,906,865.5,0.955298013
Rv3759c_up,4205374,4205723,"Rv3755c,Rv3756c,Rv3757c,Rv3758c,Rv3759c","bin841, bin842",Rv3759c_up,"['Rv3755c', 'Rv3756c', 'Rv3757c', 'Rv3758c', 'Rv3759c']","{841: 0.836978579481398, 842: 0.16302142051860202}",4205373,4201289,4201289,4205723,-,4083,10750.5,2.632990448
Rv3763_up,4208697,4209046,Rv3763,bin842,Rv3763_up,['Rv3763'],{842: 1.0},4209047,4209526,4208697,4209526,+,480,5321.5,11.08645833
Rv3764c_up,4211010,4211359,Rv3764c,"bin842, bin843",Rv3764c_up,['Rv3764c'],"{842: 0.23565804274465693, 843: 0.764341957255343}",4211009,4209582,4209582,4211359,-,1426,3523.5,2.470897616
Rv3768_up,4213720,4214069,Rv3768,bin843,Rv3768_up,['Rv3768'],{843: 1.0},4214070,4214429,4213720,4214429,+,360,276,0.766666667
Rv3770B_up,4216270,4216619,"Rv3770A,Rv3770B",bin844,Rv3770B_up,"['Rv3770A', 'Rv3770B']",{844: 1.0},4216269,4215881,4215881,4216619,-,387,524.5,1.355297158
Rv3770c_up,4215776,4216125,Rv3770c,bin844,Rv3770c_up,['Rv3770c'],{844: 1.0},4215775,4215200,4215200,4216125,-,574,1303.5,2.270905923
Rv3771c_up,4216731,4217080,Rv3771c,bin844,Rv3771c_up,['Rv3771c'],{844: 1.0},4216730,4216404,4216404,4217080,-,325,730.5,2.247692308
Rv3776_up,4220739,4221088,Rv3776,bin845,Rv3776_up,['Rv3776'],{845: 1.0},4221089,4222648,4220739,4222648,+,1560,1634.5,1.04775641
Rv3777_up,4222344,4222693,Rv3777,bin845,Rv3777_up,['Rv3777'],{845: 1.0},4222694,4223680,4222344,4223680,+,987,2346,2.376899696
Rv3785_up,4230970,4231319,Rv3785,bin847,Rv3785_up,['Rv3785'],{847: 1.0},4231320,4232393,4230970,4232393,+,1074,1667.5,1.552607076
Rv3797_up,4250735,4251084,Rv3797,bin851,Rv3797_up,['Rv3797'],{851: 1.0},4251085,4252866,4250735,4252866,+,1782,1337,0.750280584
Rv3798_up,4252643,4252992,Rv3798,bin851,Rv3798_up,['Rv3798'],{851: 1.0},4252993,4254327,4252643,4254327,+,1335,327,0.24494382
Rv3801c_up,4263067,4263416,"Rv3799c,Rv3800c,Rv3801c","bin851, bin852, bin853",Rv3801c_up,"['Rv3799c', 'Rv3800c', 'Rv3801c']","{851: 0.06871749474383092, 852: 0.5532809560694921, 853: 0.378001549186677}",4263066,4254380,4254380,4263416,-,8685,116606,13.42613702
Rv3804c_up,4266659,4267008,Rv3804c,bin854,Rv3804c_up,['Rv3804c'],{854: 1.0},4266658,4265642,4265642,4267008,-,1015,38789,38.21576355
Rv3805c_up,4268837,4269186,Rv3805c,bin854,Rv3805c_up,['Rv3805c'],{854: 1.0},4268836,4266953,4266953,4269186,-,1882,6636,3.526036132
Rv3812_up,4276221,4276570,Rv3812,bin856,Rv3812_up,['Rv3812'],{856: 1.0},4276571,4278085,4276221,4278085,+,1515,2224,1.467986799
Rv3818_up,4282099,4282448,"Rv3818,Rv3819",bin857,Rv3818_up,"['Rv3818', 'Rv3819']",{857: 1.0},4282449,4284331,4282099,4284331,+,1883,2706.5,1.437334041
Rv3822_up,4286371,4286720,Rv3822,bin858,Rv3822_up,['Rv3822'],{858: 1.0},4286721,4287935,4286371,4287935,+,1215,2083.5,1.714814815
Rv3824c_up,4293175,4293524,Rv3824c,bin859,Rv3824c_up,['Rv3824c'],{859: 1.0},4293174,4291639,4291639,4293524,-,1534,421,0.274445893
Rv3829c_up,4305009,4305358,"Rv3827c,Rv3828c,Rv3829c","bin861, bin862",Rv3829c_up,"['Rv3827c', 'Rv3828c', 'Rv3829c']","{861: 0.9056902002107482, 862: 0.09430979978925184}",4305008,4301563,4301563,4305358,-,3444,4408,1.279907085
Rv3830c_up,4305686,4306035,Rv3830c,bin862,Rv3830c_up,['Rv3830c'],{862: 1.0},4305685,4305056,4305056,4306035,-,628,161.5,0.257165605
Rv3831_up,4305407,4305756,Rv3831,bin862,Rv3831_up,['Rv3831'],{862: 1.0},4305757,4306239,4305407,4306239,+,483,1032.5,2.137681159
Rv3839_up,4312415,4312764,Rv3839,bin863,Rv3839_up,['Rv3839'],{863: 1.0},4312765,4313541,4312415,4313541,+,777,1385.5,1.783140283
Rv3841_up,4313828,4314177,Rv3841,bin863,Rv3841_up,['Rv3841'],{863: 1.0},4314178,4314723,4313828,4314723,+,546,24479,44.83333333
Rv3844_up,4318425,4318774,"Rv3844,Rv3845",bin864,Rv3844_up,"['Rv3844', 'Rv3845']",{864: 1.0},4318775,4319640,4318425,4319640,+,866,1186.5,1.370092379
Rv3847_up,4321188,4321537,Rv3847,bin865,Rv3847_up,['Rv3847'],{865: 1.0},4321538,4322071,4321188,4322071,+,534,4627,8.664794007
Rv3849_up,4323149,4323498,Rv3849,bin865,Rv3849_up,['Rv3849'],{865: 1.0},4323499,4323897,4323149,4323897,+,399,1998.5,5.00877193
Rv3854c_up,4327474,4327823,Rv3854c,bin866,Rv3854c_up,['Rv3854c'],{866: 1.0},4327473,4326004,4326004,4327823,-,1468,4661.5,3.175408719
Rv3857c_up,4329615,4329964,"Rv3856c,Rv3857c",bin866,Rv3857c_up,"['Rv3856c', 'Rv3857c']",{866: 1.0},4329614,4328401,4328401,4329964,-,1212,5291.5,4.365924092
Rv3859c_up,4336082,4336431,"Rv3858c,Rv3859c","bin867, bin868",Rv3859c_up,"['Rv3858c', 'Rv3859c']","{867: 0.7761614265603003, 868: 0.22383857343969968}",4336081,4330039,4330039,4336431,-,6041,45973,7.61016388
Rv3865_up,4341216,4341565,"Rv3865,Rv3866",bin869,Rv3865_up,"['Rv3865', 'Rv3866']",{869: 1.0},4341566,4342731,4341216,4342731,+,1166,10480,8.987993139
Rv3872_up,4350395,4350744,Rv3872,bin871,Rv3872_up,['Rv3872'],{871: 1.0},4350745,4351044,4350395,4351044,+,300,3062,10.20666667
Rv3875_up,4352259,4352608,Rv3875,bin871,Rv3875_up,['Rv3875'],{871: 1.0},4352609,4352896,4352259,4352896,+,288,26004.5,90.29340278
Rv3879c_up,4359783,4360132,Rv3879c,"bin872, bin873",Rv3879c_up,['Rv3879c'],"{872: 0.9480314960629921, 873: 0.05196850393700787}",4359782,4357593,4357593,4360132,-,2188,11465,5.239945155
Rv3883c_up,4364758,4365107,"Rv3882c,Rv3883c","bin873, bin874",Rv3883c_up,"['Rv3882c', 'Rv3883c']","{873: 0.9652145643693107, 874: 0.034785435630689206}",4364757,4362032,4362032,4365107,-,2724,12429.5,4.562958884
Rv3888c_up,4372707,4373056,"Rv3885c,Rv3886c,Rv3887c,Rv3888c","bin874, bin875",Rv3888c_up,"['Rv3885c', 'Rv3886c', 'Rv3887c', 'Rv3888c']","{874: 0.503008619287689, 875: 0.49699138071231097}",4372706,4366908,4366908,4373056,-,5797,9877.5,1.703898568
Rv3889c_up,4373631,4373980,Rv3889c,bin875,Rv3889c_up,['Rv3889c'],{875: 1.0},4373630,4372800,4372800,4373980,-,829,1995.5,2.407117008
Rv3890c_up,4374014,4374363,Rv3890c,bin875,Rv3890c_up,['Rv3890c'],{875: 1.0},4374013,4373726,4373726,4374363,-,286,1301.5,4.550699301
Rv3892c_up,4375684,4376033,Rv3892c,"bin875, bin876",Rv3892c_up,['Rv3892c'],"{875: 0.3335483870967742, 876: 0.6664516129032259}",4375683,4374484,4374484,4376033,-,1198,865.5,0.72245409
Rv3896c_up,4382852,4383201,"Rv3894c,Rv3895c,Rv3896c","bin876, bin877",Rv3896c_up,"['Rv3894c', 'Rv3895c', 'Rv3896c']","{876: 0.5387608069164265, 877: 0.4612391930835735}",4382851,4376262,4376262,4383201,-,6588,9336.5,1.417197936
Rv3900c_up,4386309,4386658,"Rv3899c,Rv3900c","bin877, bin878",Rv3900c_up,"['Rv3899c', 'Rv3900c']","{877: 0.33996815286624205, 878: 0.660031847133758}",4386308,4384147,4384147,4386658,-,2160,3574,1.65462963
Rv3906c_up,4391607,4391956,Rv3906c,bin879,Rv3906c_up,['Rv3906c'],{879: 1.0},4391606,4391097,4391097,4391956,-,508,1253.5,2.467519685
Rv3907c_up,4393074,4393423,Rv3907c,bin879,Rv3907c_up,['Rv3907c'],{879: 1.0},4393073,4391631,4391631,4393423,-,1441,2112.5,1.465995836
Rv3911_up,4399836,4400185,"Rv3911,Rv3912","bin880, bin881",Rv3911_up,"['Rv3911', 'Rv3912']","{880: 0.09171762090050027, 881: 0.9082823790994997}",4400186,4401634,4399836,4401634,+,1449,1379,0.951690821
Rv3916c_up,4405168,4405517,Rv3916c,"bin881, bin882",Rv3916c_up,['Rv3916c'],"{881: 0.5235023041474655, 882: 0.47649769585253454}",4405167,4404433,4404433,4405517,-,733,3531.5,4.81787176
Rv3920c_up,4408898,4409247,Rv3920c,bin882,Rv3920c_up,['Rv3920c'],{882: 1.0},4408897,4408334,4408334,4409247,-,562,12173.5,21.66103203