gene,avg_log2FC,p_val,regulate,label
Rv3136,-6.300454328,2.32E-12,Down,Rv3136
Rv1094,-3.905951424,2.06E-11,Down,
Rv1196,-5.975489802,1.88E-11,Down,Rv1196
Rv0251c,5.264666452,2.43E-11,Up,Rv0251c
Rv1807,4.025107895,2.73E-11,Up,
Rv1405c,4.03116024,2.90E-11,Up,
Rv1195,-5.370848161,2.64E-11,Down,
Rv1992c,3.676050152,4.03E-11,Up,
Rv3136A,-6.041559835,2.93E-11,Down,Rv3136A
Rv0677c,-4.070208633,4.15E-11,Down,
Rv1197,-4.697706042,4.76E-11,Down,
Rv1460,3.91000841,5.83E-11,Up,
Rv3202c,3.522054147,6.13E-11,Up,
Rv3648c,-5.229964734,6.29E-11,Down,
Rv1226c,4.367378492,7.92E-11,Up,Rv1226c
Rv0384c,3.885564613,1.03E-10,Up,
Rv0969,3.229099782,1.09E-10,Up,
Rv3230c,3.303678672,1.10E-10,Up,
Rv3137,-3.965747668,1.23E-10,Down,
Rv1630,-3.311870055,1.34E-10,Down,
Rv0266c,2.722517133,1.47E-10,Up,
Rv3825c,3.303275246,1.53E-10,Up,
Rv3176c,5.399178536,1.32E-10,Up,Rv3176c
Rv1801,3.81205384,1.57E-10,Up,
Rv1908c,2.868998797,1.65E-10,Up,
Rv1641,-2.738342101,1.75E-10,Down,
Rv2641,3.135124784,1.77E-10,Up,
Rv1225c,3.202509823,1.94E-10,Up,
Rv1808,3.769495747,2.23E-10,Up,
Rv1805c,2.597022201,2.37E-10,Up,
Rv1109c,-3.203631565,2.38E-10,Down,
Rv3229c,3.335780447,2.43E-10,Up,
Rv1612,-3.37138836,2.78E-10,Down,
Rv2941,-2.575303772,2.95E-10,Down,
Rv3203,3.032316236,3.14E-10,Up,
Rv1227c,2.573296124,3.21E-10,Up,
Rv1642,-3.072862114,3.37E-10,Down,
Rv2147c,-2.772454739,3.38E-10,Down,
Rv1376,2.555704994,3.36E-10,Up,
Rv1994c,3.969165106,3.25E-10,Up,
Rv0678,-2.88767433,3.61E-10,Down,
Rv3406,3.114196493,3.82E-10,Up,
Rv2457c,-2.906440036,3.79E-10,Down,
Rv0278c,4.003415174,3.94E-10,Up,
Rv2643,3.050026994,4.14E-10,Up,
Rv1387,-2.334567779,3.98E-10,Down,
Rv3743c,3.274336599,4.13E-10,Up,
Rv1375,2.402563622,4.01E-10,Up,
Rv2667,3.914176276,4.13E-10,Up,
Rv1626,-3.39463951,4.58E-10,Down,
Rv1198,-3.75938199,4.68E-10,Down,
Rv1872c,-2.722530657,4.70E-10,Down,
Rv3921c,-2.404521315,4.63E-10,Down,
Rv1467c,2.48456565,4.73E-10,Up,
Rv1980c,-2.644502284,4.81E-10,Down,
Rv3423c,2.413620295,4.92E-10,Up,
Rv1095,-2.516934484,4.83E-10,Down,
Rv0823c,-2.284890241,4.94E-10,Down,
Rv0194,3.063677728,5.16E-10,Up,
Rv3148,-2.901545342,5.25E-10,Down,
Rv0896,-2.86133712,5.17E-10,Down,
Rv1309,-2.336442247,5.24E-10,Down,
Rv2655c,2.990618687,5.59E-10,Up,
Rv1310,-2.209037548,5.33E-10,Down,
Rv0831c,-3.227091204,5.63E-10,Down,
Rv0648,3.035246588,5.71E-10,Up,
Rv0146,2.400804187,5.61E-10,Up,
Rv0373c,3.335025719,5.75E-10,Up,
Rv0188,2.410032996,5.56E-10,Up,
Rv2190c,-2.347194632,5.74E-10,Down,
Rv1988,2.505098685,5.93E-10,Up,
Rv1993c,3.445099904,5.97E-10,Up,
Rv0152c,3.032720422,6.10E-10,Up,
Rv1395,3.371750135,6.74E-10,Up,
Rv2874,2.710340492,6.74E-10,Up,
Rv0151c,2.361730079,6.65E-10,Up,
Rv1199c,-3.949977348,6.74E-10,Down,
Rv3295,-2.700659669,7.04E-10,Down,
Rv0304c,2.545131279,6.70E-10,Up,
Rv2742c,2.300385527,6.85E-10,Up,
Rv0710,-2.597398961,6.89E-10,Down,
Rv1322A,-2.634032756,6.80E-10,Down,
Rv1177,-3.494047506,7.25E-10,Down,
Rv1057,2.671174461,6.83E-10,Up,
Rv0545c,-2.177147339,6.80E-10,Down,
Rv1611,-2.920824612,7.29E-10,Down,
Rv0108c,-2.318694537,7.05E-10,Down,
Rv1386,-4.297615654,6.83E-10,Down,
Rv2158c,3.001160601,7.15E-10,Up,
Rv1613,-3.894359186,7.81E-10,Down,
Rv1307,-2.257789103,7.34E-10,Down,
Rv2488c,2.444938861,7.80E-10,Up,
Rv3920c,-2.724721356,7.93E-10,Down,
Rv0147,2.004750822,7.73E-10,Up,
Rv0715,-2.846785597,8.39E-10,Down,
Rv1402,3.105415944,8.31E-10,Up,
Rv1306,-2.727686408,8.62E-10,Down,
Rv0652,-3.503008287,8.81E-10,Down,
Rv3903c,2.621461486,8.66E-10,Up,
Rv0197,2.523404171,8.36E-10,Up,
Rv1614,-2.615196879,8.91E-10,Down,
Rv0654,2.476592055,8.68E-10,Up,
Rv2157c,2.088093893,8.65E-10,Up,
Rv0244c,1.953991652,8.71E-10,Up,
Rv1697,-2.467021983,9.19E-10,Down,
Rv1804c,3.593866411,9.82E-10,Up,
Rv2201,1.978977883,9.04E-10,Up,
Rv1305,-3.714054977,9.97E-10,Down,
Rv3246c,-2.358574518,9.43E-10,Down,
Rv0009,-3.842464366,1.01E-09,Down,
Rv3290c,3.047222308,9.61E-10,Up,
Rv1368,-2.744351723,1.05E-09,Down,
Rv3659c,3.373593139,1.06E-09,Up,
Rv3514,4.82095904,1.07E-09,Up,Rv3514
Rv0848,2.337067846,9.87E-10,Up,
Rv0834c,3.612064727,1.00E-09,Up,
Rv1817,2.309397745,1.02E-09,Up,
Rv2727c,2.365478878,1.07E-09,Up,
Rv3408,-2.064151392,1.01E-09,Down,
Rv3223c,2.081766605,9.88E-10,Up,
Rv2952,-2.50177355,1.12E-09,Down,
Rv0934,-2.554562794,1.11E-09,Down,
Rv0193c,2.585417281,1.13E-09,Up,
Rv1917c,2.219972312,1.11E-09,Up,
Rv0629c,2.340555021,1.12E-09,Up,
Rv1802,2.21878131,1.13E-09,Up,
Rv3002c,-3.182628792,1.19E-09,Down,
Rv3923c,-2.291694841,1.16E-09,Down,
Rv0977,2.548174882,1.16E-09,Up,
Rv3156,-2.248483679,1.15E-09,Down,
Rv1129c,-2.766578303,1.21E-09,Down,
Rv2670c,2.888891321,1.27E-09,Up,
Rv3823c,2.185114098,1.18E-09,Up,
Rv0475,2.167275738,1.14E-09,Up,
Rv2150c,-2.022278927,1.18E-09,Down,
Rv2986c,-2.767248836,1.19E-09,Down,
Rv0705,-2.216499722,1.23E-09,Down,
Rv1990c,2.386014748,1.31E-09,Up,
Rv2053c,2.388797004,1.26E-09,Up,
Rv3206c,2.385424772,1.24E-09,Up,
Rv3583c,-3.466330302,1.27E-09,Down,
Rv1966,3.946920312,1.30E-09,Up,
Rv3152,-2.561664975,1.35E-09,Down,
Rv1932,-4.139135196,1.39E-09,Down,
Rv0973c,2.316611579,1.35E-09,Up,
Rv2624c,2.334724779,1.34E-09,Up,
Rv3062,2.150850687,1.31E-09,Up,
Rv0935,-2.361575192,1.40E-09,Down,
Rv1223,2.072147877,1.31E-09,Up,
Rv0685,-2.33229328,1.33E-09,Down,
Rv0968,2.321923225,1.35E-09,Up,
Rv1792,-2.604034936,1.47E-09,Down,
Rv3449,2.928224068,1.54E-09,Up,
Rv0109,2.759410286,1.54E-09,Up,
Rv0651,-2.529086861,1.47E-09,Down,
Rv0704,-1.892851088,1.36E-09,Down,
Rv0709,-2.379592312,1.52E-09,Down,
Rv1259,2.819336986,1.58E-09,Up,
Rv3150,-2.284864787,1.53E-09,Down,
Rv2052c,3.127836627,1.45E-09,Up,
Rv0453,2.398743766,1.55E-09,Up,
Rv1884c,-2.791373831,1.54E-09,Down,
Rv3582c,-1.891827278,1.42E-09,Down,
Rv0679c,-2.449129621,1.60E-09,Down,
Rv2195,-1.966788022,1.45E-09,Down,
Rv0952,-2.107001986,1.61E-09,Down,
Rv3135,-2.684731973,1.71E-09,Down,
Rv0285,-2.598188381,1.75E-09,Down,
Rv3478,-2.565164872,1.65E-09,Down,
Rv1964,3.820900149,1.86E-09,Up,
Rv1013,1.777456042,1.61E-09,Up,
Rv2137c,-2.348026607,1.83E-09,Down,
Rv1436,-2.430759292,1.70E-09,Down,
Rv2932,3.081832514,1.68E-09,Up,
Rv1464,1.996881467,1.66E-09,Up,
Rv1871c,-3.402339117,1.76E-09,Down,
Rv0631c,2.374869312,1.78E-09,Up,
Rv3447c,3.245678735,1.92E-09,Up,
Rv1145,2.790200172,1.93E-09,Up,
Rv1925,-1.965835267,1.67E-09,Down,
Rv3201c,2.733285844,1.78E-09,Up,
Rv0492c,2.577553944,1.78E-09,Up,
Rv0174,-1.961328499,1.69E-09,Down,
Rv2159c,2.623480002,1.70E-09,Up,
Rv3175,3.489634217,1.87E-09,Up,
Rv2094c,-3.379018042,2.00E-09,Down,
Rv1411c,-2.634434042,1.87E-09,Down,
Rv0655,-2.032080447,1.75E-09,Down,
Rv2220,-1.93197831,1.73E-09,Down,
Rv3428c,2.868215762,2.04E-09,Up,
Rv1986,2.178289433,1.95E-09,Up,
Rv0005,-1.921815121,1.77E-09,Down,
Rv0111,1.876741403,1.84E-09,Up,
Rv2259,-2.324874484,2.02E-09,Down,
Rv3407,-2.430362236,1.88E-09,Down,
Rv3660c,1.813451975,1.82E-09,Up,
Rv1075c,2.573243505,2.15E-09,Up,
Rv2091c,-1.939552252,1.92E-09,Down,
Rv3288c,2.484901108,2.06E-09,Up,
Rv0279c,4.061208207,2.17E-09,Up,
Rv3774,-3.017300214,2.10E-09,Down,
Rv2713,1.749098571,1.94E-09,Up,
Rv2971,-2.644187168,2.20E-09,Down,
Rv0462,-2.147100998,1.98E-09,Down,
Rv0628c,2.611178101,2.07E-09,Up,
Rv2466c,2.35407425,2.18E-09,Up,
Rv2689c,2.346428303,2.32E-09,Up,
Rv3848,1.857898259,2.20E-09,Up,
Rv2239c,-2.640049718,2.44E-09,Down,
Rv1243c,2.796599118,2.53E-09,Up,
Rv3519,-2.012253568,2.31E-09,Down,
Rv0056,-2.873718969,2.48E-09,Down,
Rv2835c,3.422039691,2.58E-09,Up,
Rv0669c,1.839081807,2.17E-09,Up,
Rv0169,-1.855719362,2.27E-09,Down,
Rv1651c,2.210568613,2.28E-09,Up,
Rv3174,4.017886352,2.62E-09,Up,
Rv2729c,2.065511768,2.49E-09,Up,
Rv2951c,-1.961897905,2.40E-09,Down,
Rv0186,1.845565991,2.30E-09,Up,
Rv1870c,-2.339257548,2.43E-09,Down,
Rv1969,3.047895074,2.81E-09,Up,
Rv3895c,2.353388414,2.53E-09,Up,
Rv0376c,2.718560761,2.84E-09,Up,
Rv3343c,1.667574533,2.36E-09,Up,
Rv3716c,-2.752835409,2.82E-09,Down,
Rv3001c,-1.874044174,2.48E-09,Down,
Rv3507,2.981249634,2.61E-09,Up,
Rv2558,2.207693405,2.51E-09,Up,
Rv3729,1.748107224,2.49E-09,Up,
Rv1521,-2.003073169,2.58E-09,Down,
Rv1653,2.2013462,2.82E-09,Up,
Rv1543,-2.299721913,2.81E-09,Down,
Rv1559,-1.788654708,2.75E-09,Down,
Rv0717,-3.215554483,3.09E-09,Down,
Rv0684,-1.905258885,2.65E-09,Down,
Rv1811,1.793770417,2.78E-09,Up,
Rv0754,3.26974402,3.08E-09,Up,
Rv0113,2.482107734,3.15E-09,Up,
Rv0571c,1.908695697,2.86E-09,Up,
Rv2468c,-2.863506021,3.25E-09,Down,
Rv1751,-2.664059387,3.05E-09,Down,
Rv3147,-2.646507516,3.21E-09,Down,
Rv3227,2.094499153,2.80E-09,Up,
Rv2934,2.547101741,2.75E-09,Up,
Rv0719,-1.938097433,2.80E-09,Down,
Rv0351,1.781105519,2.79E-09,Up,
Rv2697c,1.966215268,2.83E-09,Up,
Rv1468c,3.298845047,3.20E-09,Up,
Rv1156,-1.784111418,2.93E-09,Down,
Rv1676,-3.140483179,3.52E-09,Down,
Rv2661c,2.301213752,3.02E-09,Up,
Rv0807,2.737633164,3.59E-09,Up,
Rv0642c,-1.785720759,2.97E-09,Down,
Rv0112,2.567650926,3.28E-09,Up,
Rv0305c,2.178069877,3.09E-09,Up,
Rv0592,2.399648639,3.47E-09,Up,
Rv3054c,2.657569655,3.35E-09,Up,
Rv0142,2.1365772,3.29E-09,Up,
Rv3647c,-2.049214012,3.41E-09,Down,
Rv0700,-1.874532406,2.97E-09,Down,
Rv0736,2.476921612,3.65E-09,Up,
Rv3504,2.540988732,3.66E-09,Up,
Rv3145,-3.378850923,3.74E-09,Down,
Rv0167,-1.663882753,3.11E-09,Down,
Rv3879c,1.578917577,3.04E-09,Up,
Rv1135c,2.549720512,3.60E-09,Up,
Rv1028c,1.826449085,3.44E-09,Up,
Rv3370c,2.331042297,3.41E-09,Up,
Rv3350c,2.001540091,3.20E-09,Up,
Rv0905,-2.279248058,3.87E-09,Down,
Rv3715c,-2.162339604,3.87E-09,Down,
Rv0728c,1.989580081,3.76E-09,Up,
Rv3127,-1.696750533,3.29E-09,Down,
Rv0145,1.592701641,3.27E-09,Up,
Rv0286,-1.615548648,3.30E-09,Down,
Rv1644,-1.650909101,3.40E-09,Down,
Rv0863,-2.65398418,4.16E-09,Down,
Rv3281,-2.617279055,4.16E-09,Down,
Rv3344c,3.181881326,4.25E-09,Up,
Rv3222c,1.732415186,3.52E-09,Up,
Rv3005c,-2.49742396,4.07E-09,Down,
Rv2081c,-2.675335364,4.27E-09,Down,
Rv3190A,-3.467267629,4.29E-09,Down,
Rv3464,-2.301344979,3.95E-09,Down,
Rv3205c,1.607822825,3.57E-09,Up,
Rv1403c,2.686621805,4.18E-09,Up,
Rv1462,2.361320515,3.64E-09,Up,
Rv0220,-2.2108975,3.73E-09,Down,
Rv1544,-2.44068168,4.44E-09,Down,
Rv0574c,2.253219798,4.11E-09,Up,
Rv1631,-1.660768036,3.75E-09,Down,
Rv2064,2.218792613,4.16E-09,Up,
Rv1058,2.542493331,4.25E-09,Up,
Rv1970,3.404746861,4.69E-09,Up,
Rv0694,-1.746487914,4.09E-09,Down,
Rv3477,-2.481794504,4.76E-09,Down,
Rv0971c,2.951038284,4.51E-09,Up,
Rv1174c,-2.234320696,4.00E-09,Down,
Rv0430,-3.036868784,4.85E-09,Down,
Rv2858c,-1.892549643,4.34E-09,Down,
Rv2861c,-2.464125047,4.38E-09,Down,
Rv0099,2.042727674,4.23E-09,Up,
Rv2166c,-2.003372568,4.31E-09,Down,
Rv2534c,-1.967710379,4.43E-09,Down,
Rv0849,2.161936679,4.52E-09,Up,
Rv2271,-3.847482079,5.05E-09,Down,
Rv0886,2.263328893,4.35E-09,Up,
Rv1352,-2.452720838,5.05E-09,Down,
Rv2893,2.418472617,4.92E-09,Up,
Rv0976c,2.172869301,4.63E-09,Up,
Rv2690c,1.830357768,4.13E-09,Up,
Rv2557,1.659960712,4.14E-09,Up,
Rv0991c,1.933914088,4.25E-09,Up,
Rv3899c,2.379175441,4.63E-09,Up,
Rv1655,2.33272811,4.73E-09,Up,
Rv0053,-1.953304066,4.77E-09,Down,
Rv2694c,2.230414471,4.43E-09,Up,
Rv1967,3.78822476,5.31E-09,Up,
Rv2954c,-2.60008059,4.86E-09,Down,
Rv3367,1.739131459,4.40E-09,Up,
Rv3765c,2.150283934,4.64E-09,Up,
Rv0538,2.215601849,4.32E-09,Up,
Rv1437,-2.268369685,4.67E-09,Down,
Rv2333c,2.434353849,4.88E-09,Up,
Rv1875,1.678851435,4.48E-09,Up,
Rv3224,-2.009685743,4.50E-09,Down,
Rv1678,-2.365926843,5.48E-09,Down,
Rv0432,-2.856277711,5.08E-09,Down,
Rv1738,-2.098439945,5.07E-09,Down,
Rv2275,-3.220408728,5.80E-09,Down,
Rv1483,-2.520303626,5.08E-09,Down,
Rv1968,4.100473619,5.90E-09,Up,
Rv2035,2.514032977,5.35E-09,Up,
Rv2710,1.988138509,4.72E-09,Up,
Rv0747,3.85963447,5.43E-09,Up,
Rv3432c,1.917829738,5.00E-09,Up,
Rv2334,-1.533420306,4.69E-09,Down,
Rv1937,2.017624315,5.31E-09,Up,
Rv2743c,2.045271177,4.91E-09,Up,
Rv0739,2.423148192,5.91E-09,Up,
Rv1144,-1.900030543,5.29E-09,Down,
Rv1646,1.978329014,5.02E-09,Up,
Rv0153c,1.673171899,5.12E-09,Up,
Rv1809,3.120697618,5.17E-09,Up,
Rv2936,-1.58515379,4.91E-09,Down,
Rv0753c,1.802774217,5.39E-09,Up,
Rv1040c,1.764592424,5.50E-09,Up,
Rv0165c,-2.297252993,5.85E-09,Down,
Rv1308,-1.961721618,4.99E-09,Down,
Rv3640c,2.845344208,6.63E-09,Up,
Rv2969c,-1.625296435,5.41E-09,Down,
Rv3834c,2.239253543,5.98E-09,Up,
Rv0299,-2.206158661,6.27E-09,Down,
Rv0591,2.88687051,6.34E-09,Up,
Rv2631,1.818214152,5.36E-09,Up,
Rv1883c,-2.486881039,6.13E-09,Down,
Rv0708,-1.539981196,5.33E-09,Down,
Rv2712c,2.348281402,5.65E-09,Up,
Rv0967,1.760877645,5.36E-09,Up,
Rv2677c,1.70314644,5.44E-09,Up,
Rv3260c,-1.763842013,5.82E-09,Down,
Rv0164,-2.723605384,6.49E-09,Down,
Rv1618,-1.982338999,6.37E-09,Down,
Rv0186A,2.011238123,5.36E-09,Up,
Rv0261c,2.508211415,7.04E-09,Up,
Rv1304,-1.919661464,5.86E-09,Down,
Rv2430c,-2.104343576,6.04E-09,Down,
Rv0806c,2.304000067,5.79E-09,Up,
Rv3271c,1.604746499,5.52E-09,Up,
Rv3347c,1.545439805,5.57E-09,Up,
Rv3149,-2.474440265,6.67E-09,Down,
Rv2036,2.259589583,6.76E-09,Up,
Rv1596,-1.783369332,5.85E-09,Down,
Rv0284,-1.580858262,5.80E-09,Down,
Rv0972c,2.549289707,6.66E-09,Up,
Rv1909c,3.997768135,7.24E-09,Up,
Rv2942,-1.483319591,5.66E-09,Down,
Rv1039c,1.795595142,6.19E-09,Up,
Rv1812c,1.538562075,5.78E-09,Up,
Rv1271c,-3.067504271,7.82E-09,Down,
Rv0073,-2.262232822,6.96E-09,Down,
Rv1654,1.862672585,6.87E-09,Up,
Rv1989c,2.173690491,6.16E-09,Up,
Rv1965,3.482959162,7.93E-09,Up,
Rv1224,1.861103571,6.02E-09,Up,
Rv1217c,2.200343813,6.46E-09,Up,
Rv0449c,1.908138711,6.99E-09,Up,
Rv3666c,1.637728245,6.27E-09,Up,
Rv1201c,-2.055636844,6.65E-09,Down,
Rv3157,-1.892798917,6.30E-09,Down,
Rv1220c,-2.171566763,7.68E-09,Down,
Rv1997,1.597237772,6.44E-09,Up,
Rv3153,-2.887776139,7.90E-09,Down,
Rv2909c,-1.956710518,6.64E-09,Down,
Rv2113,1.694984239,6.79E-09,Up,
Rv0150c,2.779727463,8.14E-09,Up,
Rv0350,2.078032598,6.73E-09,Up,
Rv2839c,2.318192728,6.76E-09,Up,
Rv3139,-1.584354447,6.78E-09,Down,
Rv0751c,2.033780064,7.72E-09,Up,
Rv2241,-1.701975586,6.56E-09,Down,
Rv0847,1.714848725,6.61E-09,Up,
Rv0970,2.177025166,7.39E-09,Up,
Rv2258c,-2.36995437,7.72E-09,Down,
Rv3922c,-2.406390251,8.01E-09,Down,
Rv0227c,-2.118511551,6.91E-09,Down,
Rv0990c,3.513839282,7.82E-09,Up,
Rv2442c,-2.140411007,7.06E-09,Down,
Rv2590,1.429978663,6.57E-09,Up,
Rv1228,1.749779601,6.97E-09,Up,
Rv0860,1.613188968,6.66E-09,Up,
Rv2992c,-1.798622757,7.71E-09,Down,
Rv3097c,1.969193254,8.06E-09,Up,
Rv3345c,3.565498451,8.80E-09,Up,
Rv0431,-2.577196389,8.75E-09,Down,
Rv1661,1.487281826,7.12E-09,Up,
Rv2348c,-2.080259561,7.38E-09,Down,
Rv0729,1.786341809,7.98E-09,Up,
Rv0974c,2.014941507,8.30E-09,Up,
Rv3264c,-1.587559102,7.64E-09,Down,
Rv0812,1.695898205,7.70E-09,Up,
Rv1324,-1.439735468,7.24E-09,Down,
Rv1004c,2.798652603,7.62E-09,Up,
Rv1863c,-1.858298155,7.69E-09,Down,
Rv1736c,1.454867891,7.17E-09,Up,
Rv1452c,2.849178813,9.74E-09,Up,
Rv2892c,1.942583828,8.44E-09,Up,
Rv2353c,4.17394499,9.35E-09,Up,
Rv2249c,2.48150547,9.04E-09,Up,
Rv3573c,2.435033719,9.20E-09,Up,
Rv1886c,-1.901116391,7.58E-09,Down,
Rv2945c,-2.373712925,8.14E-09,Down,
Rv0452,2.515663764,9.01E-09,Up,
Rv0883c,-1.882863132,8.54E-09,Down,
Rv3029c,-2.613256642,7.71E-09,Down,
Rv0653c,-1.804570486,8.45E-09,Down,
EBG00000313387,-5.762807107,8.90E-09,Down,
Rv0516c,-2.1496382,8.76E-09,Down,
Rv0172,-1.631278783,7.74E-09,Down,
Rv3170,1.670294569,8.46E-09,Up,
Rv3654c,2.250060055,9.76E-09,Up,
Rv3138,-1.941159548,8.40E-09,Down,
Rv2252,2.192884664,9.55E-09,Up,
Rv0711,1.47706426,7.70E-09,Up,
Rv0177,-2.299690264,8.78E-09,Down,
Rv3280,-1.993380842,7.91E-09,Down,
Rv1971,3.233537681,1.08E-08,Up,
Rv2567,-1.723407284,8.37E-09,Down,
Rv3006,-1.688843792,8.58E-09,Down,
Rv0493c,2.360458925,9.98E-09,Up,
Rv2477c,-1.664502289,7.94E-09,Down,
Rv1985c,1.746788729,9.16E-09,Up,
Rv0978c,3.460445026,1.12E-08,Up,
Rv3826,1.916575329,8.61E-09,Up,
Rv0355c,2.756824523,8.27E-09,Up,
Rv1211,-3.123450369,1.07E-08,Down,
Rv3286c,2.208994238,9.49E-09,Up,
Rv2625c,1.51000817,8.41E-09,Up,
Rv2882c,-2.0615029,9.28E-09,Down,
Rv1999c,2.253035308,1.05E-08,Up,
Rv3661,-1.703439349,9.57E-09,Down,
Rv3448,2.779333973,1.14E-08,Up,
Rv3846,-2.103368495,9.27E-09,Down,
Rv2634c,1.962158759,1.05E-08,Up,
Rv2376c,-2.307912221,1.14E-08,Down,
Rv3465,-2.724581623,1.17E-08,Down,
Rv1432,2.054302948,1.08E-08,Up,
Rv0559c,-2.470577938,1.16E-08,Down,
Rv2468A,-4.920158704,1.08E-08,Down,
Rv3782,-2.13261613,1.03E-08,Down,
Rv0885,1.594538081,8.97E-09,Up,
Rv1461,1.626989947,8.96E-09,Up,
Rv0602c,3.366174311,1.25E-08,Up,
Rv1390,-1.998158194,9.76E-09,Down,
Rv0282,-2.12118069,9.05E-09,Down,
Rv3051c,-1.43252694,9.11E-09,Down,
Rv0859,1.570874695,9.14E-09,Up,
Rv2027c,1.710883839,1.02E-08,Up,
Rv0433,-2.042921783,1.03E-08,Down,
Rv0562,-2.007499553,1.03E-08,Down,
Rv3837c,1.618924579,9.17E-09,Up,
Rv3594,1.67464748,1.06E-08,Up,
Rv1360,-1.918443277,1.05E-08,Down,
Rv2251,1.899718586,1.07E-08,Up,
Rv0252,1.790632165,1.11E-08,Up,
Rv3683,1.346355823,9.12E-09,Up,
Rv1263,1.778358511,1.05E-08,Up,
Rv3747,-1.854160409,1.09E-08,Down,
Rv2817c,-3.084426668,1.23E-08,Down,
Rv0898c,-2.531202586,1.22E-08,Down,
Rv3080c,2.510929493,1.07E-08,Up,
Rv1087,2.838680222,1.09E-08,Up,
Rv2933,3.322059655,9.70E-09,Up,
Rv1826,-1.617993183,1.03E-08,Down,
Rv1067c,3.822736644,1.24E-08,Up,
Rv2857c,-2.237980893,1.26E-08,Down,
Rv3902c,2.286384035,1.26E-08,Up,
Rv0636,-1.918424869,1.07E-08,Down,
Rv3595c,2.272526015,1.01E-08,Up,
Rv0573c,2.193363636,1.22E-08,Up,
Rv1076,1.684399677,1.05E-08,Up,
Rv0543c,-1.977911826,1.20E-08,Down,
Rv2253,2.540170989,1.33E-08,Up,
Rv0203,-2.67630322,1.16E-08,Down,
Rv0798c,-2.52535433,1.24E-08,Down,
Rv0149,1.432363009,1.02E-08,Up,
Rv2191,1.689760435,1.11E-08,Up,
Rv2240c,-1.918571495,1.17E-08,Down,
Rv1615,-1.792923409,1.20E-08,Down,
Rv1765A,-2.588742954,1.32E-08,Down,
Rv2695,2.591049308,1.19E-08,Up,
Rv1107c,-3.520725742,1.41E-08,Down,
Rv0826,1.826710347,1.25E-08,Up,
Rv2141c,1.781136359,1.04E-08,Up,
Rv0987,1.636264598,1.04E-08,Up,
Rv2194,-2.363413556,1.07E-08,Down,
Rv0723,-1.779096313,1.03E-08,Down,
Rv3151,-1.637187244,1.02E-08,Down,
Rv0824c,-4.366801225,1.08E-08,Down,
Rv0288,-1.454432381,1.03E-08,Down,
Rv1852,1.683652787,1.24E-08,Up,
Rv2692,1.494592657,1.12E-08,Up,
Rv0352,1.715874781,1.04E-08,Up,
Rv2250c,2.71053717,1.50E-08,Up,
Rv3452,2.011973171,1.25E-08,Up,
Rv3433c,2.368638101,1.23E-08,Up,
Rv0283,-1.621417388,1.05E-08,Down,
Rv0115,2.202784458,1.37E-08,Up,
Rv0721,-1.580203055,1.06E-08,Down,
Rv3854c,1.329600223,1.07E-08,Up,
Rv0175,-1.660058529,1.12E-08,Down,
Rv0833,2.741497352,1.20E-08,Up,
Rv1936,2.29405727,1.35E-08,Up,
Rv3063,1.558906916,1.18E-08,Up,
Rv3720,-1.544487947,1.21E-08,Down,
Rv0950c,-1.812885796,1.26E-08,Down,
Rv0637,-1.931157423,1.22E-08,Down,
Rv2051c,1.385785385,1.09E-08,Up,
Rv3746c,2.090540216,1.40E-08,Up,
Rv0331,2.142466852,1.39E-08,Up,
Rv2603c,-2.006339242,1.28E-08,Down,
Rv3283,-1.641472409,1.21E-08,Down,
Rv0989c,2.313797942,1.31E-08,Up,
Rv0218,1.655683391,1.38E-08,Up,
Rv3764c,1.397640976,1.17E-08,Up,
Rv2622,1.906351758,1.46E-08,Up,
Rv3490,-1.870359485,1.23E-08,Down,
Rv0630c,2.342372863,1.28E-08,Up,
Rv3329,-1.705445554,1.40E-08,Down,
Rv0733,-2.34532494,1.38E-08,Down,
Rv2950c,-2.540443561,1.18E-08,Down,
Rv2576c,-2.607117223,1.53E-08,Down,
Rv0501,-1.563217146,1.24E-08,Down,
Rv0659c,-2.041031593,1.44E-08,Down,
Rv0718,-2.791490056,1.33E-08,Down,
Rv1963c,1.659543362,1.44E-08,Up,
Rv2196,-1.61632022,1.23E-08,Down,
Rv0160c,2.811555192,1.70E-08,Up,
Rv2795c,-1.533567442,1.43E-08,Down,
Rv3287c,2.241485553,1.46E-08,Up,
Rv2616,1.858034344,1.56E-08,Up,
Rv0625c,1.796792102,1.47E-08,Up,
Rv3215,1.433472641,1.37E-08,Up,
Rv0440,2.298147484,1.40E-08,Up,
Rv2037c,2.153717757,1.46E-08,Up,
Rv0377,2.162751979,1.55E-08,Up,
Rv0042c,-2.136180733,1.61E-08,Down,
Rv0701,-1.464925386,1.28E-08,Down,
Rv0375c,3.307127812,1.89E-08,Up,
Rv3193c,-1.252267503,1.28E-08,Down,
Rv3512,3.186742353,1.65E-08,Up,
Rv3239c,1.493908771,1.37E-08,Up,
Rv2621c,1.928001385,1.41E-08,Up,
Rv1155,-1.976396071,1.69E-08,Down,
Rv2794c,-2.321631615,1.89E-08,Down,
Rv0221,-1.54133491,1.49E-08,Down,
Rv0048c,1.467860063,1.41E-08,Up,
Rv0693,-1.522464276,1.42E-08,Down,
Rv3505,2.634087496,1.76E-08,Up,
Rv0368c,3.321328796,1.97E-08,Up,
Rv1017c,-1.546740969,1.48E-08,Down,
Rv0006,-1.306733123,1.35E-08,Down,
Rv0472c,-1.998705871,1.60E-08,Down,
Rv0752c,1.968466106,1.68E-08,Up,
Rv0948c,-2.739455384,2.03E-08,Down,
Rv1186c,1.609740729,1.62E-08,Up,
Rv3783,-1.812553552,1.79E-08,Down,
Rv1941,-1.670359,1.60E-08,Down,
Rv3892c,1.70543267,1.67E-08,Up,
Rv2618,1.869958853,1.78E-08,Up,
Rv3421c,2.130547731,1.73E-08,Up,
Rv3709c,-1.285540077,1.48E-08,Down,
Rv1146,2.108737893,1.74E-08,Up,
Rv2445c,-2.421361115,2.07E-08,Down,
Rv2467,-1.380523894,1.46E-08,Down,
Rv3140,-2.705396695,1.59E-08,Down,
Rv3158,-1.273845135,1.51E-08,Down,
Rv0761c,-1.433064526,1.53E-08,Down,
EBG00000313381,-1.803612625,1.73E-08,Down,
Rv0933,-2.197065401,1.96E-08,Down,
Rv2509,-1.882086561,1.78E-08,Down,
Rv1311,-2.379764153,2.04E-08,Down,
Rv3829c,1.717203506,1.73E-08,Up,
Rv0851c,1.661358772,1.85E-08,Up,
Rv0390,-2.201616839,2.15E-08,Down,
Rv0738,2.341303912,1.90E-08,Up,
Rv3912,1.925633255,2.07E-08,Up,
Rv3115,-3.540088814,2.26E-08,Down,
Rv1463,1.334950292,1.55E-08,Up,
Rv1833c,1.438827744,1.76E-08,Up,
Rv0706,-1.453616268,1.55E-08,Down,
Rv2555c,1.544864413,1.63E-08,Up,
Rv1891,-1.975341527,2.06E-08,Down,
Rv2073c,1.922498293,2.17E-08,Up,
Rv3454,1.859504092,1.74E-08,Up,
Rv3658c,2.539450242,1.94E-08,Up,
Rv0884c,-1.505346419,1.89E-08,Down,
Rv0811c,1.349260988,1.73E-08,Up,
Rv3146,-2.612861571,2.19E-08,Down,
Rv3896c,1.828504232,1.76E-08,Up,
Rv0173,-1.960729748,1.74E-08,Down,
Rv2651c,1.732238204,2.07E-08,Up,
Rv3394c,2.38046647,2.15E-08,Up,
Rv3379c,2.38487239,2.23E-08,Up,
Rv1178,-1.396033485,1.64E-08,Down,
Rv1706A,2.295831819,2.29E-08,Up,
Rv0683,-1.901793613,1.85E-08,Down,
Rv2987c,-2.274301621,2.36E-08,Down,
Rv0620,4.619042865,2.49E-08,Up,Rv0620
Rv2669,2.467581812,2.48E-08,Up,
Rv1003,1.942524041,2.28E-08,Up,
Rv0692,-2.880379383,2.55E-08,Down,
Rv1438,-1.907471572,2.03E-08,Down,
Rv1703c,-2.218661282,2.02E-08,Down,
Rv3653,2.972244461,2.58E-08,Up,
Rv1410c,-1.435464362,1.73E-08,Down,
Rv0879c,-1.598132483,2.13E-08,Down,
Rv1547,-1.206551253,1.72E-08,Down,
Rv0526,-1.69523682,2.24E-08,Down,
Rv0563,1.237454335,1.80E-08,Up,
Rv3610c,1.353938921,1.77E-08,Up,
Rv1732c,-1.785749631,2.16E-08,Down,
Rv0936,-1.818582985,2.38E-08,Down,
Rv0166,-1.622631299,1.85E-08,Down,
Rv0938,-2.12638844,2.07E-08,Down,
Rv0622,2.207980046,2.54E-08,Up,
Rv0346c,-1.551129139,1.87E-08,Down,
Rv0840c,1.656352752,2.19E-08,Up,
Rv1991c,2.366498287,2.64E-08,Up,
Rv1222,1.663971109,1.85E-08,Up,
Rv3155,-2.895448274,2.79E-08,Down,
Rv3082c,2.07109532,2.65E-08,Up,
Rv0180c,1.222698815,1.93E-08,Up,
Rv2260,-2.207812736,2.68E-08,Down,
Rv2778c,-2.385732924,2.60E-08,Down,
Rv1005c,1.786076169,2.20E-08,Up,
Rv0732,-1.918006463,1.98E-08,Down,
Rv2307c,2.001554755,2.39E-08,Up,
Rv1706c,1.723630457,2.45E-08,Up,
Rv0443,-1.850284241,2.38E-08,Down,
Rv0176,-1.637716202,2.07E-08,Down,
Rv2816c,-3.562022645,3.06E-08,Down,
Rv3336c,-1.379722729,2.24E-08,Down,
Rv2066,1.84203519,2.14E-08,Up,
Rv1358,1.822585566,2.44E-08,Up,
Rv2272,-2.208895694,2.96E-08,Down,
Rv1496,1.431773259,2.37E-08,Up,
Rv3422c,1.60311085,2.40E-08,Up,
Rv1378c,1.881653484,2.21E-08,Up,
Rv1558,-2.222617582,3.00E-08,Down,
Rv1652,2.137378773,2.66E-08,Up,
Rv0463,-2.566638831,3.26E-08,Down,
Rv0919,-1.913923188,2.58E-08,Down,
Rv3061c,1.348891302,2.18E-08,Up,
Rv3836,2.050187443,2.55E-08,Up,
Rv2370c,2.075390598,2.75E-08,Up,
Rv1803c,2.301175539,2.66E-08,Up,
Rv1316c,-1.505398465,2.49E-08,Down,
Rv2193,-1.855621056,2.26E-08,Down,
Rv3075c,-1.487349729,2.42E-08,Down,
Rv2156c,1.402553517,2.17E-08,Up,
Rv3473c,2.365301816,3.27E-08,Up,
Rv2475c,-2.103495116,3.23E-08,Down,
Rv1647,2.242641443,2.43E-08,Up,
Rv3805c,-1.582675353,2.34E-08,Down,
Rv2591,1.905104758,2.55E-08,Up,
Rv3119,-2.262407355,3.05E-08,Down,
Rv1394c,1.785469068,2.60E-08,Up,
Rv0083,2.305602021,2.54E-08,Up,
Rv3900c,1.468536464,2.30E-08,Up,
Rv1450c,3.014163955,2.89E-08,Up,
Rv0676c,-2.813499162,2.36E-08,Down,
Rv0140,1.754961856,2.61E-08,Up,
Rv0424c,-3.307182844,3.43E-08,Down,
Rv3919c,-1.418018949,2.36E-08,Down,
Rv2144c,-1.265545421,2.32E-08,Down,
Rv3755c,-1.70100233,2.87E-08,Down,
Rv2574,-2.472922748,3.26E-08,Down,
Rv1108c,-1.355460602,2.49E-08,Down,
Rv2948c,-2.722106476,2.38E-08,Down,
Rv0168,-1.591836392,2.63E-08,Down,
Rv1840c,3.298969776,2.87E-08,Up,
Rv0570,1.858713386,2.35E-08,Up,
Rv0634B,-2.48446926,3.36E-08,Down,
Rv0954,-1.515991651,2.31E-08,Down,
Rv2128,-2.937807972,3.65E-08,Down,
Rv3830c,2.689348552,3.53E-08,Up,
Rv2377c,-3.992640217,3.64E-08,Down,
Rv1511,-1.428939612,2.74E-08,Down,
Rv3584,-2.06077697,2.68E-08,Down,
Rv3534c,1.567702057,2.70E-08,Up,
Rv1512,-1.546077324,2.85E-08,Down,
Rv0055,-3.065294817,3.50E-08,Down,
Rv3320c,-2.505226187,3.67E-08,Down,
Rv0749,1.727475642,2.87E-08,Up,
Rv0096,2.61609198,3.65E-08,Up,
Rv0564c,1.320623918,2.64E-08,Up,
Rv2789c,-1.292728144,2.55E-08,Down,
Rv0296c,-1.501233375,2.82E-08,Down,
Rv2559c,1.80799563,2.76E-08,Up,
Rv3099c,-1.64030349,2.74E-08,Down,
Rv3376,-1.620451255,2.87E-08,Down,
Rv0646c,-1.640825049,2.95E-08,Down,
Rv3319,-2.210099313,3.66E-08,Down,
Rv0057,-1.700299503,3.00E-08,Down,
Rv2521,-1.934189973,3.35E-08,Down,
Rv3226c,1.472888623,2.95E-08,Up,
Rv3608c,1.220801642,2.58E-08,Up,
Rv3179,1.865660472,2.87E-08,Up,
Rv3267,-1.373102078,2.45E-08,Down,
Rv2556c,-2.221199242,3.20E-08,Down,
Rv2642,2.793516794,3.11E-08,Up,
Rv0632c,-1.6083475,2.62E-08,Down,
Rv3894c,1.377769923,2.43E-08,Up,
Rv3116,-1.546815489,2.88E-08,Down,
Rv3816c,-1.668418941,3.00E-08,Down,
Rv2111c,-2.26658249,3.29E-08,Down,
Rv0937c,-1.757936563,3.41E-08,Down,
Rv3016,1.607231722,3.02E-08,Up,
Rv3824c,2.15069371,3.42E-08,Up,
Rv2012,2.093393643,3.62E-08,Up,
Rv0586,1.452645314,2.58E-08,Up,
Rv0612,2.115208731,3.18E-08,Up,
Rv0794c,1.381526004,2.88E-08,Up,
Rv2391,-1.554117793,2.55E-08,Down,
Rv2061c,-2.908653234,3.65E-08,Down,
Rv2490c,2.439574789,3.21E-08,Up,
Rv0308,-1.652804927,3.07E-08,Down,
Rv3456c,-1.257234838,2.50E-08,Down,
Rv2301,-1.521729246,3.00E-08,Down,
Rv0975c,1.971113224,3.42E-08,Up,
Rv1061,1.322935135,2.96E-08,Up,
Rv0426c,-1.510078767,3.17E-08,Down,
Rv2120c,-2.132771328,3.79E-08,Down,
Rv3722c,-1.551756035,2.70E-08,Down,
Rv3625c,1.557081331,3.06E-08,Up,
Rv0374c,3.485014576,4.26E-08,Up,
Rv2790c,-1.529524956,2.80E-08,Down,
Rv0189c,1.141249966,2.61E-08,Up,
Rv3623,1.269978871,2.84E-08,Up,
Rv3419c,1.164404865,2.66E-08,Up,
Rv0580c,-1.619474561,3.53E-08,Down,
Rv2940c,-1.494771166,2.98E-08,Down,
Rv0716,-2.146228923,2.89E-08,Down,
Rv1355c,1.300054568,2.92E-08,Up,
Rv0365c,1.363701295,3.10E-08,Up,
Rv2739c,1.427840621,2.89E-08,Up,
Rv0214,1.655775207,2.91E-08,Up,
Rv3272,1.30774787,2.75E-08,Up,
Rv0864,-1.939686692,3.07E-08,Down,
Rv1739c,1.386469366,2.94E-08,Up,
Rv0132c,1.660628357,3.53E-08,Up,
Rv2663,1.794058776,3.51E-08,Up,
Rv2387,-1.379842755,3.17E-08,Down,
Rv2072c,1.929456816,3.46E-08,Up,
Rv3410c,1.35562816,2.96E-08,Up,
Rv1753c,1.464521416,2.93E-08,Up,
Rv3091,1.237282351,2.82E-08,Up,
Rv1416,-1.672535064,3.78E-08,Down,
Rv3750c,-1.837260003,3.17E-08,Down,
Rv0687,1.694398236,3.26E-08,Up,
Rv0072,-1.946757171,3.21E-08,Down,
Rv2276,-2.527628751,3.75E-08,Down,
Rv2536,-1.556376779,3.25E-08,Down,
Rv0068,1.58884511,3.69E-08,Up,
Rv1919c,-2.594208268,4.12E-08,Down,
Rv3058c,-1.605853286,3.47E-08,Down,
Rv2834c,3.13021745,4.23E-08,Up,
Rv3601c,-2.187033105,3.65E-08,Down,
Rv0680c,-1.542050849,3.62E-08,Down,
Rv2993c,-2.329262249,3.80E-08,Down,
Rv3509c,1.109995998,3.06E-08,Up,
Rv1322,-1.635149921,4.05E-08,Down,
Rv2339,1.167721744,3.07E-08,Up,
Rv2086,1.970120624,4.35E-08,Up,
Rv3004,-1.963413986,4.52E-08,Down,
Rv2200c,-1.136418456,3.05E-08,Down,
Rv0846c,1.323017088,3.20E-08,Up,
Rv2660c,1.36797916,3.09E-08,Up,
Rv1857,-1.472575334,3.76E-08,Down,
Rv0010c,-2.936658543,4.08E-08,Down,
Rv3081,1.644696846,3.60E-08,Up,
Rv3510c,1.503215189,3.81E-08,Up,
Rv2098c,2.594495121,4.81E-08,Up,
Rv0161,2.049802258,4.12E-08,Up,
Rv1111c,-1.351470921,3.55E-08,Down,
Rv0144,-1.376195625,3.46E-08,Down,
Rv3446c,2.850550998,5.21E-08,Up,
Rv1505c,-1.813163749,4.62E-08,Down,
Rv1990A,1.514924357,4.09E-08,Up,
Rv2800,1.331564854,3.47E-08,Up,
Rv0178,-1.655553957,3.41E-08,Down,
Rv3802c,-1.202628054,3.47E-08,Down,
Rv1698,-1.800244502,3.89E-08,Down,
Rv2812,3.042115391,5.44E-08,Up,
Rv0054,-2.044796069,3.85E-08,Down,
Rv2836c,1.585146539,3.42E-08,Up,
Rv0001,-1.409045897,3.33E-08,Down,
Rv1534,-2.166462189,4.64E-08,Down,
Rv0621,2.41455757,4.57E-08,Up,
Rv3924c,-2.439747639,4.45E-08,Down,
Rv3791,-2.010105968,4.60E-08,Down,
Rv0270,-1.259643457,3.34E-08,Down,
Rv1159A,-2.933876728,5.65E-08,Down,
Rv3415c,2.022053719,5.12E-08,Up,
Rv2029c,1.26881432,3.88E-08,Up,
Rv0524,-1.324532053,3.49E-08,Down,
Rv3681c,1.41132139,3.74E-08,Up,
Rv3649,1.468218741,4.16E-08,Up,
Rv2487c,2.8479449,5.36E-08,Up,
Rv1636,-1.31569,4.11E-08,Down,
Rv0503c,-1.492512012,3.74E-08,Down,
Rv1835c,1.233094011,3.58E-08,Up,
Rv0327c,2.134719105,5.08E-08,Up,
Rv0295c,-1.878185955,4.56E-08,Down,
Rv0598c,-1.788308473,4.41E-08,Down,
Rv1258c,1.449164347,4.00E-08,Up,
Rv0429c,-1.908974668,5.26E-08,Down,
Rv0707,-1.216824096,3.57E-08,Down,
Rv0100,1.557539531,4.87E-08,Up,
Rv2244,-1.03176663,3.57E-08,Down,
Rv0061c,-2.233805459,4.44E-08,Down,
Rv3803c,-1.617980723,3.80E-08,Down,
Rv0827c,-2.056513674,5.37E-08,Down,
Rv1780,-1.547064206,4.90E-08,Down,
Rv1240,-1.181575409,3.80E-08,Down,
Rv3901c,1.635026325,4.37E-08,Up,
Rv0554,-1.67398121,4.97E-08,Down,
Rv3591c,1.840864491,5.38E-08,Up,
Rv1380,1.404551452,4.60E-08,Up,
Rv1084,1.496607326,3.91E-08,Up,
Rv2582,-1.291272082,4.43E-08,Down,
Rv1608c,-2.563293851,5.89E-08,Down,
Rv0116c,1.242321844,4.40E-08,Up,
Rv0297,2.3952413,3.99E-08,Up,
Rv1218c,1.542685611,5.04E-08,Up,
Rv3154,-1.776148809,4.59E-08,Down,
Rv0702,-1.436330247,3.93E-08,Down,
Rv3535c,1.497296477,4.82E-08,Up,
Rv0444c,-1.413686546,4.88E-08,Down,
Rv2238c,-2.053849307,5.88E-08,Down,
Rv2875,2.214188269,5.86E-08,Up,
Rv1383,1.503581716,5.23E-08,Up,
Rv3684,1.082353095,4.07E-08,Up,
Rv2492,2.006283316,6.14E-08,Up,
Rv3500c,1.439393441,5.18E-08,Up,
Rv0907,-1.447518303,5.28E-08,Down,
Rv3450c,2.705493479,5.33E-08,Up,
Rv0313,-1.165264719,4.53E-08,Down,
Rv2785c,-2.00247251,5.07E-08,Down,
Rv3804c,-2.634689006,4.29E-08,Down,
Rv0627,1.242247034,4.94E-08,Up,
Rv2543,-1.335600034,5.14E-08,Down,
Rv1907c,1.507638223,5.16E-08,Up,
Rv3850,1.406947545,5.02E-08,Up,
Rv1275,-1.746666885,5.31E-08,Down,
Rv0014c,-1.144621524,4.39E-08,Down,
Rv2901c,-1.268834974,5.04E-08,Down,
Rv2038c,1.874194887,6.26E-08,Up,
Rv3592,-2.613742457,6.27E-08,Down,
Rv2415c,1.854900534,6.18E-08,Up,
Rv3177,3.248513729,6.46E-08,Up,
Rv0746,2.48782307,5.64E-08,Up,
Rv0837c,1.966948572,6.07E-08,Up,
Rv0162c,1.770078154,5.49E-08,Up,
Rv0382c,1.274110953,5.05E-08,Up,
Rv2254c,2.006751908,6.53E-08,Up,
Rv0229c,-1.765767704,6.17E-08,Down,
Rv0720,-1.653914597,5.05E-08,Down,
Rv2013,2.477892276,7.41E-08,Up,
Rv2852c,-1.182324915,4.87E-08,Down,
Rv1430,1.542346178,4.96E-08,Up,
Rv1399c,1.440537121,5.37E-08,Up,
Rv0370c,2.089750539,7.24E-08,Up,
Rv2011c,2.040447899,6.72E-08,Up,
Rv3426,-1.192372638,5.10E-08,Down,
Rv0867c,-1.130449506,4.62E-08,Down,
Rv2305,1.301628471,5.46E-08,Up,
Rv0548c,-1.35896774,5.63E-08,Down,
Rv0781,-2.113021697,7.29E-08,Down,
Rv0556,-1.61129496,6.73E-08,Down,
Rv1479,-1.042235986,4.69E-08,Down,
Rv0206c,-1.008339524,4.81E-08,Down,
Rv2903c,-1.003976556,4.73E-08,Down,
Rv2375,-2.149386661,7.62E-08,Down,
Rv2859c,-1.726253616,6.52E-08,Down,
Rv2671,1.994416912,6.24E-08,Up,
Rv2853,1.433857486,6.04E-08,Up,
Rv1477,-1.153597871,5.03E-08,Down,
Rv0650,2.666689904,8.00E-08,Up,
Rv2392,-1.904155752,6.22E-08,Down,
Rv3635,1.185747446,5.62E-08,Up,
Rv0951,-1.138772574,4.92E-08,Down,
Rv2560,-1.368552307,6.37E-08,Down,
Rv2896c,2.185555587,5.77E-08,Up,
Rv1704c,-1.143539929,5.32E-08,Down,
Rv3511,2.03615334,5.73E-08,Up,
Rv3388,2.096896562,6.82E-08,Up,
Rv1371,2.909849296,9.05E-08,Up,
Rv3213c,-1.400394028,5.21E-08,Down,
Rv2340c,1.513407309,5.62E-08,Up,
Rv2524c,1.412282076,5.39E-08,Up,
Rv1915,-1.10548893,5.33E-08,Down,
Rv1173,-0.997015434,5.06E-08,Stable,
Rv3502c,2.192242788,6.27E-08,Up,
Rv1935c,1.844018753,7.77E-08,Up,
Rv0362,1.224066015,5.79E-08,Up,
Rv0544c,-2.612991135,8.18E-08,Down,
Rv0682,-1.995729114,5.66E-08,Down,
Rv3580c,0.981509346,5.17E-08,Stable,
Rv2491,2.661098973,9.28E-08,Up,
Rv1221,1.629854082,5.41E-08,Up,
Rv1381,1.484958185,6.50E-08,Up,
Rv1473,1.084362291,5.28E-08,Up,
Rv2257c,-1.756179325,7.27E-08,Down,
Rv1689,-1.618572272,6.62E-08,Down,
Rv1894c,1.326620535,6.06E-08,Up,
Rv3331,-1.276899194,6.37E-08,Down,
Rv3699,-1.384252676,6.64E-08,Down,
Rv2515c,2.183406977,7.66E-08,Up,
Rv1869c,-1.064536563,5.54E-08,Down,
Rv1851,1.683123173,6.97E-08,Up,
Rv1239c,1.313692407,6.90E-08,Up,
Rv0170,-1.663818813,5.97E-08,Down,
Rv1492,1.382001897,6.06E-08,Up,
Rv0843,1.739647881,8.23E-08,Up,
Rv2412,-1.256974792,6.71E-08,Down,
Rv1677,-3.070679423,8.94E-08,Down,
Rv2427c,-1.150695242,6.24E-08,Down,
Rv0584,1.207354966,5.95E-08,Up,
Rv0466,-1.417774475,6.33E-08,Down,
Rv0469,-1.079324094,5.83E-08,Down,
Rv3621c,1.816129127,8.74E-08,Up,
Rv2949c,-2.930963646,6.26E-08,Down,
Rv1791,-1.570101795,6.32E-08,Down,
Rv2594c,-1.398038861,7.43E-08,Down,
Rv3763,-1.220840923,6.20E-08,Down,
Rv3857c,-1.345075357,7.50E-08,Down,
Rv3330,-1.76685392,7.23E-08,Down,
Rv3723,-1.171270879,6.35E-08,Down,
Rv2185c,-1.724850849,7.13E-08,Down,
Rv1699,-1.16740026,5.94E-08,Down,
Rv0309,-1.169543118,6.80E-08,Down,
Rv0381c,1.409027397,6.65E-08,Up,
Rv2386c,-1.312345506,6.83E-08,Down,
Rv3688c,-1.838959713,7.21E-08,Down,
Rv2337c,1.295325957,7.25E-08,Up,
Rv0212c,1.362158579,7.07E-08,Up,
Rv0686,-1.360642848,6.84E-08,Down,
Rv3209,-1.466130931,7.12E-08,Down,
Rv3028c,-1.195092994,6.07E-08,Down,
Rv0092,1.097892295,6.24E-08,Up,
Rv1841c,1.281708783,6.19E-08,Up,
Rv0593,1.951412388,7.81E-08,Up,
Rv2026c,1.694557209,8.89E-08,Up,
Rv2373c,1.188351811,5.98E-08,Up,
Rv0074,-1.185380427,6.93E-08,Down,
Rv1754c,1.226772956,7.02E-08,Up,
Rv2378c,-1.471224354,7.06E-08,Down,
Rv1527c,0.989259785,6.00E-08,Stable,
Rv2540c,1.009270625,6.02E-08,Up,
Rv0312,1.1076302,6.40E-08,Up,
Rv2717c,1.464706394,8.39E-08,Up,
Rv3301c,-1.55422246,8.75E-08,Down,
Rv1293,-1.468853325,7.12E-08,Down,
Rv0915c,1.966760969,9.06E-08,Up,
Rv1175c,-1.045572192,6.28E-08,Down,
Rv3855,1.832600454,8.04E-08,Up,
Rv2551c,1.322435722,7.62E-08,Up,
Rv2587c,-1.035950625,6.21E-08,Down,
Rv0292,-1.063322269,6.36E-08,Down,
Rv3508,3.544457241,7.22E-08,Up,
Rv1002c,1.010617147,6.56E-08,Up,
Rv2127,-1.418712305,6.63E-08,Down,
Rv1015c,-1.403901655,7.44E-08,Down,
Rv1117,-1.504273306,8.57E-08,Down,
Rv1208,-1.268209126,8.15E-08,Down,
Rv1617,-1.041261527,6.71E-08,Down,
Rv2902c,-1.041734369,6.72E-08,Down,
Rv2575,-1.270528178,7.71E-08,Down,
Rv2211c,-1.582278051,7.60E-08,Down,
Rv1643,-2.402887013,7.08E-08,Down,
Rv2426c,-1.49870656,8.34E-08,Down,
Rv2449c,-1.16557678,7.45E-08,Down,
Rv3100c,-1.817599723,9.94E-08,Down,
Rv1166,1.207850567,6.74E-08,Up,
Rv2431c,-2.721336298,8.95E-08,Down,
Rv0635,-1.840719831,8.19E-08,Down,
Rv3646c,-1.326287201,6.87E-08,Down,
Rv3141,-1.190082114,7.62E-08,Down,
Rv3124,1.895174753,1.05E-07,Up,
Rv3169,1.334468204,8.54E-08,Up,
Rv0979A,-2.39173728,1.10E-07,Down,
Rv0260c,2.589764114,1.18E-07,Up,
Rv2097c,-1.235049893,7.18E-08,Down,
Rv1850,1.042311917,7.05E-08,Up,
Rv2595,-1.685414563,1.08E-07,Down,
Rv0997,-1.175097241,8.16E-08,Down,
Rv1923,-1.190451956,7.63E-08,Down,
Rv1458c,-1.232838425,8.91E-08,Down,
Rv2054,-1.134723353,8.46E-08,Down,
Rv3506,1.936491969,9.92E-08,Up,
Rv1377c,1.295570718,8.94E-08,Up,
Rv2180c,1.400493549,8.99E-08,Up,
Rv1122,-1.226010187,8.79E-08,Down,
Rv1181,1.251886361,8.71E-08,Up,
Rv2024c,1.175454239,8.16E-08,Up,
Rv1648,1.04754587,8.25E-08,Up,
Rv1728c,-1.872673903,1.05E-07,Down,
Rv3234c,-1.292493689,8.82E-08,Down,
Rv2338c,1.376994552,9.52E-08,Up,
Rv2351c,1.020281142,7.98E-08,Up,
Rv3917c,-0.908067076,7.48E-08,Stable,
Rv3321c,-2.963831442,1.45E-07,Down,
Rv0504c,-1.447928008,9.82E-08,Down,
Rv1254,-1.238145931,9.66E-08,Down,
Rv1692,1.109662649,8.61E-08,Up,
Rv1046c,-1.283421989,8.55E-08,Down,
Rv1660,1.195951967,9.24E-08,Up,
Rv2210c,-1.200245563,9.17E-08,Down,
Rv3189,1.554142702,1.09E-07,Up,
Rv1469,1.135835575,8.56E-08,Up,
Rv1407,1.479509375,9.63E-08,Up,
Rv3835,1.266800545,8.35E-08,Up,
Rv1487,-1.429002445,1.10E-07,Down,
Rv1006,-0.938053924,8.14E-08,Stable,
Rv2030c,1.701422694,8.39E-08,Up,
Rv1440,-1.678719835,1.19E-07,Down,
Rv3417c,0.955210476,8.17E-08,Stable,
Rv3038c,-1.29950374,9.19E-08,Down,
Rv0011c,-1.876094638,1.18E-07,Down,
Rv0038,-1.330203418,1.00E-07,Down,
Rv2161c,1.406166006,8.34E-08,Up,
Rv1266c,0.994736831,8.71E-08,Stable,
Rv3587c,-1.529412063,8.83E-08,Down,
Rv1545,-2.240911189,1.42E-07,Down,
Rv0647c,-1.606814087,9.83E-08,Down,
Rv0366c,1.702623647,1.20E-07,Up,
Rv2553c,0.901650668,8.34E-08,Stable,
Rv2039c,1.871371478,1.33E-07,Up,
Rv3102c,-1.319746934,1.16E-07,Down,
Rv2236c,1.483800523,1.25E-07,Up,
Rv0513,-1.119266952,9.45E-08,Down,
Rv2615c,1.359994877,1.01E-07,Up,
Rv1565c,-1.1009918,9.12E-08,Down,
Rv1481,-1.449241209,9.12E-08,Down,
Rv3228,3.304592098,9.84E-08,Up,
Rv0945,-2.114493626,1.34E-07,Down,
Rv3296,1.078388878,8.69E-08,Up,
Rv0460,-1.738244068,1.21E-07,Down,
Rv3178,2.90986237,1.69E-07,Up,
Rv2829c,1.341697891,1.10E-07,Up,
Rv0136,1.465581851,1.12E-07,Up,
Rv3865,-1.144458055,1.07E-07,Down,
Rv2664,2.018429894,1.07E-07,Up,
Rv0371c,3.394176,1.76E-07,Up,
Rv1054,-1.468806672,1.30E-07,Down,
Rv3867,-0.941162949,9.43E-08,Stable,
Rv1705c,1.407461326,1.16E-07,Up,
Rv2688c,1.077560702,1.01E-07,Up,
Rv3517,1.498318143,1.30E-07,Up,
Rv0575c,1.229070589,1.09E-07,Up,
Rv0195,2.260448001,1.50E-07,Up,
Rv0505c,-1.276804712,1.01E-07,Down,
Rv3266c,-1.143514321,1.15E-07,Down,
Rv1878,1.108651523,1.12E-07,Up,
Rv2837c,1.427983727,9.32E-08,Up,
Rv0644c,-1.260384724,1.27E-07,Down,
Rv2998,-2.27600203,1.67E-07,Down,
Rv1867,1.165527617,1.13E-07,Up,
Rv3711c,-0.922250806,9.90E-08,Stable,
Rv0910,-1.538711572,1.45E-07,Down,
Rv2071c,1.541493639,1.30E-07,Up,
Rv2563,-1.650234037,1.24E-07,Down,
Rv1701,-1.290131583,1.28E-07,Down,
Rv1312,-1.355632799,1.30E-07,Down,
Rv0703,-1.656063212,1.01E-07,Down,
Rv0442c,1.243219209,1.08E-07,Up,
Rv1519,-2.124359306,1.77E-07,Down,
Rv0874c,1.319176667,1.15E-07,Up,
Rv0181c,1.115126152,1.18E-07,Up,
Rv3000,-1.637769988,1.58E-07,Down,
Rv0084,1.053358498,1.09E-07,Up,
Rv1132,0.979008148,9.66E-08,Stable,
Rv2519,-0.987727174,9.89E-08,Stable,
Rv1283c,-1.450455312,1.34E-07,Down,
Rv2711,0.97618088,9.78E-08,Stable,
Rv1447c,-1.390604285,1.08E-07,Down,
Rv3685c,1.366352061,1.21E-07,Up,
Rv3118,-2.594684766,1.85E-07,Down,
Rv2748c,-1.051455041,9.91E-08,Down,
Rv2803,-2.334429413,1.87E-07,Down,
Rv3188,1.619189477,1.50E-07,Up,
Rv0808,0.939080606,9.91E-08,Stable,
Rv3218,1.41494367,1.14E-07,Up,
Rv0594,1.388737707,1.19E-07,Up,
Rv2883c,-1.62701243,1.18E-07,Down,
Rv0213c,1.13044924,1.13E-07,Up,
Rv0671,1.084239269,1.15E-07,Up,
Rv1625c,-1.281045576,1.30E-07,Down,
Rv0434,-1.450746139,1.27E-07,Down,
Rv0908,-1.090636677,1.17E-07,Down,
Rv0330c,1.83745183,1.59E-07,Up,
Rv3470c,1.77443974,1.55E-07,Up,
Rv0906,-1.098839241,1.21E-07,Down,
Rv1267c,1.42860181,1.42E-07,Up,
Rv0500A,-2.168503675,1.55E-07,Down,
Rv3451,1.718308244,1.19E-07,Up,
Rv3799c,-0.906916233,1.05E-07,Stable,
Rv1096,-0.942613944,1.12E-07,Stable,
Rv1513,-1.448557373,1.55E-07,Down,
Rv0597c,-0.884343314,1.07E-07,Stable,
Rv3858c,-0.993752843,1.09E-07,Stable,
Rv0231,-1.262864332,1.24E-07,Down,
Rv1209,-1.911144643,1.59E-07,Down,
Rv1818c,1.888835832,1.22E-07,Up,
Rv2723,1.116529815,1.32E-07,Up,
Rv3339c,-1.453790196,1.47E-07,Down,
Rv1059,1.399641063,1.34E-07,Up,
Rv1633,-1.047889597,1.11E-07,Down,
Rv3600c,-1.033849744,1.26E-07,Down,
Rv1429,2.201838056,1.56E-07,Up,
Rv3737,0.926791051,1.15E-07,Stable,
Rv3494c,0.936841379,1.19E-07,Stable,
Rv3130c,-1.052203852,1.15E-07,Down,
Rv0156,-1.789956152,1.63E-07,Down,
Rv1465,1.30388292,1.40E-07,Up,
Rv0418,-1.006942901,1.23E-07,Down,
Rv1832,1.326666104,1.14E-07,Up,
Rv3874,-1.811747483,1.21E-07,Down,
Rv1091,1.840385997,1.27E-07,Up,
Rv1566c,-1.221811805,1.29E-07,Down,
Rv0903c,-1.115356827,1.31E-07,Down,
Rv2082,-1.119793168,1.32E-07,Down,
Rv1142c,-1.253432811,1.35E-07,Down,
Rv3459c,-1.232185328,1.16E-07,Down,
Rv0198c,-1.013585512,1.16E-07,Down,
Rv3014c,0.908219309,1.21E-07,Stable,
Rv2107,2.212791046,1.74E-07,Up,
Rv1292,-1.016234087,1.37E-07,Down,
Rv0634c,-1.375578692,1.44E-07,Down,
Rv1539,-1.304046791,1.41E-07,Down,
Rv2074,-1.409069849,1.42E-07,Down,
Rv0735,1.682596584,1.69E-07,Up,
Rv1819c,1.363276902,1.28E-07,Up,
Rv2617c,1.34246936,1.57E-07,Up,
Rv0479c,-1.135942745,1.29E-07,Down,
Rv3806c,-1.828787719,1.49E-07,Down,
Rv1299,0.921755466,1.20E-07,Stable,
Rv2080,-2.373281278,1.65E-07,Down,
Rv2160A,1.491039388,1.51E-07,Up,
Rv3526,1.323941358,1.33E-07,Up,
Rv2326c,-1.143441632,1.23E-07,Down,
Rv0634A,-2.369910289,1.99E-07,Down,
Rv0830,-1.322630162,1.56E-07,Down,
Rv0749A,1.748262582,2.02E-07,Up,
Rv2601,1.039293688,1.43E-07,Up,
Rv1735c,1.05372066,1.34E-07,Up,
Rv3090,1.432219848,1.68E-07,Up,
Rv3808c,-0.858309512,1.24E-07,Stable,
Rv3781,-2.17935546,1.99E-07,Down,
Rv0856,-1.69344941,2.01E-07,Down,
Rv0277A,-1.192463294,1.36E-07,Down,
Rv3725,-1.010127783,1.29E-07,Down,
Rv2668,1.198869214,1.68E-07,Up,
Rv2199c,-1.149270659,1.34E-07,Down,
Rv0422c,-1.036692918,1.47E-07,Down,
Rv3318,-1.198854982,1.59E-07,Down,
Rv3678c,-1.504791079,1.55E-07,Down,
Rv2153c,1.343152374,1.35E-07,Up,
Rv2465c,1.100750615,1.44E-07,Up,
Rv2155c,0.866662667,1.27E-07,Stable,
Rv1607,-1.002257096,1.46E-07,Down,
Rv1580c,-2.811150882,2.55E-07,Down,
Rv1020,0.841106617,1.28E-07,Stable,
Rv2768c,1.303200525,1.58E-07,Up,
Rv1392,-0.908678629,1.27E-07,Stable,
Rv1384,0.912237735,1.35E-07,Stable,
Rv2436,1.244860358,1.78E-07,Up,
Rv0259c,1.749698523,2.15E-07,Up,
Rv3349c,1.465851608,1.84E-07,Up,
Rv2953,-1.678397082,1.52E-07,Down,
Rv3655c,1.56312219,2.05E-07,Up,
Rv3443c,-1.079356603,1.32E-07,Down,
Rv0464c,-1.317050377,1.72E-07,Down,
Rv1531,-1.806923563,2.35E-07,Down,
Rv1121,-0.974240833,1.45E-07,Stable,
Rv0267,0.954419231,1.30E-07,Stable,
Rv1328,-0.930770962,1.34E-07,Stable,
Rv2178c,-0.95433548,1.33E-07,Stable,
Rv1820,0.988924971,1.41E-07,Stable,
Rv0783c,-1.033124616,1.52E-07,Down,
Rv2461c,-0.907614254,1.39E-07,Stable,
Rv0338c,-0.909070548,1.32E-07,Stable,
Rv1295,-0.997850437,1.40E-07,Stable,
Rv3180c,1.414450173,1.89E-07,Up,
Rv2363,1.281920734,1.55E-07,Up,
Rv1656,1.425908463,1.76E-07,Up,
Rv0154c,0.975711175,1.41E-07,Stable,
Rv1343c,-1.349985771,1.91E-07,Down,
Rv1759c,2.098168102,2.06E-07,Up,
Rv1888c,-1.040074087,1.56E-07,Down,
Rv0027,-1.866601727,2.41E-07,Down,
Rv0814c,-0.99243458,1.59E-07,Stable,
Rv2662,2.074989874,1.88E-07,Up,
Rv3604c,0.950756004,1.42E-07,Stable,
Rv1645c,1.122558649,1.60E-07,Up,
Rv1448c,-1.029225409,1.43E-07,Down,
Rv0789c,1.6153502,1.73E-07,Up,
Rv0013,-1.235956096,1.74E-07,Down,
Rv2693c,2.175394274,1.61E-07,Up,
Rv1679,-1.121190958,1.76E-07,Down,
Rv0737,2.045772286,2.29E-07,Up,
Rv2444c,-1.032285418,1.41E-07,Down,
Rv1827,-1.270468823,1.44E-07,Down,
Rv1793,-2.392237275,1.58E-07,Down,
Rv3117,-2.664171103,2.88E-07,Down,
Rv2588c,-1.904443152,1.90E-07,Down,
Rv2028c,1.147503765,1.79E-07,Up,
Rv1321,-1.065902649,1.59E-07,Down,
EBG00000313341,-3.253168184,2.96E-07,Down,
Rv3491,-1.581570715,1.86E-07,Down,
Rv0760c,-1.420791947,2.09E-07,Down,
Rv0947c,-2.009286285,2.63E-07,Down,
Rv3815c,-1.224459729,1.93E-07,Down,
Rv1018c,-0.892873143,1.49E-07,Stable,
Rv1729c,-1.432120727,2.08E-07,Down,
Rv2994,-1.322987862,1.79E-07,Down,
Rv2025c,1.401589323,1.81E-07,Up,
Rv2990c,-1.40832189,1.64E-07,Down,
Rv1210,-1.197445829,1.96E-07,Down,
Rv1342c,-1.509371661,2.32E-07,Down,
Rv0032,1.368255714,1.64E-07,Up,
Rv1664,1.052059219,1.79E-07,Up,
Rv3694c,-1.080559667,1.58E-07,Down,
Rv2171,-1.093656929,1.70E-07,Down,
Rv2541,2.320827457,2.36E-07,Up,
Rv2666,1.781748214,2.16E-07,Up,
Rv0004,-1.303585433,2.15E-07,Down,
Rv0494,1.467822018,2.09E-07,Up,
Rv3453,1.473624379,2.00E-07,Up,
Rv2707,1.400491113,1.50E-07,Up,
Rv1235,1.156705684,1.65E-07,Up,
Rv1441c,1.648838407,1.91E-07,Up,
Rv3420c,1.056558139,1.72E-07,Up,
Rv0222,-1.526685356,2.05E-07,Down,
Rv3887c,1.104280641,1.73E-07,Up,
Rv0639,-0.858293102,1.52E-07,Stable,
Rv3719,-1.014738579,1.64E-07,Down,
Rv2687c,1.369327683,2.21E-07,Up,
Rv3638,2.028735696,2.70E-07,Up,
Rv0988,1.210360586,1.77E-07,Up,
Rv2007c,-1.189339873,1.64E-07,Down,
Rv1351,-1.850643787,2.88E-07,Down,
Rv3841,-1.276398347,1.54E-07,Down,
Rv3637,2.160472183,2.70E-07,Up,
Rv1842c,1.199509685,1.60E-07,Up,
Rv1472,0.856611348,1.57E-07,Stable,
Rv3200c,-1.030527228,1.70E-07,Down,
Rv1190,1.418923543,2.42E-07,Up,
Rv2628,-1.117783889,1.91E-07,Down,
Rv1747,-0.825774831,1.55E-07,Stable,
Rv0619,2.63906619,3.19E-07,Up,
Rv0217c,1.091932002,1.96E-07,Up,
Rv2093c,-1.027815189,1.89E-07,Down,
Rv3311,-1.108389822,1.93E-07,Down,
Rv0792c,1.643602325,1.81E-07,Up,
Rv0019c,-1.355277052,1.99E-07,Down,
Rv2314c,-0.947209404,1.75E-07,Stable,
Rv0821c,-1.114565949,1.93E-07,Down,
Rv2470,-1.683354051,2.59E-07,Down,
Rv0114,1.530511461,2.65E-07,Up,
Rv1261c,-1.388681072,2.14E-07,Down,
Rv0281,-1.325407266,1.85E-07,Down,
Rv2989,-1.424954725,1.93E-07,Down,
Rv2605c,-1.036448843,1.92E-07,Down,
Rv0546c,-1.663939683,2.45E-07,Down,
Rv2523c,-1.410712401,2.07E-07,Down,
Rv0917,0.995973178,1.93E-07,Stable,
Rv3460c,-0.911941442,1.64E-07,Stable,
Rv1691,1.181065312,2.10E-07,Up,
Rv3198A,-2.300538328,2.86E-07,Down,
Rv1200,-1.083235449,1.85E-07,Down,
Rv3389c,-1.035875371,1.81E-07,Down,
EBG00000313336,-2.374784003,3.42E-07,Down,
Rv3317,-1.665787223,2.85E-07,Down,
Rv3914,-1.199726657,2.00E-07,Down,
Rv1758,2.894257804,3.59E-07,Up,
Rv2708c,-1.741367383,2.72E-07,Down,
Rv3208A,-1.53586248,2.71E-07,Down,
Rv0957,-1.250091934,1.87E-07,Down,
Rv2108,1.458410507,1.92E-07,Up,
Rv2831,1.043226499,2.11E-07,Up,
Rv0291,-0.81428318,1.71E-07,Stable,
Rv0358,1.685284299,2.46E-07,Up,
Rv3395c,1.316094216,2.29E-07,Up,
Rv0087,1.029101509,2.15E-07,Up,
Rv1302,0.87608846,1.88E-07,Stable,
Rv1417,-1.794192596,2.87E-07,Down,
Rv2325c,-1.337802818,2.13E-07,Down,
Rv1073,1.118341457,1.78E-07,Up,
Rv3431c,1.057680926,2.10E-07,Up,
Rv2004c,0.873078597,1.88E-07,Stable,
Rv1274,-1.523256437,2.06E-07,Down,
Rv2017,1.428307282,2.22E-07,Up,
Rv1140,-1.016036167,2.11E-07,Down,
Rv2564,-1.558335577,2.41E-07,Down,
Rv0506,-1.526264347,2.73E-07,Down,
Rv0569,-1.023786225,2.18E-07,Down,
Rv3101c,-1.715100066,2.33E-07,Down,
Rv1610,-1.50562613,2.82E-07,Down,
Rv0759c,-1.284811879,2.55E-07,Down,
Rv0088,-0.917439431,2.10E-07,Stable,
Rv2096c,-1.028766939,2.13E-07,Down,
Rv1709,-1.28136589,2.08E-07,Down,
Rv1609,-0.927123065,2.05E-07,Stable,
Rv3727,-0.927402913,1.94E-07,Stable,
Rv0558,-1.245194852,2.31E-07,Down,
Rv3663c,1.142748947,2.11E-07,Up,
Rv3479,0.920760798,1.99E-07,Stable,
Rv0372c,3.29832083,3.76E-07,Up,
Rv3131,-1.229812101,1.89E-07,Down,
Rv1484,-1.929835824,2.12E-07,Down,
Rv1189,1.440921288,3.08E-07,Up,
Rv3627c,0.798406453,1.92E-07,Stable,
Rv1972,2.296972946,3.88E-07,Up,
Rv1938,1.402353041,2.92E-07,Up,
Rv1232c,1.0242087,1.98E-07,Up,
Rv0515,-1.399005721,3.15E-07,Down,
Rv3172c,1.468019075,2.68E-07,Up,
Rv0085,1.181455793,2.49E-07,Up,
Rv0455c,-1.209012916,2.35E-07,Down,
Rv1230c,1.076250636,2.14E-07,Up,
Rv0530,0.877053724,1.95E-07,Stable,
Rv2441c,-1.837504545,2.01E-07,Down,
Rv2414c,1.270629953,2.15E-07,Up,
Rv3430c,0.823431125,1.96E-07,Stable,
Rv1077,0.803181358,1.98E-07,Stable,
Rv3030,-1.334286253,2.46E-07,Down,
Rv0809,1.13578948,2.05E-07,Up,
Rv1523,-1.46472965,2.66E-07,Down,
Rv1837c,-1.144110386,2.04E-07,Down,
Rv0577,0.856084351,2.18E-07,Stable,
Rv2891,2.599781672,3.85E-07,Up,
Rv1478,-1.023377713,2.57E-07,Down,
Rv0722,-1.558804522,2.66E-07,Down,
Rv0853c,0.887483177,2.21E-07,Stable,
Rv2530c,-1.91587051,3.65E-07,Down,
Rv2930,-0.821162417,2.08E-07,Stable,
Rv3195,1.072516546,2.72E-07,Up,
Rv1624c,-1.38869349,3.30E-07,Down,
Rv0993,-1.011545718,2.51E-07,Down,
Rv1714,1.052476945,2.76E-07,Up,
Rv2371,2.478243569,3.80E-07,Up,
Rv0601c,2.16337932,4.12E-07,Up,
Rv0589,0.861856994,2.21E-07,Stable,
Rv0502,-1.001503824,2.15E-07,Down,
Rv3261,-1.174067721,2.59E-07,Down,
Rv3590c,1.64203274,2.55E-07,Up,
Rv0576,0.981771894,2.15E-07,Stable,
Rv0787A,-1.78226638,4.08E-07,Down,
Rv2110c,-0.953991931,2.35E-07,Stable,
Rv2886c,1.44771618,3.62E-07,Up,
Rv2652c,1.419194047,3.49E-07,Up,
Rv1489,-1.613186603,3.38E-07,Down,
Rv0881,1.169889989,2.84E-07,Up,
Rv3050c,-0.966487852,2.21E-07,Stable,
Rv3794,-0.815886962,2.17E-07,Stable,
Rv0714,-2.012915628,2.44E-07,Down,
Rv3657c,3.096769163,3.48E-07,Up,
Rv0020c,-0.966485645,2.21E-07,Stable,
Rv0423c,-1.151465186,2.25E-07,Down,
Rv2280,1.276353022,2.30E-07,Up,
Rv0774c,-1.184125356,3.01E-07,Down,
Rv1540,-0.917411402,2.55E-07,Stable,
Rv2844,-1.497648643,3.59E-07,Down,
Rv0578c,1.112948234,2.30E-07,Up,
Rv2918c,0.83812207,2.47E-07,Stable,
Rv0745,2.327844123,4.89E-07,Up,
Rv0852,1.208615771,3.29E-07,Up,
Rv1128c,-1.157628327,3.10E-07,Down,
Rv0822c,-0.763914508,2.33E-07,Stable,
Rv3513c,2.173092825,4.87E-07,Up,
Rv2881c,-1.184851796,2.72E-07,Down,
Rv0743c,1.116368695,3.06E-07,Up,
Rv1257c,0.836077793,2.38E-07,Stable,
Rv1445c,-1.283065515,3.41E-07,Down,
Rv3277,-1.064809804,2.93E-07,Down,
Rv0129c,-0.938624215,2.37E-07,Stable,
Rv0457c,0.986881421,2.83E-07,Stable,
Rv1364c,0.808092367,2.55E-07,Stable,
Rv1546,-1.654094427,3.61E-07,Down,
Rv3639c,2.787454903,4.88E-07,Up,
Rv2460c,-1.306607048,2.57E-07,Down,
Rv3565,1.558895151,3.98E-07,Up,
EBG00000313368,-2.56742218,5.48E-07,Down,
Rv3708c,-1.139334505,2.81E-07,Down,
Rv0316,-0.971114296,2.74E-07,Stable,
Rv3626c,0.903558048,2.74E-07,Stable,
Rv2181,0.78107302,2.49E-07,Stable,
Rv3918c,-0.898865775,2.51E-07,Stable,
Rv0269c,0.992796205,2.89E-07,Stable,
Rv1949c,1.885541888,3.74E-07,Up,
Rv1995,1.639059442,3.84E-07,Up,
Rv0357c,0.864188282,2.77E-07,Stable,
Rv1493,0.973135025,2.72E-07,Stable,
Rv0500,-1.270608585,3.21E-07,Down,
Rv3546,1.076803606,3.24E-07,Up,
Rv2995c,-1.203334754,3.00E-07,Down,
Rv1349,-0.83120423,2.78E-07,Stable,
Rv1814,1.106988625,3.00E-07,Up,
Rv2455c,0.856405263,2.55E-07,Stable,
Rv2006,0.894830587,2.54E-07,Stable,
Rv3123,1.357567372,3.53E-07,Up,
Rv3618,1.064899432,3.31E-07,Up,
Rv3207c,-0.834177982,2.62E-07,Stable,
Rv2478c,-1.467045309,4.26E-07,Down,
Rv0815c,-1.42123811,3.42E-07,Down,
Rv3220c,1.025918515,2.58E-07,Up,
Rv1187,1.276343356,3.27E-07,Up,
Rv1933c,-1.508435666,3.26E-07,Down,
Rv3697A,-1.912577874,5.11E-07,Down,
Rv2970c,-0.869395649,2.87E-07,Stable,
Rv1991A,1.855064736,4.31E-07,Up,
Rv3609c,1.11412376,2.88E-07,Up,
Rv0488,1.71053861,4.34E-07,Up,
Rv2700,-1.163997632,3.61E-07,Down,
Rv1726,1.452739704,4.13E-07,Up,
Rv0315,-1.470723608,2.82E-07,Down,
Rv0298,-1.216291432,3.61E-07,Down,
Rv2067c,0.884219099,2.95E-07,Stable,
Rv0067c,1.415326832,4.69E-07,Up,
Rv2306A,1.314781266,4.40E-07,Up,
Rv3471c,2.100153643,5.87E-07,Up,
Rv2996c,-1.086500666,2.94E-07,Down,
Rv2347c,-1.610349672,2.87E-07,Down,
Rv3859c,-0.806817551,2.81E-07,Stable,
Rv1524,-1.115800258,3.77E-07,Down,
Rv0394c,-1.204992774,4.11E-07,Down,
Rv3578,0.951057998,3.20E-07,Stable,
Rv2877c,1.226187618,3.11E-07,Up,
Rv3254,1.007975581,3.20E-07,Up,
Rv0077c,1.35259334,4.18E-07,Up,
Rv2504c,-1.178366429,3.39E-07,Down,
Rv0932c,-1.175321911,2.80E-07,Down,
Rv0090,1.824256626,4.60E-07,Up,
Rv2868c,-0.80222707,2.80E-07,Stable,
Rv3773c,-1.605212435,4.93E-07,Down,
Rv1620c,1.201100464,3.89E-07,Up,
Rv1700,-1.545005736,3.94E-07,Down,
Rv2911,-1.11297355,3.79E-07,Down,
Rv2851c,-1.150617183,3.98E-07,Down,
Rv2034,1.485103554,2.96E-07,Up,
Rv1398c,-1.588933472,3.21E-07,Down,
Rv2929,-2.209005806,5.85E-07,Down,
Rv3270,2.334538795,3.11E-07,Up,
Rv0983,1.170002676,2.94E-07,Up,
Rv1244,0.88438482,3.22E-07,Stable,
Rv2474c,-1.331415252,4.11E-07,Down,
Rv3248c,-1.049608873,2.98E-07,Down,
Rv0673,0.787691626,3.13E-07,Stable,
Rv3847,-0.807700707,3.20E-07,Stable,
Rv1393c,1.179618245,3.50E-07,Up,
Rv0436c,-1.365628187,3.92E-07,Down,
Rv0949,-0.920004475,3.48E-07,Stable,
Rv0415,1.457097233,3.69E-07,Up,
Rv0623,1.22745669,4.26E-07,Up,
Rv1506c,-1.384218971,5.11E-07,Down,
Rv0238,-1.213923604,3.92E-07,Down,
Rv0768,1.046480585,3.40E-07,Up,
Rv3756c,-1.315948245,4.34E-07,Down,
Rv3316,-1.845810402,6.12E-07,Down,
Rv3760,-1.474896542,5.19E-07,Down,
Rv3662c,-0.926567951,3.22E-07,Stable,
Rv0966c,-1.744349994,4.87E-07,Down,
Rv2385,-1.382449294,4.29E-07,Down,
Rv0236A,-1.624934397,5.28E-07,Down,
Rv2776c,0.959013286,3.72E-07,Stable,
Rv2944,-1.879137059,5.38E-07,Down,
Rv1834,1.931853793,4.16E-07,Up,
Rv2584c,-1.20810545,3.67E-07,Down,
Rv0956,-1.275189864,4.49E-07,Down,
Rv3780,-1.409965722,3.81E-07,Down,
Rv3392c,-1.385595587,5.11E-07,Down,
Rv2372c,2.46937335,3.42E-07,Up,
Rv1250,0.883459094,3.58E-07,Stable,
Rv3886c,1.201206452,3.46E-07,Up,
Rv3015c,1.394603779,4.02E-07,Up,
Rv0287,-1.346471029,3.24E-07,Down,
Rv0058,-0.863011011,3.23E-07,Stable,
Rv1086,0.990169919,3.74E-07,Stable,
Rv3439c,1.186706369,3.40E-07,Up,
Rv1603,-1.309139543,4.55E-07,Down,
Rv3769,-1.533163363,5.27E-07,Down,
Rv1044,1.289057501,5.25E-07,Up,
Rv0119,1.042418908,3.79E-07,Up,
Rv2293c,1.106728215,4.31E-07,Up,
Rv2620c,1.111254744,4.60E-07,Up,
Rv1229c,0.898974235,3.30E-07,Stable,
Rv1866,0.833936314,3.75E-07,Stable,
Rv0191,1.270439282,3.54E-07,Up,
Rv3387,1.164968968,5.13E-07,Up,
Rv1314c,-1.241307462,5.15E-07,Down,
Rv1604,-1.278564796,4.48E-07,Down,
EBG00000313337,-2.121417601,6.57E-07,Down,
Rv2808,-2.027519056,6.84E-07,Down,
Rv3516,1.119709545,5.05E-07,Up,
Rv0757,-0.918410411,3.53E-07,Stable,
Rv3096,-0.835841857,3.69E-07,Stable,
Rv1592c,0.845722956,3.53E-07,Stable,
Rv0483,-0.927263215,3.49E-07,Stable,
Rv1289,-1.100606092,5.03E-07,Down,
Rv1637c,-1.166248043,4.26E-07,Down,
Rv1504c,-1.595033573,5.60E-07,Down,
Rv0271c,0.73873989,3.51E-07,Stable,
Rv2730,2.161900641,8.11E-07,Up,
Rv1134,2.168859312,7.29E-07,Up,
Rv2860c,-0.89211288,4.44E-07,Stable,
Rv3087,1.047703921,4.33E-07,Up,
Rv1188,1.191163408,5.43E-07,Up,
Rv0354c,0.913282491,4.53E-07,Stable,
Rv2018,0.931995639,4.55E-07,Stable,
Rv0233,0.795951066,3.78E-07,Stable,
Rv1431,1.071821153,4.25E-07,Up,
Rv3533c,1.34811845,4.71E-07,Up,
Rv0901,-1.389863297,5.63E-07,Down,
Rv0909,-1.920914152,7.34E-07,Down,
Rv3606c,0.909200714,4.46E-07,Stable,
Rv1203c,1.277539652,6.13E-07,Up,
Rv1601,-1.211295246,5.41E-07,Down,
Rv2656c,0.913519103,4.39E-07,Stable,
Rv1973,2.424133999,7.97E-07,Up,
Rv3897c,1.119913297,4.84E-07,Up,
Rv2530A,-1.898656134,8.18E-07,Down,
Rv0106,1.018491437,4.81E-07,Up,
Rv3368c,1.106859488,5.80E-07,Up,
Rv2999,-1.434554768,6.38E-07,Down,
Rv0955,-0.846881743,4.40E-07,Stable,
Rv1616,-1.997736804,6.23E-07,Down,
Rv0616A,-1.685470228,7.59E-07,Down,
Rv1401,1.091983624,4.86E-07,Up,
Rv0535,1.307960311,6.14E-07,Up,
Rv1581c,-1.912524379,7.90E-07,Down,
Rv1300,0.691164414,3.93E-07,Stable,
Rv0838,1.088041919,5.63E-07,Up,
Rv1662,1.046963818,4.88E-07,Up,
Rv3461c,-1.444585696,4.14E-07,Down,
Rv1418,-1.275965819,5.67E-07,Down,
Rv1816,1.097538292,4.71E-07,Up,
Rv0124,2.160283837,5.97E-07,Up,
Rv1171,-1.035210284,4.83E-07,Down,
Rv0777,-0.950405599,4.58E-07,Stable,
Rv3120,-1.465619222,5.46E-07,Down,
Rv1537,1.188700001,5.42E-07,Up,
Rv1340,-0.886963369,4.70E-07,Stable,
Rv3023c,-1.27395491,6.80E-07,Down,
Rv2507,-1.708272931,5.55E-07,Down,
Rv3532,1.116986374,6.12E-07,Up,
Rv2407,1.530570024,6.08E-07,Up,
Rv0465c,0.761952688,4.45E-07,Stable,
Rv0117,1.143348426,5.91E-07,Up,
Rv2872,1.410742227,6.38E-07,Up,
Rv3167c,2.074568464,8.75E-07,Up,
Rv1062,1.301846251,5.70E-07,Up,
Rv1931c,1.418735308,6.73E-07,Up,
Rv0839,1.000251655,5.39E-07,Up,
Rv1621c,1.049431382,5.42E-07,Up,
Rv3328c,-1.021942897,5.71E-07,Down,
Rv0587,0.954113517,4.49E-07,Stable,
Rv2532c,-1.064110445,6.38E-07,Down,
Rv2469c,-1.266046275,6.80E-07,Down,
Rv2380c,-0.684128496,4.32E-07,Stable,
Rv0157,-0.818721365,4.38E-07,Stable,
Rv2965c,-1.390766532,6.58E-07,Down,
Rv0495c,-1.111835056,4.76E-07,Down,
Rv0691c,-1.200166902,5.96E-07,Down,
Rv2464c,1.008685892,4.97E-07,Up,
Rv1924c,-1.77149087,7.54E-07,Down,
Rv0922,-0.81864971,4.41E-07,Stable,
Rv0300,-2.039665587,7.66E-07,Down,
Rv1101c,0.827252884,4.86E-07,Stable,
Rv1048c,1.290820503,6.33E-07,Up,
Rv2754c,1.109275551,6.10E-07,Up,
Rv3104c,-1.196231415,5.28E-07,Down,
Rv1331,-1.880310919,6.27E-07,Down,
Rv1406,1.332015144,5.78E-07,Up,
EBG00000313316,-2.061420301,1.03E-06,Down,
Rv1151c,1.209831076,6.66E-07,Up,
Rv0239,-1.300892809,6.54E-07,Down,
Rv2497c,0.92282505,4.64E-07,Stable,
Rv0045c,1.053907126,4.89E-07,Up,
Rv1650,0.764824506,4.59E-07,Stable,
Rv3547,-2.147263031,7.61E-07,Down,
Rv2719c,1.320728724,6.05E-07,Up,
Rv2895c,1.076948379,5.17E-07,Up,
Rv0645c,-1.062911494,6.26E-07,Down,
Rv2463,-0.710307332,4.76E-07,Stable,
Rv2040c,1.088724851,6.88E-07,Up,
Rv0303,0.824433734,5.08E-07,Stable,
Rv2402,-0.758093439,5.12E-07,Stable,
Rv2623,1.012056721,4.72E-07,Up,
Rv1974,2.094076848,1.05E-06,Up,
Rv1632c,-1.263463667,6.67E-07,Down,
Rv0519c,-1.071159675,6.00E-07,Down,
Rv3365c,-0.680583817,4.82E-07,Stable,
Rv2341,1.708895125,9.62E-07,Up,
Rv3043c,-0.679204064,4.90E-07,Stable,
Rv0207c,-0.982484916,5.39E-07,Stable,
Rv0507,0.830224672,4.97E-07,Stable,
Rv0688,0.777456716,5.17E-07,Stable,
Rv1080c,-1.406245892,4.93E-07,Down,
Rv0050,-0.685423864,4.88E-07,Stable,
Rv0555,-0.90741789,5.19E-07,Stable,
Rv0101,0.679987528,4.90E-07,Stable,
Rv1541c,-1.106715683,7.12E-07,Down,
Rv2544,1.215653163,8.34E-07,Up,
Rv1265,0.756498949,5.07E-07,Stable,
Rv1466,0.912664857,5.97E-07,Stable,
Rv2600,-1.317074972,8.07E-07,Down,
Rv2947c,-1.67445891,6.20E-07,Down,
Rv0946c,-0.813760946,5.82E-07,Stable,
Rv1507c,-1.076931099,6.63E-07,Down,
Rv1926c,-1.017594513,5.46E-07,Down,
Rv3241c,-1.027263155,5.88E-07,Down,
Rv1404,0.89767046,5.39E-07,Stable,
Rv0996,-0.963409387,5.42E-07,Stable,
Rv0994,-0.888862737,5.43E-07,Stable,
Rv0290,-0.817897661,5.15E-07,Stable,
Rv2332,2.251483132,6.13E-07,Up,
Rv3745c,1.749681575,1.07E-06,Up,
Rv2630,0.961933132,6.45E-07,Stable,
Rv0791c,1.018315656,6.02E-07,Up,
Rv0527,-1.140713106,6.65E-07,Down,
Rv2900c,0.766897964,5.27E-07,Stable,
Rv0446c,-0.890253376,6.64E-07,Stable,
Rv3025c,-1.175503695,6.37E-07,Down,
Rv0110,1.93784503,7.36E-07,Up,
Rv0871,-0.826972599,6.51E-07,Stable,
Rv0986,1.334572873,6.56E-07,Up,
Rv1130,0.720989572,5.74E-07,Stable,
Rv0643c,-1.415610359,6.55E-07,Down,
EBG00000313332,-2.974131175,1.37E-06,Down,
Rv2937,-1.260715788,5.77E-07,Down,
Rv1327c,-0.853906108,5.85E-07,Stable,
Rv0615,-1.82557801,1.20E-06,Down,
EBG00000313328,2.801598921,1.45E-06,Up,
Rv3362c,-1.335380474,8.76E-07,Down,
Rv1070c,-1.298488994,7.17E-07,Down,
Rv1594,-1.000179544,5.68E-07,Down,
Rv0347,1.129588027,6.72E-07,Up,
Rv2440c,0.665963096,5.71E-07,Stable,
Rv0257,-0.918669744,7.56E-07,Stable,
Rv3390,-1.604199021,7.72E-07,Down,
Rv2602,-1.471876397,7.57E-07,Down,
Rv1731,-0.821794026,6.44E-07,Stable,
Rv2577,1.129173233,8.10E-07,Up,
Rv0730,-0.765857516,6.59E-07,Stable,
Rv3194c,-0.89107645,7.40E-07,Stable,
Rv3570c,-0.805736841,6.55E-07,Stable,
Rv1400c,0.802901951,6.74E-07,Stable,
Rv2063A,1.549732453,1.10E-06,Up,
Rv3787c,1.134933916,8.68E-07,Up,
Rv3717,-0.876182229,7.71E-07,Stable,
Rv0417,1.038704179,8.85E-07,Up,
Rv0892,-1.05424745,7.80E-07,Down,
Rv3589,0.849911333,7.08E-07,Stable,
Rv1868,0.859442852,6.34E-07,Stable,
Rv1768,1.221234339,6.31E-07,Up,
Rv0383c,0.748271614,5.89E-07,Stable,
Rv3869,-0.661340653,5.91E-07,Stable,
Rv0398c,1.108605762,8.40E-07,Up,
Rv1794,-0.795676203,5.94E-07,Stable,
Rv1071c,-0.844166059,7.71E-07,Stable,
Rv3142c,-1.244194311,7.80E-07,Down,
Rv0734,-1.140274353,7.06E-07,Down,
Rv2336,0.826584071,7.01E-07,Stable,
Rv2315c,-1.004043325,7.14E-07,Down,
Rv1708,-0.871449708,6.70E-07,Stable,
Rv0456c,0.866020162,8.12E-07,Stable,
Rv3009c,-0.790773036,6.95E-07,Stable,
Rv3851,1.652387907,1.06E-06,Up,
Rv3489,-2.207716116,1.46E-06,Down,
Rv3536c,0.846923682,7.33E-07,Stable,
Rv2248,0.764972396,7.10E-07,Stable,
Rv1347c,-1.116785424,8.72E-07,Down,
Rv2696c,1.019502448,6.47E-07,Up,
Rv2552c,0.767681453,6.73E-07,Stable,
Rv3088,0.825464652,8.04E-07,Stable,
Rv1996,-0.880017425,6.49E-07,Stable,
Rv2855,-0.949532091,9.20E-07,Stable,
Rv2379c,-0.714924118,6.45E-07,Stable,
Rv0391,-1.004011972,7.61E-07,Down,
Rv0098,1.320263089,1.18E-06,Up,
Rv3881c,0.80348283,6.52E-07,Stable,
Rv2206,-0.956105364,7.82E-07,Stable,
Rv1288,0.916840165,9.13E-07,Stable,
Rv2420c,-1.302575938,1.04E-06,Down,
Rv0912,-1.263379784,1.18E-06,Down,
Rv1127c,-0.879781646,7.89E-07,Stable,
Rv3089,1.018580698,7.83E-07,Up,
Rv1454c,-1.055435105,7.81E-07,Down,
Rv2075c,0.712371986,7.06E-07,Stable,
Rv2302,-1.627749831,1.14E-06,Down,
Rv0321,-1.266942317,1.00E-06,Down,
Rv2809,-1.851513292,1.18E-06,Down,
Rv1821,-0.640698683,6.89E-07,Stable,
Rv1881c,-1.659789232,1.09E-06,Down,
Rv1880c,-0.911571614,7.42E-07,Stable,
Rv3476c,1.059765283,9.01E-07,Up,
Rv1296,0.903865686,7.59E-07,Stable,
Rv3105c,-0.892763495,7.85E-07,Stable,
Rv2873,1.291613188,9.55E-07,Up,
Rv2295,-0.830931634,7.90E-07,Stable,
Rv0930,-0.658266591,7.35E-07,Stable,
Rv0689c,2.039713287,1.36E-06,Up,
Rv3361c,-1.245270008,1.20E-06,Down,
Rv1090,1.255913605,1.24E-06,Up,
Rv2733c,0.903546624,7.24E-07,Stable,
Rv0741,-1.009550594,8.86E-07,Down,
Rv2403c,-1.415134352,9.86E-07,Down,
Rv2095c,-0.996496376,9.99E-07,Stable,
Rv2976c,-0.733252675,8.21E-07,Stable,
Rv2561,-2.072064201,1.68E-06,Down,
Rv0036c,-1.079405484,8.74E-07,Down,
Rv0148,1.219480113,7.56E-07,Up,
Rv3083,-0.798178855,8.56E-07,Stable,
Rv1212c,-0.740037512,7.72E-07,Stable,
Rv0713,-0.916272061,8.63E-07,Stable,
Rv2518c,0.639609095,7.42E-07,Stable,
Rv3495c,0.968233875,7.93E-07,Stable,
Rv3308,0.779056261,8.19E-07,Stable,
Rv2516c,0.861425403,8.80E-07,Stable,
Rv0605,-1.184204084,1.09E-06,Down,
Rv0012,-0.838713774,9.26E-07,Stable,
Rv3052c,-0.876999598,7.50E-07,Stable,
Rv3265c,-0.858383301,9.40E-07,Stable,
Rv0387c,1.73932952,1.34E-06,Up,
Rv3728,0.675308143,7.45E-07,Stable,
Rv1946c,-1.221601206,1.29E-06,Down,
Rv0219,1.386056057,1.40E-06,Up,
Rv0911,-1.246591446,1.26E-06,Down,
Rv1772,-1.294181315,1.03E-06,Down,
Rv1408,-1.012437383,9.10E-07,Down,
Rv2654c,3.188220756,1.83E-06,Up,
Rv0876c,-0.828700128,8.46E-07,Stable,
Rv2175c,-0.98536572,1.13E-06,Stable,
Rv2446c,-1.766311096,1.57E-06,Down,
Rv1241,-1.387094852,1.29E-06,Down,
Rv2533c,-0.838335481,9.26E-07,Stable,
Rv1486c,-0.835891317,9.55E-07,Stable,
Rv1427c,0.740222552,8.91E-07,Stable,
Rv2735c,1.051322772,1.10E-06,Up,
Rv2047c,0.837357013,7.96E-07,Stable,
Rv3469c,1.440454644,1.41E-06,Up,
Rv2880c,-0.983371634,1.10E-06,Stable,
Rv1749c,-0.957405903,1.13E-06,Stable,
Rv1135A,2.496890294,2.07E-06,Up,
Rv1089,2.140597467,1.75E-06,Up,
Rv2041c,1.07835638,1.08E-06,Up,
Rv2453c,1.035862808,1.07E-06,Up,
Rv2313c,-1.108846804,1.15E-06,Down,
Rv1023,-0.684841703,8.82E-07,Stable,
Rv2104c,-1.046291816,1.21E-06,Down,
Rv3250c,-0.906371232,1.02E-06,Stable,
Rv1078,-0.752661986,8.04E-07,Stable,
Rv2043c,-0.924154664,1.05E-06,Stable,
Rv1115,1.237766213,1.30E-06,Up,
Rv1602,-1.123815767,1.33E-06,Down,
Rv1593c,-0.807207844,1.02E-06,Stable,
Rv3670,0.82785409,9.91E-07,Stable,
Rv2970A,-1.45004733,1.63E-06,Down,
Rv1773c,0.959815563,1.09E-06,Stable,
Rv1279,-0.738750145,9.38E-07,Stable,
Rv2856,-0.958642073,1.14E-06,Stable,
Rv3868,-0.63429118,8.17E-07,Stable,
Rv2554c,1.466806475,9.03E-07,Up,
Rv3017c,1.598947552,1.45E-06,Up,
Rv0588,0.727988463,9.06E-07,Stable,
Rv0247c,-0.976668369,9.91E-07,Stable,
Rv0979c,2.936972279,2.10E-06,Up,
Rv1766,-1.117757742,1.20E-06,Down,
Rv0301,-0.805299646,1.07E-06,Stable,
Rv2263,0.892207393,1.14E-06,Stable,
Rv0215c,0.845988707,1.04E-06,Stable,
Rv2581c,-1.123997078,1.05E-06,Down,
Rv0204c,-0.659699836,9.09E-07,Stable,
Rv0447c,0.93164936,1.11E-06,Stable,
EBG00000313314,-3.217287301,2.41E-06,Down,
Rv0405,0.61536592,8.76E-07,Stable,
Rv2472,-1.159403804,1.52E-06,Down,
Rv2833c,3.621045524,1.30E-06,Up,
Rv0171,-0.784863809,8.81E-07,Stable,
Rv3279c,0.828695865,1.11E-06,Stable,
Rv0931c,-0.826568196,8.90E-07,Stable,
Rv1822,-0.979177203,1.21E-06,Stable,
Rv3579c,0.660102508,9.29E-07,Stable,
Rv1855c,-0.826572758,1.05E-06,Stable,
Rv0389,1.191397273,1.27E-06,Up,
Rv3018c,1.480632187,1.54E-06,Up,
Rv1948c,1.352587127,1.55E-06,Up,
Rv2792c,-0.843526234,1.02E-06,Stable,
Rv0378,2.064119307,1.87E-06,Up,
Rv1901,-0.787551403,9.75E-07,Stable,
Rv1528c,1.339759946,1.76E-06,Up,
Rv2899c,0.874624139,1.12E-06,Stable,
Rv0731c,0.783265844,1.14E-06,Stable,
Rv0209,1.047672915,1.24E-06,Up,
Rv2769c,1.049665138,1.45E-06,Up,
Rv1798,-0.648917286,9.49E-07,Stable,
Rv3852,-1.061708477,1.12E-06,Down,
Rv2462c,-0.70756224,9.34E-07,Stable,
Rv3656c,1.36007537,1.91E-06,Up,
Rv0667,-0.73549874,1.15E-06,Stable,
Rv3060c,0.712018583,1.09E-06,Stable,
Rv1887,-1.003070057,9.56E-07,Down,
Rv3424c,1.892698854,1.28E-06,Up,
Rv0407,-0.749600039,1.06E-06,Stable,
Rv0799c,-1.300402073,1.22E-06,Down,
Rv2297,-1.262591982,1.52E-06,Down,
Rv1315,-0.883225034,1.09E-06,Stable,
Rv1491c,-0.738243087,1.09E-06,Stable,
Rv2798c,-1.131073595,1.61E-06,Down,
Rv2614A,1.370748476,1.84E-06,Up,
Rv3560c,1.203993554,1.48E-06,Up,
Rv3678A,-2.192580677,2.02E-06,Down,
Rv2596,-1.01532639,1.50E-06,Down,
Rv1480,-0.672234663,9.99E-07,Stable,
Rv0367c,0.88844371,1.41E-06,Stable,
Rv3890c,-0.96127628,1.43E-06,Stable,
Rv2133c,1.243615506,1.18E-06,Up,
Rv3242c,1.109178881,1.41E-06,Up,
Rv2186c,-1.273307193,1.70E-06,Down,
Rv0540,1.35515001,1.59E-06,Up,
Rv3772,-1.084295135,1.51E-06,Down,
Rv0017c,-0.666129864,1.09E-06,Stable,
Rv2681,0.688148081,1.08E-06,Stable,
Rv2189c,-1.061865345,1.34E-06,Down,
Rv0985c,0.739013117,1.15E-06,Stable,
Rv1710,-0.948781747,1.27E-06,Stable,
Rv3629c,0.692431633,1.18E-06,Stable,
Rv2513,-0.913505049,1.32E-06,Stable,
Rv2636,1.046468465,1.62E-06,Up,
Rv2535c,-0.878304141,1.19E-06,Stable,
Rv0755c,1.156175526,1.10E-06,Up,
Rv0610c,1.386145236,1.22E-06,Up,
Rv1476,-1.281608064,1.38E-06,Down,
Rv3833,0.752488664,1.31E-06,Stable,
Rv0223c,0.856385891,1.21E-06,Stable,
Rv1204c,1.078695816,1.24E-06,Up,
Rv2307A,1.727860641,2.09E-06,Up,
Rv1165,0.72478343,1.09E-06,Stable,
Rv0064,0.626837945,1.08E-06,Stable,
Rv1591,0.762417299,1.26E-06,Stable,
Rv3225c,0.875336646,1.09E-06,Stable,
Rv2281,0.892068012,1.51E-06,Stable,
Rv2805,-1.993973568,2.84E-06,Down,
Rv0793,1.909055852,2.37E-06,Up,
Rv3275c,-0.773354231,1.29E-06,Stable,
Rv3822,0.729257425,1.22E-06,Stable,
Rv0566c,-1.06631924,1.87E-06,Down,
Rv0016c,-0.686551484,1.14E-06,Stable,
Rv2428,-0.922766869,1.23E-06,Stable,
Rv2179c,1.271310231,1.74E-06,Up,
Rv0599c,-1.398797203,2.19E-06,Down,
Rv2342,-1.126524051,1.93E-06,Down,
Rv0211,0.867732097,1.10E-06,Stable,
Rv3759c,-1.051301657,1.36E-06,Down,
Rv2476c,-0.780315969,1.12E-06,Stable,
Rv1770,-0.720078306,1.27E-06,Stable,
Rv1548c,0.774675334,1.29E-06,Stable,
Rv0663,-0.644934927,1.17E-06,Stable,
Rv3520c,-0.675363009,1.22E-06,Stable,
Rv0776c,1.097365152,1.82E-06,Up,
Rv0657c,-1.539190161,2.53E-06,Down,
Rv1063c,0.883184417,1.32E-06,Stable,
Rv1455,1.103928175,1.82E-06,Up,
Rv1280c,-0.890096464,1.31E-06,Stable,
Rv3197A,-1.131619126,1.87E-06,Down,
Rv0131c,1.096671364,1.41E-06,Up,
Rv3697c,-1.14817457,1.83E-06,Down,
Rv1482c,1.124450945,1.94E-06,Up,
Rv2958c,-0.780717472,1.28E-06,Stable,
Rv2010,0.756956006,1.42E-06,Stable,
Rv0817c,0.915598416,1.75E-06,Stable,
Rv3007c,-1.089239833,1.60E-06,Down,
Rv2938,-0.710657584,1.24E-06,Stable,
Rv1147,1.104890144,1.33E-06,Up,
Rv0649,2.52645438,2.41E-06,Up,
Rv2838c,1.460618315,1.18E-06,Up,
Rv0470c,-1.053772296,1.24E-06,Down,
Rv1106c,-1.107123476,1.42E-06,Down,
Rv1806,2.034308341,1.63E-06,Up,
Rv0118c,0.699136343,1.35E-06,Stable,
Rv0353,0.941398867,1.56E-06,Stable,
Rv3775,-0.86233894,1.42E-06,Stable,
Rv2527,-1.311765827,2.44E-06,Down,
Rv3757c,-1.124232504,1.75E-06,Down,
Rv2346c,-1.391271578,1.25E-06,Down,
Rv2062c,0.719142754,1.23E-06,Stable,
Rv3870,-0.618834117,1.22E-06,Stable,
Rv1287,-1.185597771,2.04E-06,Down,
Rv1345,-0.714360911,1.26E-06,Stable,
Rv2429,-1.261933438,1.60E-06,Down,
Rv0882,-1.298398687,2.49E-06,Down,
Rv1743,0.782090084,1.34E-06,Stable,
Rv3103c,-1.274111351,2.43E-06,Down,
Rv1446c,-0.718783834,1.53E-06,Stable,
Rv0532,1.051132768,1.64E-06,Up,
Rv2208,0.632749066,1.34E-06,Stable,
Rv1987,0.868385885,1.41E-06,Stable,
Rv0567,-0.670253759,1.44E-06,Stable,
Rv3352c,1.475549638,2.75E-06,Up,
Rv0461,-1.465171454,1.70E-06,Down,
Rv3057c,-1.008098226,1.75E-06,Down,
Rv0250c,-0.789551767,1.56E-06,Stable,
Rv0210,1.171516055,1.73E-06,Up,
Rv1755c,1.17149354,2.28E-06,Up,
Rv3021c,1.843679123,3.20E-06,Up,
Rv1681,0.786525745,1.53E-06,Stable,
EBG00000313362,-2.623796938,3.60E-06,Down,
Rv1126c,-1.138159592,2.11E-06,Down,
Rv3045,-0.610738153,1.31E-06,Stable,
Rv0079,0.60524143,1.31E-06,Stable,
Rv0335c,0.94509114,2.09E-06,Stable,
Rv1098c,-0.745466141,1.38E-06,Stable,
Rv0265c,0.838420937,1.54E-06,Stable,
Rv0007,-0.960006216,1.44E-06,Stable,
Rv1488,-0.62435301,1.37E-06,Stable,
Rv0349,0.820996442,1.88E-06,Stable,
Rv3789,-1.186681391,2.40E-06,Down,
Rv0237,-0.842560876,1.52E-06,Stable,
Rv0820,-0.691953093,1.62E-06,Stable,
Rv3341,0.696275906,1.42E-06,Stable,
Rv2172c,-0.804123295,1.39E-06,Stable,
Rv3545c,0.860973694,1.75E-06,Stable,
Rv2943,0.788762125,1.74E-06,Stable,
Rv1830,-0.743566914,1.44E-06,Stable,
Rv3356c,-0.817872638,1.63E-06,Stable,
Rv3278c,-1.36158753,1.91E-06,Down,
Rv1303,-1.503930001,1.67E-06,Down,
Rv1270c,-1.148966023,1.89E-06,Down,
Rv2493,-1.163250445,2.64E-06,Down,
Rv2284,-0.975327607,1.83E-06,Stable,
Rv1657,1.147687976,2.52E-06,Up,
Rv2022c,0.728730986,1.59E-06,Stable,
Rv0539,0.679298248,1.47E-06,Stable,
Rv3718c,-1.114266017,2.50E-06,Down,
Rv3355c,-1.392300447,2.65E-06,Down,
Rv3777,-0.892670619,1.77E-06,Stable,
Rv0813c,0.718607034,1.50E-06,Stable,
Rv1313c,-1.67864559,2.74E-06,Down,
Rv1366A,-1.517973619,3.33E-06,Down,
Rv1182,-0.895779671,2.15E-06,Stable,
Rv0091,1.030533408,2.04E-06,Up,
Rv1382,1.16540704,2.45E-06,Up,
Rv0385,0.907700104,2.20E-06,Stable,
Rv0583c,-0.950184002,1.90E-06,Stable,
Rv0492A,1.781968415,3.18E-06,Up,
Rv1900c,0.633236782,1.56E-06,Stable,
Rv3359,0.936470435,2.17E-06,Stable,
Rv0002,-1.037250589,1.77E-06,Down,
Rv2811,1.557019871,3.33E-06,Up,
Rv2870c,0.678871806,1.61E-06,Stable,
Rv2919c,-1.859210977,2.36E-06,Down,
Rv2089c,1.047750638,2.55E-06,Up,
Rv0107c,0.685767763,1.51E-06,Stable,
Rv0778,-0.82812086,1.96E-06,Stable,
Rv1099c,-0.68699929,1.68E-06,Stable,
Rv1934c,0.952388146,2.35E-06,Stable,
Rv2146c,-1.265715527,1.91E-06,Down,
Rv2317,1.730846027,3.63E-06,Up,
Rv1348,-0.608012323,1.54E-06,Stable,
Rv1895,0.865811476,1.98E-06,Stable,
Rv1532c,-1.131812125,2.81E-06,Down,
Rv1490,0.672321588,1.80E-06,Stable,
Rv0891c,-1.065228733,2.36E-06,Down,
Rv3466,-1.25918224,3.05E-06,Down,
EBG00000313335,-6.605788281,4.65E-06,Down,
Rv3486,-0.962553576,2.60E-06,Stable,
Rv3458c,-0.841696124,1.55E-06,Stable,
Rv3667,0.771131757,1.61E-06,Stable,
Rv0086,0.87943464,1.76E-06,Stable,
Rv0225,-0.643046761,1.74E-06,Stable,
Rv2228c,-1.025217431,2.22E-06,Down,
Rv1346,-0.855423819,1.74E-06,Stable,
Rv1520,-1.147215876,2.25E-06,Down,
Rv3558,0.977503255,1.88E-06,Stable,
Rv1829,-0.829904925,1.77E-06,Stable,
Rv1979c,-0.80915049,1.68E-06,Stable,
Rv0603,3.092964106,4.21E-06,Up,
Rv1771,-0.74357518,1.94E-06,Stable,
Rv2935,-0.634957717,1.73E-06,Stable,
Rv1499,1.201270535,3.13E-06,Up,
Rv1185c,-0.705359413,1.86E-06,Stable,
Rv0230c,-0.68792082,1.96E-06,Stable,
Rv1088,1.978951727,4.44E-06,Up,
Rv2164c,0.572833577,1.67E-06,Stable,
Rv2635,3.954597182,5.04E-06,Up,
Rv0787,-0.697821506,1.86E-06,Stable,
Rv1787,0.784263343,2.21E-06,Stable,
Rv3143,-1.243521798,2.45E-06,Down,
Rv3024c,-0.878072673,2.22E-06,Stable,
Rv1893,-1.506173337,3.11E-06,Down,
Rv1093,-0.708472063,1.72E-06,Stable,
Rv2963,1.019494342,1.93E-06,Up,
Rv1877,0.639406908,1.74E-06,Stable,
Rv1138c,0.992128297,2.32E-06,Stable,
Rv2984,-0.560277274,1.73E-06,Stable,
Rv0641,-0.945489574,1.71E-06,Stable,
Rv2629,0.601909037,1.69E-06,Stable,
Rv3821,-1.056934519,2.18E-06,Down,
Rv0078A,-1.099057442,2.22E-06,Down,
Rv2720,-0.645453943,1.78E-06,Stable,
Rv0249c,-0.708831157,1.98E-06,Stable,
Rv3693,0.69813631,1.85E-06,Stable,
Rv3185,1.553065557,2.22E-06,Up,
Rv0960,-1.096526851,2.79E-06,Down,
Rv1272c,-0.597107202,1.91E-06,Stable,
Rv2214c,-0.679522107,1.78E-06,Stable,
Rv1396c,0.832448528,1.75E-06,Stable,
Rv0070c,-0.656686715,1.92E-06,Stable,
Rv2065,0.92023002,2.18E-06,Stable,
Rv2614c,0.670790989,1.75E-06,Stable,
Rv2003c,0.81751972,2.32E-06,Stable,
Rv1026,0.700092305,2.14E-06,Stable,
Rv2806,-1.57284984,4.25E-06,Down,
Rv3233c,-1.282811637,2.62E-06,Down,
Rv0525,-1.559468726,2.81E-06,Down,
Rv0141c,0.701127141,2.29E-06,Stable,
Rv0028,-0.978986738,3.01E-06,Stable,
Rv0458,0.609593175,1.93E-06,Stable,
Rv3253c,0.929031792,2.14E-06,Stable,
Rv0182c,0.680922048,1.95E-06,Stable,
Rv2451,0.818187998,2.30E-06,Stable,
Rv1854c,0.568314559,1.83E-06,Stable,
Rv3814c,-0.816022701,2.42E-06,Stable,
Rv0157A,-1.708940955,4.20E-06,Down,
Rv0003,-0.744977084,2.44E-06,Stable,
Rv0670,0.710514122,1.93E-06,Stable,
Rv1742,1.034604288,2.92E-06,Up,
Rv3396c,-0.584436103,2.01E-06,Stable,
Rv2709,0.803515787,2.33E-06,Stable,
Rv3762c,0.606764204,2.04E-06,Stable,
Rv3340,0.745466009,1.89E-06,Stable,
Rv2327,-1.016618197,2.49E-06,Down,
EBG00000313363,-2.379430433,5.62E-06,Down,
Rv0512,-0.71587123,1.97E-06,Stable,
Rv1975,1.145913778,3.45E-06,Up,
Rv1357c,0.943500114,2.61E-06,Stable,
Rv1066,1.097466954,2.98E-06,Up,
Rv1420,0.544074339,1.96E-06,Stable,
Rv0427c,-1.092739454,2.98E-06,Down,
Rv0216,0.836067955,2.37E-06,Stable,
Rv0456A,1.321455474,3.99E-06,Up,
Rv2077c,0.645848533,1.98E-06,Stable,
Rv3561,0.940509007,2.69E-06,Stable,
Rv3224A,-2.178723275,4.96E-06,Down,
Rv1415,-0.843985796,2.10E-06,Stable,
Rv2972c,-0.979948867,3.12E-06,Stable,
Rv1282c,-0.961096002,3.14E-06,Stable,
Rv2508c,-0.816582977,2.57E-06,Stable,
Rv1216c,0.916613928,2.71E-06,Stable,
Rv3304,-1.551320924,3.39E-06,Down,
Rv2143,0.724189508,2.23E-06,Stable,
Rv1027c,1.0006602,3.72E-06,Up,
Rv3338,-1.193516279,3.71E-06,Down,
Rv3641c,0.798644476,2.58E-06,Stable,
Rv3704c,0.712238626,2.19E-06,Stable,
Rv2608,0.657952362,2.24E-06,Stable,
Rv0614,1.496858511,3.68E-06,Up,
EBG00000313318,1.82179484,2.51E-06,Up,
Rv1556,-1.203679294,3.95E-06,Down,
Rv2787,0.663143351,2.56E-06,Stable,
Rv0608,-0.956252426,2.62E-06,Stable,
Rv0329c,0.995375453,3.87E-06,Stable,
Rv2501c,0.781932015,2.42E-06,Stable,
Rv3204,1.200651292,3.11E-06,Up,
Rv2740,0.652142354,2.63E-06,Stable,
Rv1102c,-0.663817346,2.64E-06,Stable,
Rv3371,0.615868136,2.24E-06,Stable,
Rv1325c,1.16321103,2.92E-06,Up,
Rv1444c,-1.035476434,3.56E-06,Down,
Rv3620c,-0.895263209,3.56E-06,Stable,
Rv3795,-0.56836784,2.22E-06,Stable,
Rv3482c,-0.776374988,2.69E-06,Stable,
Rv3550,-1.083302969,4.50E-06,Down,
Rv0828c,1.980719919,6.54E-06,Up,
Rv2665,0.929878266,2.55E-06,Stable,
Rv1622c,0.709886191,3.09E-06,Stable,
Rv0674,0.820405356,2.88E-06,Stable,
Rv3539,0.928652485,3.38E-06,Stable,
Rv1638A,-1.190327214,4.69E-06,Down,
Rv2512c,-1.835825205,4.59E-06,Down,
Rv1335,-1.196166471,3.36E-06,Down,
Rv0585c,0.624030844,2.69E-06,Stable,
Rv2223c,0.605127387,2.73E-06,Stable,
Rv1586c,0.789448231,3.17E-06,Stable,
Rv2265,1.214332415,4.09E-06,Up,
Rv0246,0.777750126,2.71E-06,Stable,
Rv1363c,-0.929975757,3.05E-06,Stable,
Rv0803,-0.572062195,2.49E-06,Stable,
Rv2425c,-0.681759705,3.07E-06,Stable,
Rv3669,-0.665660459,3.02E-06,Stable,
Rv0581,0.902771326,3.66E-06,Stable,
Rv1294,-0.762412526,2.54E-06,Stable,
Rv0660c,-1.776351261,3.58E-06,Down,
Rv0500B,-2.102433259,3.98E-06,Down,
Rv0060,-0.604741015,2.68E-06,Stable,
Rv2101,-0.573373575,2.48E-06,Stable,
Rv0139,-0.63594315,2.92E-06,Stable,
Rv1180,1.352657184,4.74E-06,Up,
Rv2979c,-0.952591607,3.56E-06,Stable,
Rv0875c,-1.265153599,3.91E-06,Down,
Rv3384c,0.66240833,3.23E-06,Stable,
Rv0062,-0.639064986,2.67E-06,Stable,
Rv1775,-0.704615618,3.14E-06,Stable,
Rv1112,1.259543187,4.10E-06,Up,
Rv3401,-0.598732298,2.62E-06,Stable,
Rv3133c,-0.662379998,2.84E-06,Stable,
EBG00000313369,-2.363829399,7.88E-06,Down,
Rv2572c,-0.738633429,2.84E-06,Stable,
Rv3735,-1.011887692,4.03E-06,Down,
Rv1774,0.604776071,3.09E-06,Stable,
Rv2367c,-0.79749119,3.77E-06,Stable,
Rv0401,1.238207957,4.67E-06,Up,
Rv1068c,2.386052719,5.32E-06,Up,
Rv3332,-1.01050453,3.17E-06,Down,
Rv3770B,-1.493147856,6.32E-06,Down,
Rv2804c,-1.555881137,6.04E-06,Down,
Rv2447c,-0.575794424,2.93E-06,Stable,
Rv2496c,0.640421563,2.84E-06,Stable,
Rv1373,0.781738884,3.84E-06,Stable,
Rv2237A,-2.097347181,5.83E-06,Down,
Rv2658c,1.092356644,5.38E-06,Up,
Rv3282,-0.755054787,3.35E-06,Stable,
Rv3442c,-1.053547666,2.95E-06,Down,
Rv1163,0.751313633,3.35E-06,Stable,
Rv0959A,-1.512054039,5.80E-06,Down,
Rv1828,-0.584494198,2.89E-06,Stable,
Rv0262c,-0.784097297,3.79E-06,Stable,
Rv0369c,1.350933466,5.40E-06,Up,
Rv0963c,1.368205332,4.81E-06,Up,
Rv3404c,-0.836317627,3.54E-06,Stable,
Rv0517,-0.685520228,3.35E-06,Stable,
Rv1113,-1.627064981,7.48E-06,Down,
Rv0536,1.107739877,3.78E-06,Up,
Rv0289,-0.681599177,2.88E-06,Stable,
Rv1579c,-1.208023721,6.36E-06,Down,
Rv2289,-1.166860344,3.93E-06,Down,
Rv0624,1.142714931,4.50E-06,Up,
Rv2788,-0.913174632,4.02E-06,Stable,
Rv2229c,-1.112029255,4.69E-06,Down,
Rv3751,1.461921937,5.78E-06,Up,
Rv3770c,-0.794131522,4.24E-06,Stable,
Rv2734,0.894477256,4.20E-06,Stable,
Rv2503c,-0.796488769,4.47E-06,Stable,
Rv1711,-0.849202958,3.78E-06,Stable,
Rv0727c,0.900061811,4.04E-06,Stable,
Rv2849c,-0.908148909,4.52E-06,Stable,
Rv1956,-0.790573449,4.41E-06,Stable,
Rv3037c,-0.703112475,3.96E-06,Stable,
Rv1517,-0.953383041,5.36E-06,Stable,
Rv0324,1.071832772,5.52E-06,Up,
Rv1332,-0.651916308,3.66E-06,Stable,
Rv0724A,-3.400281071,1.08E-05,Down,
Rv1629,-0.520697217,3.40E-06,Stable,
Rv3877,0.542088633,3.34E-06,Stable,
Rv0870c,-0.94626874,4.19E-06,Stable,
Rv2653c,1.725447562,6.41E-06,Up,
Rv2125,-0.635090029,3.65E-06,Stable,
Rv1957,-1.448566418,5.02E-06,Down,
Rv2701c,-0.773592262,4.91E-06,Stable,
Rv2123,0.987194283,4.70E-06,Stable,
Rv0995,-0.901975719,4.76E-06,Stable,
Rv1323,-0.503314507,3.26E-06,Stable,
Rv2607,0.850503105,5.32E-06,Stable,
Rv3125c,0.628171078,4.04E-06,Stable,
Rv1372,0.973014347,6.40E-06,Stable,
EBG00000313375,0.88628127,5.85E-06,Stable,
Rv1034c,1.601497301,9.44E-06,Up,
Rv2939,-0.859276926,3.37E-06,Stable,
Rv0339c,0.596180207,3.81E-06,Stable,
Rv3812,0.625409475,3.79E-06,Stable,
Rv0965c,-0.92787736,5.93E-06,Stable,
Rv1737c,0.659089298,3.61E-06,Stable,
Rv3031,-0.656194295,3.98E-06,Stable,
Rv2780,0.562048845,3.53E-06,Stable,
Rv1977,0.602189706,4.27E-06,Stable,
Rv3853,0.684086649,4.68E-06,Stable,
Rv3882c,-0.555776706,3.58E-06,Stable,
Rv2964,0.827099812,5.09E-06,Stable,
Rv2204c,-0.791675633,3.49E-06,Stable,
Rv3758c,-0.712086545,4.38E-06,Stable,
Rv0801,-0.977612253,6.68E-06,Stable,
Rv3164c,0.845628387,5.44E-06,Stable,
Rv0981,0.578091904,3.93E-06,Stable,
Rv3071,0.750217455,4.84E-06,Stable,
Rv2454c,0.601893292,3.61E-06,Stable,
Rv1634,-0.678150723,4.19E-06,Stable,
Rv2400c,-0.517078202,3.86E-06,Stable,
Rv0845,0.644621815,4.30E-06,Stable,
Rv0877,-0.595695063,3.76E-06,Stable,
Rv1673c,0.896141636,6.50E-06,Stable,
Rv0275c,0.662681056,4.03E-06,Stable,
Rv2966c,-0.947395914,5.31E-06,Stable,
Rv3645,-0.582213002,3.71E-06,Stable,
Rv1207,-0.62207726,4.34E-06,Stable,
Rv0942,-1.123737814,7.49E-06,Down,
Rv0022c,1.502801884,9.65E-06,Up,
Rv0236c,0.615009186,3.64E-06,Stable,
Rv0102,-0.523499735,3.93E-06,Stable,
Rv0712,0.788053138,4.52E-06,Stable,
Rv3274c,-0.584978014,3.77E-06,Stable,
Rv1898,-0.895090928,5.17E-06,Stable,
Rv0093c,0.735750892,5.24E-06,Stable,
Rv2422,1.532531919,8.29E-06,Up,
Rv3463,0.628152562,4.89E-06,Stable,
Rv2672,0.668006201,3.84E-06,Stable,
Rv0039c,-0.983840034,6.00E-06,Stable,
Rv2362c,0.820659631,4.54E-06,Stable,
Rv1885c,-0.806907358,5.44E-06,Stable,
Rv2273,-1.657584518,8.75E-06,Down,
Rv3409c,-0.499645746,3.81E-06,Stable,
Rv2088,0.763818011,4.99E-06,Stable,
Rv2887,0.862393324,5.88E-06,Stable,
Rv0185,0.638211685,4.65E-06,Stable,
Rv0082,0.82374548,5.54E-06,Stable,
Rv2619c,0.708731194,5.28E-06,Stable,
Rv0386,0.737103803,4.07E-06,Stable,
Rv3650,1.450186356,7.53E-06,Up,
Rv2586c,-0.699256621,4.01E-06,Stable,
Rv1409,-0.568305249,4.31E-06,Stable,
Rv3047c,1.311997503,6.61E-06,Up,
Rv2884,1.981317556,5.20E-06,Up,
Rv1715,0.96082943,5.65E-06,Stable,
Rv3515c,2.050963379,4.89E-06,Up,
Rv2542,0.569521422,4.40E-06,Stable,
Rv2285,-0.66317663,5.13E-06,Stable,
Rv2975c,-1.042105827,7.98E-06,Down,
Rv3871,-0.546748348,4.10E-06,Stable,
EBG00000313390,2.91062579,7.91E-06,Up,
Rv2968c,-0.678280949,5.50E-06,Stable,
Rv1606,-1.271761212,9.05E-06,Down,
Rv3208,-0.681042335,5.09E-06,Stable,
Rv1552,1.087188564,7.66E-06,Up,
Rv1215c,0.566853099,4.48E-06,Stable,
Rv2916c,-0.564657969,4.54E-06,Stable,
Rv0802c,0.887552062,6.54E-06,Stable,
Rv0773c,-0.643267043,5.08E-06,Stable,
Rv2396,0.736252466,4.61E-06,Stable,
Rv2112c,-0.478521575,4.30E-06,Stable,
Rv2045c,0.600509205,4.82E-06,Stable,
Rv1922,0.984473798,5.54E-06,Stable,
Rv0866,-0.773497123,6.29E-06,Stable,
Rv0015c,-0.619848741,4.39E-06,Stable,
Rv3875,-0.971656481,4.37E-06,Stable,
Rv2580c,-0.654839254,4.72E-06,Stable,
EBG00000313352,-1.865311639,1.28E-05,Down,
Rv0364,-0.758908519,5.40E-06,Stable,
Rv3299c,-0.540120604,4.59E-06,Stable,
Rv3665c,0.930469376,7.07E-06,Stable,
Rv0836c,0.804424746,7.36E-06,Stable,
Rv3674c,0.630920038,4.72E-06,Stable,
Rv3035,-0.568254074,5.16E-06,Stable,
Rv2288,-1.221972472,9.73E-06,Down,
Rv2879c,-0.735097573,5.45E-06,Stable,
Rv0399c,0.938995308,5.95E-06,Stable,
Rv0857,-0.865623058,7.21E-06,Stable,
Rv1337,-0.737042966,5.39E-06,Stable,
Rv0681,-0.757895668,5.02E-06,Stable,
Rv3559c,0.895298572,7.21E-06,Stable,
Rv2473,-0.779279525,6.82E-06,Stable,
Rv3457c,-0.891587922,4.71E-06,Stable,
Rv1253,-0.593585692,5.55E-06,Stable,
Rv0695,-0.554447938,5.20E-06,Stable,
Rv3792,0.774681758,5.46E-06,Stable,
Rv2959c,-1.491333045,5.49E-06,Down,
Rv1388,-0.734982806,4.82E-06,Stable,
Rv0992c,0.770643098,6.74E-06,Stable,
Rv2529,0.743587643,7.10E-06,Stable,
Rv0640,-1.342064647,4.83E-06,Down,
Rv1746,0.508367273,5.33E-06,Stable,
Rv0104,0.692338412,6.34E-06,Stable,
Rv1914c,-1.228234569,1.06E-05,Down,
Rv2092c,-0.482400698,5.00E-06,Stable,
Rv1278,0.632737921,5.05E-06,Stable,
Rv2290,-1.215449535,6.50E-06,Down,
EBG00000313377,-2.847374119,1.68E-05,Down,
EBG00000313331,-2.433682475,1.66E-05,Down,
Rv2565,-0.49535022,5.23E-06,Stable,
Rv1097c,-0.874951321,5.55E-06,Stable,
Rv1767,0.759045083,7.95E-06,Stable,
Rv0359,0.7638918,6.92E-06,Stable,
Rv2142c,1.387568054,9.28E-06,Up,
Rv2906c,0.555247994,6.06E-06,Stable,
Rv3630,0.647368576,5.71E-06,Stable,
Rv0078B,-1.214797613,1.27E-05,Down,
Rv2418c,-0.758367291,8.42E-06,Stable,
Rv1797,-0.562100276,5.14E-06,Stable,
Rv0606,-0.92882402,7.30E-06,Stable,
Rv0770,0.928740528,8.82E-06,Stable,
Rv0414c,1.050171225,7.70E-06,Up,
Rv1502,-0.710436537,6.89E-06,Stable,
Rv2522c,-0.578118022,5.78E-06,Stable,
Rv2890c,-0.663239557,5.36E-06,Stable,
Rv1778c,-0.845631488,8.08E-06,Stable,
Rv3036c,-0.913630036,7.92E-06,Stable,
Rv0105c,3.225060702,1.81E-05,Up,
Rv0888,-0.646707566,5.73E-06,Stable,
Rv2779c,-1.101707894,9.95E-06,Down,
Rv3258c,-0.939373531,6.33E-06,Stable,
Rv2732c,0.625197777,6.74E-06,Stable,
Rv2243,0.513018474,5.43E-06,Stable,
Rv2388c,-0.710245568,6.74E-06,Stable,
Rv3779,0.589071358,5.97E-06,Stable,
Rv0547c,-0.736934351,7.20E-06,Stable,
Rv0311,0.808569028,7.69E-06,Stable,
Rv3337,-1.093027198,1.27E-05,Down,
Rv1176c,-0.887675877,9.01E-06,Stable,
Rv1693,-1.20254924,1.32E-05,Down,
Rv1116A,-1.096416023,1.17E-05,Down,
Rv0662c,-1.472916108,1.62E-05,Down,
Rv0854,-0.760589724,8.56E-06,Stable,
Rv1269c,-0.834158918,9.72E-06,Stable,
Rv3680,0.457587944,5.69E-06,Stable,
Rv0274,0.630155795,8.04E-06,Stable,
Rv2715,-0.470439202,5.85E-06,Stable,
Rv0924c,0.733920336,7.48E-06,Stable,
Rv2569c,-0.764309648,9.08E-06,Stable,
Rv0450c,0.52332358,5.77E-06,Stable,
Rv3284,-1.69248622,7.80E-06,Down,
Rv0872c,1.002881378,5.92E-06,Up,
Rv2069,-1.123709083,7.73E-06,Down,
Rv3748,-0.881820171,8.33E-06,Stable,
Rv1649,0.572937021,6.48E-06,Stable,
Rv1707,0.496400479,6.26E-06,Stable,
Rv3873,0.603082825,6.08E-06,Stable,
Rv2813,1.450613038,1.39E-05,Up,
Rv1843c,0.462682604,6.11E-06,Stable,
Rv2644c,1.27180972,1.00E-05,Up,
Rv1752,-2.013363488,1.36E-05,Down,
Rv3753c,-0.706598677,7.81E-06,Stable,
Rv1725c,0.742152186,9.90E-06,Stable,
Rv3732,0.555545119,7.31E-06,Stable,
Rv2828c,0.84588735,1.14E-05,Stable,
Rv2068c,-0.513917218,6.95E-06,Stable,
Rv2925c,-0.48690391,6.96E-06,Stable,
Rv0276,0.495226176,6.41E-06,Stable,
Rv1940,0.80036523,9.33E-06,Stable,
Rv3400,-0.78076578,8.25E-06,Stable,
Rv0256c,0.560806463,6.65E-06,Stable,
Rv0613c,0.736431506,6.30E-06,Stable,
Rv3237c,-0.712353099,1.01E-05,Stable,
Rv2261c,-1.103583569,1.30E-05,Down,
Rv0565c,0.916943613,8.70E-06,Stable,
Rv1536,0.461660176,6.33E-06,Stable,
Rv2801c,0.871046385,1.17E-05,Stable,
Rv3425,-0.620222379,7.09E-06,Stable,
Rv2528c,0.744787768,1.03E-05,Stable,
Rv0097,0.842800182,9.52E-06,Stable,
Rv3916c,0.521766276,6.87E-06,Stable,
Rv0900,-1.403870377,1.82E-05,Down,
Rv1055,-2.076542953,2.13E-05,Down,
Rv1845c,0.876140816,6.97E-06,Stable,
Rv0672,0.484516989,6.60E-06,Stable,
Rv3214,0.65739487,8.20E-06,Stable,
Rv3076,-0.817787889,1.16E-05,Stable,
Rv2609c,-0.560748262,7.98E-06,Stable,
Rv1334,-0.671697391,9.00E-06,Stable,
Rv2773c,-0.821332488,9.65E-06,Stable,
Rv3010c,-0.500101665,7.70E-06,Stable,
Rv3026c,0.756522321,9.79E-06,Stable,
Rv3199c,-0.797081146,8.23E-06,Stable,
Rv2410c,-0.657812293,8.14E-06,Stable,
Rv0916c,1.161187015,1.30E-05,Up,
Rv2606c,-0.555355919,7.25E-06,Stable,
Rv2213,-0.506524806,7.07E-06,Stable,
Rv3323c,-0.860320251,1.18E-05,Stable,
Rv1012,1.009531381,1.38E-05,Up,
Rv3703c,0.711683575,8.51E-06,Stable,
Rv0255c,0.605705931,8.60E-06,Stable,
Rv3066,0.627321854,9.65E-06,Stable,
Rv3906c,-0.71757171,9.99E-06,Stable,
Rv2821c,-1.190988637,1.24E-05,Down,
Rv1955,-0.811260642,1.05E-05,Stable,
Rv2888c,0.465389118,7.00E-06,Stable,
Rv0095c,1.828490504,1.81E-05,Up,
Rv0766c,0.687507471,9.98E-06,Stable,
Rv2083,-0.700897643,8.78E-06,Stable,
Rv0638,-0.650310591,7.15E-06,Stable,
Rv2203,0.618058913,7.30E-06,Stable,
Rv2650c,2.807924463,8.80E-06,Up,
Rv1904,-0.493289717,7.98E-06,Stable,
Rv0750,0.812168393,1.18E-05,Stable,
Rv1953,-1.117543629,1.60E-05,Down,
Rv1760,0.639851729,8.19E-06,Stable,
Rv2307D,-0.789199561,1.28E-05,Stable,
Rv1105,0.933341802,1.37E-05,Stable,
Rv0530A,-1.058172764,1.29E-05,Down,
Rv0302,0.48052652,8.10E-06,Stable,
Rv2781c,0.553181982,7.56E-06,Stable,
Rv1110,-0.628061099,8.10E-06,Stable,
Rv1983,0.525181231,8.39E-06,Stable,
Rv1471,0.903785046,8.94E-06,Stable,
Rv2183c,-0.837532939,1.01E-05,Stable,
Rv2416c,0.535128386,9.69E-06,Stable,
Rv1449c,-0.433419472,7.75E-06,Stable,
Rv2148c,-0.68361038,9.76E-06,Stable,
Rv3898c,0.819153788,9.91E-06,Stable,
Rv2079,0.470748375,8.73E-06,Stable,
Rv2070c,0.750727274,1.12E-05,Stable,
Rv1193,0.478949707,8.16E-06,Stable,
Rv1560,-1.38808179,2.14E-05,Down,
Rv2745c,1.9662665,8.37E-06,Up,
Rv3616c,0.417182414,7.87E-06,Stable,
Rv0428c,-0.706991932,1.25E-05,Stable,
Rv0322,1.085602868,1.24E-05,Up,
Rv0795,1.767385309,2.67E-05,Up,
Rv3827c,0.563137963,8.71E-06,Stable,
Rv2957,-0.714938144,1.11E-05,Stable,
Rv2978c,-0.502595097,9.48E-06,Stable,
Rv1674c,1.333547148,1.89E-05,Up,
Rv3216,0.736124222,1.27E-05,Stable,
Rv3538,1.044340223,1.61E-05,Up,
Rv2207,0.549375693,9.00E-06,Stable,
Rv2912c,-0.814023044,1.53E-05,Stable,
Rv2394,-0.504040835,8.82E-06,Stable,
Rv2826c,0.79692835,1.31E-05,Stable,
Rv2132,0.626699525,1.22E-05,Stable,
Rv0865,-0.684915122,1.16E-05,Stable,
Rv2674,-0.684467588,1.00E-05,Stable,
Rv0445c,-0.885543169,1.26E-05,Stable,
EBG00000313355,-1.348377992,2.22E-05,Down,
Rv2673,0.465033636,9.58E-06,Stable,
Rv0523c,-1.327567131,1.70E-05,Down,
Rv3682,0.507000404,8.90E-06,Stable,
Rv2000,0.960273753,1.08E-05,Stable,
Rv3771c,-1.005425686,1.54E-05,Down,
Rv1064c,0.827138717,1.58E-05,Stable,
Rv1369c,-2.689674545,3.50E-05,Down,
Rv1846c,-0.666641266,9.05E-06,Stable,
Rv0135c,-0.566292699,1.08E-05,Stable,
Rv0125,-0.591565643,8.94E-06,Stable,
Rv3597c,-0.633998994,1.20E-05,Stable,
Rv0510,-0.498873939,9.16E-06,Stable,
Rv1367c,-0.727138075,1.16E-05,Stable,
Rv1161,0.515729937,9.69E-06,Stable,
Rv3770A,-1.253915383,2.24E-05,Down,
Rv0200,0.509182883,1.10E-05,Stable,
Rv2905,-0.561070312,9.96E-06,Stable,
Rv3168,0.734109559,1.27E-05,Stable,
Rv2797c,0.780123192,1.18E-05,Stable,
Rv2546,2.941612298,2.35E-05,Up,
Rv2917,0.573281648,1.13E-05,Stable,
Rv2126c,1.046812056,1.57E-05,Up,
Rv3109,1.191750934,1.80E-05,Up,
Rv1333,-0.529950395,1.18E-05,Stable,
Rv1584c,-0.723553775,1.61E-05,Stable,
Rv1859,0.574943467,1.21E-05,Stable,
Rv1597,-0.722910494,1.15E-05,Stable,
Rv1899c,-0.563881053,9.86E-06,Stable,
Rv3891c,-0.79558651,1.19E-05,Stable,
Rv3622c,1.97509272,2.64E-05,Up,
Rv0698,-0.855241833,1.56E-05,Stable,
Rv0887c,1.003534639,1.72E-05,Up,
Rv1942c,-0.714872832,1.54E-05,Stable,
Rv1103c,-0.679414382,1.34E-05,Stable,
Rv0765c,0.933526365,1.54E-05,Stable,
Rv1083,-1.009122144,1.76E-05,Down,
Rv2922c,0.44197575,9.88E-06,Stable,
Rv2237,-0.640780806,1.28E-05,Stable,
Rv3632,-1.010122393,1.75E-05,Down,
Rv2832c,2.405463006,1.20E-05,Up,
Rv0263c,-0.510422735,1.09E-05,Stable,
Rv1136,1.044548833,2.19E-05,Up,
Rv1290A,-1.379058867,2.26E-05,Down,
Rv2393,-0.971357571,1.37E-05,Stable,
Rv2401,-1.230537504,2.09E-05,Down,
Rv0437c,-0.638077863,1.45E-05,Stable,
Rv0071,0.685899278,1.53E-05,Stable,
Rv1813c,-0.455454128,1.05E-05,Stable,
Rv3786c,0.616293158,1.37E-05,Stable,
Rv3818,-0.509827341,1.28E-05,Stable,
Rv1905c,0.461889897,1.13E-05,Stable,
Rv2471,-0.483236593,1.24E-05,Stable,
Rv1723,0.561663404,1.43E-05,Stable,
Rv0468,-0.913672727,1.14E-05,Stable,
Rv2458,1.032725639,1.51E-05,Up,
Rv2736c,-0.72733163,1.44E-05,Stable,
Rv0293c,-0.447826758,1.19E-05,Stable,
Rv1435c,-0.697856163,1.30E-05,Stable,
Rv2763c,0.558121748,1.30E-05,Stable,
Rv3714c,-0.58513266,1.51E-05,Stable,
Rv1205,-0.670849181,1.68E-05,Stable,
Rv2019,1.24876091,1.80E-05,Up,
Rv1172c,-0.569966063,1.12E-05,Stable,
Rv2761c,0.769374154,1.23E-05,Stable,
Rv3144c,-0.464126587,1.21E-05,Stable,
Rv0439c,-0.533222029,1.48E-05,Stable,
Rv3788,-0.603171404,1.65E-05,Stable,
Rv1553,1.696216924,3.29E-05,Up,
Rv2408,0.885251457,2.10E-05,Stable,
Rv2231c,-0.89191786,1.57E-05,Stable,
Rv0363c,-0.474686565,1.20E-05,Stable,
Rv1790,0.861309217,1.76E-05,Stable,
Rv2843,-0.786621602,1.55E-05,Stable,
Rv0272c,0.490979234,1.33E-05,Stable,
Rv2568c,-1.145886416,1.74E-05,Down,
Rv2044c,1.224350243,2.41E-05,Up,
Rv1911c,-0.502018581,1.40E-05,Stable,
Rv0664,-1.097627016,3.02E-05,Down,
Rv1921c,0.639923291,1.77E-05,Stable,
Rv0143c,0.556093507,1.20E-05,Stable,
Rv0133,-0.629989483,1.43E-05,Stable,
Rv3555c,-0.628510849,1.86E-05,Stable,
Rv2593c,-0.686853748,1.72E-05,Stable,
Rv0797,-0.883077243,2.41E-05,Stable,
Rv0756c,-0.467880876,1.35E-05,Stable,
Rv1194c,0.451599904,1.22E-05,Stable,
Rv2287,0.565337896,1.55E-05,Stable,
Rv2841c,0.571047654,1.26E-05,Stable,
Rv0939,-0.496820253,1.30E-05,Stable,
Rv0489,-0.485517254,1.51E-05,Stable,
Rv2796c,-1.100366824,2.32E-05,Down,
Rv2382c,-0.561317765,1.46E-05,Stable,
Rv1037c,-1.204833478,3.42E-05,Down,
Rv1982A,-1.203758081,2.05E-05,Down,
Rv3435c,-0.591450999,1.52E-05,Stable,
Rv3309c,0.730307475,1.62E-05,Stable,
Rv2405,-0.728916007,1.86E-05,Stable,
Rv1049,-0.970731418,2.95E-05,Stable,
Rv0982,0.397065737,1.29E-05,Stable,
Rv1510,0.439574854,1.45E-05,Stable,
Rv1561,-0.950842993,2.90E-05,Stable,
Rv3485c,0.766733124,1.82E-05,Stable,
Rv3182,-0.682909764,2.19E-05,Stable,
Rv2118c,-0.651389271,1.85E-05,Stable,
Rv3398c,-0.796203651,2.35E-05,Stable,
Rv0029,-0.505258977,1.76E-05,Stable,
Rv3079c,0.709202823,2.07E-05,Stable,
Rv0920c,-0.608076149,1.59E-05,Stable,
Rv0514,-0.79167498,1.95E-05,Stable,
Rv1016c,-1.019392208,1.88E-05,Down,
Rv3034c,-0.587464435,1.68E-05,Stable,
Rv3232c,-0.710781032,1.81E-05,Stable,
Rv0690c,0.608688525,1.53E-05,Stable,
Rv2894c,0.505459266,1.52E-05,Stable,
Rv0126,-0.417382344,1.46E-05,Stable,
Rv2545,1.366595693,3.86E-05,Up,
Rv1475c,-0.38828839,1.39E-05,Stable,
Rv3908,-0.445130871,1.52E-05,Stable,
Rv0904c,0.597545858,1.65E-05,Stable,
Rv1137c,1.156682128,2.83E-05,Up,
EBG00000313329,-1.613154548,4.57E-05,Down,
Rv0258c,0.767946166,2.36E-05,Stable,
Rv0534c,0.537624698,1.85E-05,Stable,
Rv0066c,0.418640886,1.51E-05,Stable,
Rv1515c,-0.711005217,2.28E-05,Stable,
Rv2520c,-1.425182101,2.96E-05,Down,
Rv1554,1.699315275,5.18E-05,Up,
Rv1663,0.647397222,2.12E-05,Stable,
Rv1329c,0.529898016,1.84E-05,Stable,
Rv1252c,-0.788039102,2.21E-05,Stable,
EBG00000313380,-1.190764597,4.08E-05,Down,
Rv3378c,0.657884137,2.29E-05,Stable,
Rv3094c,-0.545650328,1.53E-05,Stable,
Rv2956,-0.591817605,1.97E-05,Stable,
Rv1120c,0.994935801,3.46E-05,Stable,
Rv3013,0.612083508,2.19E-05,Stable,
Rv2686c,1.137873532,2.17E-05,Up,
Rv3528c,-0.588078674,2.05E-05,Stable,
Rv2772c,-0.895512078,2.41E-05,Stable,
Rv0553,0.722758068,2.60E-05,Stable,
Rv3121,-0.801103496,1.77E-05,Stable,
Rv3733c,-0.84194604,2.19E-05,Stable,
Rv2977c,-0.504865585,2.00E-05,Stable,
Rv1439c,0.695399986,2.47E-05,Stable,
Rv2885c,0.824632756,1.89E-05,Stable,
Rv1412,-0.557854745,2.28E-05,Stable,
Rv0895,0.696521074,2.56E-05,Stable,
Rv1143,0.473464459,1.97E-05,Stable,
Rv0818,-0.480077935,1.84E-05,Stable,
Rv1042c,-1.202857645,4.42E-05,Down,
Rv1041c,0.885563287,3.04E-05,Stable,
Rv0326,0.968750722,3.85E-05,Stable,
Rv0767c,0.518828795,2.26E-05,Stable,
Rv0590,0.571670722,1.83E-05,Stable,
Rv2502c,-0.523407632,2.13E-05,Stable,
Rv3305c,-0.50143061,2.06E-05,Stable,
Rv1882c,-0.589538156,2.23E-05,Stable,
Rv3668c,0.584790102,1.97E-05,Stable,
Rv2679,0.57731875,1.97E-05,Stable,
Rv0317c,-0.463391743,1.98E-05,Stable,
Rv1320c,-0.399785779,1.72E-05,Stable,
Rv3527,0.752761056,2.87E-05,Stable,
Rv3698,0.541755359,2.37E-05,Stable,
Rv2008c,0.683919279,2.73E-05,Stable,
Rv1682,0.585498383,2.27E-05,Stable,
Rv3564,0.989762743,3.12E-05,Stable,
Rv2328,0.642275344,2.29E-05,Stable,
Rv3300c,-0.612227486,2.80E-05,Stable,
Rv1485,-0.473582782,2.18E-05,Stable,
Rv0850,1.238012648,3.43E-05,Up,
Rv3306c,-0.443759223,1.93E-05,Stable,
Rv0081,0.767438799,2.60E-05,Stable,
Rv1508c,-0.608160338,1.89E-05,Stable,
Rv2102,-0.784313139,2.17E-05,Stable,
Rv1666c,0.657000737,2.31E-05,Stable,
Rv1605,-0.508015738,2.20E-05,Stable,
Rv0697,0.552134776,2.56E-05,Stable,
Rv1695,-0.453024347,2.19E-05,Stable,
Rv2294,-0.445215902,2.14E-05,Stable,
Rv3876,0.392107224,1.79E-05,Stable,
Rv0496,-0.489657171,2.08E-05,Stable,
Rv0333,-0.642585882,3.10E-05,Stable,
Rv3588c,-0.484625036,2.39E-05,Stable,
Rv1141c,0.590914124,2.64E-05,Stable,
Rv0043c,-0.59216918,2.43E-05,Stable,
Rv2703,-0.401095834,1.86E-05,Stable,
Rv1029,0.720337813,2.35E-05,Stable,
Rv2678c,0.548853358,1.96E-05,Stable,
Rv1184c,-0.780710013,3.71E-05,Stable,
Rv2227,-0.604902222,2.84E-05,Stable,
Rv2819c,-0.688509588,3.43E-05,Stable,
Rv3576,-0.538126337,2.54E-05,Stable,
Rv0120c,0.385585036,1.99E-05,Stable,
Rv3574,0.715731215,2.44E-05,Stable,
Rv1268c,0.64585419,3.35E-05,Stable,
Rv0725c,0.924649979,2.98E-05,Stable,
Rv2130c,-0.402277441,2.11E-05,Stable,
Rv3893c,-0.657534504,2.50E-05,Stable,
Rv2121c,0.665885596,2.92E-05,Stable,
Rv1916,-0.449770421,2.53E-05,Stable,
Rv1943c,-1.072190931,4.38E-05,Down,
Rv3068c,0.497152681,2.52E-05,Stable,
Rv2145c,-0.423117247,2.05E-05,Stable,
Rv2224c,-0.368174046,2.12E-05,Stable,
Rv2383c,0.445920101,2.11E-05,Stable,
Rv1585c,0.693160308,3.40E-05,Stable,
Rv2601A,-0.919964447,3.41E-05,Stable,
Rv1507A,-0.568111863,3.07E-05,Stable,
Rv1696,0.396148866,2.29E-05,Stable,
Rv0925c,-0.871788242,2.89E-05,Stable,
Rv1344,-0.750844882,3.87E-05,Stable,
Rv3911,0.799219735,2.91E-05,Stable,
Rv2300c,0.66745337,3.13E-05,Stable,
Rv2055c,-0.769647565,3.82E-05,Stable,
Rv0810c,-1.087852775,3.00E-05,Down,
Rv3712,0.459419067,2.68E-05,Stable,
Rv3673c,0.638932685,2.45E-05,Stable,
Rv1457c,-0.87334683,3.33E-05,Stable,
Rv3807c,-1.701900753,3.60E-05,Down,
Rv0318c,0.619385737,3.58E-05,Stable,
Rv0264c,-0.475125726,2.70E-05,Stable,
Rv1939,0.791452319,4.75E-05,Stable,
Rv0590A,0.916513951,5.71E-05,Stable,
Rv0557,-0.564847821,2.71E-05,Stable,
Rv3652,0.582699665,3.90E-05,Stable,
Rv3402c,-0.47761534,2.77E-05,Stable,
Rv2390c,-0.852097335,3.74E-05,Stable,
Rv0059,-0.526138491,3.27E-05,Stable,
Rv2983,0.552573953,3.62E-05,Stable,
Rv0044c,-0.558420585,3.22E-05,Stable,
Rv1123c,-0.611909503,3.02E-05,Stable,
Rv1824,-0.715249229,4.40E-05,Stable,
Rv0959,0.513108417,2.65E-05,Stable,
Rv2867c,-0.425433538,2.47E-05,Stable,
Rv1598c,-0.634671608,4.04E-05,Stable,
Rv1918c,0.458309512,2.52E-05,Stable,
Rv0742,0.90771943,3.92E-05,Stable,
Rv3790,-0.506651007,3.04E-05,Stable,
Rv1568,0.55295863,3.14E-05,Stable,
Rv3480c,-0.447771777,2.76E-05,Stable,
Rv2562,-1.069045596,4.94E-05,Down,
Rv2505c,0.594999311,3.70E-05,Stable,
Rv2597,-0.545382457,3.46E-05,Stable,
Rv3399,0.6070988,3.82E-05,Stable,
Rv0914c,-0.52052828,3.45E-05,Stable,
Rv2331,1.153949828,7.19E-05,Up,
Rv3381c,-1.112587924,7.43E-05,Down,
Rv2514c,0.639071805,4.13E-05,Stable,
Rv2409c,-0.978207172,3.74E-05,Stable,
Rv3605c,0.718305194,3.42E-05,Stable,
Rv3312c,-0.652333109,4.22E-05,Stable,
Rv1958c,-0.775281783,4.02E-05,Stable,
Rv2728c,2.54907831,3.70E-05,Up,
Rv2139,0.381830014,2.65E-05,Stable,
Rv0855,0.494851131,3.44E-05,Stable,
Rv3190c,-0.46733973,2.99E-05,Stable,
Rv1944c,-0.92120649,5.15E-05,Stable,
Rv0841,0.591497399,3.76E-05,Stable,
Rv0155,0.392707966,2.99E-05,Stable,
Rv2482c,-0.603695942,3.01E-05,Stable,
Rv2825c,0.544247027,4.23E-05,Stable,
Rv3819,-1.046532926,5.64E-05,Down,
Rv3303c,-0.389167483,3.10E-05,Stable,
Rv1285,0.524773159,3.15E-05,Stable,
Rv2264c,0.457245356,3.21E-05,Stable,
Rv3634c,-0.444962368,3.18E-05,Stable,
Rv2659c,1.190490597,3.63E-05,Up,
Rv0273c,0.555613933,4.35E-05,Stable,
Rv2452c,1.063760761,6.83E-05,Up,
Rv0944,-1.019911366,7.65E-05,Down,
Rv0459,-0.645270147,4.20E-05,Stable,
Rv3542c,-0.599097243,4.75E-05,Stable,
Rv2311,0.79762775,5.05E-05,Stable,
Rv3269,0.431991913,2.84E-05,Stable,
Rv0337c,-0.434226195,2.99E-05,Stable,
Rv3364c,-0.827603906,5.48E-05,Stable,
Rv2456c,-0.413328441,3.40E-05,Stable,
Rv3363c,-1.415929116,6.19E-05,Down,
Rv3798,-0.844579999,6.38E-05,Stable,
Rv3797,0.432044769,3.75E-05,Stable,
Rv2450c,0.548513277,3.25E-05,Stable,
Rv3113,1.082883096,8.15E-05,Up,
Rv2998A,-1.335761026,9.35E-05,Down,
Rv2799,-0.467359904,3.85E-05,Stable,
Rv2494,-0.509985127,4.28E-05,Stable,
Rv2222c,-1.243191652,3.12E-05,Down,
Rv3247c,-0.505943037,4.14E-05,Stable,
Rv2525c,-0.84665243,3.88E-05,Stable,
Rv3302c,-0.399382618,3.27E-05,Stable,
Rv2308,0.60847127,4.79E-05,Stable,
Rv3032A,-0.688628802,5.97E-05,Stable,
Rv2352c,1.080909181,4.53E-05,Up,
Rv2016,0.482080523,4.53E-05,Stable,
Rv3211,-0.488021682,3.31E-05,Stable,
Rv0790c,0.523623735,4.56E-05,Stable,
Rv3377c,-0.506218967,3.73E-05,Stable,
Rv0410c,0.367233805,3.31E-05,Stable,
Rv3734c,-0.634509822,3.48E-05,Stable,
Rv0224c,0.602772703,4.49E-05,Stable,
Rv1669,1.261990619,9.03E-05,Up,
Rv2247,0.41640826,3.38E-05,Stable,
Rv1684,-1.249254969,7.96E-05,Down,
Rv0961,-1.128073684,6.44E-05,Down,
Rv2404c,-0.417750919,3.84E-05,Stable,
Rv2335,-0.393040274,3.72E-05,Stable,
Rv0052,-0.565170297,5.00E-05,Stable,
Rv3679,-0.352824474,3.47E-05,Stable,
Rv1153c,0.738256616,5.63E-05,Stable,
Rv0522,-0.43986492,4.53E-05,Stable,
Rv3360,-0.65703793,6.15E-05,Stable,
Rv0409,-0.468368505,4.39E-05,Stable,
Rv2322c,0.61720117,6.60E-05,Stable,
Rv3691,0.601894318,4.26E-05,Stable,
Rv2585c,0.367948228,3.69E-05,Stable,
Rv1426c,0.495922384,4.62E-05,Stable,
Rv3165c,0.774775236,8.26E-05,Stable,
Rv2134c,0.362032354,3.86E-05,Stable,
Rv1164,0.40021447,4.49E-05,Stable,
Rv0137c,-0.448901649,4.92E-05,Stable,
Rv3437,0.702564193,5.43E-05,Stable,
Rv1950c,1.244913496,0.000131629,Up,
Rv1576c,0.472462308,4.65E-05,Stable,
EBG00000313326,-2.213375378,0.000143652,Down,
Rv2292c,1.032754893,8.97E-05,Up,
Rv3313c,-0.552275286,6.04E-05,Stable,
Rv3042c,-0.357125476,4.26E-05,Stable,
Rv0025,-1.281520767,7.78E-05,Down,
Rv3672c,0.438467558,4.24E-05,Stable,
Rv2395,-0.34211528,4.09E-05,Stable,
Rv1118c,-0.514514203,5.10E-05,Stable,
Rv2174,-0.424040092,4.47E-05,Stable,
Rv0786c,-1.082670056,7.50E-05,Down,
Rv3468c,0.957121918,5.99E-05,Stable,
Rv0748,0.489908849,4.90E-05,Stable,
Rv1849,0.834374667,6.04E-05,Stable,
Rv3053c,-1.307945915,4.10E-05,Down,
Rv3467,-0.918528593,0.00010576,Stable,
Rv2182c,0.348510718,4.14E-05,Stable,
Rv0560c,-0.639580222,6.67E-05,Stable,
Rv3462c,-0.709752275,4.20E-05,Stable,
Rv0844c,-0.505904588,5.61E-05,Stable,
Rv1800,1.422326573,4.62E-05,Up,
Rv2225,-0.339250222,4.23E-05,Stable,
Rv2262c,0.588800572,6.31E-05,Stable,
Rv0804,-0.747745165,7.40E-05,Stable,
Rv2850c,0.506270817,4.44E-05,Stable,
Rv0294,-0.695699253,6.88E-05,Stable,
Rv3554,-0.396213865,5.12E-05,Stable,
Rv1781c,-0.402439659,4.51E-05,Stable,
Rv0395,1.424980771,0.00012945,Up,
Rv2395B,-0.847162407,9.96E-05,Stable,
Rv2647,-0.604798579,7.58E-05,Stable,
Rv2675c,0.468138141,5.04E-05,Stable,
Rv2767c,0.778558721,8.76E-05,Stable,
Rv2131c,-0.350441485,4.73E-05,Stable,
Rv1930c,0.921335983,0.000110064,Stable,
Rv0835,0.437885247,6.06E-05,Stable,
Rv3724A,-0.89715765,9.13E-05,Stable,
Rv3196A,-0.783031662,9.75E-05,Stable,
EBG00000313373,-1.199084856,0.000148027,Down,
Rv3612c,0.695619236,7.75E-05,Stable,
Rv3909,0.361796307,4.54E-05,Stable,
Rv1998c,0.433571371,6.15E-05,Stable,
Rv2980,0.687172986,7.38E-05,Stable,
Rv3413c,0.389230246,4.75E-05,Stable,
Rv0248c,-0.442452109,4.63E-05,Stable,
Rv2897c,3.268240483,6.34E-05,Up,
Rv0788,-0.382231836,5.66E-05,Stable,
Rv3197,-0.386884497,4.72E-05,Stable,
Rv0572c,0.429372996,5.90E-05,Stable,
Rv0069c,-0.463738897,5.29E-05,Stable,
Rv2427A,0.844890815,0.000107971,Stable,
Rv2119,-0.455529892,7.11E-05,Stable,
EBG00000313338,1.156703873,0.000157247,Up,
Rv2823c,0.603642021,6.71E-05,Stable,
Rv3032,-0.438673985,6.12E-05,Stable,
Rv0529,-0.373784318,5.38E-05,Stable,
EBG00000313383,0.851766434,0.000120919,Stable,
Rv1045,0.422126498,6.83E-05,Stable,
Rv2744c,1.723417647,5.19E-05,Up,
Rv2389c,-0.644982293,9.70E-05,Stable,
Rv1119c,-1.351812159,0.000141824,Down,
EBG00000313376,2.740272841,0.000264639,Up,
Rv1191,0.446292247,7.42E-05,Stable,
Rv3571,0.509501367,7.26E-05,Stable,
Rv1082,0.364051913,6.30E-05,Stable,
Rv0063,0.365612226,6.19E-05,Stable,
Rv3067,-0.589706618,8.69E-05,Stable,
Rv2406c,-0.503979471,8.47E-05,Stable,
Rv1572c,-1.108024565,0.000161208,Down,
Rv2750,0.472469171,6.70E-05,Stable,
EBG00000313367,-2.085541968,0.000240152,Down,
Rv3412,-0.329463969,5.63E-05,Stable,
Rv2169c,0.390322112,7.30E-05,Stable,
Rv0471c,-0.568463223,9.38E-05,Stable,
Rv1157c,-0.325013926,6.02E-05,Stable,
Rv3749c,-0.525109942,7.67E-05,Stable,
Rv1525,-0.457683924,8.89E-05,Stable,
Rv1712,-0.49581506,7.26E-05,Stable,
Rv0744c,0.514071245,8.44E-05,Stable,
Rv3231c,-0.589704468,0.000101788,Stable,
Rv1571,-0.675488657,0.000112154,Stable,
Rv1748,0.443086423,8.73E-05,Stable,
Rv2124c,0.373983378,5.90E-05,Stable,
Rv0128,-0.434099435,8.28E-05,Stable,
Rv1139c,0.508346995,9.45E-05,Stable,
Rv0665,-0.94952516,0.000167308,Stable,
Rv1567c,-0.705830839,0.000112514,Stable,
Rv1356c,0.552448968,8.73E-05,Stable,
Rv1010,-0.392411649,6.66E-05,Stable,
Rv0342,-0.303432096,6.16E-05,Stable,
Rv0696,-0.484766588,6.94E-05,Stable,
Rv3740c,0.385597102,7.03E-05,Stable,
Rv1158c,-0.635434895,7.72E-05,Stable,
Rv2397c,0.330046965,6.34E-05,Stable,
Rv1245c,0.358932256,6.97E-05,Stable,
Rv1326c,-0.444757001,6.95E-05,Stable,
Rv1954c,-0.922674718,0.000131715,Stable,
Rv1318c,-0.294959162,6.41E-05,Stable,
Rv0134,-0.415757553,7.56E-05,Stable,
Rv2309A,0.942274551,0.000161135,Stable,
Rv1114,0.780612045,0.000121849,Stable,
Rv2299c,-0.648042279,6.75E-05,Stable,
Rv2063,0.94220864,0.000181425,Stable,
Rv1730c,-0.445972303,9.80E-05,Stable,
Rv1962A,-0.673119669,0.00013756,Stable,
Rv2310,1.706602967,0.000189681,Up,
Rv0158,-0.516592741,9.83E-05,Stable,
Rv2421c,-0.425190867,9.26E-05,Stable,
Rv2783c,-0.759102696,7.19E-05,Stable,
Rv3849,0.554597621,7.83E-05,Stable,
Rv2676c,0.382800293,8.48E-05,Stable,
Rv3707c,0.427235583,9.10E-05,Stable,
Rv2267c,0.540910834,0.000126231,Stable,
Rv2538c,0.432792273,8.22E-05,Stable,
Rv2296,-0.359501736,7.80E-05,Stable,
Rv3731,0.472220285,0.000103986,Stable,
EBG00000313374,-0.777304176,0.000175102,Stable,
Rv2578c,0.478034247,0.000119365,Stable,
Rv3386,0.557519593,0.000136323,Stable,
Rv2537c,-0.557008367,0.000112866,Stable,
Rv1876,-0.381971991,8.55E-05,Stable,
Rv0201c,-0.435456236,8.53E-05,Stable,
EBG00000313320,-1.671051611,0.000359423,Down,
Rv3687c,-0.407954099,0.000105364,Stable,
Rv1443c,-0.783896578,0.000115786,Stable,
Rv3221c,0.851791307,9.74E-05,Stable,
Rv2604c,-0.513506212,0.000111111,Stable,
Rv3767c,0.595939917,0.000138322,Stable,
Rv2369c,0.90637708,0.000187616,Stable,
Rv0127,-0.423435215,8.58E-05,Stable,
Rv0361,0.433699146,8.43E-05,Stable,
Rv3551,-0.619205875,0.000144686,Stable,
Rv2209,0.486214485,8.02E-05,Stable,
Rv3291c,-0.50979727,0.000126031,Stable,
Rv1246c,0.584425192,0.000139065,Stable,
Rv3701c,-0.436902102,0.00010871,Stable,
Rv1150,1.300002272,0.000212774,Up,
Rv1853,1.728045216,0.000101284,Up,
EBG00000313315,-1.891237698,0.000403567,Down,
Rv2138,0.347148364,8.59E-05,Stable,
Rv2810c,-0.783700882,0.000192765,Stable,
Rv3374,-0.791243926,0.000208401,Stable,
Rv3503c,0.645966672,0.000151992,Stable,
Rv2188c,0.411800936,0.000100894,Stable,
Rv2424c,0.498918469,0.000141568,Stable,
Rv2381c,-0.850118853,8.39E-05,Stable,
Rv0306,0.720792227,0.00014216,Stable,
Rv2304c,0.7472853,0.000152116,Stable,
Rv3210c,-0.558046692,0.000107484,Stable,
Rv0448c,0.593566094,0.000133515,Stable,
Rv1079,-0.346524657,8.58E-05,Stable,
Rv3913,0.402195225,8.88E-05,Stable,
Rv2820c,-0.62441728,0.000151205,Stable,
Rv3569c,-0.469369742,0.000119309,Stable,
Rv3690,0.53106977,0.000123042,Stable,
Rv3380c,1.415620598,0.00030133,Up,
Rv2202c,0.294073831,8.57E-05,Stable,
Rv2129c,-0.566226505,0.000101376,Stable,
Rv1960c,-0.67879576,0.000181875,Stable,
Rv1085c,0.464868302,0.000103251,Stable,
Rv1764,-1.83168007,0.000449087,Down,
Rv1036c,-1.140019806,0.000267554,Down,
Rv1453,0.329614915,0.000102747,Stable,
Rv1297,-0.968022049,0.000105661,Stable,
Rv3577,0.518793008,0.000112049,Stable,
Rv1671,0.886818259,0.000256641,Stable,
Rv2845c,-0.333630111,9.62E-05,Stable,
Rv1255c,-0.642744139,0.000143213,Stable,
Rv3160c,-0.442412069,0.000125392,Stable,
Rv1162,0.313926989,9.26E-05,Stable,
Rv3107c,0.383500202,0.000114871,Stable,
Rv2318,0.692363955,0.00016899,Stable,
Rv1825,-0.494226092,0.000117076,Stable,
EBG00000313349,1.858348017,0.000523129,Up,
Rv3297,0.4664828,0.000126707,Stable,
Rv3863,-0.350461935,0.00011348,Stable,
Rv3122,-0.388029398,0.00012784,Stable,
Rv2702,-0.481274288,0.000128273,Stable,
Rv3065,0.729385776,0.000219012,Stable,
Rv0393,0.368020877,0.000127866,Stable,
Rv3614c,0.305942008,0.000108202,Stable,
Rv1982c,-0.504590062,0.00016412,Stable,
Rv0816c,0.496347504,0.000168814,Stable,
Rv0046c,0.368668501,0.000102331,Stable,
Rv2242,0.447019408,0.000117513,Stable,
Rv1389,-0.617483177,0.000109198,Stable,
Rv1391,-0.286966282,0.000106849,Stable,
Rv3552,-0.702274643,0.000221762,Stable,
Rv3599c,-1.323241969,0.00042541,Down,
Rv0467,0.331289231,0.00010741,Stable,
Rv3366,-0.482808315,0.000149607,Stable,
Rv2771c,-0.424951997,0.000169115,Stable,
Rv2818c,-0.811057141,0.000191019,Stable,
Rv3322c,-0.580823215,0.000227496,Stable,
Rv3793,0.304568382,0.000109959,Stable,
Rv0226c,0.331853911,0.000122852,Stable,
Rv1233c,-0.607894874,0.000128685,Stable,
EBG00000313340,-0.749069779,0.000280969,Stable,
Rv2221c,0.395610217,0.0001093,Stable,
Rv1081c,0.566271889,0.000178581,Stable,
Rv0858c,0.449620096,0.000154775,Stable,
Rv0254c,0.538125628,0.000221564,Stable,
Rv2904c,-0.849452638,0.000113793,Stable,
Rv1206,-0.376244192,0.000133398,Stable,
Rv1236,0.403501442,0.000154356,Stable,
Rv2548A,-0.473669594,0.000177342,Stable,
Rv1284,-0.606232145,0.000190244,Stable,
Rv2846c,-0.380450379,0.000116288,Stable,
Rv0402c,0.339741263,0.000128701,Stable,
Rv0542c,-0.38332043,0.000134553,Stable,
Rv2481c,-0.624747618,0.00026741,Stable,
Rv1385,-0.450947474,0.000181778,Stable,
Rv2417c,-0.449426831,0.000161681,Stable,
Rv2865,-0.691725561,0.000218397,Stable,
Rv2032,0.350269192,0.000129908,Stable,
Rv0242c,-0.279515835,0.000128658,Stable,
Rv2103c,-0.402505668,0.000196348,Stable,
Rv2140c,0.391466601,0.000164669,Stable,
Rv0184,0.314202188,0.000140227,Stable,
Rv2105,1.606663182,0.000670636,Up,
Rv0435c,-0.311708107,0.000135336,Stable,
Rv0030,-0.48323331,0.000240277,Stable,
Rv2435c,0.403768705,0.000154933,Stable,
Rv1777,1.261369928,0.000212335,Up,
Rv1796,0.36097156,0.000137727,Stable,
Rv1089A,0.819125175,0.000372785,Stable,
Rv1319c,-0.304354039,0.000148188,Stable,
Rv1564c,-0.359569273,0.0001683,Stable,
EBG00000313346,-1.318941123,0.00067463,Down,
Rv3706c,-1.083524402,0.00016082,Down,
Rv0880,0.6265609,0.000226173,Stable,
Rv1765c,-1.027574009,0.000390442,Down,
Rv2649,0.997580777,0.000493415,Stable,
Rv1776c,-0.469496507,0.000245535,Stable,
Rv0196,0.535568966,0.000191305,Stable,
Rv1694,-0.37221183,0.000181381,Stable,
Rv3236c,-0.446605438,0.000210408,Stable,
Rv1860,-0.344607698,0.000162965,Stable,
Rv0609A,0.467076755,0.000248428,Stable,
Rv1301,0.319587268,0.000148424,Stable,
Rv3273,0.63445722,0.000147453,Stable,
Rv1365c,-0.622559861,0.000265288,Stable,
Rv2320c,0.545602413,0.000250093,Stable,
EBG00000313366,1.313907305,0.000684895,Up,
Rv2117,-0.589945111,0.000313521,Stable,
Rv3483c,-0.394670188,0.000175611,Stable,
Rv1256c,0.508205859,0.000179242,Stable,
EBG00000313313,-1.920946932,0.000658342,Down,
Rv3012c,-0.555759102,0.000281727,Stable,
Rv2927c,-0.313354377,0.000155569,Stable,
Rv2443,0.273541579,0.000163351,Stable,
Rv3741c,-0.413019407,0.000234563,Stable,
Rv0075,-0.296335425,0.000172714,Stable,
Rv2149c,-0.378105327,0.000176283,Stable,
Rv0869c,0.289286857,0.000175353,Stable,
Rv2015c,-0.414705872,0.000253855,Stable,
EBG00000313347,-1.23972338,0.000663879,Down,
Rv0412c,0.311892009,0.000167855,Stable,
Rv1844c,0.324163033,0.000163321,Stable,
Rv1500,0.449036067,0.000207094,Stable,
Rv1952,-0.575288722,0.000349893,Stable,
Rv3166c,0.431119289,0.0002652,Stable,
Rv0380c,-0.49955305,0.000200863,Stable,
Rv2747,-0.391896602,0.000249904,Stable,
Rv3541c,-0.725157592,0.000430819,Stable,
Rv1962c,-0.369400193,0.000242932,Stable,
Rv3644c,0.302369454,0.000200849,Stable,
Rv1590,-0.41300454,0.000252744,Stable,
Rv1025,-0.437186016,0.000282071,Stable,
Rv3395A,0.443033375,0.000251514,Stable,
Rv1549,-0.759072123,0.000478773,Stable,
Rv1600,-0.31891511,0.000207605,Stable,
Rv2274c,-0.848576326,0.000532417,Stable,
Rv3530c,0.871163642,0.000319185,Stable,
Rv1619,0.381394717,0.000242378,Stable,
EBG00000313348,-0.813807513,0.000510752,Stable,
Rv1667c,0.528029185,0.000288727,Stable,
Rv2270,1.073488351,0.000412089,Up,
Rv3059,-0.493506069,0.000213702,Stable,
Rv1516c,-0.486355666,0.000253369,Stable,
Rv2232,-0.432122258,0.000267803,Stable,
Rv1423,-0.427705984,0.000222266,Stable,
Rv2571c,-0.355549644,0.000257134,Stable,
Rv2483c,-0.339147517,0.000212373,Stable,
EBG00000313361,1.745253024,0.000945324,Up,
Rv3472,0.484263473,0.00034454,Stable,
Rv0998,0.435740429,0.000222021,Stable,
Rv3726,-0.282543479,0.000194719,Stable,
Rv1087A,0.85976744,0.000500378,Stable,
Rv3235,0.395336596,0.000261878,Stable,
Rv2115c,-0.431761844,0.000189184,Stable,
Rv2307B,0.853592758,0.000396828,Stable,
Rv0889c,-0.468364952,0.000212708,Stable,
Rv0926c,0.381606348,0.000250972,Stable,
Rv1019,0.366022947,0.00024462,Stable,
EBG00000313385,0.673724194,0.000386366,Stable,
Rv1030,0.307962237,0.000250143,Stable,
Rv3619c,-0.85614473,0.000619127,Stable,
Rv2961,0.570920084,0.000444461,Stable,
Rv0340,0.341439784,0.000275602,Stable,
Rv0953c,0.840156816,0.000423497,Stable,
Rv3768,-0.621646944,0.000452029,Stable,
Rv3294c,0.358577261,0.00030467,Stable,
Rv3713,-0.476016798,0.000285655,Stable,
Rv2573,0.471139725,0.000355721,Stable,
Rv0421c,-0.579015563,0.000298279,Stable,
EBG00000313354,1.760428095,0.000921545,Up,
Rv3086,-0.28447904,0.000231404,Stable,
Rv3636,0.52462202,0.000346713,Stable,
Rv2638,0.58565378,0.000326111,Stable,
Rv1133c,-0.335091026,0.000233482,Stable,
Rv1839c,0.593349029,0.000431014,Stable,
Rv1192,-0.365361704,0.000216177,Stable,
Rv2931,0.268316259,0.000227519,Stable,
Rv2316,0.965449093,0.000495518,Stable,
Rv0400c,0.330159437,0.000242601,Stable,
EBG00000313319,2.73169015,0.001227397,Up,
Rv1858,-0.522426147,0.000328108,Stable,
Rv2033c,0.287545799,0.000261953,Stable,
Rv0425c,-0.295908744,0.000224204,Stable,
Rv0454,-0.390682086,0.000349896,Stable,
Rv1588c,0.454895179,0.000429979,Stable,
Rv3245c,-0.299571078,0.000229321,Stable,
Rv0041,-0.245415357,0.000235816,Stable,
Rv1362c,-0.33676962,0.000306231,Stable,
Rv2633c,0.535166515,0.000311672,Stable,
Rv0179c,-0.290460929,0.000242628,Stable,
Rv2042c,0.340470228,0.000333534,Stable,
Rv1984c,-0.338321944,0.000296413,Stable,
Rv3543c,0.438355645,0.000304843,Stable,
Rv1359,-0.391732646,0.000371164,Stable,
Rv1050,-0.548969105,0.00055663,Stable,
Rv1713,-0.27600249,0.000252937,Stable,
Rv3730c,0.353804188,0.000312047,Stable,
Rv0473,-0.311542044,0.000292917,Stable,
Rv1582c,0.468797612,0.000376093,Stable,
Rv2765,0.740085176,0.000426964,Stable,
Rv0481c,-0.502436944,0.000376748,Stable,
Rv2866,0.584675974,0.000482412,Stable,
Rv2640c,0.55341738,0.000377858,Stable,
Rv3615c,-0.286393055,0.000276863,Stable,
Rv0913c,-0.403477417,0.000340807,Stable,
Rv1495,0.866423539,0.000478834,Stable,
Rv0343,0.232365955,0.00025595,Stable,
Rv3369,-0.398041171,0.000374288,Stable,
Rv1638,0.271076105,0.000254607,Stable,
Rv2343c,0.363790094,0.00028265,Stable,
Rv3671c,0.38063876,0.000277066,Stable,
Rv3501c,0.384290385,0.000411476,Stable,
Rv3106,0.396015581,0.000362972,Stable,
Rv0596c,-0.605590548,0.000598488,Stable,
Rv0618,0.596183048,0.000411583,Stable,
Rv0890c,-0.280672813,0.000318315,Stable,
Rv0726c,0.276714965,0.000327448,Stable,
Rv2683,-0.356613872,0.000423647,Stable,
Rv2974c,0.302696813,0.000385086,Stable,
Rv3474,2.11731565,0.00132653,Up,
Rv3800c,0.289553052,0.000324012,Stable,
Rv1100,0.403539499,0.000356256,Stable,
Rv1168c,0.323624936,0.000313363,Stable,
Rv3611,1.409775102,0.000919164,Up,
Rv2632c,0.506634725,0.000410832,Stable,
Rv2598,0.623986158,0.000614389,Stable,
EBG00000313339,2.869367134,0.000352787,Up,
Rv2908c,-3.162045297,0.000660166,Down,
Rv1000c,-0.421250924,0.00046662,Stable,
Rv0202c,-0.237309021,0.000305928,Stable,
Rv2724c,0.503951703,0.00034736,Stable,
Rv2613c,-0.330778593,0.00041654,Stable,
Rv1053c,-1.504747969,0.000543661,Down,
Rv3563,0.714388577,0.000619949,Stable,
Rv2547,0.517132632,0.00064878,Stable,
Rv2698,2.345196935,0.000413456,Up,
Rv2714,0.842430328,0.000325638,Stable,
Rv0024,0.366292577,0.00050729,Stable,
Rv1124,0.46241923,0.000468635,Stable,
Rv3676,-0.277595167,0.000332898,Stable,
Rv2725c,-0.259474951,0.000325549,Stable,
Rv1509,0.564424857,0.00046303,Stable,
Rv0456B,1.484502927,0.001297859,Up,
Rv2142A,-0.46144795,0.000668366,Stable,
Rv3064c,0.478019083,0.000597107,Stable,
Rv0451c,-0.606612516,0.000478425,Stable,
Rv3778c,-0.244392881,0.000362855,Stable,
Rv2020c,0.366819904,0.000471238,Stable,
Rv2910c,0.553054047,0.000829745,Stable,
Rv3861,-1.327985653,0.001236113,Down,
Rv1503c,0.455088305,0.000656596,Stable,
Rv1551,0.499888708,0.000538066,Stable,
Rv3525c,0.40019733,0.000632319,Stable,
Rv3022A,1.004544377,0.001109287,Up,
Rv3196,0.526254428,0.000519077,Stable,
Rv0089,0.325732244,0.000508265,Stable,
Rv0183,0.32723022,0.000389304,Stable,
Rv0509,-0.229022152,0.000356844,Stable,
Rv2099c,0.762422875,0.001075412,Stable,
Rv1533,0.269629281,0.000387397,Stable,
Rv3856c,0.270999086,0.000397467,Stable,
Rv2486,0.436676681,0.000504209,Stable,
Rv1169c,-0.50177974,0.000490456,Stable,
Rv0929,0.290195922,0.000475572,Stable,
Rv3243c,0.309378367,0.000474558,Stable,
Rv3382c,0.350626046,0.000458211,Stable,
Rv2049c,-0.51360562,0.000546872,Stable,
Rv3383c,0.29733707,0.000424254,Stable,
Rv2539c,0.638173161,0.000491894,Stable,
Rv2680,-0.47203434,0.000442679,Stable,
Rv0328,0.315137087,0.000584546,Stable,
Rv1879,-0.344466596,0.000507457,Stable,
Rv2323c,0.450166901,0.000579157,Stable,
Rv3537,0.303983875,0.000524152,Stable,
Rv3878,0.240541638,0.00041442,Stable,
Rv2871,0.443201005,0.00084028,Stable,
Rv2306B,0.522837079,0.000865733,Stable,
Rv3843c,0.255926759,0.000406976,Stable,
Rv0240,0.35081213,0.000543129,Stable,
Rv1562c,0.38490609,0.000538657,Stable,
Rv2807,0.522264144,0.000780508,Stable,
Rv0477,0.318113779,0.000488448,Stable,
Rv3198c,-0.326630472,0.000437182,Stable,
Rv3353c,0.668959921,0.001249946,Stable,
Rv0780,-0.342590811,0.000596221,Stable,
Rv2231B,1.090332402,0.001799928,Up,
Rv3796,-0.282147529,0.000553787,Stable,
Rv0964c,0.408721635,0.000820144,Stable,
Rv3568c,-0.28305428,0.000604505,Stable,
Rv2084,-0.311022921,0.000537126,Stable,
Rv0441c,-0.245533062,0.000484402,Stable,
Rv1639c,0.328652512,0.000508552,Stable,
Rv1038c,-0.29599143,0.00059786,Stable,
Rv1116,-0.656992593,0.001229973,Stable,
Rv3549c,-0.343257907,0.00072662,Stable,
Rv2283,0.825057985,0.001811984,Stable,
Rv0478,0.283680916,0.000613966,Stable,
Rv3488,0.583742126,0.000983308,Stable,
Rv2329c,0.344629435,0.000651852,Stable,
Rv1555,0.92101267,0.001521137,Stable,
Rv0873,-0.233059614,0.000483987,Stable,
Rv0474,-0.355601868,0.000520668,Stable,
Rv0076c,-0.648160733,0.000854636,Stable,
Rv2087,1.587804223,0.001978627,Up,
Rv2173,-0.266341093,0.000604681,Stable,
Rv1374c,-0.320019788,0.00068272,Stable,
Rv1658,-0.365560326,0.000603559,Stable,
Rv3126c,-0.56283143,0.001002548,Stable,
Rv1947,-0.481303106,0.000937284,Stable,
Rv3845,-0.293969085,0.000738084,Stable,
Rv2589,-0.226193822,0.000564363,Stable,
Rv2085,-0.533582052,0.001134718,Stable,
Rv1526c,0.293542802,0.000726221,Stable,
EBG00000313379,1.096507865,0.00237861,Up,
Rv0894,-0.302634167,0.000795363,Stable,
Rv1514c,-0.389646133,0.000890602,Stable,
Rv0388c,-0.402485496,0.00090228,Stable,
Rv0310c,-0.360000985,0.000897627,Stable,
Rv3562,0.40997756,0.000932844,Stable,
Rv0159c,0.273578662,0.00070247,Stable,
Rv0344c,0.318240181,0.000893518,Stable,
Rv1892,-0.46776745,0.00105047,Stable,
Rv0470A,0.427961552,0.001175707,Stable,
Rv3108,-0.4875757,0.001058116,Stable,
Rv0404,0.280393502,0.000624224,Stable,
Rv2331A,0.544769214,0.001603586,Stable,
Rv1251c,0.210925496,0.000591868,Stable,
Rv1763,-1.012831404,0.002729559,Down,
Rv0582,0.406014399,0.000845368,Stable,
Rv3828c,0.566502012,0.000940373,Stable,
Rv3820c,-0.298261222,0.0007294,Stable,
Rv3907c,0.310583837,0.000679447,Stable,
Rv2106,0.979839833,0.002990829,Stable,
Rv1535,0.205725164,0.000614721,Stable,
Rv0579,-0.285360721,0.000736216,Stable,
Rv2298,-0.284848179,0.000658303,Stable,
Rv3354,-0.618149575,0.001126085,Stable,
Rv1167c,0.481903537,0.00072934,Stable,
Rv0943c,0.707625305,0.001465392,Stable,
Rv3497c,0.240587327,0.000743424,Stable,
Rv3736,0.250573134,0.00079844,Stable,
Rv2499c,-0.327651758,0.001041368,Stable,
Rv3268,-0.27731711,0.000703302,Stable,
Rv3664c,0.438606135,0.001155761,Stable,
Rv3613c,-0.316571737,0.000939788,Stable,
Rv0633c,-0.300750144,0.00080498,Stable,
Rv1951c,0.480621291,0.001275069,Stable,
Rv3572,-0.495764597,0.001137643,Stable,
Rv3187,0.890799258,0.00279012,Stable,
Rv0491,0.369960616,0.000795511,Stable,
Rv1260,-0.236038884,0.000785701,Stable,
Rv2009,-0.529677945,0.000847415,Stable,
Rv1498A,-0.333570753,0.001117912,Stable,
Rv3333c,0.532436389,0.001310841,Stable,
Rv0018c,-0.234674358,0.000696967,Stable,
Rv1847,0.267499616,0.000785561,Stable,
Rv3358,0.808762574,0.001766051,Stable,
Rv2114,-0.296698253,0.000783991,Stable,
Rv3838c,0.242802575,0.00081894,Stable,
Rv2784c,-0.28341638,0.000892286,Stable,
Rv2922A,-0.432799483,0.00166371,Stable,
Rv3548c,-0.349717171,0.001145616,Stable,
Rv1009,-0.199243423,0.000740761,Stable,
EBG00000313384,-0.970409436,0.002832986,Stable,
Rv3705A,-0.342921944,0.001037259,Stable,
Rv3744,0.32609455,0.001081821,Stable,
Rv2500c,-0.275258687,0.000907169,Stable,
Rv1022,-0.350189509,0.001214089,Stable,
Rv2753c,-0.339207361,0.000835883,Stable,
Rv1170,0.265620988,0.000874578,Stable,
Rv3373,-0.313532191,0.001192444,Stable,
Rv2076c,0.587235987,0.001250268,Stable,
Rv1522c,-0.285691007,0.000810759,Stable,
Rv2330c,0.449241323,0.001610058,Stable,
Rv2646,0.258593663,0.00104155,Stable,
Rv2775,-0.420699226,0.001256011,Stable,
Rv2256c,-0.201367252,0.000824884,Stable,
Rv2592c,0.319201869,0.001017861,Stable,
Rv3093c,-0.249216545,0.000841665,Stable,
Rv3276c,-0.21297505,0.00090081,Stable,
Rv2749,-0.485616167,0.00172658,Stable,
Rv2913c,-0.250240829,0.001128449,Stable,
Rv2718c,0.446549071,0.001167329,Stable,
Rv1785c,0.30060388,0.001180559,Stable,
Rv1277,-0.249127753,0.000993004,Stable,
Rv1032c,0.248272469,0.001251775,Stable,
Rv2344c,0.259474479,0.001074878,Stable,
Rv1688,0.55699099,0.002130947,Stable,
Rv1929c,-0.298732509,0.001317676,Stable,
EBG00000313382,1.390846149,0.00525353,Up,
Rv0691A,1.003086297,0.003967471,Up,
Rv3831,0.34484546,0.001359153,Stable,
Rv3134c,-0.374031392,0.001029805,Stable,
Rv1623c,0.196895184,0.001036015,Stable,
Rv1557,0.312818615,0.00165363,Stable,
Rv1338,-0.510591259,0.001285266,Stable,
Rv2438A,0.460848421,0.002563509,Stable,
Rv1024,-0.289965217,0.001441735,Stable,
Rv2484c,-0.199038875,0.001120017,Stable,
Rv2489c,0.565591171,0.002557155,Stable,
Rv2777c,0.186437256,0.001102822,Stable,
Rv2840c,-0.451568817,0.001051958,Stable,
Rv2495c,-0.216662001,0.001108211,Stable,
Rv3844,-0.487787269,0.002859378,Stable,
Rv3721c,-0.222821596,0.001126306,Stable,
Rv2399c,-0.285887148,0.001182037,Stable,
Rv2165c,0.208970973,0.001177257,Stable,
Rv2691,1.865520326,0.001242203,Up,
Rv2599,0.497485645,0.002317804,Stable,
Rv0413,0.216903105,0.001364717,Stable,
Rv2023A,0.567240898,0.002552231,Stable,
Rv3581c,-0.25085636,0.001193184,Stable,
Rv2218,-0.281527679,0.001288142,Stable,
Rv3008,-0.289572609,0.001722869,Stable,
Rv2255c,0.460830635,0.001629114,Stable,
Rv1060,-0.315594104,0.001576698,Stable,
Rv1720c,-0.425710409,0.002342928,Stable,
EBG00000313351,-0.841580709,0.006114283,Stable,
Rv2699c,2.555862182,0.001400935,Up,
Rv2291,0.198301237,0.001340903,Stable,
Rv3742c,-0.310631747,0.001955416,Stable,
Rv1033c,0.328028259,0.002359084,Stable,
Rv3238c,-0.263566915,0.001779173,Stable,
Rv1518,-0.361820332,0.002105651,Stable,
Rv0268c,0.193534953,0.001353884,Stable,
Rv2685,-0.202359553,0.001352206,Stable,
Rv1214c,-0.357255453,0.001954458,Stable,
Rv1889c,-0.349221303,0.002364726,Stable,
Rv0205,0.26672271,0.001417853,Stable,
EBG00000313357,-1.35231709,0.004779206,Down,
Rv1874,-0.3658741,0.001808619,Stable,
Rv1339,-0.269519082,0.001458356,Stable,
Rv0819,0.215869996,0.001394859,Stable,
Rv2433c,-0.475619439,0.002945531,Stable,
Rv2506,-0.447247644,0.0024964,Stable,
EBG00000313378,0.749222118,0.003435322,Stable,
Rv1779c,0.22018595,0.001314769,Stable,
Rv2766c,0.289115859,0.00166883,Stable,
Rv1021,-0.24278517,0.001811565,Stable,
Rv0604,0.24313637,0.001688832,Stable,
EBG00000313370,-0.777711355,0.004743219,Stable,
Rv2309c,0.420639293,0.002698456,Stable,
Rv3739c,-0.370650292,0.002739761,Stable,
Rv3289c,2.112650282,0.001806806,Up,
Rv1290c,-0.215158869,0.001715359,Stable,
Rv0208c,-0.218095745,0.001640288,Stable,
Rv2737A,0.498674008,0.003087073,Stable,
Rv2878c,-0.23323996,0.001518733,Stable,
Rv3078,-0.306674647,0.002624636,Stable,
Rv3566c,-0.278122045,0.002225336,Stable,
Rv3111,0.549769462,0.00488854,Stable,
Rv1573,-0.562399385,0.003228071,Stable,
Rv3496c,0.189670188,0.001560457,Stable,
Rv3603c,0.204068404,0.001445548,Stable,
Rv1902c,-0.252796492,0.001583353,Stable,
Rv3307,-0.29146774,0.001708752,Stable,
Rv0235c,-0.20965859,0.001736457,Stable,
Rv2077A,0.502186191,0.003618349,Stable,
Rv0518,-0.419454313,0.001993184,Stable,
Rv2645,-0.236561252,0.002215489,Stable,
Rv2167c,1.253412042,0.008439221,Up,
Rv2943A,-0.854108438,0.007323548,Stable,
Rv2250A,0.439717338,0.003510252,Stable,
Rv2752c,-0.184170435,0.001658461,Stable,
Rv3738c,0.247848331,0.001965809,Stable,
Rv3314c,-0.319451773,0.002348015,Stable,
Rv2345,0.198457108,0.001628086,Stable,
Rv1092c,-0.250281406,0.00194407,Stable,
Rv0764c,0.282427043,0.002294983,Stable,
Rv0769,0.332813596,0.002655953,Stable,
Rv0899,-0.275159172,0.002393653,Stable,
Rv3752c,-0.303725651,0.002919033,Stable,
Rv3840,0.344534269,0.003271267,Stable,
Rv0192,-0.209524726,0.001859764,Stable,
Rv2005c,-0.21096685,0.001821388,Stable,
Rv2923c,-0.296356851,0.003061477,Stable,
Rv0611c,0.5265433,0.002291395,Stable,
Rv1865c,0.293574465,0.002701453,Stable,
Rv1286,0.20836539,0.001849454,Stable,
Rv3810,0.197409281,0.001751614,Stable,
Rv0033,-0.415518676,0.004729148,Stable,
Rv2135c,0.214187437,0.002043524,Stable,
Rv3112,0.506584685,0.005999579,Stable,
Rv3872,-0.194720879,0.002004603,Stable,
Rv3910,0.210307211,0.001791339,Stable,
Rv0868c,-0.366914905,0.0031505,Stable,
Rv2152c,0.195115833,0.001913687,Stable,
Rv3607c,0.350911587,0.002400556,Stable,
Rv1530,-0.301252179,0.003476762,Stable,
Rv1160,-0.362942029,0.003627245,Stable,
Rv2997,-0.248738764,0.002826808,Stable,
Rv3416,1.365270873,0.002750948,Up,
Rv2001,0.283908937,0.002913694,Stable,
Rv3257c,-0.207185753,0.001911633,Stable,
Rv3628,-0.299982783,0.002749663,Stable,
Rv1007c,-0.217456687,0.002168477,Stable,
Rv1422,0.279264032,0.002162459,Stable,
Rv2122c,-0.533865313,0.005344655,Stable,
Rv2050,0.185116873,0.002357481,Stable,
Rv2757c,-0.403810696,0.003506029,Stable,
Rv3163c,0.328948755,0.003157926,Stable,
Rv3766,0.252474355,0.003304574,Stable,
Rv2154c,0.229941875,0.00199651,Stable,
Rv0336,-0.488919666,0.005063628,Stable,
Rv1414,0.393564725,0.004337245,Stable,
Rv2368c,-0.206921253,0.002166754,Stable,
Rv2583c,0.157131896,0.002014339,Stable,
Rv0392c,0.202913961,0.00243305,Stable,
Rv3293,0.202046739,0.002421557,Stable,
Rv1474c,0.340410642,0.003348985,Stable,
Rv1831,-0.18629994,0.002403454,Stable,
Rv3375,0.332610847,0.002837241,Stable,
Rv0130,0.302752901,0.003569152,Stable,
Rv3862c,-0.437607916,0.006061238,Stable,
Rv3440c,0.247654739,0.00315821,Stable,
Rv1628c,-0.236277063,0.003223539,Stable,
Rv3436c,0.679890701,0.00223286,Stable,
Rv0037c,0.22249135,0.002511058,Stable,
Rv3696c,-0.185729446,0.002593763,Stable,
Rv1589,-0.155998237,0.002298923,Stable,
Rv0320,-0.320734095,0.003641714,Stable,
Rv2864c,0.199201606,0.002502493,Stable,
Rv0699,0.407173306,0.005984648,Stable,
Rv1419,-0.214194232,0.00285621,Stable,
Rv3418c,0.157822503,0.002337626,Stable,
Rv3385c,-0.36528009,0.002999634,Stable,
Rv0232,-0.195039569,0.002455113,Stable,
Rv2921c,-0.219038878,0.002699392,Stable,
Rv3173c,0.196389934,0.002778342,Stable,
Rv0617,-0.244950766,0.003459493,Stable,
Rv2510c,-0.210534912,0.002891014,Stable,
Rv3315c,-0.335542757,0.005712845,Stable,
Rv3544c,0.250472561,0.003662157,Stable,
Rv3181c,1.045863287,0.003573006,Up,
Rv3310,-0.193618017,0.003049963,Stable,
Rv3553,0.404770832,0.00468472,Stable,
Rv3695,-0.248856007,0.00314923,Stable,
Rv1473A,-0.402924109,0.005960767,Stable,
Rv2705c,0.355871768,0.004451844,Stable,
Rv1848,0.257667864,0.003399232,Stable,
Rv3631,-0.247637374,0.003865189,Stable,
Rv0103c,-0.177202094,0.002699733,Stable,
Rv2741,2.901977185,0.00298738,Up,
Rv2657c,0.471091182,0.003308385,Stable,
Rv0921,-0.290918974,0.004738191,Stable,
Rv3915,0.164549172,0.002749495,Stable,
Rv0893c,-0.243001018,0.004645964,Stable,
EBG00000313333,-0.849969886,0.015116693,Stable,
Rv2731,2.722409647,0.003061386,Up,
Rv0040c,-0.293454283,0.00313124,Stable,
Rv0497,-0.172433351,0.003084809,Stable,
Rv3085,-0.247486121,0.004874231,Stable,
Rv0528,-0.178395981,0.002920181,Stable,
Rv1906c,-0.2329437,0.003411772,Stable,
Rv1577c,-0.22723646,0.004170262,Stable,
Rv2610c,-0.16891681,0.003400822,Stable,
Rv0755A,-0.250138737,0.004731276,Stable,
Rv2286c,-0.271099007,0.005625552,Stable,
Rv2480c,0.733185668,0.015973636,Stable,
Rv1861,-0.328028088,0.005356828,Stable,
Rv2962c,0.322000012,0.00367528,Stable,
Rv2170,0.558890029,0.004976831,Stable,
Rv3880c,0.208274951,0.003762815,Stable,
Rv3784,-0.297111661,0.004373164,Stable,
Rv3839,-0.238452641,0.004301069,Stable,
Rv2197c,-0.156476947,0.00354726,Stable,
Rv1945,0.460333132,0.005197582,Stable,
Rv3705c,0.203937707,0.003988722,Stable,
Rv1508A,-0.415391369,0.008619378,Stable,
Rv1001,0.201905368,0.004081063,Stable,
Rv0675,-0.229294067,0.003724715,Stable,
Rv3251c,-0.743844767,0.004039843,Stable,
Rv2269c,0.487278649,0.011903863,Stable,
Rv3191c,-0.160689117,0.003795821,Stable,
Rv3801c,0.153143883,0.003611152,Stable,
Rv0241c,-0.171739096,0.003623496,Stable,
Rv3602c,-0.191089372,0.003977321,Stable,
Rv0825c,-0.24453889,0.005196842,Stable,
Rv0323c,0.208066605,0.00529248,Stable,
Rv1836c,-0.16151971,0.003566379,Stable,
Rv1815,0.149213379,0.003781333,Stable,
EBG00000313344,-0.331433798,0.00809255,Stable,
Rv3585,-0.223853899,0.00415948,Stable,
Rv1433,-0.192486111,0.004726982,Stable,
Rv0485,0.246431714,0.003858463,Stable,
Rv3084,-0.217188704,0.005771177,Stable,
Rv1717,-0.30726122,0.008102288,Stable,
Rv3642c,-0.251712904,0.007315782,Stable,
Rv2612c,-0.215312226,0.005587303,Stable,
Rv2706c,-0.380993193,0.004326955,Stable,
Rv3445c,0.374959473,0.008018577,Stable,
Rv0484c,0.169715816,0.004938655,Stable,
Rv1336,-0.230412863,0.004496488,Stable,
Rv0784,-0.236743599,0.006500862,Stable,
Rv1489A,-0.322116174,0.00957969,Stable,
Rv2355,-0.448862197,0.016496609,Stable,
Rv1578c,-0.261015883,0.008394101,Stable,
Rv0832,0.369943041,0.006426649,Stable,
Rv3018A,0.773232535,0.019766361,Stable,
Rv2356c,-0.307305966,0.00493925,Stable,
Rv1786,0.28892929,0.010805861,Stable,
Rv2758c,-0.473746608,0.013332484,Stable,
Rv2828A,0.317628066,0.010625985,Stable,
Rv1685c,-0.225613144,0.008614428,Stable,
Rv0958,-0.178907388,0.005432015,Stable,
Rv2268c,0.242155512,0.007797632,Stable,
Rv1570,-0.286142305,0.00776555,Stable,
Rv3889c,-0.176906422,0.006279474,Stable,
Rv2982c,0.161538806,0.00627192,Stable,
Rv0245,0.183894545,0.007498498,Stable,
Rv3003c,-1.311301555,0.005570836,Down,
Rv3860,0.187092509,0.00737506,Stable,
EBG00000313334,-0.809040449,0.02276937,Stable,
Rv0779c,0.301815853,0.010981564,Stable,
Rv3813c,-0.163806239,0.007354133,Stable,
Rv1910c,0.300183919,0.008747856,Stable,
Rv3842c,-0.139728962,0.005678096,Stable,
Rv1298,-0.26071563,0.005667208,Stable,
Rv3567c,-0.228471444,0.011045226,Stable,
Rv0411c,0.190383704,0.006401216,Stable,
Rv3518c,0.171083366,0.007452291,Stable,
Rv2682c,0.26427796,0.005843603,Stable,
Rv3785,0.190632762,0.007327115,Stable,
Rv0980c,0.15640278,0.006151618,Stable,
Rv1550,-0.205141711,0.010149189,Stable,
Rv2955c,-0.15792916,0.007585046,Stable,
Rv0122,0.231231229,0.011672011,Stable,
Rv0035,-0.152964818,0.007278982,Stable,
Rv0487,-0.194552739,0.009168509,Stable,
Rv3098c,1.435416315,0.008116403,Up,
Rv0724,0.154987808,0.006153944,Stable,
Rv2231A,0.381340081,0.014756315,Stable,
Rv1734c,-0.219204375,0.006397009,Stable,
Rv0923c,-0.139812498,0.006938663,Stable,
Rv3072c,0.30553171,0.011807915,Stable,
Rv0080,0.160348965,0.006757955,Stable,
Rv1913,-0.226521545,0.0121483,Stable,
Rv2324,-0.255551295,0.010474411,Stable,
Rv0420c,-0.225007689,0.009093652,Stable,
Rv0051,-0.155435446,0.007387051,Stable,
Rv3493c,0.630403794,0.009417898,Stable,
Rv0047c,0.154626303,0.00692048,Stable,
EBG00000313365,-0.436980383,0.024752763,Stable,
Rv2627c,-0.134491562,0.007211161,Stable,
Rv2184c,-0.130551611,0.007511375,Stable,
Rv0123,-0.260440622,0.012103648,Stable,
Rv3566A,-0.305692545,0.018365631,Stable,
Rv3249c,-0.314466958,0.00759318,Stable,
Rv1959c,0.221452683,0.014389528,Stable,
Rv2312,-0.283587146,0.014101292,Stable,
Rv2321c,0.309189845,0.01829464,Stable,
Rv1470,0.349851746,0.014622801,Stable,
Rv2187,-0.11879698,0.008152805,Stable,
Rv3048c,0.20318826,0.008714121,Stable,
Rv3677c,-0.148821768,0.008821935,Stable,
Rv2485c,0.162650588,0.011739241,Stable,
Rv0416,0.346684883,0.026026127,Stable,
Rv2847c,0.152900436,0.010585618,Stable,
Rv0763c,-0.34098878,0.030050371,Stable,
Rv0277c,-0.143848669,0.009747496,Stable,
Rv0531,-0.206836458,0.01338849,Stable,
Rv3617,0.154807455,0.012303178,Stable,
Rv1353c,-0.218791422,0.017466447,Stable,
Rv0533c,0.139240149,0.010079863,Stable,
Rv2423,0.216655814,0.015495382,Stable,
Rv3761c,-0.155051872,0.011847893,Stable,
Rv1665,0.225532571,0.01293331,Stable,
Rv2411c,-0.142660671,0.009969405,Stable,
Rv2282c,-0.203783978,0.018589429,Stable,
Rv3098A,0.235864356,0.012305197,Stable,
Rv0480c,0.139478402,0.011750626,Stable,
Rv2889c,-0.131807191,0.009807469,Stable,
Rv1587c,0.464713218,0.054645924,Stable,
Rv3262,-0.14180689,0.012242035,Stable,
Rv0940c,-0.162694301,0.013723211,Stable,
Rv1276c,0.193244838,0.016302221,Stable,
Rv3700c,-0.141384813,0.012878544,Stable,
Rv1219c,0.166342455,0.013908009,Stable,
Rv1762c,-0.274878452,0.016021483,Stable,
Rv1237,-0.153973501,0.014339332,Stable,
Rv0658c,-0.218708677,0.016446676,Stable,
Rv2498c,-0.145472068,0.014186945,Stable,
Rv1716,-0.144909039,0.014646917,Stable,
Rv3776,0.147732675,0.013541656,Stable,
Rv1341,-0.17342752,0.015377224,Stable,
Rv0918,0.271971074,0.017571048,Stable,
Rv3414c,0.200272108,0.011923428,Stable,
Rv2437,0.226034475,0.019251468,Stable,
Rv2746c,-0.201918919,0.018372416,Stable,
Rv0345,-0.20212674,0.01883491,Stable,
Rv3689,0.128181568,0.011753036,Stable,
Rv1761c,-0.251278969,0.025832711,Stable,
Rv0396,0.327210144,0.03104064,Stable,
Rv2401A,0.223925564,0.027013274,Stable,
Rv3049c,-0.602761687,0.011952953,Stable,
Rv1248c,0.109803851,0.012133192,Stable,
Rv2526,0.237473375,0.019864364,Stable,
Rv3529c,0.690009965,0.020467286,Stable,
Rv3162c,0.327797186,0.033179898,Stable,
Rv1442,0.122293194,0.013381439,Stable,
Rv3019c,0.268506106,0.030776751,Stable,
Rv3521,-0.15395701,0.01955991,Stable,
Rv2924c,2.252644246,0.018977442,Up,
Rv0616c,0.378147847,0.040677826,Stable,
Rv1724c,-0.239475741,0.026306553,Stable,
Rv1680,-0.145210439,0.021433867,Stable,
Rv3633,-0.188536265,0.01446919,Stable,
Rv1690,0.155385595,0.019816624,Stable,
Rv2722,-0.312697302,0.028790843,Stable,
Rv0406c,0.171534921,0.019480721,Stable,
Rv1413,-0.259302467,0.022868267,Stable,
Rv2266,-0.192834471,0.021193401,Stable,
Rv0537c,0.115617276,0.014771942,Stable,
Rv1569,0.128112787,0.018636389,Stable,
Rv1672c,-0.165143249,0.020023176,Stable,
Rv0785,-0.204353047,0.019983455,Stable,
Rv3523,-0.194486815,0.020084962,Stable,
Rv2056c,0.207917781,0.037013727,Stable,
Rv0397A,-0.265940913,0.028143208,Stable,
Rv2384,-0.170327612,0.020031013,Stable,
Rv1317c,-0.105380127,0.015538384,Stable,
Rv2212,0.128995331,0.018503533,Stable,
Rv3056,0.19622814,0.022272726,Stable,
Rv1888A,-0.163132775,0.029192283,Stable,
EBG00000313342,0.466583455,0.08692785,Stable,
Rv2100,-0.108588267,0.018273602,Stable,
Rv2639c,0.197888946,0.032352072,Stable,
Rv0187,-0.11757007,0.020413184,Stable,
Rv2814c,0.639016117,0.100143909,Stable,
Rv1202,-0.110504157,0.018888747,Stable,
Rv2163c,0.113860137,0.017102425,Stable,
Rv0962c,0.185982524,0.030934327,Stable,
Rv3221A,0.113461101,0.018578743,Stable,
Rv1675c,0.195956136,0.0409573,Stable,
Rv0094c,0.31573779,0.076011528,Stable,
Rv0280,0.104862095,0.01866074,Stable,
Rv1159,-0.148005348,0.020984857,Stable,
Rv1928c,0.145338573,0.028121485,Stable,
Rv2359,0.15782076,0.027222179,Stable,
Rv0314c,-0.273391612,0.02001709,Stable,
Rv0999,-0.191079319,0.024948422,Stable,
Rv3391,0.117240963,0.023430218,Stable,
Rv1670,0.311649576,0.051845785,Stable,
Rv1686c,0.201136907,0.037179022,Stable,
Rv0800,-0.173569334,0.025289609,Stable,
Rv3348,-0.459187489,0.086093293,Stable,
Rv3885c,0.147828836,0.021254107,Stable,
Rv3039c,0.150067577,0.029773852,Stable,
Rv2946c,-0.446573026,0.020505832,Stable,
Rv1722,0.165376649,0.026942027,Stable,
Rv2827c,0.133664607,0.027766571,Stable,
Rv3357,0.269951816,0.062609014,Stable,
Rv2704,0.130799264,0.0295218,Stable,
Rv0490,0.107956576,0.020429731,Stable,
Rv0549c,0.239929834,0.04196411,Stable,
Rv2219A,0.181871634,0.030774631,Stable,
Rv1789,0.108538131,0.021100857,Stable,
EBG00000313325,1.548643525,0.021213803,Up,
Rv3455c,0.111686284,0.021292588,Stable,
Rv0928,0.108408044,0.024723591,Stable,
Rv1538c,0.119636711,0.027352001,Stable,
Rv3128c,0.112718039,0.025348703,Stable,
Rv1687c,0.154266053,0.040944922,Stable,
Rv2116,-0.163010949,0.034692702,Stable,
Rv1149,0.445981989,0.105326428,Stable,
Rv2914c,0.154401685,0.027873712,Stable,
Rv0550c,-0.25835808,0.072775603,Stable,
Rv2926c,-0.10354606,0.024371223,Stable,
Rv2517c,0.181705511,0.03403555,Stable,
Rv1740,0.171826082,0.052325274,Stable,
Rv1069c,0.114578092,0.028273291,Stable,
Rv3129,0.44374835,0.033614812,Stable,
Rv2648,0.302158156,0.113316859,Stable,
Rv0782,0.181585338,0.037006563,Stable,
Rv2755c,-0.214203741,0.0540462,Stable,
Rv1424c,-0.195217099,0.039508373,Stable,
Rv3324A,-0.288476989,0.120432247,Stable,
Rv1052,0.204585493,0.058163215,Stable,
Rv3484,-0.117341388,0.026701576,Stable,
Rv2349c,0.154566798,0.031121571,Stable,
Rv2448c,-0.09553688,0.026559657,Stable,
Rv1031,-0.230819647,0.058136813,Stable,
Rv3183,0.152720186,0.050283523,Stable,
Rv2459,0.094209012,0.028872949,Stable,
Rv0199,0.116813255,0.034024509,Stable,
Rv2759c,0.156168088,0.049182295,Stable,
Rv1498c,-0.122028954,0.035508053,Stable,
Rv1234,-0.157528992,0.035539424,Stable,
Rv2109c,-0.149616316,0.030820836,Stable,
Rv1727,-0.168402646,0.060322424,Stable,
Rv2048c,0.103478699,0.030924804,Stable,
Rv0551c,-0.15437861,0.042417886,Stable,
Rv1104,0.178589614,0.042186693,Stable,
Rv1640c,0.120830058,0.029808971,Stable,
Rv2168c,1.226067108,0.22451442,Stable,
Rv1264,-0.091452486,0.030305714,Stable,
Rv2802c,-0.230280866,0.046245226,Stable,
Rv3346c,0.205871881,0.060255336,Stable,
Rv3298c,-0.160973602,0.04658032,Stable,
Rv3475,0.422028511,0.162193233,Stable,
Rv3429,-0.323508516,0.034794163,Stable,
Rv3444c,0.230850399,0.087141825,Stable,
Rv3070,0.142229142,0.060991784,Stable,
Rv0307c,-0.15936852,0.055789169,Stable,
Rv1152,-0.13564523,0.05049192,Stable,
Rv2764c,0.154515657,0.034655684,Stable,
Rv2549c,-0.157715435,0.061826561,Stable,
Rv2928,-0.140681997,0.046785619,Stable,
Rv1981c,-0.119500881,0.039267183,Stable,
Rv2357c,-0.10158823,0.042867648,Stable,
Rv3643,-0.297532357,0.105773777,Stable,
Rv2192c,0.107908778,0.042117902,Stable,
Rv3888c,0.156541434,0.040017164,Stable,
Rv3069,-0.150013701,0.062623164,Stable,
Rv0661c,0.332859575,0.133514478,Stable,
Rv2862A,0.228543258,0.124970051,Stable,
Rv3186,0.326394997,0.232338033,Stable,
Rv2057c,-0.203317536,0.146612901,Stable,
Rv2898c,0.12748733,0.058018886,Stable,
Rv2801A,0.169640944,0.10712902,Stable,
Rv3434c,-0.135662326,0.060790627,Stable,
Rv1627c,0.100209718,0.043439683,Stable,
Rv0927c,-0.133227884,0.05762161,Stable,
Rv3883c,0.090807598,0.039892868,Stable,
Rv3011c,0.093029736,0.045231585,Stable,
Rv2136c,0.121475318,0.047672586,Stable,
Rv3438,0.09487198,0.047488448,Stable,
EBG00000313343,-0.335213458,0.274479531,Stable,
Rv1262c,0.153447134,0.06860673,Stable,
Rv2439c,4.013893719,0.0491809,Up,
Rv1976c,0.144222822,0.07745979,Stable,
Rv1131,-0.081410595,0.041351736,Stable,
Rv0758,0.081664981,0.042589543,Stable,
Rv0561c,0.103526874,0.06477238,Stable,
Rv0861c,-0.119396545,0.048439066,Stable,
Rv0878c,0.093514379,0.049273864,Stable,
Rv3312A,0.222383832,0.136223644,Stable,
Rv1434,-0.19703766,0.167839022,Stable,
Rv3033,0.136271262,0.089349505,Stable,
Rv1856c,-0.405866921,0.051141767,Stable,
Rv3074,0.106541527,0.056984865,Stable,
Rv2566,-0.09541628,0.053764691,Stable,
Rv0031,0.227950686,0.135253221,Stable,
Rv2863,0.13777309,0.118538037,Stable,
Rv3884c,-0.088586385,0.051087891,Stable,
Rv0656c,0.145656311,0.080827061,Stable,
Rv2579,0.094809762,0.071549723,Stable,
Rv3285,-0.090536548,0.05009806,Stable,
Rv3651,0.082454652,0.054333958,Stable,
Rv0325,0.225606193,0.19270259,Stable,
Rv1563c,-0.09328881,0.069841614,Stable,
Rv0034,0.136311935,0.12990187,Stable,
Rv2479c,0.18825287,0.510164718,Stable,
Rv2217,-0.117148035,0.064609765,Stable,
Rv2432c,-0.219031715,0.107125414,Stable,
Rv1741,-0.194941297,0.151343151,Stable,
EBG00000313360,0.202406774,0.257629389,Stable,
Rv2862c,-0.15503766,0.112538927,Stable,
Rv3675,0.181621504,0.077646989,Stable,
Rv3335c,0.102203894,0.070614959,Stable,
EBG00000313350,5.84377202,0.22625779,Stable,
Rv1370c,0.203658264,0.472988136,Stable,
Rv0482,-0.087717361,0.079311129,Stable,
Rv3692,0.086565294,0.069662826,Stable,
Rv2245,0.073341711,0.065139662,Stable,
Rv3161c,0.082307458,0.073413259,Stable,
Rv0772,-0.104217428,0.086953142,Stable,
Rv2815c,-0.082130014,0.865311878,Stable,
Rv3403c,-1.482922346,0.07104957,Stable,
Rv3522,0.734859629,0.091158105,Stable,
Rv3040c,0.102196082,0.086112343,Stable,
Rv1154c,0.148797666,0.104373739,Stable,
Rv3327,-1.606455446,0.105135435,Stable,
EBG00000313386,0.168299478,0.564228061,Stable,
Rv3596c,-0.075662643,0.069155105,Stable,
Rv3586,0.074459939,0.074057797,Stable,
Rv0607,0.142333907,0.146446621,Stable,
Rv3244c,-0.069137227,0.066284608,Stable,
Rv2824c,0.134268077,0.125194475,Stable,
Rv2364c,-0.079584347,0.079003719,Stable,
Rv2511,-0.112594186,0.1003262,Stable,
Rv3159c,0.369615909,0.080358619,Stable,
Rv2279,-0.428215169,0.644253221,Stable,
Rv0334,-0.083062161,0.098334156,Stable,
Rv2869c,0.308041776,0.074971454,Stable,
Rv3557c,-0.11651307,0.10648512,Stable,
Rv2176,0.083130938,0.094057469,Stable,
Rv1451,0.098506849,0.08080042,Stable,
Rv2277c,-0.111652437,0.161324297,Stable,
Rv0771,0.185673624,0.201093405,Stable,
Rv0243,-0.103968372,0.072931229,Stable,
Rv3044,0.282126173,0.079260717,Stable,
Rv0021c,0.084889995,0.094031167,Stable,
Rv0379,0.234244531,0.156381751,Stable,
Rv2920c,0.080398441,0.103668273,Stable,
EBG00000313324,0.19469503,0.177337235,Stable,
Rv3192,0.094289389,0.136532749,Stable,
Rv0508,0.117937411,0.142401807,Stable,
Rv1896c,-0.084519223,0.114606889,Stable,
Rv2760c,-0.173711243,0.200736185,Stable,
Rv2360c,-0.17020675,0.140098389,Stable,
Rv0064A,-0.158875596,0.342703659,Stable,
Rv1659,0.140550609,0.108024796,Stable,
Rv1927,-0.083307464,0.106886808,Stable,
Rv3686c,0.107466865,0.170556865,Stable,
Rv3531c,0.111840911,0.106655014,Stable,
Rv1574,0.121544806,0.236124258,Stable,
Rv3114,-0.152854659,0.246051504,Stable,
Rv2626c,0.08464499,0.086043094,Stable,
Rv0228,-0.08686947,0.102599502,Stable,
Rv0234c,0.069125015,0.090752363,Stable,
Rv1051c,-0.159193419,0.261809512,Stable,
Rv0829,0.146778362,0.312916829,Stable,
Rv1047,0.118343953,0.269497297,Stable,
Rv3405c,-0.083485893,0.130780723,Stable,
Rv3334,-0.130450553,0.109988054,Stable,
Rv1330c,0.088196418,0.136257228,Stable,
Rv1862,-0.074808083,0.111824284,Stable,
Rv3372,0.070408333,0.111278161,Stable,
Rv1719,0.09122942,0.153340127,Stable,
Rv0008c,-0.102011646,0.137276749,Stable,
Rv0438c,-0.084132041,0.114373844,Stable,
Rv1961,0.105828854,0.173322929,Stable,
Rv1575,-0.101285193,0.269161744,Stable,
Rv3219,-0.100743469,0.0920581,Stable,
Rv2907c,-0.304585446,0.159673433,Stable,
Rv3593,-0.074217468,0.098540592,Stable,
Rv0600c,0.109569419,0.237604554,Stable,
Rv2793c,0.067080035,0.104081043,Stable,
Rv1864c,-0.08336366,0.15851963,Stable,
Rv2991,-0.123333003,0.177752693,Stable,
Rv1249c,0.071689457,0.120562955,Stable,
Rv2365c,-0.084439771,0.173200256,Stable,
Rv2002,0.077641899,0.141035418,Stable,
Rv3184,-0.195900651,0.235519497,Stable,
EBG00000313359,-0.077791166,0.663729114,Stable,
Rv2226,-0.074816842,0.110592706,Stable,
Rv1425,-0.064540926,0.119100444,Stable,
Rv1456c,0.135718206,0.147242991,Stable,
Rv1231c,0.072826515,0.130555122,Stable,
Rv3212,-0.067549184,0.105029842,Stable,
Rv1361c,-0.058091041,0.106177738,Stable,
Rv1529,0.072185539,0.164047067,Stable,
Rv2751,0.086910595,0.142981216,Stable,
Rv3540c,-0.07865457,0.185330478,Stable,
Rv1903,0.124021667,0.184660196,Stable,
Rv0609,-0.070222911,0.154412233,Stable,
Rv3811,-0.060952921,0.111098332,Stable,
Rv2246,0.059154956,0.11239281,Stable,
EBG00000313358,0.093410337,0.559192477,Stable,
Rv1043c,-0.067379574,0.133470788,Stable,
Rv2716,-0.058852682,0.126106307,Stable,
Rv1281c,0.105972625,0.142116533,Stable,
Rv2570,0.099510209,0.308326856,Stable,
Rv3481c,-0.073198119,0.204845885,Stable,
Rv3110,0.096480724,0.470260501,Stable,
Rv1788,-0.121195346,0.308624758,Stable,
Rv3342,-0.083476664,0.144576671,Stable,
Rv1721c,-0.080817309,0.487384995,Stable,
Rv1213,0.065253407,0.14991989,Stable,
Rv2738c,-0.089940352,0.288433116,Stable,
Rv3171c,-0.068293616,0.126275879,Stable,
Rv3866,0.058519001,0.123767653,Stable,
Rv1028A,-0.048597435,0.783488171,Stable,
Rv0521,0.118115487,0.411004128,Stable,
Rv2786c,0.078700704,0.156359793,Stable,
Rv3624c,-0.061387377,0.138274164,Stable,
Rv3263,0.821822583,0.158694062,Stable,
Rv2319c,0.078626241,0.288183683,Stable,
Rv3252c,-0.061458125,0.127709584,Stable,
Rv0121c,-0.101019188,0.307153558,Stable,
Rv2726c,0.065305035,0.144894145,Stable,
Rv2058c,-0.08294569,0.55817526,Stable,
Rv3073c,-0.102609681,0.407660293,Stable,
Rv1750c,-0.079448063,0.184043595,Stable,
Rv0476,0.07175518,0.159174967,Stable,
Rv0775,-0.079556293,0.22816685,Stable,
Rv3217c,-0.123125219,0.19510108,Stable,
Rv3817,0.100962636,0.252270326,Stable,
Rv1428c,0.068349599,0.207495725,Stable,
Rv0668,-0.117935928,0.178471435,Stable,
Rv1920,-0.071826097,0.233503243,Stable,
Rv1890c,0.068331317,0.339366584,Stable,
Rv0319,-0.060961696,0.231013193,Stable,
Rv3441c,-0.050151146,0.150531552,Stable,
Rv3224B,-0.096651243,0.227682234,Stable,
Rv1799,-0.074733956,0.332487657,Stable,
Rv2531c,0.049722703,0.156727902,Stable,
Rv2361c,0.266626318,0.199813939,Stable,
Rv1873,0.106337099,0.580664455,Stable,
Rv3292,0.129431262,0.218373462,Stable,
Rv2162c,-0.086763589,0.156424905,Stable,
Rv0984,0.052261804,0.159049852,Stable,
Rv0026,-0.059833206,0.208631629,Stable,
Rv3905c,0.024214704,0.831993548,Stable,
Rv3055,0.06267305,0.325448867,Stable,
Rv0023,-0.070092324,0.333642148,Stable,
Rv1179c,-0.071064382,0.167185672,Stable,
Rv2350c,0.054684705,0.199872945,Stable,
Rv1354c,-0.064374491,0.228158408,Stable,
Rv3077,0.050743761,0.201518584,Stable,
Rv0666,-0.008630618,0.92967079,Stable,
Rv2848c,-0.065289543,0.251069457,Stable,
Rv0498,0.053681598,0.250402874,Stable,
Rv0138,0.057981485,0.367410108,Stable,
Rv0397,-0.036978975,0.674563423,Stable,
Rv1459c,-0.052952422,0.209783127,Stable,
Rv2059,-0.052119246,0.238145838,Stable,
Rv1350,-0.073040284,0.389245519,Stable,
Rv0253,-0.052385439,0.587606837,Stable,
Rv0626,-0.076403677,0.26623701,Stable,
Rv3427c,-0.068882019,0.269818988,Stable,
Rv0065,0.064989381,0.434098671,Stable,
Rv0332,0.052557898,0.258418892,Stable,
Rv0520,0.047418505,0.670279417,Stable,
Rv1542c,-0.051888592,0.479101474,Stable,
Rv1744c,0.080530861,0.309264693,Stable,
Rv3832c,-0.052551882,0.479619333,Stable,
Rv1125,-0.054073409,0.319674439,Stable,
Rv2023c,-0.058103388,0.440741637,Stable,
Rv0419,-0.047239704,0.201033392,Stable,
Rv0049,-0.046005136,0.215709046,Stable,
Rv2090,-0.054787598,0.276981155,Stable,
Rv2215,-0.043872737,0.203814085,Stable,
Rv1897c,0.056272701,0.389404538,Stable,
Rv1599,0.04359512,0.214651948,Stable,
Rv3397c,0.049521299,0.384157656,Stable,
Rv3020c,-0.016735025,0.859309486,Stable,
Rv2960c,1.322796743,0.294504079,Stable,
Rv3864,-0.047872545,0.210374724,Stable,
Rv1668c,0.049208753,0.313499969,Stable,
Rv2078,-0.009758662,0.908012887,Stable,
Rv2234,0.071486741,0.420687366,Stable,
Rv2876,-0.058648202,0.290644198,Stable,
Rv1273c,0.050868989,0.334518758,Stable,
Rv2014,0.051611488,0.411242649,Stable,
Rv2822c,-0.26960658,0.634781737,Stable,
Rv0190,-0.056027039,0.255612532,Stable,
Rv3324c,-0.035773157,0.663369233,Stable,
Rv3809c,-0.051118534,0.262011398,Stable,
Rv0078,0.050830102,0.487050218,Stable,
Rv1291c,-0.012661014,0.894499256,Stable,
Rv3487c,-0.046620876,0.40897509,Stable,
Rv2438c,-0.044918317,0.233422728,Stable,
Rv3092c,-0.080358053,0.231558695,Stable,
Rv3754,-0.07802472,0.387526077,Stable,
Rv3904c,-0.023290086,0.816703515,Stable,
Rv0941c,-0.049245954,0.418538118,Stable,
Rv3724B,-0.041576135,0.498851991,Stable,
Rv0163,0.035284334,0.646171301,Stable,
Rv2548,0.072948667,0.413499987,Stable,
Rv2434c,-0.047242609,0.327815332,Stable,
Rv1795,0.042697774,0.232040589,Stable,
Rv0762c,0.023271494,0.743785069,Stable,
Rv2550c,-0.055529488,0.462296005,Stable,
Rv2235,-0.049030246,0.350685791,Stable,
Rv1035c,0.02123239,0.830162538,Stable,
Rv1583c,-0.030634147,0.719390845,Stable,
Rv2830c,0.019931647,0.889511402,Stable,
Rv2046,0.051235041,0.365271267,Stable,
Rv0348,-0.040570386,0.418715724,Stable,
Rv3598c,0.041037336,0.284829427,Stable,
Rv3492c,1.00503389,0.395864056,Stable,
Rv3046c,0.048569723,0.331371831,Stable,
Rv0595c,0.034649161,0.601048588,Stable,
Rv2915c,-0.077988922,0.362603801,Stable,
Rv2967c,0.037794518,0.257114653,Stable,
Rv1501,0.042687165,0.418599111,Stable,
Rv0862c,0.039953514,0.320301359,Stable,
Rv2374c,-0.071530451,0.268839832,Stable,
Rv0403c,0.032462834,0.743644178,Stable,
Rv1769,-0.048492719,0.307545184,Stable,
Rv2774c,0.049832962,0.505684624,Stable,
Rv2762c,-0.037132757,0.411124901,Stable,
Rv1494,0.03406079,0.593448273,Stable,
Rv2303c,-0.043868472,0.354101622,Stable,
Rv3498c,0.039735792,0.375573799,Stable,
Rv2216,-0.051004066,0.343676632,Stable,
Rv1247c,-0.032679716,0.505344782,Stable,
Rv3702c,-0.025027507,0.738300066,Stable,
Rv2611c,-0.042161,0.407665901,Stable,
Rv1702c,0.03988695,0.412100183,Stable,
Rv3256c,0.041948095,0.366546305,Stable,
Rv3575c,-0.03450471,0.470696882,Stable,
Rv1014c,-0.010584775,0.861580528,Stable,
Rv2988c,-0.663038055,0.31772626,Stable,
Rv1242,-0.043191293,0.488504374,Stable,
Rv3393,-0.043332278,0.530920316,Stable,
Rv2973c,0.131163759,0.397380965,Stable,
Rv0499,-0.030611199,0.515839247,Stable,
Rv2177c,-0.036777511,0.583867163,Stable,
Rv1838c,-0.036356142,0.644174497,Stable,
Rv1072,0.049076347,0.346655548,Stable,
Rv3041c,-0.034910866,0.477248423,Stable,
Rv1366,-0.009128195,0.878623451,Stable,
Rv3027c,0.025424673,0.590343482,Stable,
Rv2230c,0.034130441,0.533608569,Stable,
Rv0552,0.027476741,0.553059736,Stable,
Rv2358,-0.028260493,0.535878051,Stable,
Rv1718,0.01968042,0.710471368,Stable,
Rv3351c,-0.061759498,0.945179346,Stable,
Rv2854,0.01362649,0.792296435,Stable,
Rv1183,-0.030349905,0.634148327,Stable,
Rv0511,0.041093658,0.3635005,Stable,
Rv0740,0.03774604,0.573131781,Stable,
Rv3240c,-0.030021982,0.366360371,Stable,
Rv0805,0.03789937,0.36835086,Stable,
Rv1978,0.03465665,0.682049526,Stable,
Rv0360c,0.013378521,0.808298863,Stable,
Rv2366c,-0.033851086,0.431174676,Stable,
Rv0541c,0.029636957,0.43261041,Stable,
Rv1810,0.032893709,0.399980968,Stable,
Rv1379,0.046104014,0.652746678,Stable,
Rv1008,-0.002651163,0.97440046,Stable,
Rv2637,-0.002250008,0.968202711,Stable,
Rv0356c,-0.01431822,0.781307145,Stable,
Rv1745c,-0.003342077,0.955396076,Stable,
Rv1397c,0.030154913,0.432444065,Stable,
Rv1148c,0.024257974,0.6443843,Stable,
Rv1912c,0.014182621,0.815465788,Stable,
Rv1056,-0.003564272,0.939426617,Stable,
Rv0408,0.029103559,0.466729571,Stable,
Rv2205c,0.011747577,0.801660283,Stable,
Rv2419c,0.086595217,0.905652169,Stable,
Rv3710,-0.026730448,0.44059497,Stable,
Rv2770c,-0.009242322,0.842501511,Stable,
Rv1011,-0.024432729,0.636471463,Stable,
Rv2721c,0.034191419,0.463787503,Stable,
Rv2756c,-0.023464126,0.64973436,Stable,
Rv2021c,0.004518143,0.918301949,Stable,
Rv2219,0.033184133,0.502271165,Stable,
Rv2791c,-0.283075124,0.488294361,Stable,
Rv1823,0.000707675,0.989421755,Stable,
Rv1238,-0.007009043,0.901549439,Stable,
Rv2151c,-0.00305519,0.950513309,Stable,
Rv3255c,-0.015848485,0.668380586,Stable,
Rv1065,-0.016764798,0.685900011,Stable,
Rv1421,0.012888522,0.778145601,Stable,
Rv0897c,-0.003629402,0.935890822,Stable,
Rv2413c,-0.009117101,0.814162322,Stable,
Rv3499c,0.11497795,0.690670368,Stable,
Rv3259,-0.00666966,0.903021072,Stable,
Rv1782,-0.028361012,0.590063651,Stable,
Rv0902c,-0.014797788,0.760284189,Stable,
Rv2684,0.00601656,0.909312557,Stable,
Rv1635c,0.010037377,0.7830014,Stable,
Rv0842,-0.020265851,0.695857973,Stable,
Rv1733c,0.005658868,0.926656061,Stable,
Rv2981c,0.009475108,0.797379105,Stable,
Rv2398c,-0.005341851,0.904147968,Stable,
Rv2031c,-0.017360458,0.643124568,Stable,
Rv2842c,0.006554917,0.873623986,Stable,
Rv0568,-0.01834745,0.689557245,Stable,
Rv3556c,-0.00606005,0.874483794,Stable,
Rv2737c,0.278515218,0.68033143,Stable,
Rv1683,-0.012986028,0.682372157,Stable,
Rv1497,0.012635493,0.760240526,Stable,
Rv3095,0.006515449,0.917948709,Stable,
Rv1074c,0.013035156,0.729898273,Stable,
Rv2198c,-0.003032434,0.944326499,Stable,
Rv3132c,-0.010999239,0.750734962,Stable,
Rv0486,-0.014402083,0.739831537,Stable,
Rv2985,-0.290005413,0.778450855,Stable,
Rv3524,0.00610918,0.881573587,Stable,
Rv1783,-0.008602306,0.821498186,Stable,
Rv1595,0.009996546,0.787005653,Stable,
Rv3411c,-0.006039364,0.849150992,Stable,
Rv0341,-0.003849719,0.934025381,Stable,
Rv2782c,-0.003658402,0.921120649,Stable,
